{
	"format_version": "1.8.0",
	"animations": {
		"animation.model.draw": {
			"loop": "hold_on_last_frame",
			"animation_length": 0.7,
			"bones": {
				"main": {
					"rotation": {
						"0.0": {
							"vector": [-75.22422, 36.32826, 69.49969]
						},
						"0.2667": {
							"vector": [-21.04471, 31.82291, 85.5486],
							"easing": "easeInBack",
							"easingArgs": [1]
						},
						"0.4333": {
							"vector": [48.50202, 25.32576, 89.8194],
							"easing": "easeOutBack",
							"easingArgs": [0.7]
						},
						"0.5667": {
							"vector": [21.4028, 16.92495, 60.02539],
							"easing": "easeInSine"
						},
						"0.7": {
							"vector": [0, 0, 0],
							"easing": "easeOutSine"
						}
					},
					"position": {
						"0.0": {
							"vector": [37, -14, 10]
						},
						"0.2": {
							"vector": [20.00223, -5.33034, -2.97021],
							"easing": "easeInCubic"
						},
						"0.4": {
							"vector": [-18.99777, -8.33034, -2.97021],
							"easing": "easeOutCubic"
						},
						"0.5333": {
							"vector": [-9.5, -10.67, -1.49],
							"easing": "easeInSine"
						},
						"0.6667": {
							"vector": [0, 0, 0],
							"easing": "easeOutSine"
						}
					}
				},
				"sword": {
					"rotation": {
						"0.0": {
							"vector": [-20, 0, 0]
						},
						"0.2333": {
							"vector": [-20, 0, 0]
						},
						"0.4667": {
							"vector": [0, 0, 0],
							"easing": "easeOutBack",
							"easingArgs": [4]
						}
					}
				},
				"rightarm": {
					"rotation": {
						"0.0": {
							"vector": [15, 0, 0]
						},
						"0.5": {
							"vector": [15, 0, 0]
						},
						"0.6333": {
							"vector": [0, 0, 0],
							"easing": "easeInOutSine"
						}
					},
					"position": {
						"0.0": {
							"vector": [-1.40822, 4.50513, 6.69196]
						},
						"0.5": {
							"vector": [-1.41117, 4.50645, 6.69599]
						},
						"0.6333": {
							"vector": [0, 0, 0],
							"easing": "easeInOutSine"
						}
					},
					"scale": {
						"0.0": {
							"vector": [1, 1.3, 1]
						},
						"0.5": {
							"vector": [1, 1.3, 1]
						},
						"0.6333": {
							"vector": [1, 1, 1],
							"easing": "easeInOutSine"
						}
					}
				},
				"leftarm": {
					"rotation": {
						"0.4333": {
							"vector": [-53.75802, -43.29003, -47.88252]
						},
						"0.7": {
							"vector": [0, 0, 0],
							"easing": "easeInOutCubic"
						}
					},
					"position": {
						"0.4333": {
							"vector": [23, -3, 24]
						},
						"0.6667": {
							"vector": [0, 0, 0],
							"easing": "easeInOutCubic"
						}
					}
				},
				"_camera_": {
					"rotation": {
						"0.0": {
							"vector": [0, 0, 0]
						},
						"0.2": {
							"vector": [2, -2, 1],
							"easing": "easeInOutQuad"
						},
						"0.5": {
							"vector": [1, 1, -1],
							"easing": "easeOutBack",
							"easingArgs": [2]
						},
						"0.6667": {
							"vector": [0, 0, 0],
							"easing": "easeInOutQuad"
						}
					}
				}
			},
			"sound_effects": {
				"0.0": {
					"effect": "katana_draw"
				}
			}
		},
		"animation.model.inspect": {
			"animation_length": 2.6667,
			"bones": {
				"main": {
					"rotation": {
						"0.0": {
							"vector": [0, 0, 0]
						},
						"0.2": {
							"vector": [-4.23901, 12.69679, 69.14953],
							"easing": "easeInOutSine"
						},
						"0.6": {
							"vector": [59.75763, 33.33023, 96.19914],
							"easing": "easeInBack",
							"easingArgs": [1]
						},
						"0.8": {
							"vector": [-6.97935, -44.67711, -82.94088],
							"easing": "easeOutCubic"
						},
						"0.9333": {
							"vector": [9.56, -44.68, -82.94]
						},
						"1.0": {
							"vector": [6.32288, -42.60694, -59.97231]
						},
						"1.0667": {
							"vector": [-36.88664, -16.36882, -19.08977]
						},
						"1.1333": {
							"vector": [-27.04, 29.09, 38.1]
						},
						"1.3": {
							"vector": [10.99, 76.37, 115.69],
							"easing": "easeOutQuad"
						},
						"2.1667": {
							"vector": [21.53881, 80.1837, 121.46723],
							"easing": "easeInCubic"
						},
						"2.6333": {
							"vector": [0, 0, 0],
							"easing": "easeInOutBack"
						}
					},
					"position": {
						"0.0": {
							"vector": [0, 0, 0]
						},
						"0.2667": {
							"vector": [10, 0, 0],
							"easing": "easeInOutSine"
						},
						"0.5333": {
							"vector": [-76, -2, 0],
							"easing": "easeInQuart"
						},
						"0.9667": {
							"vector": [65, 0, 0],
							"easing": "easeInOutCubic"
						},
						"1.4667": {
							"vector": [17, 10, 7],
							"easing": "easeInOutCubic"
						},
						"2.2333": {
							"vector": [-24, 10, 7],
							"easing": "easeInOutQuad"
						},
						"2.6667": {
							"vector": [0, 0, 0],
							"easing": "easeInOutBack"
						}
					}
				},
				"sword": {
					"rotation": {
						"0.0": {
							"vector": [0, 0, 0]
						},
						"0.2": {
							"vector": [-30, 0, 0],
							"easing": "easeInOutQuad"
						},
						"0.4667": {
							"vector": [-30, 0, 0],
							"easing": "easeInBack"
						},
						"0.9333": {
							"vector": [20, 0, 0],
							"easing": "easeInBack"
						},
						"1.3": {
							"vector": [-20, 0, 0]
						},
						"2.3667": {
							"vector": [-20, 0, 0]
						},
						"2.5": {
							"vector": [0, 0, 0],
							"easing": "easeInOutSine"
						}
					}
				},
				"rightarm": {
					"rotation": {
						"1.4667": {
							"vector": [0, 0, 0]
						},
						"2.2333": {
							"vector": [27.5, 0, 0],
							"easing": "easeInOutQuad"
						},
						"2.4667": {
							"vector": [0, 0, 0],
							"easing": "easeInOutQuad"
						}
					},
					"position": {
						"1.4": {
							"vector": [0, 0, 0]
						},
						"2.2": {
							"vector": [0, 7, 2],
							"easing": "easeInOutQuad"
						},
						"2.4333": {
							"vector": [0, 0, 0],
							"easing": "easeInOutQuad"
						}
					}
				},
				"leftarm": {
					"rotation": {
						"0.0": {
							"vector": [0, 0, 0]
						},
						"0.2": {
							"vector": [-36.25129, -30.79769, -19.3336],
							"easing": "easeInOutSine"
						},
						"0.7": {
							"vector": [-74.2877, -85.62483, -134.98139]
						},
						"1.0667": {
							"vector": [-115.18593, -128.76102, -102.21109],
							"easing": "easeOutBack"
						},
						"1.4667": {
							"vector": [-41.78987, -146.82783, -136.94496],
							"easing": "easeInOutQuad"
						},
						"2.2333": {
							"vector": [14.94296, -128.41873, -188.84762],
							"easing": "easeInOutQuad"
						},
						"2.5667": {
							"vector": [0, 0, 0],
							"easing": "easeInOutQuad"
						}
					},
					"position": {
						"0.0": {
							"vector": [0, 0, 0]
						},
						"0.1667": {
							"vector": [8, -16, 0],
							"easing": "easeInOutSine"
						},
						"0.6667": {
							"vector": [8, -16, 0]
						},
						"1.0": {
							"vector": [-10, 0, 4],
							"easing": "easeOutBack"
						},
						"1.4": {
							"vector": [0, 3, 6],
							"easing": "easeInOutQuad"
						},
						"2.2": {
							"vector": [12, 3, 6],
							"easing": "easeInOutQuad"
						},
						"2.6333": {
							"vector": [0, 0, 0],
							"easing": "easeInOutBack"
						}
					}
				},
				"_camera_": {
					"rotation": {
						"0.0": {
							"vector": [0, 0, 0]
						},
						"0.3": {
							"vector": [-1, -2, 0.5],
							"easing": "easeInOutQuad"
						},
						"0.5667": {
							"vector": [1, 3, -1],
							"easing": "easeInBack"
						},
						"0.6667": {
							"vector": [1.5, 3.5, -1],
							"easing": "easeOutBack"
						},
						"0.9667": {
							"vector": [-1, -5, 2],
							"easing": "easeInOutBack"
						},
						"1.4667": {
							"vector": [0, -1, 0.5],
							"easing": "easeInOutQuart"
						},
						"2.3": {
							"vector": [0, 2, -0.5],
							"easing": "easeInOutQuad"
						},
						"2.6333": {
							"vector": [0, 0, 0],
							"easing": "easeInOutSine"
						}
					}
				}
			},
			"sound_effects": {
				"0.1": {
					"effect": "katana_inspect"
				}
			}
		},
		"animation.model.prepareswing": {
			"loop": "hold_on_last_frame",
			"animation_length": 0.2,
			"bones": {
				"main": {
					"rotation": {
						"0.0": {
							"vector": [0, 0, 0]
						},
						"0.1": {
							"vector": [26.67052, 17.35757, 146.79094],
							"easing": "easeInQuad"
						},
						"0.2": {
							"vector": [52.87809, 4.7409, 181.09115],
							"easing": "easeOutQuad"
						}
					},
					"position": {
						"0.0": {
							"vector": [0, 0, 0]
						},
						"0.1667": {
							"vector": [0, 11, 8],
							"easing": "easeInOutQuad"
						}
					}
				},
				"leftarm": {
					"rotation": {
						"0.0": {
							"vector": [0, 0, 0]
						},
						"0.1": {
							"vector": [63.19686, -43.44188, 103.31985],
							"easing": "easeInSine"
						},
						"0.2": {
							"vector": [53.87198, -43.8683, 117.11799],
							"easing": "easeOutSine"
						}
					},
					"position": {
						"0.0": {
							"vector": [0, 0, 0]
						},
						"0.1": {
							"vector": [-18.44, 1.17, 3.51],
							"easing": "easeInSine"
						},
						"0.2": {
							"vector": [-22, 4, 12],
							"easing": "easeOutSine"
						}
					}
				},
				"_camera_": {
					"rotation": {
						"0.0": {
							"vector": [0, 0, 0]
						},
						"0.2": {
							"vector": [-1, 1, 0],
							"easing": "easeInOutSine"
						}
					}
				}
			},
			"sound_effects": {
				"0.0": {
					"effect": "katana_prepareswing"
				}
			}
		},
		"animation.model.swing1": {
			"loop": "hold_on_last_frame",
			"animation_length": 0.8667,
			"bones": {
				"main": {
					"rotation": {
						"0.0": {
							"vector": [52.87809, 4.7409, 181.09115]
						},
						"0.0333": {
							"vector": [14.4272, 20.03393, 91.1498]
						},
						"0.0667": {
							"vector": [1.22342, -10.55894, -47.3368]
						},
						"0.1667": {
							"vector": [78.08727, -13.84154, -70.77538],
							"easing": "easeOutSine"
						},
						"0.8667": {
							"vector": [0, 0, 0],
							"easing": "easeInOutBack"
						}
					},
					"position": {
						"0.0": {
							"vector": [0, 11, 8]
						},
						"0.1333": {
							"vector": [27, -6, 8],
							"easing": "easeInOutCubic"
						},
						"0.8": {
							"vector": [0, 0, 0],
							"easing": "easeInOutBack"
						}
					}
				},
				"rightarm": {
					"rotation": {
						"0.0": {
							"vector": [0, 0, 0]
						},
						"0.0667": {
							"vector": [0, 0, 0]
						},
						"0.1333": {
							"vector": [-17.5, 0, 0]
						},
						"0.5": {
							"vector": [-17.5, 0, 0]
						},
						"0.5667": {
							"vector": [0, 0, 0]
						}
					},
					"position": {
						"0.0": {
							"vector": [0, 0, 0]
						},
						"0.0667": {
							"vector": [0, 0, 0]
						},
						"0.1333": {
							"vector": [0, -3, -2]
						},
						"0.5": {
							"vector": [0, -3, -2]
						},
						"0.5667": {
							"vector": [0, 0, 0]
						}
					}
				},
				"leftarm": {
					"rotation": {
						"0.0": {
							"vector": [53.87198, -43.8683, 117.11799],
							"easing": "easeOutSine"
						},
						"0.0333": {
							"vector": [14.75113, -29.14073, 82.83726]
						},
						"0.0667": {
							"vector": [-50.05538, -81.41767, -100.20467]
						},
						"0.1333": {
							"vector": [-84.96373, -82.88118, -105.27387]
						},
						"0.7333": {
							"vector": [0, 0, 0],
							"easing": "easeInOutQuad"
						}
					},
					"position": {
						"0.0": {
							"vector": [-22, 6, 12],
							"easing": "easeOutSine"
						},
						"0.0333": {
							"vector": [-22.34, 3.34, 11.75]
						},
						"0.0667": {
							"vector": [3.5663, 4.80832, 26.65635]
						},
						"0.1": {
							"vector": [15.66, -7.66, 25.25]
						},
						"0.1333": {
							"vector": [12, -3, 23]
						},
						"0.7": {
							"vector": [0, 0, 0],
							"easing": "easeInOutBack"
						}
					}
				},
				"_camera_": {
					"rotation": {
						"0.0": {
							"vector": [-1, 1, 0],
							"easing": "easeInOutSine"
						},
						"0.2667": {
							"vector": [0.3, -0.4, 1],
							"easing": "easeOutBack",
							"easingArgs": [2]
						},
						"0.5667": {
							"vector": [0, 0, 0],
							"easing": "easeInOutQuad"
						}
					}
				}
			}
		},
		"animation.model.swing2": {
			"loop": "hold_on_last_frame",
			"animation_length": 0.8667,
			"bones": {
				"main": {
					"rotation": {
						"0.0": {
							"vector": [52.87809, 4.7409, 181.09115]
						},
						"0.0333": {
							"vector": [-8.1196, 51.62225, 59.31548]
						},
						"0.0667": {
							"vector": [-45.57981, 22.67331, -8.87928]
						},
						"0.1": {
							"vector": [-36.73178, -26.06465, -44.31081]
						},
						"0.1667": {
							"vector": [30.24765, -15.7627, -19.65736],
							"easing": "easeOutSine"
						},
						"0.8667": {
							"vector": [0, 0, 0],
							"easing": "easeInOutBack"
						}
					},
					"position": {
						"0.0": {
							"vector": [0, 11, 8]
						},
						"0.1333": {
							"vector": [18, -18.42126, -11.77421],
							"easing": "easeInOutBack"
						},
						"0.8": {
							"vector": [0, 0, 0],
							"easing": "easeInOutBack",
							"easingArgs": [0.7]
						}
					}
				},
				"sword": {
					"rotation": {
						"0.0667": {
							"vector": [0, 0, 0]
						},
						"0.1667": {
							"vector": [20, 0, 0],
							"easing": "easeOutQuart"
						},
						"0.5": {
							"vector": [20, 0, 0]
						},
						"0.6": {
							"vector": [0, 0, 0],
							"easing": "easeInOutQuad"
						}
					}
				},
				"leftarm": {
					"rotation": {
						"0.0": {
							"vector": [53.87198, -43.8683, 117.11799],
							"easing": "easeOutSine"
						},
						"0.2": {
							"vector": [3.01496, -21.67972, -28.65211],
							"easing": "easeOutQuart"
						},
						"0.8667": {
							"vector": [0, 0, 0],
							"easing": "easeInOutBack"
						}
					},
					"position": {
						"0.0": {
							"vector": [-22, 6, 12],
							"easing": "easeOutSine"
						},
						"0.1333": {
							"vector": [9, 0, 3],
							"easing": "easeOutCubic"
						},
						"0.8": {
							"vector": [0, 0, 0],
							"easing": "easeInOutBack"
						}
					}
				},
				"_camera_": {
					"rotation": {
						"0.0": {
							"vector": [-1, 1, 0],
							"easing": "easeInOutSine"
						},
						"0.2333": {
							"vector": [1, -1, 1],
							"easing": "easeOutBack",
							"easingArgs": [2]
						},
						"0.6": {
							"vector": [0, 0, 0],
							"easing": "easeInOutQuad"
						}
					}
				}
			}
		},
		"animation.model.swing3": {
			"loop": "hold_on_last_frame",
			"animation_length": 0.8667,
			"bones": {
				"main": {
					"rotation": {
						"0.0": {
							"vector": [68.00499, -3.75721, -155.90572]
						},
						"0.0333": {
							"vector": [-20.51267, -15.99164, 3.76292]
						},
						"0.0667": {
							"vector": [13.5371, 25.67493, 90.73953]
						},
						"0.1667": {
							"vector": [72.5913, 7.17755, 106.83824],
							"easing": "easeOutSine"
						},
						"0.5": {
							"vector": [13.10564, 28.0454, 79.27068],
							"easing": "easeInBack"
						},
						"0.8667": {
							"vector": [0, 0, 0],
							"easing": "easeOutBack",
							"easingArgs": [0.7]
						}
					},
					"position": {
						"0.0": {
							"vector": [26, 9, 0]
						},
						"0.0333": {
							"vector": [9.16, -1.12, 0]
						},
						"0.1333": {
							"vector": [-18, -7, 0],
							"easing": "easeOutSine"
						},
						"0.8": {
							"vector": [0, 0, 0],
							"easing": "easeInOutBack",
							"easingArgs": [0.7]
						}
					}
				},
				"sword": {
					"rotation": {
						"0.0": {
							"vector": [-20, 0, 0]
						},
						"0.1667": {
							"vector": [0, 0, 0]
						}
					}
				},
				"leftarm": {
					"rotation": {
						"0.0": {
							"vector": [-58.52572, -74.92709, -130.30382]
						},
						"0.0333": {
							"vector": [-14.51816, -38.34093, -59.23898]
						},
						"0.1667": {
							"vector": [72.13426, -61.71221, 55.44595],
							"easing": "easeOutSine"
						},
						"0.8667": {
							"vector": [0, 0, 0],
							"easing": "easeInOutBack"
						}
					},
					"position": {
						"0.0": {
							"vector": [12, 24, 21]
						},
						"0.1333": {
							"vector": [-19, -2, -6],
							"easing": "easeOutQuad"
						},
						"0.8": {
							"vector": [0, 0, 0],
							"easing": "easeInOutBack",
							"easingArgs": [0.7]
						}
					}
				},
				"_camera_": {
					"rotation": {
						"0.0": {
							"vector": [-1, 1, 0],
							"easing": "easeInOutSine"
						},
						"0.2": {
							"vector": [1, 2, -1],
							"easing": "easeOutBack",
							"easingArgs": [2]
						},
						"0.8333": {
							"vector": [0, 0, 0],
							"easing": "easeInOutQuad"
						}
					}
				}
			}
		}
	},
	"geckolib_format_version": 2
}