{
  "name" : "cp2077_techtronika_spt32_grad_panam",
  "type": "Gun",
  "compatibleAttachmentGroups": [
    "snipers_sights",
    "cp2077_long_scope",
    "cp2077_short_scope",
    "chimera"
  ],
  "features": [
    {
        "type": "Aiming",
        "zoom": 0.55,
        "condition": {
          "allOf": [
              {
                "doesNotHaveAttachmentGroup": "snipers_sights"
              },
              {
                "doesNotHaveAttachmentGroup": "cp2077_short_scope"
              },
              {
                "doesNotHaveAttachmentGroup": "cp2077_long_scope"
              }
            ]
        }
    }
  ],
  "defaultAttachments": [
    "cp2077_hpo_kanone_max_mk77_tan"
  ],
  "maxAmmoCapacity" : 5,
  "compatibleAmmo" : ["ammo50bmg", "ammocreative"],
  "damage" : 40.0,
  "rpm" : 22,
  "fireModes" : ["SINGLE"],
  "fireSound" : "grad_fire_suppressed",
  "drawCooldownDuration" : 1270,
  "bobbingOnAim" : 0.1,
  "gunRecoilInitialAmplitude" : 0.4,
  "shakeRecoilAmplitude" : 1,
  "shakeRecoilSpeed" : 2,
  "viewRecoilAmplitude" : 6,
  "inspectCooldownDuration": 7500,
  "effects": [
    {
      "phase": "hit_scan_acquired",
      "name": "tracer"
    },
    {
      "phase": "firing",
      "name": "muzzle_flash_big"
    }
  ],
  "phasedReloads": [
    {
      "phase": "RELOADING",
      "condition": "reloadIterationIndex == 0",
      "duration": 5030,
      "animation": "animation.model.reloadempty"
    },
     {
      "phase": "RELOADING",
      "condition": "reloadIterationIndex > 0",
      "duration": 3370,
      "animation": "animation.model.reload"
    }
  ]
}
