{
  "name" : "cp2077_malorian_arms_overture",
  "type": "Gun",
  "compatibleAttachments": [
    "moa_hg"
  ],
  "compatibleAttachmentGroups": [
    "smg_muzzle",
    "cp2077_short_scope",
    "cp2077_long_scope",
    "chimera"
  ],
  "features": [
    {
        "type": "Aiming",
        "zoom": 0.25,
        "condition": {
          "allOf": [
            {
              "doesNotHaveAttachment": "moa_hg"
            },
            {
              "doesNotHaveAttachmentGroup": "cp2077_short_scope"
            },
            {
              "doesNotHaveAttachmentGroup": "cp2077_long_scope"
            }
          ]
        }
    },
    {
      "type": "Sound",
      "fireSound": "overture_fire_suppressed",
      "fireSoundVolume": 1,
      "condition": {
        "hasAttachmentGroup": "smg_suppressors"
      }
    },
    {
      "type": "PartVisibility",
      "parts": [
        {
          "name": "rail",
          "visible": false,
          "condition": {
          "allOf": [
              {
                "doesNotHaveAttachment": "moa_hg"
              },
              {
                "doesNotHaveAttachmentGroup": "cp2077_short_scope"
              },
              {
                "doesNotHaveAttachmentGroup": "cp2077_long_scope"
              }
            ]
          }
        }
      ]
    },
    {
      "type": "MuzzleFlash",
      "effects": [
        {
          "phase": "firing",
          "name": "muzzle_flash_small"
        }
      ],
        "condition": {
          "allOf": [
            {
              "isUsingDefaultMuzzle": true
            },
            {
              "doesNotHaveAttachmentGroup": "smg_muzzle"
            }
          ]
        }
    }
  ],
  "maxAmmoCapacity" : 6,
  "compatibleAmmo" : ["ammo357", "ammocreative"],
  "damage" : 10.0,
  "rpm" : 130,
  "fireModes" : ["SINGLE"],
  "fireSound" : "overture_fire",
  "drawCooldownDuration" : 830,
  "gunRecoilInitialAmplitude" : 0.8,
  "shakeRecoilAmplitude" : 0.35,
  "shakeRecoilSpeed" : 2,
  "viewRecoilAmplitude" : 2,
  "inspectCooldownDuration": 6170,
  "glowingParts": [
    {
      "name": "glow"
    }
  ],
  "effects": [
    {
      "phase": "hit_scan_acquired",
      "name": "tracer"
    }
  ],
  "phasedReloads": [
    {
      "phase": "RELOADING",
      "condition": "reloadIterationIndex == 0",
      "duration": 4000,
      "animation": "animation.model.reloadempty"
    },
    {
      "phase": "RELOADING",
      "condition": "reloadIterationIndex > 0",
      "duration": 3370,
      "animation": "animation.model.reload"
    }
  ]
}
