{
  "name" : "cp2077_fang",
  "type": "Gun",
  "features": [
    {
      "type": "Sound",
      "fireSound": "knife_throw2",
      "fireSoundVolume": 1,
      "condition": {
        "selectedFireMode": "cp2077_thrown"
      }
    },
    {
      "type": "Accuracy",
      "accuracyModifier": 3
    },
    {
      "type": "FireMode",
      "fireModes": [
        {
          "name": "cp2077_melee",
          "displayName": "label.pointblank.fireMode.cp2077_melee",
          "type": "AUTOMATIC",
          "rpm": 120,
          "damage": 7.0,
          "maxShootingDistance": 3.5,
          "prepareFireAnimations": [
            {
              "name": "animation.model.prepareswing",
              "duration": 300
            }
          ],
          "fireAnimations": [
            {
              "name": "animation.model.swing1",
              "duration": 300,
              "condition": "random"
            },
            {
              "name": "animation.model.swing2",
              "duration": 300,
              "condition": "random"
            },
            {
              "name": "animation.model.swing3",
              "duration": 300,
              "condition": "random"
            }
          ],
          "completeFireAnimations": [
            {
              "name": "animation.model.draw",
              "duration": 800
            }
          ],
          "enableFireModeAnimations": [
            {
              "name": "animation.model.modechange",
              "duration": 400
            }
          ]
        },
        {
          "name": "cp2077_thrown",
          "displayName": "label.pointblank.fireMode.cp2077_thrown",
          "type": "SINGLE",
          "rpm": 280,
          "damage": 12.0,
          "animationName": "animation.model.throw",
          "prepareFireAnimations": [
            {
              "name": "animation.model.preparethrow",
              "duration": 830
            }
          ],
          "completeFireAnimations": [
            {
              "name": "animation.model.completethrow",
              "duration": 3300
            }
          ],
          "enableFireModeAnimations": [
            {
              "name": "animation.model.modechange",
              "duration": 400
            }
          ]
        }
      ]
    }
  ],
  "maxAmmoCapacity" : "infinite",
  "compatibleAmmo" : ["ammocreative"],
  "drawCooldownDuration" : 800,
  "fireSound" : "knife_swing",
  "damage": 7.0,
  "rpm": 120,
  "gunRecoilInitialAmplitude" : 0.0,
  "shakeRecoilAmplitude" : 0.0,
  "shakeRecoilSpeed" : 0.0,
  "viewRecoilAmplitude" : 0,
  "inspectCooldownDuration": 4800,
  "aimingEnabled": false
}
