{
  "name" : "cp2077_tsunami_nekomata",
  "type": "Gun",
  "compatibleAttachmentGroups": [
    "snipers_sights",
    "cp2077_long_scope",
    "cp2077_short_scope",
    "chimera"
  ],
  "features": [
    {
        "type": "Aiming",
        "zoom": 0.55,
        "condition": {
          "allOf": [
              {
                "doesNotHaveAttachmentGroup": "snipers_sights"
              },
              {
                "doesNotHaveAttachmentGroup": "cp2077_short_scope"
              },
              {
                "doesNotHaveAttachmentGroup": "cp2077_long_scope"
              }
            ]
        }
    }
  ],
  "defaultAttachments": [
    "cp2077_e305_prospecta"
  ],
  "maxAmmoCapacity" : 4,
  "compatibleAmmo" : ["ammo338lapua", "ammocreative"],
  "damage" : 35.0,
  "rpm" : 100,
  "fireModes" : ["SINGLE"],
  "fireSound" : "nekomata_fire",
  "drawCooldownDuration" : 1270,
  "prepareFireCooldownDuration": 1000,
  "bobbingOnAim" : 0.1,
  "gunRecoilInitialAmplitude" : 0.4,
  "shakeRecoilAmplitude" : 1,
  "shakeRecoilSpeed" : 2,
  "viewRecoilAmplitude" : 2,
  "inspectCooldownDuration": 5000,
  "effects": [
    {
      "phase": "hit_scan_acquired",
      "name": "tracer"
    },
    {
      "phase": "firing",
      "name": "muzzle_flash"
    }
  ],
  "phasedReloads": [
    {
      "phase": "RELOADING",
      "condition": "reloadIterationIndex == 0",
      "duration": 4500,
      "animation": "animation.model.reloadempty"
    },
     {
      "phase": "RELOADING",
      "condition": "reloadIterationIndex > 0",
      "duration": 3000,
      "animation": "animation.model.reload"
    }
  ]
}
