{
	"format_version": "1.8.0",
	"animations": {
		"animation.model.draw": {
			"loop": true,
			"animation_length": 1.2,
			"bones": {
				"main": {
					"rotation": {
						"0.0": {
							"vector": [32.09413, -54.38778, -8.29667]
						},
						"0.3167": {
							"vector": [3.3319, -1.84804, -2.91307],
							"easing": "easeOutSine"
						},
						"0.5": {
							"vector": [0.14865, -0.30795, 1.79712]
						},
						"0.6": {
							"vector": [0, 0, 0],
							"easing": "easeInOutSine"
						}
					},
					"position": {
						"0.0": {
							"vector": [0, -17.3, 0]
						},
						"0.3833": {
							"vector": [-0.05, -0.4, -2.49],
							"easing": "easeInOutSine"
						},
						"0.6": {
							"vector": [0, 0, 0],
							"easing": "easeOutSine"
						}
					}
				},
				"leftarm": {
					"rotation": {
						"0.0": {
							"vector": [0, 0, 0]
						},
						"0.2": {
							"vector": [1, 0, -22]
						},
						"0.4": {
							"vector": [0, 0, 0]
						}
					},
					"position": {
						"0.0": {
							"vector": [0, 0, 0]
						},
						"0.2": {
							"vector": [3.53901, 3.6754, 5.59783]
						},
						"0.4": {
							"vector": [0, 0, 0]
						}
					}
				},
				"_camera_": {
					"rotation": {
						"0.0": {
							"vector": [0, 0, 0]
						},
						"0.2333": {
							"vector": [1.80315, -1.89688, -1.62846],
							"easing": "easeInOutSine"
						},
						"0.4": {
							"vector": [1.24924, -0.00333, 0.0435]
						},
						"0.4833": {
							"vector": [0.44082, -0.01767, 1.01624]
						},
						"0.6167": {
							"vector": [0, 0, 0],
							"easing": "easeOutSine"
						}
					}
				}
			},
			"sound_effects": {
				"0.0": {
					"effect": "launcher_draw"
				}
			}
		},
		"animation.model.fire": {
			"loop": true,
			"animation_length": 0.8333,
			"bones": {
				"main": {
					"rotation": {
						"0.0": {
							"vector": [0, 0, 0]
						},
						"0.0667": {
							"vector": [-8.70704, -2.00287, -6.82365]
						},
						"0.1833": {
							"vector": [-4.56618, -1.90395, -3.57221]
						},
						"0.3": {
							"vector": [-4.38312, -0.94992, 5.14611],
							"easing": "easeInOutSine"
						},
						"0.4833": {
							"vector": [-3.64372, -1.05964, -2.94991]
						},
						"0.5833": {
							"vector": [-0.61934, 0.1901, 0.17584]
						},
						"0.6667": {
							"vector": [0, 0, 0],
							"easing": "easeOutSine"
						}
					},
					"position": {
						"0.0": {
							"vector": [0, 0, 0]
						},
						"0.05": {
							"vector": [-0.375, -0.9, 5.575]
						},
						"0.2167": {
							"vector": [-0.39, -0.44, 2.71]
						},
						"0.3": {
							"vector": [-0.155, -0.475, 4.95]
						},
						"0.4333": {
							"vector": [-0.06, -0.19, 3.73]
						},
						"0.5333": {
							"vector": [-0.03, -0.11, 2.075]
						},
						"0.6667": {
							"vector": [0, 0, 0],
							"easing": "easeOutSine"
						}
					}
				},
				"action": {
					"rotation": {
						"0.0": {
							"vector": [0, 0, 0]
						},
						"0.2": {
							"vector": [0, 0, 0]
						},
						"0.5333": {
							"vector": [0, 0, 0]
						}
					},
					"position": {
						"0.0": {
							"vector": [0, 0, 0]
						},
						"0.2": {
							"vector": [0, 0, 0]
						},
						"0.2833": {
							"vector": [0, 0, 8.6]
						},
						"0.45": {
							"vector": [0, 0, 8.6]
						},
						"0.5333": {
							"vector": [0, 0, 0]
						}
					}
				},
				"leftarm": {
					"rotation": {
						"0.0": {
							"vector": [0, 0, 0]
						},
						"0.2": {
							"vector": [0, 0, 0]
						},
						"0.2833": {
							"vector": [-13.59079, 2.94012, -2.73376]
						},
						"0.45": {
							"vector": [-13.59079, 2.94012, -2.73376]
						},
						"0.5333": {
							"vector": [0, 0, 0]
						}
					},
					"position": {
						"0.0": {
							"vector": [0, 0, 0]
						},
						"0.2": {
							"vector": [0, 0, 0]
						},
						"0.2833": {
							"vector": [3.29358, -2.47138, 6.51077]
						},
						"0.45": {
							"vector": [3.29358, -2.47138, 6.51077]
						},
						"0.5333": {
							"vector": [0, 0, 0]
						}
					}
				},
				"pump": {
					"rotation": {
						"0.0": {
							"vector": [0, 0, 0]
						},
						"0.2": {
							"vector": [0, 0, 0]
						},
						"0.5333": {
							"vector": [0, 0, 0]
						}
					},
					"position": {
						"0.0": {
							"vector": [0, 0, 0]
						},
						"0.2": {
							"vector": [0, 0, 0]
						},
						"0.2833": {
							"vector": [0, 0, 7.5]
						},
						"0.45": {
							"vector": [0, 0, 7.5]
						},
						"0.5333": {
							"vector": [0, 0, 0]
						}
					}
				},
				"shell": {
					"rotation": {
						"0.0": {
							"vector": [0, 0, 0]
						},
						"0.2": {
							"vector": [0, 0, 0]
						},
						"0.25": {
							"vector": [-13, 0, 0]
						},
						"0.3": {
							"vector": [1.04852, 17.49725, 0.31528]
						},
						"0.35": {
							"vector": [40.13672, -11.72631, -51.54685]
						},
						"0.4": {
							"vector": [77.01537, 30.7905, -125.02275]
						},
						"0.5": {
							"vector": [0, 0, 0]
						},
						"0.6": {
							"vector": [0, 0, 0]
						}
					},
					"position": {
						"0.0": {
							"vector": [0, 0, 0]
						},
						"0.2": {
							"vector": [-0.3, -1.825, 0]
						},
						"0.25": {
							"vector": [-3.25, -2.075, 2.95]
						},
						"0.3": {
							"vector": [-6.995, -1.8, 4.675]
						},
						"0.35": {
							"vector": [-22.37, -0.775, 7.05]
						},
						"0.4": {
							"vector": [-58.615, -23.625, 7.05]
						},
						"0.45": {
							"vector": [-58.62, -42.175, 7.05]
						},
						"0.5": {
							"vector": [3.105, -42.18, 35.15]
						},
						"0.55": {
							"vector": [0.125, -0.79, 25.455]
						},
						"0.6": {
							"vector": [0, 0, 0]
						}
					},
					"scale": {
						"0.0": {
							"vector": [1, 1, 1]
						},
						"0.2": {
							"vector": [1, 1, 1]
						},
						"0.45": {
							"vector": [1, 1, 1]
						},
						"0.5": {
							"vector": [0.2625, 0.19, 0.0575]
						},
						"0.55": {
							"vector": [0.2625, 0.19, 0.0575]
						},
						"0.6": {
							"vector": [1, 1, 1]
						}
					}
				},
				"_camera_": {
					"rotation": {
						"0.0": {
							"vector": [0, 0, 0]
						},
						"0.05": {
							"vector": [-11.73931, 0.27105, 5.49155]
						},
						"0.2": {
							"vector": [-5.2368, -0.48774, -4.01809]
						},
						"0.3667": {
							"vector": [-4.18252, -0.15684, 1.03807],
							"easing": "easeInSine"
						},
						"0.6667": {
							"vector": [0, 0, 0],
							"easing": "easeOutSine"
						}
					}
				}
			},
			"sound_effects": {
				"0.05": {
					"effect": "pump1"
				},
				"0.3833": {
					"effect": "pump2"
				}
			}
		},
		"animation.model.firegrenade": {
			"loop": true,
			"animation_length": 0.8333,
			"bones": {
				"main": {
					"rotation": {
						"0.0": {
							"vector": [0, 0, 0]
						},
						"0.0667": {
							"vector": [-8.70704, -2.00287, -6.82365]
						},
						"0.1833": {
							"vector": [-4.56618, -1.90395, -3.57221]
						},
						"0.3333": {
							"vector": [-2.5564, -1.25308, 1.15687],
							"easing": "easeInOutSine"
						},
						"0.4833": {
							"vector": [-1.64346, -0.30995, -2.97142]
						},
						"0.6667": {
							"vector": [0, 0, 0],
							"easing": "easeOutSine"
						}
					},
					"position": {
						"0.0": {
							"vector": [0, 0, 0]
						},
						"0.05": {
							"vector": [-0.375, -0.9, 5.575]
						},
						"0.2167": {
							"vector": [-0.39, -0.44, 2.71]
						},
						"0.6667": {
							"vector": [0, 0, 0],
							"easing": "easeOutSine"
						}
					}
				},
				"action": {
					"rotation": {
						"0.0": {
							"vector": [0, 0, 0]
						},
						"0.2": {
							"vector": [0, 0, 0]
						},
						"0.5333": {
							"vector": [0, 0, 0]
						}
					},
					"position": {
						"0.0": {
							"vector": [0, 0, 0]
						},
						"0.2": {
							"vector": [0, 0, 0]
						},
						"0.2833": {
							"vector": [0, 0, 8.6]
						},
						"0.45": {
							"vector": [0, 0, 8.6]
						},
						"0.5333": {
							"vector": [0, 0, 0]
						}
					}
				},
				"_camera_": {
					"rotation": {
						"0.0": {
							"vector": [0, 0, 0]
						},
						"0.05": {
							"vector": [-6.73931, 0.27105, 5.49155]
						},
						"0.2": {
							"vector": [-2.7368, -0.48774, -4.01809]
						},
						"0.4167": {
							"vector": [-1.68252, -0.15684, 1.03807],
							"easing": "easeInSine"
						},
						"0.6667": {
							"vector": [0, 0, 0],
							"easing": "easeOutSine"
						}
					}
				},
				"chamber": {
					"rotation": {
						"vector": [0, 0, 0]
					},
					"position": {
						"0.0": {
							"vector": [0, 0, 0]
						},
						"0.0833": {
							"vector": [0, 0, 0]
						},
						"0.1833": {
							"vector": [0, 0, 7]
						},
						"0.3167": {
							"vector": [0, 0, 7]
						},
						"0.4167": {
							"vector": [0, 0, -0.225]
						},
						"0.4833": {
							"vector": [0, 0, 0.125]
						},
						"0.55": {
							"vector": [0, 0, 0]
						}
					}
				},
				"grenade": {
					"rotation": {
						"vector": [0, 0, 0]
					},
					"position": {
						"0.0": {
							"vector": [0, 0, 0]
						},
						"0.0833": {
							"vector": [0, 0, 0]
						},
						"0.1833": {
							"vector": [0, 0, 7]
						},
						"0.3167": {
							"vector": [0, 0, 7]
						},
						"0.4167": {
							"vector": [0, 0, -0.35]
						},
						"0.5": {
							"vector": [0, 0, 0.175]
						},
						"0.6": {
							"vector": [0, 0, 0]
						}
					}
				}
			},
			"sound_effects": {
				"0.15": {
					"effect": "doom_gl_r1"
				}
			}
		},
		"animation.model.prepare": {
			"loop": true,
			"animation_length": 0.2833,
			"bones": {
				"main": {
					"rotation": {
						"0.0": {
							"vector": [0, 0, 0]
						},
						"0.2833": {
							"vector": [-5.66012, -2.78763, -10.27574],
							"easing": "easeInSine"
						}
					},
					"position": {
						"0.0": {
							"vector": [0, 0, 0]
						},
						"0.2833": {
							"vector": [0.325, -2.125, -6.1],
							"easing": "easeOutSine"
						}
					}
				},
				"leftarm": {
					"rotation": {
						"0.0": {
							"vector": [0, 0, 0]
						},
						"0.2167": {
							"vector": [-21.55914, -4.55204, 5.64461]
						}
					},
					"position": {
						"0.0": {
							"vector": [0, 0, 0]
						},
						"0.1": {
							"vector": [12.75, -33.79, 16.71]
						},
						"0.2167": {
							"vector": [0, -15.9, 17.35]
						}
					}
				},
				"_camera_": {
					"rotation": {
						"0.0": {
							"vector": [0, 0, 0]
						},
						"0.2833": {
							"vector": [3.50029, 0.79072, -0.43273],
							"easing": "easeInOutSine"
						}
					}
				}
			},
			"sound_effects": {
				"0.0": {
					"effect": "foley_start"
				}
			}
		},
		"animation.model.loaditeration": {
			"loop": true,
			"animation_length": 0.3833,
			"bones": {
				"main": {
					"rotation": {
						"0.0": {
							"vector": [-5.66012, -2.78763, -10.27574],
							"easing": "easeOutSine"
						},
						"0.1167": {
							"vector": [-5.75357, -2.58873, -8.28346],
							"easing": "easeInSine"
						},
						"0.25": {
							"vector": [-4.8769, -3.60865, -10.95917],
							"easing": "easeInOutSine"
						},
						"0.3833": {
							"vector": [-5.66012, -2.78763, -10.27574],
							"easing": "linear"
						}
					},
					"position": {
						"0.0": {
							"vector": [0.325, -2.125, -6.1],
							"easing": "easeOutSine"
						},
						"0.1167": {
							"vector": [0.245, -2.205, -6.375]
						},
						"0.2667": {
							"vector": [0.25, -1.775, -6.645],
							"easing": "easeInOutSine"
						},
						"0.3833": {
							"vector": [0.325, -2.125, -6.1],
							"easing": "linear"
						}
					}
				},
				"shell": {
					"rotation": {
						"0.0": {
							"vector": [-27.75, 0, 0]
						},
						"0.1": {
							"vector": [-52.25, 0, 0]
						},
						"0.1667": {
							"vector": [-59.5, 0, 0]
						},
						"0.25": {
							"vector": [-66.25, 0, 0]
						},
						"0.3833": {
							"vector": [-27.75, 0, 0]
						}
					},
					"position": {
						"0.0": {
							"vector": [0, -11.9, 5.05]
						},
						"0.1": {
							"vector": [0, -7.175, -0.6]
						},
						"0.1667": {
							"vector": [0, -6.795, -1.225]
						},
						"0.25": {
							"vector": [0, -3.04, -1.67]
						},
						"0.3833": {
							"vector": [0, -11.9, 5.05]
						}
					},
					"scale": {
						"0.0": {
							"vector": [1, 1, 1]
						},
						"0.25": {
							"vector": [1, 1, 1]
						},
						"0.2833": {
							"vector": [0, 0, 0]
						},
						"0.3833": {
							"vector": [0, 0, 0]
						}
					}
				},
				"leftarm": {
					"rotation": {
						"0.0": {
							"vector": [-21.55914, -4.55204, 5.64461]
						},
						"0.1": {
							"vector": [-12.23154, -2.88903, 1.13047]
						},
						"0.1667": {
							"vector": [-15.26376, -3.95226, 2.18906]
						},
						"0.25": {
							"vector": [-17.58949, -5.31208, 3.65764]
						},
						"0.3833": {
							"vector": [-21.55914, -4.55204, 5.64461]
						}
					},
					"position": {
						"0.0": {
							"vector": [0, -15.9, 17.35]
						},
						"0.1": {
							"vector": [0.375, -10.425, 15.1]
						},
						"0.1667": {
							"vector": [0.34239, -10.73034, 13.58377]
						},
						"0.25": {
							"vector": [0.38, -9.77, 12.525]
						},
						"0.3833": {
							"vector": [0, -15.9, 17.35]
						}
					}
				},
				"_camera_": {
					"rotation": {
						"0.0": {
							"vector": [3.50029, 0.79072, -0.43273],
							"easing": "easeInOutSine"
						},
						"0.15": {
							"vector": [3.50704, 0.76017, 0.06638],
							"easing": "easeOutSine"
						},
						"0.2667": {
							"vector": [3.47482, 1.14672, -2.16452],
							"easing": "easeInOutSine"
						},
						"0.3833": {
							"vector": [3.50029, 0.79072, -0.43273],
							"easing": "easeInOutSine"
						}
					}
				}
			},
			"sound_effects": {
				"0.0667": {
					"effect": "shell"
				}
			}
		},
		"animation.model.finish": {
			"loop": true,
			"animation_length": 1.2333,
			"bones": {
				"main": {
					"rotation": {
						"0.0": {
							"vector": [-5.66012, -2.78763, -10.27574],
							"easing": "easeOutSine"
						},
						"0.4333": {
							"vector": [-24.8506, -14.64881, 22.64637],
							"easing": "easeInOutCubic"
						},
						"0.5333": {
							"vector": [-21.94559, -17.24613, 15.64158]
						},
						"0.6833": {
							"vector": [-22.42105, -14.11702, 22.95636],
							"easing": "easeInOutSine"
						},
						"0.95": {
							"vector": [3.3319, -1.84804, -2.91307],
							"easing": "easeInOutSine"
						},
						"1.1333": {
							"vector": [0.14865, -0.30795, 1.79712]
						},
						"1.2333": {
							"vector": [0, 0, 0],
							"easing": "easeInOutSine"
						}
					},
					"position": {
						"0.0": {
							"vector": [0.325, -2.125, -6.1],
							"easing": "easeOutSine"
						},
						"0.3333": {
							"vector": [0.32, -8.28, -12.9],
							"easing": "easeInOutSine"
						},
						"0.4167": {
							"vector": [-1.22216, -9.32267, -9.61239]
						},
						"0.5833": {
							"vector": [-1.29709, -9.55396, -8.92758]
						},
						"0.7167": {
							"vector": [0.32, -8.28, -12.9],
							"easing": "easeInOutSine"
						},
						"1.0167": {
							"vector": [-0.05, -0.4, -2.49],
							"easing": "easeInOutSine"
						},
						"1.2333": {
							"vector": [0, 0, 0],
							"easing": "easeOutSine"
						}
					}
				},
				"pump": {
					"rotation": {
						"0.3167": {
							"vector": [0, 0, 0]
						},
						"0.6167": {
							"vector": [0, 0, 0]
						}
					},
					"position": {
						"0.3167": {
							"vector": [0, 0, 0]
						},
						"0.4": {
							"vector": [0, 0, 7.5]
						},
						"0.5333": {
							"vector": [0, 0, 7.5]
						},
						"0.6167": {
							"vector": [0, 0, 0]
						}
					}
				},
				"leftarm": {
					"rotation": {
						"0.0": {
							"vector": [-21.55914, -4.55204, 5.64461]
						},
						"0.1833": {
							"vector": [0, 0, 0]
						},
						"0.3167": {
							"vector": [0, 0, 0]
						},
						"0.4": {
							"vector": [-13.59079, 2.94012, -2.73376]
						},
						"0.5333": {
							"vector": [-13.59079, 2.94012, -2.73376]
						},
						"0.6167": {
							"vector": [0, 0, 0]
						}
					},
					"position": {
						"0.0": {
							"vector": [0, -15.9, 17.35]
						},
						"0.1": {
							"vector": [3.4, -7.23, 7.89]
						},
						"0.1833": {
							"vector": [0, 0, 0]
						},
						"0.3167": {
							"vector": [0, 0, 0]
						},
						"0.4": {
							"vector": [3.29358, -2.47138, 6.51077]
						},
						"0.5333": {
							"vector": [3.29358, -2.47138, 6.51077]
						},
						"0.6167": {
							"vector": [0, 0, 0]
						}
					}
				},
				"_camera_": {
					"rotation": {
						"0.0": {
							"vector": [3.50029, 0.79072, -0.43273],
							"easing": "easeInOutSine"
						},
						"0.3167": {
							"vector": [3.35536, -0.47095, -1.15644]
						},
						"0.4167": {
							"vector": [4.67734, -0.58728, -2.26663],
							"easing": "easeInOutSine"
						},
						"0.5167": {
							"vector": [3.40424, -0.72821, -0.27159]
						},
						"0.65": {
							"vector": [2.43288, -0.59655, -2.76819],
							"easing": "easeInOutSine"
						},
						"0.85": {
							"vector": [3.30216, 0.10213, -1.56555],
							"easing": "easeInOutSine"
						},
						"1.0167": {
							"vector": [1.24924, -0.00333, 0.0435],
							"easing": "easeInSine"
						},
						"1.1": {
							"vector": [0.44082, -0.01767, 1.01624]
						},
						"1.2333": {
							"vector": [0, 0, 0],
							"easing": "easeOutSine"
						}
					}
				}
			},
			"sound_effects": {
				"0.15": {
					"effect": "pump1"
				},
				"0.4833": {
					"effect": "pump2"
				},
				"0.75": {
					"effect": "foley_end"
				}
			}
		},
		"animation.model.inspect": {
			"loop": true,
			"animation_length": 4.25,
			"bones": {
				"main": {
					"rotation": {
						"0.0": {
							"vector": [0, 0, 0]
						},
						"0.2": {
							"vector": [-3.52059, -16.5819, 3.60632],
							"easing": "easeInSine"
						},
						"0.4333": {
							"vector": [-2.17102, -38.25333, -13.95417],
							"easing": "easeOutSine"
						},
						"0.6": {
							"vector": [-1.85642, -39.4489, -11.30261],
							"easing": "easeInOutSine"
						},
						"0.7667": {
							"vector": [0.1153, -39.52069, -15.18885]
						},
						"0.9667": {
							"vector": [-1.16561, -39.5065, -13.56866]
						},
						"1.1333": {
							"vector": [-1.60634, -39.48463, -12.87533]
						},
						"1.3167": {
							"vector": [-3.01717, -39.42437, -10.656]
						},
						"1.55": {
							"vector": [-2.40087, -39.43378, -11.4177]
						},
						"1.7667": {
							"vector": [-0.73094, -39.48541, -13.951]
						},
						"1.9833": {
							"vector": [-1.32795, -39.50216, -12.9206]
						},
						"2.5": {
							"vector": [-1.60634, -39.48463, -12.87533]
						},
						"2.85": {
							"vector": [-22.80491, -15.79359, 18.63367],
							"easing": "easeInOutSine"
						},
						"2.9667": {
							"vector": [-24.8506, -14.64881, 22.64637]
						},
						"3.0667": {
							"vector": [-21.94559, -17.24613, 15.64158]
						},
						"3.2167": {
							"vector": [-22.42105, -14.11702, 22.95636],
							"easing": "easeInOutSine"
						},
						"3.4833": {
							"vector": [3.3319, -1.84804, -2.91307],
							"easing": "easeInOutSine"
						},
						"3.6667": {
							"vector": [0.14865, -0.30795, 1.79712]
						},
						"3.7667": {
							"vector": [0, 0, 0],
							"easing": "easeInOutSine"
						}
					},
					"position": {
						"0.0": {
							"vector": [0, 0, 0]
						},
						"0.1833": {
							"vector": [0.55, -2.715, -2.85]
						},
						"0.3667": {
							"vector": [0, -2.575, -11.975],
							"easing": "easeOutSine"
						},
						"0.6333": {
							"vector": [-0.375, -3.125, -11.98],
							"easing": "easeInOutSine"
						},
						"0.85": {
							"vector": [-0.38, -2.945, -11.98],
							"easing": "easeOutSine"
						},
						"1.05": {
							"vector": [-0.605, -2.815, -11.98]
						},
						"1.2667": {
							"vector": [-0.605, -2.77, -11.98],
							"easing": "easeOutSine"
						},
						"1.6667": {
							"vector": [-0.3, -2.89, -11.98]
						},
						"1.9833": {
							"vector": [-0.38, -2.945, -11.98],
							"easing": "easeOutSine"
						},
						"2.4833": {
							"vector": [-0.605, -2.815, -11.98]
						},
						"2.8667": {
							"vector": [0.32, -8.28, -12.9],
							"easing": "easeInOutSine"
						},
						"2.95": {
							"vector": [-1.22216, -9.32267, -9.61239]
						},
						"3.1167": {
							"vector": [-1.29709, -9.55396, -8.92758]
						},
						"3.25": {
							"vector": [0.32, -8.28, -12.9],
							"easing": "easeInOutSine"
						},
						"3.55": {
							"vector": [-0.05, -0.4, -2.49],
							"easing": "easeInOutSine"
						},
						"3.7667": {
							"vector": [0, 0, 0],
							"easing": "easeOutSine"
						}
					}
				},
				"action": {
					"position": {
						"0.0": {
							"vector": [0, 0, 0]
						},
						"0.15": {
							"vector": [0, 0, 0]
						},
						"0.2167": {
							"vector": [0, 0, 9.8]
						},
						"1.85": {
							"vector": [0, 0, 9.8]
						},
						"1.9167": {
							"vector": [0, 0, 0]
						}
					}
				},
				"leftarm": {
					"rotation": {
						"0.0": {
							"vector": [0, 0, 0]
						},
						"0.35": {
							"vector": [-15.17291, 5.52464, -5.45367]
						},
						"1.35": {
							"vector": [-15.17291, 5.52464, -5.45367]
						},
						"2.5833": {
							"vector": [-15.17291, 5.52464, -5.45367]
						},
						"2.7167": {
							"vector": [0, 0, 0]
						},
						"2.85": {
							"vector": [0, 0, 0]
						},
						"2.9333": {
							"vector": [-13.59079, 2.94012, -2.73376]
						},
						"3.0667": {
							"vector": [-13.59079, 2.94012, -2.73376]
						},
						"3.15": {
							"vector": [0, 0, 0]
						}
					},
					"position": {
						"0.0": {
							"vector": [0, 0, 0]
						},
						"0.35": {
							"vector": [5.45209, -2.22825, -3.68612]
						},
						"1.35": {
							"vector": [5.45209, -2.22825, -3.68612]
						},
						"2.5833": {
							"vector": [5.45209, -2.22825, -3.68612]
						},
						"2.7167": {
							"vector": [0, 0, 0]
						},
						"2.85": {
							"vector": [0, 0, 0]
						},
						"2.9333": {
							"vector": [3.29358, -2.47138, 6.51077]
						},
						"3.0667": {
							"vector": [3.29358, -2.47138, 6.51077]
						},
						"3.15": {
							"vector": [0, 0, 0]
						}
					}
				},
				"bullet1": {
					"rotation": {
						"0.0": {
							"vector": [0, 0, 0]
						},
						"0.2": {
							"vector": [0, 0, 0]
						},
						"0.9667": {
							"vector": [0, 0, 0]
						}
					},
					"position": {
						"0.0": {
							"vector": [0, 0, 0]
						},
						"0.2": {
							"vector": [0, 0, 0]
						},
						"0.2667": {
							"vector": [-0.90066, 0.50123, -0.00879]
						},
						"0.9": {
							"vector": [-0.90066, 0.50123, -0.00879]
						},
						"0.9667": {
							"vector": [0, 0, 0]
						}
					}
				},
				"bullet2": {
					"rotation": {
						"0.0": {
							"vector": [0, 0, 0]
						},
						"0.2": {
							"vector": [0, 0, 0]
						},
						"0.9833": {
							"vector": [0, 0, 0]
						}
					},
					"position": {
						"0.0": {
							"vector": [0, 0, 0]
						},
						"0.2": {
							"vector": [0, 0, 0]
						},
						"0.2667": {
							"vector": [-0.95403, 0.36031, 0]
						},
						"0.9167": {
							"vector": [-0.95403, 0.36031, 0]
						},
						"0.9833": {
							"vector": [0, 0, 0]
						}
					}
				},
				"bullet3": {
					"rotation": {
						"0.0": {
							"vector": [0, 0, 0]
						},
						"0.2": {
							"vector": [0, 0, 0]
						},
						"1.0167": {
							"vector": [0, 0, 0]
						}
					},
					"position": {
						"0.0": {
							"vector": [0, 0, 0]
						},
						"0.2": {
							"vector": [0, 0, 0]
						},
						"0.2667": {
							"vector": [-0.94261, 0.33379, 0.00873]
						},
						"0.95": {
							"vector": [-0.94261, 0.33379, 0.00873]
						},
						"1.0167": {
							"vector": [0, 0, 0]
						}
					}
				},
				"cover1": {
					"rotation": {
						"0.0": {
							"vector": [0, 0, 0]
						},
						"0.1667": {
							"vector": [0, 0, 0]
						},
						"0.9167": {
							"vector": [0, 0, 0]
						}
					},
					"position": {
						"0.0": {
							"vector": [0, 0, 0]
						},
						"0.1667": {
							"vector": [0, 0, 0]
						},
						"0.2333": {
							"vector": [0.85968, -0.44019, 0]
						},
						"0.85": {
							"vector": [0.85968, -0.44019, 0]
						},
						"0.9167": {
							"vector": [0, 0, 0]
						}
					}
				},
				"cover2": {
					"rotation": {
						"0.0": {
							"vector": [0, 0, 0]
						},
						"0.1667": {
							"vector": [0, 0, 0]
						},
						"0.9167": {
							"vector": [0, 0, 0]
						}
					},
					"position": {
						"0.0": {
							"vector": [0, 0, 0]
						},
						"0.1667": {
							"vector": [0, 0, 0]
						},
						"0.2333": {
							"vector": [-0.83286, 1.4474, 0]
						},
						"0.85": {
							"vector": [-0.83286, 1.4474, 0]
						},
						"0.9167": {
							"vector": [0, 0, 0]
						}
					}
				},
				"cover3": {
					"rotation": {
						"0.0": {
							"vector": [0, 0, 0]
						},
						"0.1667": {
							"vector": [0, 0, 0]
						},
						"0.2333": {
							"vector": [0, 0, -19]
						},
						"0.85": {
							"vector": [0, 0, -19]
						},
						"0.9167": {
							"vector": [0, 0, 0]
						}
					},
					"position": {
						"0.0": {
							"vector": [0, 0, 0]
						},
						"0.1667": {
							"vector": [0, 0, 0]
						},
						"0.2333": {
							"vector": [-0.08747, 1.15062, -0.0304]
						},
						"0.85": {
							"vector": [-0.08747, 1.15062, -0.0304]
						},
						"0.9167": {
							"vector": [0, 0, 0]
						}
					}
				},
				"pump": {
					"rotation": {
						"2.85": {
							"vector": [0, 0, 0]
						},
						"3.15": {
							"vector": [0, 0, 0]
						}
					},
					"position": {
						"2.85": {
							"vector": [0, 0, 0]
						},
						"2.9333": {
							"vector": [0, 0, 7.5]
						},
						"3.0667": {
							"vector": [0, 0, 7.5]
						},
						"3.15": {
							"vector": [0, 0, 0]
						}
					}
				},
				"_camera_": {
					"rotation": {
						"0.0": {
							"vector": [0, 0, 0]
						},
						"0.4167": {
							"vector": [3.96923, -1.77591, 1.00014],
							"easing": "easeInOutSine"
						},
						"0.55": {
							"vector": [4.00183, -1.67232, -0.01651]
						},
						"0.8667": {
							"vector": [3.95549, -1.54513, 1.75655],
							"easing": "easeInOutSine"
						},
						"1.05": {
							"vector": [3.96427, -1.03255, 1.26933],
							"easing": "easeInSine"
						},
						"1.9833": {
							"vector": [7.84041, 4.57753, 2.91507],
							"easing": "easeInOutSine"
						},
						"2.4": {
							"vector": [7.77641, 5.3937, 2.23512]
						},
						"2.8333": {
							"vector": [2.80877, -0.12316, -0.95447],
							"easing": "easeInOutSine"
						},
						"2.95": {
							"vector": [3.40104, -0.74305, -0.02201],
							"easing": "easeInOutQuad"
						},
						"3.05": {
							"vector": [3.40424, -0.72821, -0.27159]
						},
						"3.1833": {
							"vector": [2.43026, -0.60716, -2.5184],
							"easing": "easeInOutSine"
						},
						"3.3833": {
							"vector": [3.30216, 0.10213, -1.56555],
							"easing": "easeInOutSine"
						},
						"3.55": {
							"vector": [1.24924, -0.00333, 0.0435],
							"easing": "easeInSine"
						},
						"3.6333": {
							"vector": [0.44082, -0.01767, 1.01624]
						},
						"3.7667": {
							"vector": [0, 0, 0],
							"easing": "easeOutSine"
						}
					}
				}
			},
			"sound_effects": {
				"0.0": {
					"effect": "inspect_up"
				},
				"2.4667": {
					"effect": "inspect_foley"
				},
				"2.6833": {
					"effect": "pump1"
				},
				"3.0167": {
					"effect": "pump2"
				},
				"3.2833": {
					"effect": "foley_end"
				}
			}
		},
		"animation.model.grenadereload": {
			"loop": true,
			"animation_length": 2.0333,
			"bones": {
				"main": {
					"rotation": {
						"0.0": {
							"vector": [0, 0, 0]
						},
						"0.1333": {
							"vector": [0, 0, 1.5]
						},
						"0.3": {
							"vector": [0, 0, 0.5]
						},
						"0.4167": {
							"vector": [0, 0, -0.25]
						},
						"0.5333": {
							"vector": [0, 0, 2]
						},
						"0.65": {
							"vector": [0, 0, 0]
						},
						"0.8167": {
							"vector": [0, 0, 1]
						},
						"0.95": {
							"vector": [0, 0, 0]
						}
					},
					"position": {
						"0.0": {
							"vector": [0, 0, 0]
						},
						"0.1667": {
							"vector": [-0.0017, -0.07498, 0.15]
						},
						"0.3": {
							"vector": [-0.00079, -0.145, -0.775]
						},
						"0.5167": {
							"vector": [-0.00131, -0.28999, -0.77],
							"easing": "easeInOutSine"
						},
						"0.6667": {
							"vector": [0, -0.29, 0.18]
						},
						"0.8167": {
							"vector": [0, -0.14, 0.68]
						},
						"0.95": {
							"vector": [0, 0, 0]
						}
					}
				},
				"lift": {
					"rotation": {
						"0.0": {
							"vector": [0, 0, 0]
						},
						"0.1333": {
							"vector": [3.5, 0, 0],
							"easing": "easeInOutSine"
						},
						"0.4333": {
							"vector": [3.5, 0, 0]
						},
						"0.5667": {
							"vector": [0, 0, 0],
							"easing": "easeInOutSine"
						}
					}
				},
				"chamber": {
					"position": {
						"0.0333": {
							"vector": [0, 0, 0]
						},
						"0.1": {
							"vector": [0, -0.4, 0]
						},
						"0.1667": {
							"vector": [0, -0.4, 0]
						},
						"0.2667": {
							"vector": [0, -0.4, -9.875]
						},
						"0.6": {
							"vector": [0, -0.4, -9.875]
						},
						"0.7167": {
							"vector": [0, 0, 7]
						},
						"0.9": {
							"vector": [0, 0, 7]
						},
						"1.0": {
							"vector": [0, 0, -0.175]
						},
						"1.0667": {
							"vector": [0, 0, 0.1]
						},
						"1.1333": {
							"vector": [0, 0, 0]
						}
					}
				},
				"grenade": {
					"position": {
						"0.0": {
							"vector": [0, 0, 0]
						},
						"0.1": {
							"vector": [0, -0.4, 0]
						},
						"0.1667": {
							"vector": [0, -0.4, 0]
						},
						"0.2667": {
							"vector": [0, -0.4, -9.875]
						},
						"0.35": {
							"vector": [0, -0.4, -10.48]
						},
						"0.75": {
							"vector": [0, -0.4, -10.48]
						},
						"0.85": {
							"vector": [0, 0, 0]
						}
					}
				},
				"_camera_": {
					"rotation": {
						"0.0": {
							"vector": [0, 0, 0]
						},
						"0.25": {
							"vector": [1.02683, 0.47801, 1.23665],
							"easing": "easeInSine"
						},
						"0.4167": {
							"vector": [1.01628, 1.2368, 0.75006],
							"easing": "easeOutSine"
						},
						"0.6333": {
							"vector": [1.76628, 1.2368, 0.75006]
						},
						"0.8": {
							"vector": [1.30165, 0.56134, 0.34043],
							"easing": "easeInSine"
						},
						"0.95": {
							"vector": [0, 0, 0],
							"easing": "easeOutSine"
						}
					}
				}
			},
			"sound_effects": {
				"0.0": {
					"effect": "doom_gl_r2"
				},
				"0.25": {
					"effect": "doom_gl_r3"
				},
				"0.7": {
					"effect": "doom_gl_r4"
				}
			}
		}
	},
	"geckolib_format_version": 2
}