{
	"format_version": "1.12.0",
	"minecraft:geometry": [
		{
			"description": {
				"identifier": "geometry.unknown",
				"texture_width": 256,
				"texture_height": 256,
				"visible_bounds_width": 10,
				"visible_bounds_height": 5,
				"visible_bounds_offset": [0, 0.5, 0]
			},
			"bones": [
				{
					"name": "main",
					"pivot": [0, 20, 0]
				},
				{
					"name": "gun",
					"parent": "main",
					"pivot": [1, 11, 7]
				},
				{
					"name": "barrel",
					"parent": "gun",
					"pivot": [0.2, 22.6, -74.85],
					"cubes": [
						{
							"origin": [-0.9, 21.6, -62.45],
							"size": [2.1, 2, 44.2],
							"inflate": -0.3,
							"pivot": [0.2, 22.6, -74.85],
							"rotation": [0, 0, -20],
							"uv": {
								"north": {"uv": [157, 36], "uv_size": [2, 2]},
								"east": {"uv": [32, 24], "uv_size": [44, 2]},
								"south": {"uv": [157, 38], "uv_size": [2, 2]},
								"west": {"uv": [32, 26], "uv_size": [44, 2]},
								"up": {"uv": [32, 28], "uv_size": [2, 44]},
								"down": {"uv": [0, 78], "uv_size": [2, -44]}
							}
						},
						{
							"origin": [-0.55, 19.975, -61.15],
							"size": [1.5, 2.3, 1.75],
							"inflate": -0.2,
							"uv": {
								"north": {"uv": [96, 157], "uv_size": [2, 2]},
								"east": {"uv": [99, 157], "uv_size": [2, 2]},
								"south": {"uv": [101, 157], "uv_size": [2, 2]},
								"west": {"uv": [103, 157], "uv_size": [2, 2]},
								"up": {"uv": [105, 157], "uv_size": [2, 2]},
								"down": {"uv": [157, 115], "uv_size": [2, -2]}
							}
						},
						{
							"origin": [-0.4, 20.1, -59.95],
							"size": [1.3, 1.3, 41.7],
							"inflate": -0.3,
							"pivot": [0.2, 20.7, -72.35],
							"rotation": [0, 0, -20],
							"uv": {
								"north": {"uv": [54, 170], "uv_size": [1, 1]},
								"east": {"uv": [76, 16], "uv_size": [42, 1]},
								"south": {"uv": [170, 54], "uv_size": [1, 1]},
								"west": {"uv": [80, 62], "uv_size": [42, 1]},
								"up": {"uv": [61, 73], "uv_size": [1, 42]},
								"down": {"uv": [54, 123], "uv_size": [1, -42]}
							}
						}
					]
				},
				{
					"name": "muzbrake",
					"parent": "barrel",
					"pivot": [0.2, 22.525, -70.15],
					"cubes": [
						{
							"origin": [-0.8, 21.525, -70.15],
							"size": [2, 2, 8],
							"pivot": [0.2, 22.525, -70.15],
							"rotation": [0, 0, -20],
							"uv": {
								"north": {"uv": [157, 40], "uv_size": [2, 2]},
								"east": {"uv": [120, 79], "uv_size": [8, 2]},
								"south": {"uv": [157, 42], "uv_size": [2, 2]},
								"west": {"uv": [120, 96], "uv_size": [8, 2]},
								"up": {"uv": [122, 59], "uv_size": [2, 8]},
								"down": {"uv": [122, 75], "uv_size": [2, -8]}
							}
						}
					]
				},
				{
					"name": "muzzleflash",
					"parent": "main",
					"pivot": [0, 22.5, -78.85],
					"cubes": [
						{
							"origin": [-0.5, 22.25, -70.55],
							"size": [1, 1, 1],
							"inflate": -0.4,
							"uv": {
								"north": {"uv": [138, 146], "uv_size": [2, 2]},
								"east": {"uv": [160, 156], "uv_size": [2, 2]},
								"south": {"uv": [110, 164], "uv_size": [2, 2]},
								"west": {"uv": [168, 122], "uv_size": [2, 2]},
								"up": {"uv": [180, 54], "uv_size": [2, 2]},
								"down": {"uv": [180, 152], "uv_size": [2, -2]}
							}
						}
					]
				},
				{
					"name": "_cb_suppressor",
					"parent": "main",
					"pivot": [0.2, 22.75, -71.225],
					"cubes": [
						{"origin": [-0.3, 22.125, -63.15], "size": [1, 1, 1], "uv": [18, 90]}
					]
				},
				{
					"name": "_ca_barrelsig",
					"parent": "main",
					"pivot": [-0.2, 21.35, -40.325],
					"cubes": [
						{"origin": [-0.4, 22.25, -34.125], "size": [1, 1, 1], "uv": [24, 121]}
					]
				}
			]
		}
	]
}