{
	"format_version": "1.12.0",
	"minecraft:geometry": [
		{
			"description": {
				"identifier": "geometry.unknown",
				"texture_width": 256,
				"texture_height": 256,
				"visible_bounds_width": 8,
				"visible_bounds_height": 4,
				"visible_bounds_offset": [0, 1, 0]
			},
			"bones": [
				{
					"name": "main",
					"pivot": [0, 20, 0]
				},
				{
					"name": "gun",
					"parent": "main",
					"pivot": [1, 11, -1]
				},
				{
					"name": "barrel",
					"parent": "gun",
					"pivot": [0.1, 24.4, -90.25],
					"cubes": [
						{
							"origin": [-0.9, 23.4, -45.15],
							"size": [2, 2, 24],
							"inflate": -0.3,
							"pivot": [0.1, 24.4, -59.35],
							"rotation": [0, 0, -20],
							"uv": {
								"north": {"uv": [129, 83], "uv_size": [2, 2]},
								"east": {"uv": [40, 21], "uv_size": [31, 2]},
								"south": {"uv": [84, 129], "uv_size": [2, 2]},
								"west": {"uv": [53, 30], "uv_size": [31, 2]},
								"up": {"uv": [39, 56], "uv_size": [2, 31]},
								"down": {"uv": [41, 87], "uv_size": [2, -31]}
							}
						}
					]
				},
				{
					"name": "muzzledef",
					"parent": "barrel",
					"pivot": [0.1, 24.4, -78.25],
					"cubes": [
						{
							"origin": [-1.1, 23.2, -48.35],
							"size": [2.4, 2.4, 3.8],
							"inflate": -0.3,
							"pivot": [0.1, 24.4, -85.45],
							"rotation": [0, 0, -20],
							"uv": {
								"north": {"uv": [129, 112], "uv_size": [2, 2]},
								"east": {"uv": [116, 95], "uv_size": [4, 2]},
								"south": {"uv": [114, 129], "uv_size": [2, 2]},
								"west": {"uv": [116, 97], "uv_size": [4, 2]},
								"up": {"uv": [92, 116], "uv_size": [2, 4]},
								"down": {"uv": [116, 103], "uv_size": [2, -4]}
							}
						},
						{
							"origin": [0.2, 23.2, -50.35],
							"size": [1.1, 1.1, 2.6],
							"inflate": -0.3,
							"pivot": [0.1, 24.4, -87.95],
							"rotation": [0, 0, -20],
							"uv": {
								"north": {"uv": [16, 152], "uv_size": [1, 1]},
								"east": {"uv": [69, 135], "uv_size": [3, 1]},
								"south": {"uv": [152, 16], "uv_size": [1, 1]},
								"west": {"uv": [72, 135], "uv_size": [3, 1]},
								"up": {"uv": [75, 135], "uv_size": [1, 3]},
								"down": {"uv": [76, 138], "uv_size": [1, -3]}
							}
						},
						{
							"origin": [0.2, 24.5, -50.35],
							"size": [1.1, 1.1, 2.6],
							"inflate": -0.3,
							"pivot": [0.1, 24.4, -87.95],
							"rotation": [0, 0, -20],
							"uv": {
								"north": {"uv": [17, 152], "uv_size": [1, 1]},
								"east": {"uv": [135, 76], "uv_size": [3, 1]},
								"south": {"uv": [152, 17], "uv_size": [1, 1]},
								"west": {"uv": [77, 135], "uv_size": [3, 1]},
								"up": {"uv": [80, 135], "uv_size": [1, 3]},
								"down": {"uv": [81, 138], "uv_size": [1, -3]}
							}
						},
						{
							"origin": [-1.1, 24.5, -50.35],
							"size": [1.1, 1.1, 2.6],
							"inflate": -0.3,
							"pivot": [0.1, 24.4, -87.95],
							"rotation": [0, 0, -20],
							"uv": {
								"north": {"uv": [18, 152], "uv_size": [1, 1]},
								"east": {"uv": [82, 135], "uv_size": [3, 1]},
								"south": {"uv": [152, 18], "uv_size": [1, 1]},
								"west": {"uv": [135, 82], "uv_size": [3, 1]},
								"up": {"uv": [135, 83], "uv_size": [1, 3]},
								"down": {"uv": [86, 138], "uv_size": [1, -3]}
							}
						},
						{
							"origin": [-1.1, 23.7, -49.55],
							"size": [1.1, 1.4, 1],
							"inflate": -0.3,
							"pivot": [0.1, 24.4, -86.75],
							"rotation": [0, 0, -20],
							"uv": {
								"north": {"uv": [23, 152], "uv_size": [1, 1]},
								"east": {"uv": [152, 23], "uv_size": [1, 1]},
								"south": {"uv": [24, 152], "uv_size": [1, 1]},
								"west": {"uv": [152, 24], "uv_size": [1, 1]},
								"up": {"uv": [25, 152], "uv_size": [1, 1]},
								"down": {"uv": [152, 26], "uv_size": [1, -1]}
							}
						},
						{
							"origin": [-0.6, 24.6, -49.55],
							"size": [1.4, 1, 1],
							"inflate": -0.3,
							"pivot": [0.1, 24.4, -86.75],
							"rotation": [0, 0, -20],
							"uv": {
								"north": {"uv": [20, 152], "uv_size": [1, 1]},
								"east": {"uv": [152, 20], "uv_size": [1, 1]},
								"south": {"uv": [21, 152], "uv_size": [1, 1]},
								"west": {"uv": [152, 21], "uv_size": [1, 1]},
								"up": {"uv": [22, 152], "uv_size": [1, 1]},
								"down": {"uv": [152, 23], "uv_size": [1, -1]}
							}
						},
						{
							"origin": [-1.1, 23.2, -50.35],
							"size": [1.1, 1.1, 2.6],
							"inflate": -0.3,
							"pivot": [0.1, 24.4, -87.95],
							"rotation": [0, 0, -20],
							"uv": {
								"north": {"uv": [19, 152], "uv_size": [1, 1]},
								"east": {"uv": [135, 86], "uv_size": [3, 1]},
								"south": {"uv": [152, 19], "uv_size": [1, 1]},
								"west": {"uv": [135, 87], "uv_size": [3, 1]},
								"up": {"uv": [135, 90], "uv_size": [1, 3]},
								"down": {"uv": [135, 96], "uv_size": [1, -3]}
							}
						},
						{
							"origin": [-0.6, 23.2, -49.55],
							"size": [1.4, 1.1, 1],
							"inflate": -0.3,
							"pivot": [0.1, 24.4, -86.75],
							"rotation": [0, 0, -20],
							"uv": {
								"north": {"uv": [26, 152], "uv_size": [1, 1]},
								"east": {"uv": [152, 26], "uv_size": [1, 1]},
								"south": {"uv": [27, 152], "uv_size": [1, 1]},
								"west": {"uv": [152, 27], "uv_size": [1, 1]},
								"up": {"uv": [28, 152], "uv_size": [1, 1]},
								"down": {"uv": [152, 29], "uv_size": [1, -1]}
							}
						},
						{
							"origin": [0.3, 23.7, -49.55],
							"size": [1, 1.4, 1],
							"inflate": -0.3,
							"pivot": [0.1, 24.4, -86.75],
							"rotation": [0, 0, -20],
							"uv": {
								"north": {"uv": [29, 152], "uv_size": [1, 1]},
								"east": {"uv": [152, 29], "uv_size": [1, 1]},
								"south": {"uv": [30, 152], "uv_size": [1, 1]},
								"west": {"uv": [152, 30], "uv_size": [1, 1]},
								"up": {"uv": [31, 152], "uv_size": [1, 1]},
								"down": {"uv": [152, 32], "uv_size": [1, -1]}
							}
						},
						{
							"origin": [0.2, 23.2, -50.75],
							"size": [1.1, 2.4, 1],
							"inflate": -0.3,
							"pivot": [0.1, 24.4, -87.95],
							"rotation": [0, 0, -20],
							"uv": {
								"north": {"uv": [143, 61], "uv_size": [1, 2]},
								"east": {"uv": [62, 143], "uv_size": [1, 2]},
								"south": {"uv": [63, 143], "uv_size": [1, 2]},
								"west": {"uv": [64, 143], "uv_size": [1, 2]},
								"up": {"uv": [8, 152], "uv_size": [1, 1]},
								"down": {"uv": [152, 9], "uv_size": [1, -1]}
							}
						},
						{
							"origin": [-0.6, 23.2, -50.75],
							"size": [1.4, 1, 1],
							"inflate": -0.3,
							"pivot": [0.1, 24.4, -87.95],
							"rotation": [0, 0, -20],
							"uv": {
								"north": {"uv": [13, 152], "uv_size": [1, 1]},
								"east": {"uv": [152, 13], "uv_size": [1, 1]},
								"south": {"uv": [14, 152], "uv_size": [1, 1]},
								"west": {"uv": [152, 14], "uv_size": [1, 1]},
								"up": {"uv": [15, 152], "uv_size": [1, 1]},
								"down": {"uv": [152, 16], "uv_size": [1, -1]}
							}
						},
						{
							"origin": [-1.1, 23.2, -50.75],
							"size": [1.1, 2.4, 1],
							"inflate": -0.3,
							"pivot": [0.1, 24.4, -87.95],
							"rotation": [0, 0, -20],
							"uv": {
								"north": {"uv": [143, 64], "uv_size": [1, 2]},
								"east": {"uv": [65, 143], "uv_size": [1, 2]},
								"south": {"uv": [66, 143], "uv_size": [1, 2]},
								"west": {"uv": [143, 66], "uv_size": [1, 2]},
								"up": {"uv": [9, 152], "uv_size": [1, 1]},
								"down": {"uv": [152, 10], "uv_size": [1, -1]}
							}
						},
						{
							"origin": [-0.6, 24.6, -50.75],
							"size": [1.4, 1, 1],
							"inflate": -0.3,
							"pivot": [0.1, 24.4, -87.95],
							"rotation": [0, 0, -20],
							"uv": {
								"north": {"uv": [10, 152], "uv_size": [1, 1]},
								"east": {"uv": [152, 10], "uv_size": [1, 1]},
								"south": {"uv": [11, 152], "uv_size": [1, 1]},
								"west": {"uv": [152, 11], "uv_size": [1, 1]},
								"up": {"uv": [12, 152], "uv_size": [1, 1]},
								"down": {"uv": [152, 13], "uv_size": [1, -1]}
							}
						}
					]
				},
				{
					"name": "_ca_barrel",
					"parent": "main",
					"pivot": [-0.2, 16.85, -31.325],
					"cubes": [
						{"origin": [-0.4, 23.95, -22.425], "size": [1, 1, 1], "uv": [27, 69]}
					]
				},
				{
					"name": "_cb_suppressor",
					"parent": "main",
					"pivot": [0.1, 24.45, -59.825],
					"cubes": [
						{"origin": [-0.4, 23.95, -45.725], "size": [1, 1, 1], "uv": [27, 69]}
					]
				},
				{
					"name": "muzzleflash",
					"parent": "main",
					"pivot": [0, 24.35, -78.75],
					"cubes": [
						{
							"origin": [-0.4, 23.95, -50.95],
							"size": [1, 1, 1],
							"inflate": -0.4,
							"uv": {
								"north": {"uv": [254.22222, 85.33333], "uv_size": [1.77778, 1.77778]},
								"east": {"uv": [88.88889, 254.22222], "uv_size": [1.77778, 1.77778]},
								"south": {"uv": [96, 254.22222], "uv_size": [1.77778, 1.77778]},
								"west": {"uv": [254.22222, 106.66667], "uv_size": [1.77778, 1.77778]},
								"up": {"uv": [110.22222, 254.22222], "uv_size": [1.77778, 1.77778]},
								"down": {"uv": [254.22222, 112], "uv_size": [1.77778, -1.77778]}
							}
						}
					]
				}
			]
		}
	]
}