{
	"format_version": "1.12.0",
	"minecraft:geometry": [
		{
			"description": {
				"identifier": "geometry.unknown",
				"texture_width": 256,
				"texture_height": 256,
				"visible_bounds_width": 8,
				"visible_bounds_height": 4,
				"visible_bounds_offset": [0, 1, 0]
			},
			"bones": [
				{
					"name": "main",
					"pivot": [0, 20, 0]
				},
				{
					"name": "gun",
					"parent": "main",
					"pivot": [1, 11, -1]
				},
				{
					"name": "barrel",
					"parent": "gun",
					"pivot": [0.2, 21.3, -73.65],
					"cubes": [
						{
							"origin": [-1, 21.7, -57.45],
							"size": [2, 2, 42.4],
							"inflate": -0.3,
							"pivot": [0, 22.7, -64.05],
							"rotation": [0, 0, -20],
							"uv": {
								"north": {"uv": [65, 17], "uv_size": [2, 2]},
								"east": {"uv": [63, 19], "uv_size": [27, 2]},
								"south": {"uv": [65, 17], "uv_size": [2, 2]},
								"west": {"uv": [63, 21], "uv_size": [27, 2]},
								"up": {"uv": [30, 60], "uv_size": [2, 27]},
								"down": {"uv": [54, 91], "uv_size": [2, -27]}
							}
						}
					]
				},
				{
					"name": "muzzledef",
					"parent": "barrel",
					"pivot": [0.2, 21.3, -88.65],
					"cubes": [
						{
							"origin": [-1.1, 21.6, -60.15],
							"size": [2.2, 2.2, 3.3],
							"inflate": -0.3,
							"pivot": [0, 22.7, -85.95],
							"rotation": [0, 0, -20],
							"uv": {
								"north": {"uv": [123, 26], "uv_size": [2, 2]},
								"east": {"uv": [120, 17], "uv_size": [3, 2]},
								"south": {"uv": [123, 28], "uv_size": [2, 2]},
								"west": {"uv": [120, 19], "uv_size": [3, 2]},
								"up": {"uv": [76, 119], "uv_size": [2, 3]},
								"down": {"uv": [111, 122], "uv_size": [2, -3]}
							}
						},
						{
							"origin": [0.3, 22.7, -61.65],
							"size": [0.8, 1.1, 2.1],
							"inflate": -0.3,
							"pivot": [0, 22.7, -88.65],
							"rotation": [0, 0, -20],
							"uv": {
								"north": {"uv": [133, 55], "uv_size": [1, 1]},
								"east": {"uv": [129, 24], "uv_size": [2, 1]},
								"south": {"uv": [133, 56], "uv_size": [1, 1]},
								"west": {"uv": [26, 129], "uv_size": [2, 1]},
								"up": {"uv": [12, 129], "uv_size": [1, 2]},
								"down": {"uv": [129, 29], "uv_size": [1, -2]}
							}
						},
						{
							"origin": [0, 23, -61.65],
							"size": [0.9, 0.8, 2.1],
							"inflate": -0.3,
							"pivot": [0, 22.7, -88.65],
							"rotation": [0, 0, -20],
							"uv": {
								"north": {"uv": [133, 57], "uv_size": [1, 1]},
								"east": {"uv": [28, 129], "uv_size": [2, 1]},
								"south": {"uv": [133, 58], "uv_size": [1, 1]},
								"west": {"uv": [129, 29], "uv_size": [2, 1]},
								"up": {"uv": [30, 129], "uv_size": [1, 2]},
								"down": {"uv": [31, 131], "uv_size": [1, -2]}
							}
						},
						{
							"origin": [-0.6, 21.2, -61.65],
							"size": [0.8, 1.1, 2.1],
							"inflate": -0.3,
							"pivot": [-0.9, 21.2, -88.65],
							"rotation": [0, 0, -20],
							"uv": {
								"north": {"uv": [133, 59], "uv_size": [1, 1]},
								"east": {"uv": [129, 31], "uv_size": [2, 1]},
								"south": {"uv": [133, 60], "uv_size": [1, 1]},
								"west": {"uv": [32, 129], "uv_size": [2, 1]},
								"up": {"uv": [37, 129], "uv_size": [1, 2]},
								"down": {"uv": [38, 131], "uv_size": [1, -2]}
							}
						},
						{
							"origin": [-0.4, 21.2, -61.65],
							"size": [0.9, 0.8, 2.1],
							"inflate": -0.3,
							"pivot": [-0.9, 21.2, -88.65],
							"rotation": [0, 0, -20],
							"uv": {
								"north": {"uv": [133, 61], "uv_size": [1, 1]},
								"east": {"uv": [39, 129], "uv_size": [2, 1]},
								"south": {"uv": [133, 62], "uv_size": [1, 1]},
								"west": {"uv": [41, 129], "uv_size": [2, 1]},
								"up": {"uv": [129, 41], "uv_size": [1, 2]},
								"down": {"uv": [43, 131], "uv_size": [1, -2]}
							}
						},
						{
							"origin": [-1, 22.5, -61.65],
							"size": [1.1, 0.8, 2.1],
							"inflate": -0.3,
							"pivot": [-1.3, 22.2, -88.65],
							"rotation": [0, 0, -20],
							"uv": {
								"north": {"uv": [63, 133], "uv_size": [1, 1]},
								"east": {"uv": [44, 129], "uv_size": [2, 1]},
								"south": {"uv": [133, 63], "uv_size": [1, 1]},
								"west": {"uv": [129, 44], "uv_size": [2, 1]},
								"up": {"uv": [129, 45], "uv_size": [1, 2]},
								"down": {"uv": [46, 131], "uv_size": [1, -2]}
							}
						},
						{
							"origin": [-1, 22.2, -61.65],
							"size": [0.8, 0.9, 2.1],
							"inflate": -0.3,
							"pivot": [-1.3, 22.2, -88.65],
							"rotation": [0, 0, -20],
							"uv": {
								"north": {"uv": [64, 133], "uv_size": [1, 1]},
								"east": {"uv": [47, 129], "uv_size": [2, 1]},
								"south": {"uv": [133, 64], "uv_size": [1, 1]},
								"west": {"uv": [49, 129], "uv_size": [2, 1]},
								"up": {"uv": [51, 129], "uv_size": [1, 2]},
								"down": {"uv": [52, 131], "uv_size": [1, -2]}
							}
						},
						{
							"origin": [0.5, 21.6, -61.65],
							"size": [1.1, 0.8, 2.1],
							"inflate": -0.3,
							"pivot": [0.2, 21.3, -88.65],
							"rotation": [0, 0, -20],
							"uv": {
								"north": {"uv": [133, 65], "uv_size": [1, 1]},
								"east": {"uv": [53, 129], "uv_size": [2, 1]},
								"south": {"uv": [133, 66], "uv_size": [1, 1]},
								"west": {"uv": [55, 129], "uv_size": [2, 1]},
								"up": {"uv": [57, 129], "uv_size": [1, 2]},
								"down": {"uv": [58, 131], "uv_size": [1, -2]}
							}
						},
						{
							"origin": [0.8, 21.8, -61.65],
							"size": [0.8, 0.9, 2.1],
							"inflate": -0.3,
							"pivot": [0.2, 21.3, -88.65],
							"rotation": [0, 0, -20],
							"uv": {
								"north": {"uv": [133, 67], "uv_size": [1, 1]},
								"east": {"uv": [59, 129], "uv_size": [2, 1]},
								"south": {"uv": [133, 68], "uv_size": [1, 1]},
								"west": {"uv": [129, 60], "uv_size": [2, 1]},
								"up": {"uv": [61, 129], "uv_size": [1, 2]},
								"down": {"uv": [62, 131], "uv_size": [1, -2]}
							}
						}
					]
				},
				{
					"name": "stockadapter",
					"parent": "gun",
					"pivot": [-4.95, 18.5, 12.2]
				},
				{
					"name": "muzzleflash",
					"parent": "main",
					"pivot": [0, 23.65, -68.45],
					"cubes": [
						{
							"origin": [-0.6, 22.25, -62.05],
							"size": [1, 1, 1],
							"inflate": -0.4,
							"uv": {
								"north": {"uv": [214, 80], "uv_size": [2, 2]},
								"east": {"uv": [82, 214], "uv_size": [2, 2]},
								"south": {"uv": [214, 82], "uv_size": [2, 2]},
								"west": {"uv": [84, 214], "uv_size": [2, 2]},
								"up": {"uv": [214, 84], "uv_size": [2, 2]},
								"down": {"uv": [86, 216], "uv_size": [2, -2]}
							}
						}
					]
				},
				{
					"name": "_cb_suppressor",
					"parent": "main",
					"pivot": [0, 23.45, -67.625],
					"cubes": [
						{"origin": [-0.5, 22.25, -58.225], "size": [1, 1, 1], "uv": [27, 69]}
					]
				},
				{
					"name": "_ca_barrel",
					"parent": "main",
					"pivot": [-0.2, 20.65, -26.725],
					"cubes": [
						{"origin": [-0.4, 22.35, -19.725], "size": [1, 1, 1], "uv": [27, 69]}
					]
				}
			]
		}
	]
}