{
	"format_version": "1.12.0",
	"minecraft:geometry": [
		{
			"description": {
				"identifier": "geometry.unknown",
				"texture_width": 256,
				"texture_height": 256,
				"visible_bounds_width": 9,
				"visible_bounds_height": 4,
				"visible_bounds_offset": [0, 1, 0]
			},
			"bones": [
				{
					"name": "main",
					"pivot": [0, 20, 0]
				},
				{
					"name": "barrel",
					"parent": "main",
					"pivot": [0, 24.3, -117.05],
					"cubes": [
						{
							"origin": [-1, 23.3, -46.95],
							"size": [2, 2, 29.4],
							"inflate": -0.3,
							"pivot": [0, 24.3, -67.05],
							"rotation": [0, 0, -20],
							"uv": {
								"north": {"uv": [139, 8], "uv_size": [2, 2]},
								"east": {"uv": [53, 20], "uv_size": [29, 2]},
								"south": {"uv": [139, 10], "uv_size": [2, 2]},
								"west": {"uv": [53, 22], "uv_size": [29, 2]},
								"up": {"uv": [5, 58], "uv_size": [2, 29]},
								"down": {"uv": [53, 88], "uv_size": [2, -29]}
							}
						},
						{
							"origin": [-0.9, 23.4, -53.35],
							"size": [1.8, 1.8, 3.4],
							"inflate": -0.3,
							"pivot": [0, 24.3, -99.45],
							"rotation": [0, 0, -20],
							"uv": {
								"north": {"uv": [35, 143], "uv_size": [2, 2]},
								"east": {"uv": [133, 95], "uv_size": [3, 2]},
								"south": {"uv": [143, 39], "uv_size": [2, 2]},
								"west": {"uv": [133, 122], "uv_size": [3, 2]},
								"up": {"uv": [134, 23], "uv_size": [2, 3]},
								"down": {"uv": [134, 35], "uv_size": [2, -3]}
							}
						},
						{
							"origin": [-1, 23.3, -50.55],
							"size": [2, 2, 4.2],
							"inflate": -0.3,
							"pivot": [0, 24.3, -95.85],
							"rotation": [0, 0, -20],
							"uv": {
								"north": {"uv": [143, 82], "uv_size": [2, 2]},
								"east": {"uv": [129, 38], "uv_size": [4, 2]},
								"south": {"uv": [143, 84], "uv_size": [2, 2]},
								"west": {"uv": [129, 127], "uv_size": [4, 2]},
								"up": {"uv": [129, 129], "uv_size": [2, 4]},
								"down": {"uv": [3, 134], "uv_size": [2, -4]}
							}
						},
						{
							"origin": [-0.8, 23.5, -56.15],
							"size": [1.6, 1.6, 3.4],
							"inflate": -0.3,
							"pivot": [0, 24.3, -102.25],
							"rotation": [0, 0, -20],
							"uv": {
								"north": {"uv": [40, 143], "uv_size": [2, 2]},
								"east": {"uv": [133, 124], "uv_size": [3, 2]},
								"south": {"uv": [143, 41], "uv_size": [2, 2]},
								"west": {"uv": [133, 127], "uv_size": [3, 2]},
								"up": {"uv": [134, 43], "uv_size": [2, 3]},
								"down": {"uv": [134, 49], "uv_size": [2, -3]}
							}
						},
						{
							"origin": [-1, 23.3, -69.35],
							"size": [2, 2, 13.8],
							"inflate": -0.3,
							"pivot": [0, 24.3, -101.35],
							"rotation": [0, 0, -20],
							"uv": {
								"north": {"uv": [42, 143], "uv_size": [2, 2]},
								"east": {"uv": [82, 69], "uv_size": [8, 2]},
								"south": {"uv": [143, 43], "uv_size": [2, 2]},
								"west": {"uv": [116, 18], "uv_size": [8, 2]},
								"up": {"uv": [90, 117], "uv_size": [2, 8]},
								"down": {"uv": [117, 110], "uv_size": [2, -8]}
							}
						}
					]
				},
				{
					"name": "muzzledef",
					"parent": "barrel",
					"pivot": [0, 24.3, -117.05],
					"cubes": [
						{
							"origin": [-1.2, 23.1, -69.75],
							"size": [2.4, 2.4, 1],
							"inflate": -0.3,
							"pivot": [0, 24.3, -118.25],
							"rotation": [0, 0, -20],
							"uv": {
								"north": {"uv": [143, 45], "uv_size": [2, 2]},
								"east": {"uv": [154, 120], "uv_size": [1, 2]},
								"south": {"uv": [143, 47], "uv_size": [2, 2]},
								"west": {"uv": [121, 154], "uv_size": [1, 2]},
								"up": {"uv": [154, 122], "uv_size": [2, 1]},
								"down": {"uv": [154, 124], "uv_size": [2, -1]}
							}
						},
						{
							"origin": [-1.1, 23.2, -72.05],
							"size": [2.2, 2.2, 2.9],
							"inflate": -0.3,
							"pivot": [0, 24.3, -118.65],
							"rotation": [0, 0, -20],
							"uv": {
								"north": {"uv": [49, 143], "uv_size": [2, 2]},
								"east": {"uv": [134, 49], "uv_size": [3, 2]},
								"south": {"uv": [143, 53], "uv_size": [2, 2]},
								"west": {"uv": [134, 51], "uv_size": [3, 2]},
								"up": {"uv": [53, 134], "uv_size": [2, 3]},
								"down": {"uv": [134, 59], "uv_size": [2, -3]}
							}
						},
						{
							"origin": [-1.2, 23.1, -71.05],
							"size": [2.4, 2.4, 1],
							"inflate": -0.3,
							"pivot": [0, 24.3, -119.55],
							"rotation": [0, 0, -20],
							"uv": {
								"north": {"uv": [143, 55], "uv_size": [2, 2]},
								"east": {"uv": [124, 154], "uv_size": [1, 2]},
								"south": {"uv": [143, 57], "uv_size": [2, 2]},
								"west": {"uv": [154, 124], "uv_size": [1, 2]},
								"up": {"uv": [126, 154], "uv_size": [2, 1]},
								"down": {"uv": [154, 127], "uv_size": [2, -1]}
							}
						},
						{
							"origin": [-1.2, 23.1, -71.75],
							"size": [2.4, 2.4, 1],
							"inflate": -0.3,
							"pivot": [0, 24.3, -120.25],
							"rotation": [0, 0, -20],
							"uv": {
								"north": {"uv": [143, 59], "uv_size": [2, 2]},
								"east": {"uv": [154, 127], "uv_size": [1, 2]},
								"south": {"uv": [143, 61], "uv_size": [2, 2]},
								"west": {"uv": [128, 154], "uv_size": [1, 2]},
								"up": {"uv": [154, 129], "uv_size": [2, 1]},
								"down": {"uv": [130, 155], "uv_size": [2, -1]}
							}
						},
						{
							"origin": [0.2, 23.2, -74.35],
							"size": [0.9, 1.1, 2.9],
							"inflate": -0.3,
							"pivot": [0, 24.3, -120.95],
							"rotation": [0, 0, -20],
							"uv": {
								"north": {"uv": [11, 166], "uv_size": [1, 1]},
								"east": {"uv": [55, 147], "uv_size": [3, 1]},
								"south": {"uv": [166, 11], "uv_size": [1, 1]},
								"west": {"uv": [58, 147], "uv_size": [3, 1]},
								"up": {"uv": [20, 147], "uv_size": [1, 3]},
								"down": {"uv": [21, 150], "uv_size": [1, -3]}
							}
						},
						{
							"origin": [0.2, 24.3, -74.35],
							"size": [0.9, 1.1, 2.9],
							"inflate": -0.3,
							"pivot": [0, 24.3, -120.95],
							"rotation": [0, 0, -20],
							"uv": {
								"north": {"uv": [12, 166], "uv_size": [1, 1]},
								"east": {"uv": [61, 147], "uv_size": [3, 1]},
								"south": {"uv": [166, 12], "uv_size": [1, 1]},
								"west": {"uv": [66, 147], "uv_size": [3, 1]},
								"up": {"uv": [37, 147], "uv_size": [1, 3]},
								"down": {"uv": [47, 150], "uv_size": [1, -3]}
							}
						},
						{
							"origin": [-1.1, 24.3, -74.35],
							"size": [0.9, 1.1, 2.9],
							"inflate": -0.3,
							"pivot": [0, 24.3, -120.95],
							"rotation": [0, 0, -20],
							"uv": {
								"north": {"uv": [13, 166], "uv_size": [1, 1]},
								"east": {"uv": [71, 147], "uv_size": [3, 1]},
								"south": {"uv": [166, 13], "uv_size": [1, 1]},
								"west": {"uv": [147, 73], "uv_size": [3, 1]},
								"up": {"uv": [78, 147], "uv_size": [1, 3]},
								"down": {"uv": [79, 150], "uv_size": [1, -3]}
							}
						},
						{
							"origin": [-1.1, 23.2, -74.35],
							"size": [0.9, 1.1, 2.9],
							"inflate": -0.3,
							"pivot": [0, 24.3, -120.95],
							"rotation": [0, 0, -20],
							"uv": {
								"north": {"uv": [14, 166], "uv_size": [1, 1]},
								"east": {"uv": [83, 147], "uv_size": [3, 1]},
								"south": {"uv": [166, 14], "uv_size": [1, 1]},
								"west": {"uv": [88, 147], "uv_size": [3, 1]},
								"up": {"uv": [80, 147], "uv_size": [1, 3]},
								"down": {"uv": [91, 150], "uv_size": [1, -3]}
							}
						},
						{
							"origin": [0, 24.5, -74.35],
							"size": [0.8, 0.9, 2.9],
							"inflate": -0.3,
							"pivot": [0, 24.3, -120.95],
							"rotation": [0, 0, -20],
							"uv": {
								"north": {"uv": [15, 166], "uv_size": [1, 1]},
								"east": {"uv": [92, 147], "uv_size": [3, 1]},
								"south": {"uv": [166, 15], "uv_size": [1, 1]},
								"west": {"uv": [147, 94], "uv_size": [3, 1]},
								"up": {"uv": [95, 147], "uv_size": [1, 3]},
								"down": {"uv": [96, 150], "uv_size": [1, -3]}
							}
						},
						{
							"origin": [-0.8, 24.5, -74.35],
							"size": [0.8, 0.9, 2.9],
							"inflate": -0.3,
							"pivot": [0, 24.3, -120.95],
							"rotation": [0, 0, -20],
							"uv": {
								"north": {"uv": [16, 166], "uv_size": [1, 1]},
								"east": {"uv": [100, 147], "uv_size": [3, 1]},
								"south": {"uv": [166, 16], "uv_size": [1, 1]},
								"west": {"uv": [147, 113], "uv_size": [3, 1]},
								"up": {"uv": [103, 147], "uv_size": [1, 3]},
								"down": {"uv": [109, 150], "uv_size": [1, -3]}
							}
						},
						{
							"origin": [-0.8, 23.2, -74.35],
							"size": [0.8, 0.9, 2.9],
							"inflate": -0.3,
							"pivot": [0, 24.3, -120.95],
							"rotation": [0, 0, -20],
							"uv": {
								"north": {"uv": [17, 166], "uv_size": [1, 1]},
								"east": {"uv": [114, 147], "uv_size": [3, 1]},
								"south": {"uv": [166, 17], "uv_size": [1, 1]},
								"west": {"uv": [147, 114], "uv_size": [3, 1]},
								"up": {"uv": [147, 117], "uv_size": [1, 3]},
								"down": {"uv": [118, 150], "uv_size": [1, -3]}
							}
						},
						{
							"origin": [0, 23.2, -74.35],
							"size": [0.8, 0.9, 2.9],
							"inflate": -0.3,
							"pivot": [0, 24.3, -120.95],
							"rotation": [0, 0, -20],
							"uv": {
								"north": {"uv": [18, 166], "uv_size": [1, 1]},
								"east": {"uv": [147, 115], "uv_size": [3, 1]},
								"south": {"uv": [166, 18], "uv_size": [1, 1]},
								"west": {"uv": [147, 121], "uv_size": [3, 1]},
								"up": {"uv": [119, 147], "uv_size": [1, 3]},
								"down": {"uv": [120, 150], "uv_size": [1, -3]}
							}
						},
						{
							"origin": [0, 23.1, -74.65],
							"size": [1.2, 2.4, 1],
							"inflate": -0.3,
							"pivot": [0, 24.3, -123.15],
							"rotation": [0, 0, -20],
							"uv": {
								"north": {"uv": [154, 130], "uv_size": [1, 2]},
								"east": {"uv": [132, 154], "uv_size": [1, 2]},
								"south": {"uv": [154, 132], "uv_size": [1, 2]},
								"west": {"uv": [133, 154], "uv_size": [1, 2]},
								"up": {"uv": [19, 166], "uv_size": [1, 1]},
								"down": {"uv": [166, 20], "uv_size": [1, -1]}
							}
						},
						{
							"origin": [-1.2, 23.1, -74.65],
							"size": [1.2, 2.4, 1],
							"inflate": -0.3,
							"pivot": [0, 24.3, -123.15],
							"rotation": [0, 0, -20],
							"uv": {
								"north": {"uv": [134, 154], "uv_size": [1, 2]},
								"east": {"uv": [154, 134], "uv_size": [1, 2]},
								"south": {"uv": [135, 154], "uv_size": [1, 2]},
								"west": {"uv": [136, 154], "uv_size": [1, 2]},
								"up": {"uv": [20, 166], "uv_size": [1, 1]},
								"down": {"uv": [166, 21], "uv_size": [1, -1]}
							}
						},
						{
							"origin": [-0.6, 23.1, -74.65],
							"size": [1.2, 1.2, 1],
							"inflate": -0.3,
							"pivot": [0, 24.3, -123.15],
							"rotation": [0, 0, -20],
							"uv": {
								"north": {"uv": [21, 166], "uv_size": [1, 1]},
								"east": {"uv": [166, 21], "uv_size": [1, 1]},
								"south": {"uv": [22, 166], "uv_size": [1, 1]},
								"west": {"uv": [166, 22], "uv_size": [1, 1]},
								"up": {"uv": [23, 166], "uv_size": [1, 1]},
								"down": {"uv": [166, 24], "uv_size": [1, -1]}
							}
						},
						{
							"origin": [-0.6, 24.3, -74.65],
							"size": [1.2, 1.2, 1],
							"inflate": -0.3,
							"pivot": [0, 24.3, -123.15],
							"rotation": [0, 0, -20],
							"uv": {
								"north": {"uv": [24, 166], "uv_size": [1, 1]},
								"east": {"uv": [166, 24], "uv_size": [1, 1]},
								"south": {"uv": [25, 166], "uv_size": [1, 1]},
								"west": {"uv": [166, 25], "uv_size": [1, 1]},
								"up": {"uv": [26, 166], "uv_size": [1, 1]},
								"down": {"uv": [166, 27], "uv_size": [1, -1]}
							}
						}
					]
				},
				{
					"name": "muzzleflash",
					"parent": "main",
					"pivot": [0, 24.35, -68.25],
					"cubes": [
						{
							"origin": [-0.5, 23.85, -74.95],
							"size": [1, 1, 1],
							"inflate": -0.4,
							"uv": {
								"north": {"uv": [202, 177], "uv_size": [1, 1]},
								"east": {"uv": [202, 177], "uv_size": [1, 1]},
								"south": {"uv": [202, 177], "uv_size": [1, 1]},
								"west": {"uv": [202, 177], "uv_size": [1, 1]},
								"up": {"uv": [203, 178], "uv_size": [-1, -1]},
								"down": {"uv": [203, 178], "uv_size": [-1, -1]}
							}
						}
					]
				},
				{
					"name": "_cb_suppressor",
					"parent": "main",
					"pivot": [0.1, 24.35, -80.725],
					"cubes": [
						{
							"origin": [-0.5, 23.75, -69.325],
							"size": [1, 1, 1],
							"uv": {
								"north": {"uv": [194, 184], "uv_size": [1, 1]},
								"east": {"uv": [194, 184], "uv_size": [1, 1]},
								"south": {"uv": [194, 184], "uv_size": [1, 1]},
								"west": {"uv": [194, 184], "uv_size": [1, 1]},
								"up": {"uv": [195, 185], "uv_size": [-1, -1]},
								"down": {"uv": [195, 185], "uv_size": [-1, -1]}
							}
						}
					]
				},
				{
					"name": "_ca_barrel",
					"parent": "main",
					"pivot": [-0.3, 21.05, -26.025],
					"cubes": [
						{
							"origin": [-0.5, 23.75, -19.025],
							"size": [1, 1, 1],
							"uv": {
								"north": {"uv": [33, 184], "uv_size": [1, 1]},
								"east": {"uv": [33, 184], "uv_size": [1, 1]},
								"south": {"uv": [33, 184], "uv_size": [1, 1]},
								"west": {"uv": [33, 184], "uv_size": [1, 1]},
								"up": {"uv": [34, 185], "uv_size": [-1, -1]},
								"down": {"uv": [34, 185], "uv_size": [-1, -1]}
							}
						}
					]
				}
			]
		}
	]
}