{
	"format_version": "1.12.0",
	"minecraft:geometry": [
		{
			"description": {
				"identifier": "geometry.unknown",
				"texture_width": 256,
				"texture_height": 256,
				"visible_bounds_width": 9,
				"visible_bounds_height": 4,
				"visible_bounds_offset": [0, 1, 0]
			},
			"bones": [
				{
					"name": "main",
					"pivot": [0, 20, 0]
				},
				{
					"name": "barrel",
					"parent": "main",
					"pivot": [0.1, 23.7, -79.55],
					"cubes": [
						{
							"origin": [-0.9, 22.7, -53.45],
							"size": [2, 2, 36.2],
							"inflate": -0.3,
							"pivot": [0.1, 23.7, -66.25],
							"rotation": [0, 0, -20],
							"uv": {
								"north": {"uv": [9, 135], "uv_size": [2, 2]},
								"east": {"uv": [32, 0], "uv_size": [54, 2]},
								"south": {"uv": [135, 10], "uv_size": [2, 2]},
								"west": {"uv": [32, 2], "uv_size": [54, 2]},
								"up": {"uv": [32, 4], "uv_size": [2, 54]},
								"down": {"uv": [34, 58], "uv_size": [2, -54]}
							}
						}
					]
				},
				{
					"name": "muzzledef",
					"parent": "barrel",
					"pivot": [0.1, 23.7, -79.85],
					"cubes": [
						{
							"origin": [-1, 22.6, -55.85],
							"size": [2.2, 2.2, 3],
							"inflate": -0.3,
							"pivot": [0.1, 23.7, -59.65],
							"rotation": [0, 0, -20],
							"uv": {
								"north": {"uv": [12, 135], "uv_size": [2, 2]},
								"east": {"uv": [65, 131], "uv_size": [3, 2]},
								"south": {"uv": [135, 12], "uv_size": [2, 2]},
								"west": {"uv": [131, 65], "uv_size": [3, 2]},
								"up": {"uv": [42, 131], "uv_size": [2, 3]},
								"down": {"uv": [62, 134], "uv_size": [2, -3]}
							}
						},
						{
							"origin": [0.3, 23.7, -58.25],
							"size": [0.9, 1.1, 3],
							"inflate": -0.3,
							"pivot": [0.1, 23.7, -62.05],
							"rotation": [0, 0, -20],
							"uv": {
								"north": {"uv": [27, 149], "uv_size": [1, 1]},
								"east": {"uv": [137, 105], "uv_size": [3, 1]},
								"south": {"uv": [28, 149], "uv_size": [1, 1]},
								"west": {"uv": [137, 106], "uv_size": [3, 1]},
								"up": {"uv": [87, 137], "uv_size": [1, 3]},
								"down": {"uv": [91, 140], "uv_size": [1, -3]}
							}
						},
						{
							"origin": [0.3, 22.6, -58.25],
							"size": [0.9, 1.1, 3],
							"inflate": -0.3,
							"pivot": [0.1, 23.7, -62.05],
							"rotation": [0, 0, -20],
							"uv": {
								"north": {"uv": [29, 149], "uv_size": [1, 1]},
								"east": {"uv": [137, 107], "uv_size": [3, 1]},
								"south": {"uv": [30, 149], "uv_size": [1, 1]},
								"west": {"uv": [137, 112], "uv_size": [3, 1]},
								"up": {"uv": [98, 137], "uv_size": [1, 3]},
								"down": {"uv": [99, 140], "uv_size": [1, -3]}
							}
						},
						{
							"origin": [-1, 23.7, -58.25],
							"size": [0.9, 1.1, 3],
							"inflate": -0.3,
							"pivot": [0.1, 23.7, -62.05],
							"rotation": [0, 0, -20],
							"uv": {
								"north": {"uv": [149, 30], "uv_size": [1, 1]},
								"east": {"uv": [137, 113], "uv_size": [3, 1]},
								"south": {"uv": [31, 149], "uv_size": [1, 1]},
								"west": {"uv": [137, 117], "uv_size": [3, 1]},
								"up": {"uv": [101, 137], "uv_size": [1, 3]},
								"down": {"uv": [119, 140], "uv_size": [1, -3]}
							}
						},
						{
							"origin": [-1, 22.6, -58.25],
							"size": [0.9, 1.1, 3],
							"inflate": -0.3,
							"pivot": [0.1, 23.7, -62.05],
							"rotation": [0, 0, -20],
							"uv": {
								"north": {"uv": [149, 31], "uv_size": [1, 1]},
								"east": {"uv": [137, 118], "uv_size": [3, 1]},
								"south": {"uv": [32, 149], "uv_size": [1, 1]},
								"west": {"uv": [137, 121], "uv_size": [3, 1]},
								"up": {"uv": [120, 137], "uv_size": [1, 3]},
								"down": {"uv": [137, 125], "uv_size": [1, -3]}
							}
						},
						{
							"origin": [0.3, 22.6, -58.55],
							"size": [0.9, 2.2, 1],
							"inflate": -0.3,
							"pivot": [0.1, 23.7, -62.35],
							"rotation": [0, 0, -20],
							"uv": {
								"north": {"uv": [35, 141], "uv_size": [1, 2]},
								"east": {"uv": [36, 141], "uv_size": [1, 2]},
								"south": {"uv": [38, 141], "uv_size": [1, 2]},
								"west": {"uv": [39, 141], "uv_size": [1, 2]},
								"up": {"uv": [149, 32], "uv_size": [1, 1]},
								"down": {"uv": [33, 150], "uv_size": [1, -1]}
							}
						},
						{
							"origin": [-0.7, 22.6, -58.55],
							"size": [1.6, 0.9, 1],
							"inflate": -0.3,
							"pivot": [0.1, 23.7, -62.35],
							"rotation": [0, 0, -20],
							"uv": {
								"north": {"uv": [141, 31], "uv_size": [2, 1]},
								"east": {"uv": [34, 149], "uv_size": [1, 1]},
								"south": {"uv": [141, 39], "uv_size": [2, 1]},
								"west": {"uv": [35, 149], "uv_size": [1, 1]},
								"up": {"uv": [141, 40], "uv_size": [2, 1]},
								"down": {"uv": [141, 42], "uv_size": [2, -1]}
							}
						},
						{
							"origin": [-1, 22.6, -58.55],
							"size": [0.9, 2.2, 1],
							"inflate": -0.3,
							"pivot": [0.1, 23.7, -62.35],
							"rotation": [0, 0, -20],
							"uv": {
								"north": {"uv": [40, 141], "uv_size": [1, 2]},
								"east": {"uv": [141, 42], "uv_size": [1, 2]},
								"south": {"uv": [141, 44], "uv_size": [1, 2]},
								"west": {"uv": [47, 141], "uv_size": [1, 2]},
								"up": {"uv": [149, 35], "uv_size": [1, 1]},
								"down": {"uv": [36, 150], "uv_size": [1, -1]}
							}
						},
						{
							"origin": [-0.7, 23.9, -58.55],
							"size": [1.6, 0.9, 1],
							"inflate": -0.3,
							"pivot": [0.1, 23.7, -62.35],
							"rotation": [0, 0, -20],
							"uv": {
								"north": {"uv": [48, 141], "uv_size": [2, 1]},
								"east": {"uv": [149, 36], "uv_size": [1, 1]},
								"south": {"uv": [141, 49], "uv_size": [2, 1]},
								"west": {"uv": [37, 149], "uv_size": [1, 1]},
								"up": {"uv": [141, 50], "uv_size": [2, 1]},
								"down": {"uv": [141, 53], "uv_size": [2, -1]}
							}
						}
					]
				},
				{
					"name": "muzzleflash",
					"parent": "main",
					"pivot": [0.1, 23.75, -69.15],
					"cubes": [
						{
							"origin": [-0.4, 23.25, -51.95],
							"size": [1, 1, 1],
							"inflate": -0.4,
							"uv": {
								"north": {"uv": [153, 101], "uv_size": [1, 1]},
								"east": {"uv": [102, 153], "uv_size": [1, 1]},
								"south": {"uv": [153, 102], "uv_size": [1, 1]},
								"west": {"uv": [103, 153], "uv_size": [1, 1]},
								"up": {"uv": [153, 103], "uv_size": [1, 1]},
								"down": {"uv": [104, 154], "uv_size": [1, -1]}
							}
						}
					]
				},
				{
					"name": "_cb_suppressor",
					"parent": "main",
					"pivot": [0.1, 23.75, -76.625],
					"cubes": [
						{"origin": [-0.4, 23.25, -54.125], "size": [1, 1, 1], "uv": [27, 69]}
					]
				},
				{
					"name": "_ca_barrel",
					"parent": "main",
					"pivot": [-0.2, 21.55, -26.225],
					"cubes": [
						{"origin": [-0.4, 23.25, -19.225], "size": [1, 1, 1], "uv": [27, 69]}
					]
				}
			]
		}
	]
}