{
	"format_version": "1.12.0",
	"minecraft:geometry": [
		{
			"description": {
				"identifier": "geometry.unknown",
				"texture_width": 256,
				"texture_height": 256,
				"visible_bounds_width": 10,
				"visible_bounds_height": 5,
				"visible_bounds_offset": [0, 0.5, 0]
			},
			"bones": [
				{
					"name": "main",
					"pivot": [0, 20, 0]
				},
				{
					"name": "muzzleflash",
					"parent": "main",
					"pivot": [0, 22.5, -78.85],
					"cubes": [
						{
							"origin": [-0.5, 22.25, -86.55],
							"size": [1, 1, 1],
							"inflate": -0.4,
							"uv": {
								"north": {"uv": [138, 146], "uv_size": [2, 2]},
								"east": {"uv": [160, 156], "uv_size": [2, 2]},
								"south": {"uv": [110, 164], "uv_size": [2, 2]},
								"west": {"uv": [168, 122], "uv_size": [2, 2]},
								"up": {"uv": [180, 54], "uv_size": [2, 2]},
								"down": {"uv": [180, 152], "uv_size": [2, -2]}
							}
						}
					]
				},
				{
					"name": "_cb_suppressor",
					"parent": "main",
					"pivot": [0.2, 22.75, -71.225],
					"cubes": [
						{"origin": [-0.3, 22.125, -80.15], "size": [1, 1, 1], "uv": [8, 121]}
					]
				},
				{
					"name": "_ca_barrelsig",
					"parent": "main",
					"pivot": [-0.2, 21.35, -40.325],
					"cubes": [
						{"origin": [-0.4, 22.25, -34.125], "size": [1, 1, 1], "uv": [30, 121]}
					]
				},
				{
					"name": "barrel",
					"parent": "main",
					"pivot": [0.2, 22.6, -82.85],
					"cubes": [
						{
							"origin": [-0.9, 21.6, -79.45],
							"size": [2.1, 2, 53.2],
							"inflate": -0.3,
							"pivot": [0.2, 22.6, -82.85],
							"rotation": [0, 0, -20],
							"uv": {
								"north": {"uv": [157, 36], "uv_size": [2, 2]},
								"east": {"uv": [32, 24], "uv_size": [44, 2]},
								"south": {"uv": [157, 38], "uv_size": [2, 2]},
								"west": {"uv": [32, 26], "uv_size": [44, 2]},
								"up": {"uv": [32, 28], "uv_size": [2, 44]},
								"down": {"uv": [0, 78], "uv_size": [2, -44]}
							}
						},
						{
							"origin": [-0.55, 19.975, -78.15],
							"size": [1.5, 2.3, 1.75],
							"inflate": -0.2,
							"uv": {
								"north": {"uv": [96, 157], "uv_size": [2, 2]},
								"east": {"uv": [99, 157], "uv_size": [2, 2]},
								"south": {"uv": [101, 157], "uv_size": [2, 2]},
								"west": {"uv": [103, 157], "uv_size": [2, 2]},
								"up": {"uv": [105, 157], "uv_size": [2, 2]},
								"down": {"uv": [157, 115], "uv_size": [2, -2]}
							}
						},
						{
							"origin": [-0.4, 20.1, -76.95],
							"size": [1.3, 1.3, 50.7],
							"inflate": -0.3,
							"pivot": [0.2, 20.7, -80.35],
							"rotation": [0, 0, -20],
							"uv": {
								"north": {"uv": [54, 170], "uv_size": [1, 1]},
								"east": {"uv": [76, 16], "uv_size": [42, 1]},
								"south": {"uv": [170, 54], "uv_size": [1, 1]},
								"west": {"uv": [80, 62], "uv_size": [42, 1]},
								"up": {"uv": [61, 73], "uv_size": [1, 42]},
								"down": {"uv": [54, 123], "uv_size": [1, -42]}
							}
						},
						{
							"origin": [-0.7, 26.975, -79.4],
							"size": [1, 1.7, 2],
							"inflate": -0.301,
							"pivot": [-0.4, 27.475, -79.1],
							"rotation": [0, 0, -28],
							"uv": {
								"north": {"uv": [64, 166], "uv_size": [1, 2]},
								"east": {"uv": [157, 45], "uv_size": [2, 2]},
								"south": {"uv": [96, 166], "uv_size": [1, 2]},
								"west": {"uv": [157, 51], "uv_size": [2, 2]},
								"up": {"uv": [99, 166], "uv_size": [1, 2]},
								"down": {"uv": [100, 168], "uv_size": [1, -2]}
							}
						},
						{
							"origin": [-1.12, 27.965, -79.4],
							"size": [1, 1.5, 2],
							"inflate": -0.302,
							"pivot": [-0.8, 28.275, -79.1],
							"rotation": [0, 0, 15],
							"uv": {
								"north": {"uv": [101, 166], "uv_size": [1, 2]},
								"east": {"uv": [55, 157], "uv_size": [2, 2]},
								"south": {"uv": [102, 166], "uv_size": [1, 2]},
								"west": {"uv": [157, 59], "uv_size": [2, 2]},
								"up": {"uv": [103, 166], "uv_size": [1, 2]},
								"down": {"uv": [104, 168], "uv_size": [1, -2]}
							}
						},
						{
							"origin": [0.1, 26.975, -79.4],
							"size": [1, 1.7, 2],
							"inflate": -0.301,
							"pivot": [0.8, 27.475, -79.1],
							"rotation": [0, 0, 28],
							"uv": {
								"north": {"uv": [107, 166], "uv_size": [1, 2]},
								"east": {"uv": [157, 61], "uv_size": [2, 2]},
								"south": {"uv": [166, 107], "uv_size": [1, 2]},
								"west": {"uv": [63, 157], "uv_size": [2, 2]},
								"up": {"uv": [108, 166], "uv_size": [1, 2]},
								"down": {"uv": [109, 168], "uv_size": [1, -2]}
							}
						},
						{
							"origin": [0.52, 27.965, -79.4],
							"size": [1, 1.5, 2],
							"inflate": -0.302,
							"pivot": [1.2, 28.275, -79.1],
							"rotation": [0, 0, -15],
							"uv": {
								"north": {"uv": [166, 109], "uv_size": [1, 2]},
								"east": {"uv": [157, 63], "uv_size": [2, 2]},
								"south": {"uv": [110, 166], "uv_size": [1, 2]},
								"west": {"uv": [157, 71], "uv_size": [2, 2]},
								"up": {"uv": [111, 166], "uv_size": [1, 2]},
								"down": {"uv": [112, 168], "uv_size": [1, -2]}
							}
						},
						{
							"origin": [-0.3, 27.075, -79.15],
							"size": [1, 2, 1.25],
							"inflate": -0.35,
							"uv": {
								"north": {"uv": [166, 113], "uv_size": [1, 2]},
								"east": {"uv": [117, 166], "uv_size": [1, 2]},
								"south": {"uv": [166, 117], "uv_size": [1, 2]},
								"west": {"uv": [118, 166], "uv_size": [1, 2]},
								"up": {"uv": [53, 170], "uv_size": [1, 1]},
								"down": {"uv": [170, 54], "uv_size": [1, -1]}
							}
						},
						{
							"origin": [-0.55, 24.05, -78.525],
							"size": [1.5, 3.675, 1.75],
							"inflate": -0.201,
							"pivot": [0.45, 25.8, -78.525],
							"rotation": [22.25, 0, 0],
							"uv": {
								"north": {"uv": [73, 157], "uv_size": [2, 2]},
								"east": {"uv": [77, 157], "uv_size": [2, 2]},
								"south": {"uv": [77, 157], "uv_size": [2, 2]},
								"west": {"uv": [80, 157], "uv_size": [1, 2]},
								"up": {"uv": [81, 157], "uv_size": [2, 2]},
								"down": {"uv": [83, 159], "uv_size": [2, -2]}
							}
						},
						{
							"origin": [-0.55, 22.875, -79.3],
							"size": [1.5, 5.3, 1.75],
							"inflate": -0.2,
							"uv": {
								"north": {"uv": [52, 150], "uv_size": [2, 3]},
								"east": {"uv": [64, 150], "uv_size": [2, 3]},
								"south": {"uv": [150, 65], "uv_size": [2, 3]},
								"west": {"uv": [66, 150], "uv_size": [2, 3]},
								"up": {"uv": [157, 87], "uv_size": [2, 2]},
								"down": {"uv": [90, 159], "uv_size": [2, -2]}
							}
						},
						{
							"origin": [-0.55, 22.875, -77.95],
							"size": [1.5, 2.275, 1.65],
							"inflate": -0.2,
							"uv": {
								"north": {"uv": [52, 150], "uv_size": [2, 3]},
								"east": {"uv": [64, 150], "uv_size": [2, 3]},
								"south": {"uv": [150, 65], "uv_size": [2, 3]},
								"west": {"uv": [66, 150], "uv_size": [2, 3]},
								"up": {"uv": [157, 87], "uv_size": [2, 2]},
								"down": {"uv": [90, 159], "uv_size": [2, -2]}
							}
						}
					]
				},
				{
					"name": "muzbrake",
					"parent": "barrel",
					"pivot": [0.2, 22.525, -78.15],
					"cubes": [
						{
							"origin": [-0.8, 21.525, -87.15],
							"size": [2, 2, 8],
							"pivot": [0.2, 22.525, -87.15],
							"rotation": [0, 0, -20],
							"uv": {
								"north": {"uv": [157, 40], "uv_size": [2, 2]},
								"east": {"uv": [120, 79], "uv_size": [8, 2]},
								"south": {"uv": [157, 42], "uv_size": [2, 2]},
								"west": {"uv": [120, 96], "uv_size": [8, 2]},
								"up": {"uv": [122, 59], "uv_size": [2, 8]},
								"down": {"uv": [122, 75], "uv_size": [2, -8]}
							}
						}
					]
				}
			]
		}
	]
}