{
	"format_version": "1.12.0",
	"minecraft:geometry": [
		{
			"description": {
				"identifier": "geometry.unknown",
				"texture_width": 256,
				"texture_height": 256,
				"visible_bounds_width": 8,
				"visible_bounds_height": 4,
				"visible_bounds_offset": [0, 1, 0]
			},
			"bones": [
				{
					"name": "main",
					"pivot": [0, 20, 0]
				},
				{
					"name": "gun",
					"parent": "main",
					"pivot": [1, 11, -1]
				},
				{
					"name": "barrel",
					"parent": "gun",
					"pivot": [0, 24.3, -67.05],
					"cubes": [
						{
							"origin": [-1, 23.3, -45.65],
							"size": [2, 2, 27.6],
							"inflate": -0.3,
							"pivot": [0, 24.3, -67.05],
							"rotation": [0, 0, -20],
							"uv": {
								"north": {"uv": [78, 138], "uv_size": [2, 2]},
								"east": {"uv": [36, 0], "uv_size": [36, 2]},
								"south": {"uv": [81, 138], "uv_size": [2, 2]},
								"west": {"uv": [36, 2], "uv_size": [36, 2]},
								"up": {"uv": [36, 4], "uv_size": [2, 36]},
								"down": {"uv": [38, 40], "uv_size": [2, -36]}
							}
						}
					]
				},
				{
					"name": "muzzledef",
					"parent": "barrel",
					"pivot": [0, 24.3, -62.65],
					"cubes": [
						{
							"origin": [-1.2, 23.1, -46.05],
							"size": [2.4, 2.4, 1],
							"inflate": -0.3,
							"pivot": [0, 24.3, -62.25],
							"rotation": [0, 0, -20],
							"uv": {
								"north": {"uv": [138, 93], "uv_size": [2, 2]},
								"east": {"uv": [44, 149], "uv_size": [1, 2]},
								"south": {"uv": [94, 138], "uv_size": [2, 2]},
								"west": {"uv": [149, 44], "uv_size": [1, 2]},
								"up": {"uv": [148, 112], "uv_size": [2, 1]},
								"down": {"uv": [148, 123], "uv_size": [2, -1]}
							}
						},
						{
							"origin": [0.3, 24.2, -49.85],
							"size": [0.8, 1.2, 4.4],
							"inflate": -0.3,
							"pivot": [0, 24.3, -62.65],
							"rotation": [0, 0, -20],
							"uv": {
								"north": {"uv": [157, 73], "uv_size": [1, 1]},
								"east": {"uv": [115, 138], "uv_size": [4, 1]},
								"south": {"uv": [74, 157], "uv_size": [1, 1]},
								"west": {"uv": [138, 115], "uv_size": [4, 1]},
								"up": {"uv": [107, 138], "uv_size": [1, 4]},
								"down": {"uv": [108, 142], "uv_size": [1, -4]}
							}
						},
						{
							"origin": [0.3, 23.9, -47.35],
							"size": [0.8, 0.9, 1.9],
							"inflate": -0.3,
							"pivot": [0, 24.3, -60.15],
							"rotation": [0, 0, -20],
							"uv": {
								"north": {"uv": [157, 68], "uv_size": [1, 1]},
								"east": {"uv": [149, 38], "uv_size": [2, 1]},
								"south": {"uv": [69, 157], "uv_size": [1, 1]},
								"west": {"uv": [149, 46], "uv_size": [2, 1]},
								"up": {"uv": [149, 47], "uv_size": [1, 2]},
								"down": {"uv": [149, 53], "uv_size": [1, -2]}
							}
						},
						{
							"origin": [0.3, 23.4, -49.85],
							"size": [0.8, 1.1, 4.4],
							"inflate": -0.3,
							"pivot": [0, 24.3, -62.65],
							"rotation": [0, 0, -20],
							"uv": {
								"north": {"uv": [157, 71], "uv_size": [1, 1]},
								"east": {"uv": [138, 98], "uv_size": [4, 1]},
								"south": {"uv": [72, 157], "uv_size": [1, 1]},
								"west": {"uv": [138, 99], "uv_size": [4, 1]},
								"up": {"uv": [121, 137], "uv_size": [1, 4]},
								"down": {"uv": [128, 141], "uv_size": [1, -4]}
							}
						},
						{
							"origin": [-1.1, 23.2, -49.85],
							"size": [2.2, 0.8, 4.4],
							"inflate": -0.3,
							"pivot": [0, 24.3, -62.65],
							"rotation": [0, 0, -20],
							"uv": {
								"north": {"uv": [148, 124], "uv_size": [2, 1]},
								"east": {"uv": [96, 138], "uv_size": [4, 1]},
								"south": {"uv": [148, 133], "uv_size": [2, 1]},
								"west": {"uv": [138, 97], "uv_size": [4, 1]},
								"up": {"uv": [125, 62], "uv_size": [2, 4]},
								"down": {"uv": [125, 70], "uv_size": [2, -4]}
							}
						},
						{
							"origin": [0.3, 23.9, -49.85],
							"size": [0.8, 0.9, 1.9],
							"inflate": -0.3,
							"pivot": [0, 24.3, -62.65],
							"rotation": [0, 0, -20],
							"uv": {
								"north": {"uv": [157, 67], "uv_size": [1, 1]},
								"east": {"uv": [149, 8], "uv_size": [2, 1]},
								"south": {"uv": [68, 157], "uv_size": [1, 1]},
								"west": {"uv": [149, 34], "uv_size": [2, 1]},
								"up": {"uv": [45, 149], "uv_size": [1, 2]},
								"down": {"uv": [46, 151], "uv_size": [1, -2]}
							}
						},
						{
							"origin": [-1.1, 23.4, -49.85],
							"size": [0.8, 1.1, 4.4],
							"inflate": -0.3,
							"pivot": [0, 24.3, -62.65],
							"rotation": [0, 0, -20],
							"uv": {
								"north": {"uv": [157, 72], "uv_size": [1, 1]},
								"east": {"uv": [102, 138], "uv_size": [4, 1]},
								"south": {"uv": [73, 157], "uv_size": [1, 1]},
								"west": {"uv": [111, 138], "uv_size": [4, 1]},
								"up": {"uv": [130, 137], "uv_size": [1, 4]},
								"down": {"uv": [106, 142], "uv_size": [1, -4]}
							}
						},
						{
							"origin": [-1.1, 23.9, -49.85],
							"size": [0.8, 0.9, 1.9],
							"inflate": -0.3,
							"pivot": [0, 24.3, -62.65],
							"rotation": [0, 0, -20],
							"uv": {
								"north": {"uv": [157, 69], "uv_size": [1, 1]},
								"east": {"uv": [149, 49], "uv_size": [2, 1]},
								"south": {"uv": [70, 157], "uv_size": [1, 1]},
								"west": {"uv": [149, 53], "uv_size": [2, 1]},
								"up": {"uv": [149, 54], "uv_size": [1, 2]},
								"down": {"uv": [149, 58], "uv_size": [1, -2]}
							}
						},
						{
							"origin": [-1.1, 24.2, -49.85],
							"size": [0.8, 1.2, 4.4],
							"inflate": -0.3,
							"pivot": [0, 24.3, -62.65],
							"rotation": [0, 0, -20],
							"uv": {
								"north": {"uv": [157, 66], "uv_size": [1, 1]},
								"east": {"uv": [138, 74], "uv_size": [4, 1]},
								"south": {"uv": [67, 157], "uv_size": [1, 1]},
								"west": {"uv": [138, 85], "uv_size": [4, 1]},
								"up": {"uv": [39, 136], "uv_size": [1, 4]},
								"down": {"uv": [23, 141], "uv_size": [1, -4]}
							}
						},
						{
							"origin": [-1.1, 23.9, -47.35],
							"size": [0.8, 0.9, 1.9],
							"inflate": -0.3,
							"pivot": [0, 24.3, -60.15],
							"rotation": [0, 0, -20],
							"uv": {
								"north": {"uv": [157, 70], "uv_size": [1, 1]},
								"east": {"uv": [149, 58], "uv_size": [2, 1]},
								"south": {"uv": [71, 157], "uv_size": [1, 1]},
								"west": {"uv": [149, 59], "uv_size": [2, 1]},
								"up": {"uv": [149, 60], "uv_size": [1, 2]},
								"down": {"uv": [149, 64], "uv_size": [1, -2]}
							}
						},
						{
							"origin": [-0.9, 24.6, -49.85],
							"size": [1.8, 0.8, 4.4],
							"inflate": -0.3,
							"pivot": [0, 24.3, -62.65],
							"rotation": [0, 0, -20],
							"uv": {
								"north": {"uv": [149, 64], "uv_size": [2, 1]},
								"east": {"uv": [122, 138], "uv_size": [4, 1]},
								"south": {"uv": [149, 65], "uv_size": [2, 1]},
								"west": {"uv": [138, 126], "uv_size": [4, 1]},
								"up": {"uv": [125, 88], "uv_size": [2, 4]},
								"down": {"uv": [125, 96], "uv_size": [2, -4]}
							}
						}
					]
				},
				{
					"name": "muzzleflash",
					"parent": "main",
					"pivot": [0, 24.35, -68.25],
					"cubes": [
						{
							"origin": [-0.5, 23.85, -50.25],
							"size": [1, 1, 1],
							"inflate": -0.4,
							"uv": {
								"north": {"uv": [93, 200], "uv_size": [1, 1]},
								"east": {"uv": [93, 200], "uv_size": [1, 1]},
								"south": {"uv": [93, 200], "uv_size": [1, 1]},
								"west": {"uv": [93, 200], "uv_size": [1, 1]},
								"up": {"uv": [94, 201], "uv_size": [-1, -1]},
								"down": {"uv": [94, 201], "uv_size": [-1, -1]}
							}
						}
					]
				},
				{
					"name": "_cb_suppressor",
					"parent": "main",
					"pivot": [-0.2, 24.35, -59.925],
					"cubes": [
						{"origin": [-0.5, 23.85, -46.425], "size": [1, 1, 1], "uv": [100, 209]}
					]
				},
				{
					"name": "_ca_barrel",
					"parent": "main",
					"pivot": [-0.3, 22.25, -25.425],
					"cubes": [
						{"origin": [-0.5, 23.95, -18.425], "size": [1, 1, 1], "uv": [51, 203]}
					]
				}
			]
		}
	]
}