{
	"format_version": "1.12.0",
	"minecraft:geometry": [
		{
			"description": {
				"identifier": "geometry.unknown",
				"texture_width": 256,
				"texture_height": 256,
				"visible_bounds_width": 8,
				"visible_bounds_height": 4,
				"visible_bounds_offset": [0, 1, 0]
			},
			"bones": [
				{
					"name": "main",
					"pivot": [0, 20, 0]
				},
				{
					"name": "gun",
					"parent": "main",
					"pivot": [1, 11, -1]
				},
				{
					"name": "barrel",
					"parent": "gun",
					"pivot": [0, 23.7, -67.05],
					"cubes": [
						{
							"origin": [-1, 22.7, -42.55],
							"size": [2, 2, 24.8],
							"inflate": -0.3,
							"pivot": [0, 23.7, -73.95],
							"rotation": [0, 0, -20],
							"uv": {
								"north": {"uv": [15, 112], "uv_size": [2, 2]},
								"east": {"uv": [59, 27], "uv_size": [19, 2]},
								"south": {"uv": [21, 112], "uv_size": [2, 2]},
								"west": {"uv": [59, 29], "uv_size": [19, 2]},
								"up": {"uv": [38, 62], "uv_size": [2, 19]},
								"down": {"uv": [7, 83], "uv_size": [2, -19]}
							}
						}
					]
				},
				{
					"name": "muzzledef",
					"parent": "barrel",
					"pivot": [0, 23.7, -92.55],
					"cubes": [
						{
							"origin": [-1, 22.7, -46.45],
							"size": [2, 2, 4.5],
							"inflate": -0.3,
							"pivot": [0, 23.7, -92.55],
							"rotation": [0, 0, -20],
							"uv": {
								"north": {"uv": [33, 112], "uv_size": [2, 2]},
								"east": {"uv": [97, 72], "uv_size": [5, 2]},
								"south": {"uv": [76, 112], "uv_size": [2, 2]},
								"west": {"uv": [97, 74], "uv_size": [5, 2]},
								"up": {"uv": [58, 97], "uv_size": [2, 5]},
								"down": {"uv": [97, 83], "uv_size": [2, -5]}
							}
						},
						{
							"origin": [-1.1, 22.6, -43.75],
							"size": [2.2, 2.2, 1.6],
							"inflate": -0.3,
							"pivot": [0, 23.7, -89.55],
							"rotation": [0, 0, -20],
							"uv": {
								"north": {"uv": [83, 112], "uv_size": [2, 2]},
								"east": {"uv": [86, 112], "uv_size": [2, 2]},
								"south": {"uv": [97, 112], "uv_size": [2, 2]},
								"west": {"uv": [37, 113], "uv_size": [2, 2]},
								"up": {"uv": [47, 113], "uv_size": [2, 2]},
								"down": {"uv": [49, 115], "uv_size": [2, -2]}
							}
						}
					]
				},
				{
					"name": "_cb_suppressor",
					"parent": "main",
					"pivot": [0.2, 22.75, -71.225],
					"cubes": [
						{"origin": [-0.5, 23.225, -43.05], "size": [1, 1, 1], "uv": [8, 121]}
					]
				},
				{
					"name": "_ca_barrelsig",
					"parent": "main",
					"pivot": [-0.3, 22.25, -21.625],
					"cubes": [
						{"origin": [-0.5, 23.15, -15.425], "size": [1, 1, 1], "uv": [30, 121]}
					]
				},
				{
					"name": "muzzleflash",
					"parent": "main",
					"pivot": [0, 24.35, -75.35],
					"cubes": [
						{
							"origin": [-0.5, 23.15, -47.45],
							"size": [1, 1, 1],
							"inflate": -0.4,
							"uv": {
								"north": {"uv": [154, 248], "uv_size": [2, 2]},
								"east": {"uv": [248, 154], "uv_size": [2, 2]},
								"south": {"uv": [156, 248], "uv_size": [2, 2]},
								"west": {"uv": [248, 156], "uv_size": [2, 2]},
								"up": {"uv": [158, 248], "uv_size": [2, 2]},
								"down": {"uv": [248, 160], "uv_size": [2, -2]}
							}
						}
					]
				}
			]
		}
	]
}