{
	"format_version": "1.12.0",
	"minecraft:geometry": [
		{
			"description": {
				"identifier": "geometry.unknown",
				"texture_width": 64,
				"texture_height": 64,
				"visible_bounds_width": 8,
				"visible_bounds_height": 4,
				"visible_bounds_offset": [0, 1, 0]
			},
			"bones": [
				{
					"name": "main",
					"pivot": [0, 20, 62.9]
				},
				{
					"name": "gun",
					"parent": "main",
					"pivot": [2, 11.6, 61.9],
					"rotation": [0, 0, -20],
					"cubes": [
						{
							"origin": [3.4725, 22.9975, 2.38],
							"size": [2.79, 2.79, 3.71],
							"inflate": -0.15,
							"uv": {
								"north": {"uv": [28, 26], "uv_size": [3, 3]},
								"east": {"uv": [14, 26], "uv_size": [4, 3]},
								"south": {"uv": [29, 6], "uv_size": [3, 3]},
								"west": {"uv": [18, 26], "uv_size": [4, 3]},
								"up": {"uv": [22, 26], "uv_size": [3, 4]},
								"down": {"uv": [25, 30], "uv_size": [3, -4]}
							}
						},
						{
							"origin": [5.3425, 22.7775, 2.38],
							"size": [1.14, 3.23, 1.07],
							"inflate": -0.15,
							"uv": {
								"north": {"uv": [27, 30], "uv_size": [1, 3]},
								"east": {"uv": [28, 30], "uv_size": [1, 3]},
								"south": {"uv": [29, 30], "uv_size": [1, 3]},
								"west": {"uv": [30, 30], "uv_size": [1, 3]},
								"up": {"uv": [16, 32], "uv_size": [1, 1]},
								"down": {"uv": [32, 17], "uv_size": [1, -1]}
							}
						},
						{
							"origin": [3.4725, 24.8675, 2.38],
							"size": [2.79, 1.14, 1.07],
							"inflate": -0.15,
							"uv": {
								"north": {"uv": [28, 29], "uv_size": [3, 1]},
								"east": {"uv": [15, 32], "uv_size": [1, 1]},
								"south": {"uv": [14, 30], "uv_size": [3, 1]},
								"west": {"uv": [32, 15], "uv_size": [1, 1]},
								"up": {"uv": [21, 30], "uv_size": [3, 1]},
								"down": {"uv": [24, 31], "uv_size": [3, -1]}
							}
						},
						{
							"origin": [3.2525, 22.7775, 2.38],
							"size": [1.14, 3.23, 1.07],
							"inflate": -0.15,
							"uv": {
								"north": {"uv": [17, 29], "uv_size": [1, 3]},
								"east": {"uv": [18, 29], "uv_size": [1, 3]},
								"south": {"uv": [19, 29], "uv_size": [1, 3]},
								"west": {"uv": [20, 29], "uv_size": [1, 3]},
								"up": {"uv": [14, 32], "uv_size": [1, 1]},
								"down": {"uv": [32, 15], "uv_size": [1, -1]}
							}
						},
						{
							"origin": [3.4725, 22.7775, 2.38],
							"size": [2.79, 1.14, 1.07],
							"inflate": -0.15,
							"uv": {
								"north": {"uv": [29, 9], "uv_size": [3, 1]},
								"east": {"uv": [32, 12], "uv_size": [1, 1]},
								"south": {"uv": [29, 10], "uv_size": [3, 1]},
								"west": {"uv": [32, 13], "uv_size": [1, 1]},
								"up": {"uv": [29, 11], "uv_size": [3, 1]},
								"down": {"uv": [14, 30], "uv_size": [3, -1]}
							}
						},
						{
							"origin": [5.4525, 22.8875, -12.03],
							"size": [0.92, 3.01, 17.02],
							"inflate": -0.15,
							"uv": {
								"north": {"uv": [4, 32], "uv_size": [1, 3]},
								"east": {"uv": [12, 6], "uv_size": [17, 3]},
								"south": {"uv": [5, 32], "uv_size": [1, 3]},
								"west": {"uv": [12, 9], "uv_size": [17, 3]},
								"up": {"uv": [8, 23], "uv_size": [1, 17]},
								"down": {"uv": [9, 40], "uv_size": [1, -17]}
							}
						},
						{
							"origin": [3.5825, 24.9775, -12.03],
							"size": [2.57, 0.92, 17.02],
							"inflate": -0.15,
							"uv": {
								"north": {"uv": [1, 32], "uv_size": [3, 1]},
								"east": {"uv": [23, 2], "uv_size": [17, 1]},
								"south": {"uv": [32, 6], "uv_size": [3, 1]},
								"west": {"uv": [23, 3], "uv_size": [17, 1]},
								"up": {"uv": [6, 6], "uv_size": [3, 17]},
								"down": {"uv": [9, 23], "uv_size": [3, -17]}
							}
						},
						{
							"origin": [3.3625, 22.8875, -12.03],
							"size": [0.92, 3.01, 17.02],
							"inflate": -0.15,
							"uv": {
								"north": {"uv": [31, 31], "uv_size": [1, 3]},
								"east": {"uv": [6, 0], "uv_size": [17, 3]},
								"south": {"uv": [0, 32], "uv_size": [1, 3]},
								"west": {"uv": [6, 3], "uv_size": [17, 3]},
								"up": {"uv": [6, 23], "uv_size": [1, 17]},
								"down": {"uv": [7, 40], "uv_size": [1, -17]}
							}
						},
						{
							"origin": [3.5825, 22.8875, -12.03],
							"size": [2.57, 0.92, 17.02],
							"inflate": -0.15,
							"uv": {
								"north": {"uv": [31, 29], "uv_size": [3, 1]},
								"east": {"uv": [23, 0], "uv_size": [17, 1]},
								"south": {"uv": [31, 30], "uv_size": [3, 1]},
								"west": {"uv": [23, 1], "uv_size": [17, 1]},
								"up": {"uv": [0, 0], "uv_size": [3, 17]},
								"down": {"uv": [3, 17], "uv_size": [3, -17]}
							}
						},
						{
							"origin": [5.3425, 22.7775, -11.7],
							"size": [1.14, 3.23, 14.38],
							"inflate": -0.15,
							"uv": {
								"north": {"uv": [26, 31], "uv_size": [1, 3]},
								"east": {"uv": [18, 18], "uv_size": [14, 3]},
								"south": {"uv": [31, 26], "uv_size": [1, 3]},
								"west": {"uv": [18, 21], "uv_size": [14, 3]},
								"up": {"uv": [12, 26], "uv_size": [1, 14]},
								"down": {"uv": [13, 40], "uv_size": [1, -14]}
							}
						},
						{
							"origin": [3.2525, 22.7775, -11.7],
							"size": [1.14, 3.23, 14.38],
							"inflate": -0.15,
							"uv": {
								"north": {"uv": [24, 31], "uv_size": [1, 3]},
								"east": {"uv": [18, 12], "uv_size": [14, 3]},
								"south": {"uv": [25, 31], "uv_size": [1, 3]},
								"west": {"uv": [18, 15], "uv_size": [14, 3]},
								"up": {"uv": [10, 23], "uv_size": [1, 14]},
								"down": {"uv": [11, 37], "uv_size": [1, -14]}
							}
						},
						{
							"origin": [3.4725, 24.8675, -11.7],
							"size": [2.79, 1.14, 14.38],
							"inflate": -0.15,
							"uv": {
								"north": {"uv": [14, 31], "uv_size": [3, 1]},
								"east": {"uv": [18, 24], "uv_size": [14, 1]},
								"south": {"uv": [21, 31], "uv_size": [3, 1]},
								"west": {"uv": [18, 25], "uv_size": [14, 1]},
								"up": {"uv": [0, 17], "uv_size": [3, 14]},
								"down": {"uv": [3, 31], "uv_size": [3, -14]}
							}
						},
						{
							"origin": [3.4725, 22.7775, -11.7],
							"size": [2.79, 1.14, 14.38],
							"inflate": -0.15,
							"uv": {
								"north": {"uv": [0, 31], "uv_size": [3, 1]},
								"east": {"uv": [23, 4], "uv_size": [14, 1]},
								"south": {"uv": [3, 31], "uv_size": [3, 1]},
								"west": {"uv": [23, 5], "uv_size": [14, 1]},
								"up": {"uv": [12, 12], "uv_size": [3, 14]},
								"down": {"uv": [15, 26], "uv_size": [3, -14]}
							}
						}
					]
				},
				{
					"name": "_ca_suppressor",
					"parent": "main",
					"pivot": [0.3, 24.675, 5.425],
					"cubes": [
						{
							"origin": [-0.2, 24.175, 4.925],
							"size": [1, 1, 1],
							"uv": {
								"north": {"uv": [21, 29], "uv_size": [1, 1]},
								"east": {"uv": [32, 7], "uv_size": [1, 1]},
								"south": {"uv": [32, 8], "uv_size": [1, 1]},
								"west": {"uv": [32, 9], "uv_size": [1, 1]},
								"up": {"uv": [32, 10], "uv_size": [1, 1]},
								"down": {"uv": [32, 12], "uv_size": [1, -1]}
							}
						}
					]
				},
				{
					"name": "muzzleflash",
					"parent": "main",
					"pivot": [-0.05, 24.3, -5.15],
					"cubes": [
						{
							"origin": [-0.25, 24, -12.65],
							"size": [1, 1, 1],
							"inflate": -0.4,
							"uv": {
								"north": {"uv": [17, 32], "uv_size": [1, 1]},
								"east": {"uv": [32, 17], "uv_size": [1, 1]},
								"south": {"uv": [18, 32], "uv_size": [1, 1]},
								"west": {"uv": [32, 18], "uv_size": [1, 1]},
								"up": {"uv": [19, 32], "uv_size": [1, 1]},
								"down": {"uv": [32, 20], "uv_size": [1, -1]}
							}
						}
					]
				}
			]
		}
	]
}