{
	"format_version": "1.12.0",
	"minecraft:geometry": [
		{
			"description": {
				"identifier": "geometry.unknown",
				"texture_width": 64,
				"texture_height": 64,
				"visible_bounds_width": 8,
				"visible_bounds_height": 4,
				"visible_bounds_offset": [0, 1, 0]
			},
			"bones": [
				{
					"name": "main",
					"pivot": [0, 20, 0]
				},
				{
					"name": "muzzleflash",
					"parent": "main",
					"pivot": [0, 24.35, -44.05],
					"cubes": [
						{
							"origin": [-0.5, 23.25, -44.65],
							"size": [1, 1, 1],
							"inflate": -0.4,
							"uv": {
								"north": {"uv": [0, 46], "uv_size": [1, 1]},
								"east": {"uv": [46, 0], "uv_size": [1, 1]},
								"south": {"uv": [1, 46], "uv_size": [1, 1]},
								"west": {"uv": [46, 1], "uv_size": [1, 1]},
								"up": {"uv": [2, 46], "uv_size": [1, 1]},
								"down": {"uv": [46, 3], "uv_size": [1, -1]}
							}
						}
					]
				},
				{
					"name": "_cb_grip",
					"parent": "main",
					"pivot": [0, 9.425, -11.45],
					"cubes": [
						{"origin": [-0.5, 13.55, -16.625], "size": [1, 1, 1], "uv": [0, 0]}
					]
				},
				{
					"name": "_ca_suppressor",
					"parent": "main",
					"pivot": [0, 23.65, -28.325],
					"cubes": [
						{"origin": [-0.5, 23.15, -22.225], "size": [1, 1, 1], "uv": [0, 0]}
					]
				},
				{
					"name": "bone12",
					"parent": "main",
					"pivot": [0.5, 12.425, -10.1],
					"cubes": [
						{
							"origin": [-1.55, 19.725, -42.95],
							"size": [3.1, 5.375, 21.15],
							"uv": {
								"north": {"uv": [27, 15], "uv_size": [3, 5]},
								"east": {"uv": [0, 16], "uv_size": [21, 5]},
								"south": {"uv": [30, 9], "uv_size": [3, 5]},
								"west": {"uv": [19, 0], "uv_size": [21, 5]},
								"up": {"uv": [0, 21], "uv_size": [3, 21]},
								"down": {"uv": [3, 42], "uv_size": [3, -21]}
							}
						},
						{
							"origin": [3.14319, 25.10228, -42.95],
							"size": [0.4, 0.5, 21.15],
							"pivot": [2.54319, 22.10228, -8.6],
							"rotation": [0, 0, -37],
							"uv": {
								"north": {"uv": [39, 16], "uv_size": [1, 1]},
								"east": {"uv": [24, 20], "uv_size": [21, 1]},
								"south": {"uv": [39, 27], "uv_size": [1, 1]},
								"west": {"uv": [24, 21], "uv_size": [21, 1]},
								"up": {"uv": [22, 24], "uv_size": [1, 21]},
								"down": {"uv": [24, 43], "uv_size": [1, -21]}
							}
						},
						{
							"origin": [-1.25681, 23.20228, -42.95],
							"size": [2.5, 2.3, 21.15],
							"uv": {
								"north": {"uv": [19, 21], "uv_size": [2, 2]},
								"east": {"uv": [24, 5], "uv_size": [21, 2]},
								"south": {"uv": [37, 24], "uv_size": [2, 2]},
								"west": {"uv": [24, 7], "uv_size": [21, 2]},
								"up": {"uv": [9, 21], "uv_size": [2, 21]},
								"down": {"uv": [11, 42], "uv_size": [2, -21]}
							}
						},
						{
							"origin": [-3.55681, 25.10228, -42.95],
							"size": [0.6, 0.5, 21.15],
							"pivot": [-2.55681, 22.10228, -25],
							"rotation": [0, 0, 37],
							"uv": {
								"north": {"uv": [41, 28], "uv_size": [1, 1]},
								"east": {"uv": [25, 22], "uv_size": [21, 1]},
								"south": {"uv": [42, 4], "uv_size": [1, 1]},
								"west": {"uv": [25, 23], "uv_size": [21, 1]},
								"up": {"uv": [23, 24], "uv_size": [1, 21]},
								"down": {"uv": [25, 45], "uv_size": [1, -21]}
							}
						},
						{
							"origin": [-1.55, 14.925, -40.525],
							"size": [3.1, 6.325, 18.725],
							"uv": {
								"north": {"uv": [27, 9], "uv_size": [3, 6]},
								"east": {"uv": [0, 4], "uv_size": [19, 6]},
								"south": {"uv": [28, 24], "uv_size": [3, 6]},
								"west": {"uv": [0, 10], "uv_size": [19, 6]},
								"up": {"uv": [21, 5], "uv_size": [3, 19]},
								"down": {"uv": [6, 40], "uv_size": [3, -19]}
							}
						},
						{
							"origin": [-1.55, 15.32422, -41.67773],
							"size": [3.1, 5.375, 2.825],
							"pivot": [0, 17.53672, -40.26523],
							"rotation": [26.75, 0, 0],
							"uv": {
								"north": {"uv": [30, 14], "uv_size": [3, 5]},
								"east": {"uv": [28, 30], "uv_size": [3, 5]},
								"south": {"uv": [31, 24], "uv_size": [3, 5]},
								"west": {"uv": [31, 29], "uv_size": [3, 5]},
								"up": {"uv": [15, 0], "uv_size": [3, 3]},
								"down": {"uv": [34, 33], "uv_size": [3, -3]}
							}
						},
						{
							"origin": [-0.5, 23.25, -23.15],
							"size": [1, 1, 1],
							"inflate": -0.4,
							"uv": {
								"north": {"uv": [45, 17], "uv_size": [1, 1]},
								"east": {"uv": [18, 45], "uv_size": [1, 1]},
								"south": {"uv": [45, 18], "uv_size": [1, 1]},
								"west": {"uv": [19, 45], "uv_size": [1, 1]},
								"up": {"uv": [45, 19], "uv_size": [1, 1]},
								"down": {"uv": [20, 46], "uv_size": [1, -1]}
							}
						},
						{
							"origin": [-1, 22.7, -43.675],
							"size": [2, 2, 1.1],
							"inflate": -0.3,
							"pivot": [0, 23.7, -88.075],
							"rotation": [0, 0, -20],
							"uv": {
								"north": {"uv": [26, 37], "uv_size": [2, 2]},
								"east": {"uv": [5, 42], "uv_size": [1, 2]},
								"south": {"uv": [37, 26], "uv_size": [2, 2]},
								"west": {"uv": [9, 42], "uv_size": [1, 2]},
								"up": {"uv": [26, 34], "uv_size": [2, 1]},
								"down": {"uv": [41, 20], "uv_size": [2, -1]}
							}
						},
						{
							"origin": [-1.65, 21.05, -32.375],
							"size": [0.8, 2.975, 0.85],
							"pivot": [-1.25, 22.8375, -32.05],
							"rotation": [23.25, 0, 0],
							"uv": {
								"north": {"uv": [37, 33], "uv_size": [1, 3]},
								"east": {"uv": [38, 9], "uv_size": [1, 3]},
								"south": {"uv": [13, 38], "uv_size": [1, 3]},
								"west": {"uv": [14, 38], "uv_size": [1, 3]},
								"up": {"uv": [45, 20], "uv_size": [1, 1]},
								"down": {"uv": [21, 46], "uv_size": [1, -1]}
							}
						},
						{
							"origin": [-1.65, 21.05, -33.575],
							"size": [0.8, 2.975, 0.85],
							"pivot": [-1.25, 22.8375, -33.25],
							"rotation": [23.25, 0, 0],
							"uv": {
								"north": {"uv": [15, 38], "uv_size": [1, 3]},
								"east": {"uv": [16, 38], "uv_size": [1, 3]},
								"south": {"uv": [17, 38], "uv_size": [1, 3]},
								"west": {"uv": [18, 38], "uv_size": [1, 3]},
								"up": {"uv": [45, 21], "uv_size": [1, 1]},
								"down": {"uv": [22, 46], "uv_size": [1, -1]}
							}
						},
						{
							"origin": [-1.65, 21.05, -34.775],
							"size": [0.8, 2.975, 0.85],
							"pivot": [-1.25, 22.8375, -34.45],
							"rotation": [23.25, 0, 0],
							"uv": {
								"north": {"uv": [38, 30], "uv_size": [1, 3]},
								"east": {"uv": [31, 38], "uv_size": [1, 3]},
								"south": {"uv": [32, 38], "uv_size": [1, 3]},
								"west": {"uv": [33, 38], "uv_size": [1, 3]},
								"up": {"uv": [23, 45], "uv_size": [1, 1]},
								"down": {"uv": [24, 46], "uv_size": [1, -1]}
							}
						},
						{
							"origin": [-1.65, 21.05, -35.975],
							"size": [0.8, 2.975, 0.85],
							"pivot": [-1.25, 22.8375, -35.65],
							"rotation": [23.25, 0, 0],
							"uv": {
								"north": {"uv": [38, 33], "uv_size": [1, 3]},
								"east": {"uv": [34, 38], "uv_size": [1, 3]},
								"south": {"uv": [35, 38], "uv_size": [1, 3]},
								"west": {"uv": [36, 38], "uv_size": [1, 3]},
								"up": {"uv": [45, 24], "uv_size": [1, 1]},
								"down": {"uv": [25, 46], "uv_size": [1, -1]}
							}
						},
						{
							"origin": [-1.65, 21.05, -37.175],
							"size": [0.8, 2.975, 0.85],
							"pivot": [-1.25, 22.8375, -36.85],
							"rotation": [23.25, 0, 0],
							"uv": {
								"north": {"uv": [38, 36], "uv_size": [1, 3]},
								"east": {"uv": [37, 38], "uv_size": [1, 3]},
								"south": {"uv": [39, 9], "uv_size": [1, 3]},
								"west": {"uv": [19, 39], "uv_size": [1, 3]},
								"up": {"uv": [45, 25], "uv_size": [1, 1]},
								"down": {"uv": [26, 46], "uv_size": [1, -1]}
							}
						},
						{
							"origin": [-1.65, 21.05, -38.375],
							"size": [0.8, 2.975, 0.85],
							"pivot": [-1.25, 22.8375, -38.05],
							"rotation": [23.25, 0, 0],
							"uv": {
								"north": {"uv": [20, 39], "uv_size": [1, 3]},
								"east": {"uv": [21, 39], "uv_size": [1, 3]},
								"south": {"uv": [39, 24], "uv_size": [1, 3]},
								"west": {"uv": [26, 39], "uv_size": [1, 3]},
								"up": {"uv": [45, 26], "uv_size": [1, 1]},
								"down": {"uv": [27, 46], "uv_size": [1, -1]}
							}
						},
						{
							"origin": [0.85, 21.05, -38.375],
							"size": [0.8, 2.975, 0.85],
							"pivot": [1.25, 22.8375, -38.05],
							"rotation": [23.25, 0, 0],
							"uv": {
								"north": {"uv": [27, 39], "uv_size": [1, 3]},
								"east": {"uv": [30, 39], "uv_size": [1, 3]},
								"south": {"uv": [39, 30], "uv_size": [1, 3]},
								"west": {"uv": [39, 33], "uv_size": [1, 3]},
								"up": {"uv": [45, 27], "uv_size": [1, 1]},
								"down": {"uv": [28, 46], "uv_size": [1, -1]}
							}
						},
						{
							"origin": [0.85, 21.05, -37.175],
							"size": [0.8, 2.975, 0.85],
							"pivot": [1.25, 22.8375, -36.85],
							"rotation": [23.25, 0, 0],
							"uv": {
								"north": {"uv": [39, 36], "uv_size": [1, 3]},
								"east": {"uv": [38, 39], "uv_size": [1, 3]},
								"south": {"uv": [39, 39], "uv_size": [1, 3]},
								"west": {"uv": [40, 0], "uv_size": [1, 3]},
								"up": {"uv": [45, 28], "uv_size": [1, 1]},
								"down": {"uv": [29, 46], "uv_size": [1, -1]}
							}
						},
						{
							"origin": [0.85, 21.05, -35.975],
							"size": [0.8, 2.975, 0.85],
							"pivot": [1.25, 22.8375, -35.65],
							"rotation": [23.25, 0, 0],
							"uv": {
								"north": {"uv": [6, 40], "uv_size": [1, 3]},
								"east": {"uv": [7, 40], "uv_size": [1, 3]},
								"south": {"uv": [8, 40], "uv_size": [1, 3]},
								"west": {"uv": [40, 9], "uv_size": [1, 3]},
								"up": {"uv": [45, 29], "uv_size": [1, 1]},
								"down": {"uv": [30, 46], "uv_size": [1, -1]}
							}
						},
						{
							"origin": [0.85, 21.05, -34.775],
							"size": [0.8, 2.975, 0.85],
							"pivot": [1.25, 22.8375, -34.45],
							"rotation": [23.25, 0, 0],
							"uv": {
								"north": {"uv": [40, 12], "uv_size": [1, 3]},
								"east": {"uv": [40, 24], "uv_size": [1, 3]},
								"south": {"uv": [40, 30], "uv_size": [1, 3]},
								"west": {"uv": [40, 33], "uv_size": [1, 3]},
								"up": {"uv": [45, 30], "uv_size": [1, 1]},
								"down": {"uv": [31, 46], "uv_size": [1, -1]}
							}
						},
						{
							"origin": [0.85, 21.05, -33.575],
							"size": [0.8, 2.975, 0.85],
							"pivot": [1.25, 22.8375, -33.25],
							"rotation": [23.25, 0, 0],
							"uv": {
								"north": {"uv": [40, 36], "uv_size": [1, 3]},
								"east": {"uv": [40, 39], "uv_size": [1, 3]},
								"south": {"uv": [41, 0], "uv_size": [1, 3]},
								"west": {"uv": [41, 9], "uv_size": [1, 3]},
								"up": {"uv": [45, 31], "uv_size": [1, 1]},
								"down": {"uv": [32, 46], "uv_size": [1, -1]}
							}
						},
						{
							"origin": [0.85, 21.05, -32.375],
							"size": [0.8, 2.975, 0.85],
							"pivot": [1.25, 22.8375, -32.05],
							"rotation": [23.25, 0, 0],
							"uv": {
								"north": {"uv": [41, 12], "uv_size": [1, 3]},
								"east": {"uv": [13, 41], "uv_size": [1, 3]},
								"south": {"uv": [14, 41], "uv_size": [1, 3]},
								"west": {"uv": [15, 41], "uv_size": [1, 3]},
								"up": {"uv": [45, 32], "uv_size": [1, 1]},
								"down": {"uv": [33, 46], "uv_size": [1, -1]}
							}
						},
						{
							"origin": [0.85, 15.6, -29.775],
							"size": [0.8, 1.925, 0.675],
							"pivot": [1.25, 16.3375, -29.45],
							"rotation": [23.25, 0, 0],
							"uv": {
								"north": {"uv": [12, 42], "uv_size": [1, 2]},
								"east": {"uv": [42, 13], "uv_size": [1, 2]},
								"south": {"uv": [42, 15], "uv_size": [1, 2]},
								"west": {"uv": [19, 42], "uv_size": [1, 2]},
								"up": {"uv": [45, 33], "uv_size": [1, 1]},
								"down": {"uv": [34, 46], "uv_size": [1, -1]}
							}
						},
						{
							"origin": [0.85, 15.6, -28.575],
							"size": [0.8, 1.925, 0.675],
							"pivot": [1.25, 16.3375, -28.25],
							"rotation": [23.25, 0, 0],
							"uv": {
								"north": {"uv": [20, 42], "uv_size": [1, 2]},
								"east": {"uv": [21, 42], "uv_size": [1, 2]},
								"south": {"uv": [42, 24], "uv_size": [1, 2]},
								"west": {"uv": [26, 42], "uv_size": [1, 2]},
								"up": {"uv": [45, 34], "uv_size": [1, 1]},
								"down": {"uv": [35, 46], "uv_size": [1, -1]}
							}
						},
						{
							"origin": [0.85, 15.6, -27.375],
							"size": [0.8, 1.925, 0.675],
							"pivot": [1.25, 16.3375, -27.05],
							"rotation": [23.25, 0, 0],
							"uv": {
								"north": {"uv": [42, 26], "uv_size": [1, 2]},
								"east": {"uv": [27, 42], "uv_size": [1, 2]},
								"south": {"uv": [30, 42], "uv_size": [1, 2]},
								"west": {"uv": [42, 30], "uv_size": [1, 2]},
								"up": {"uv": [45, 35], "uv_size": [1, 1]},
								"down": {"uv": [36, 46], "uv_size": [1, -1]}
							}
						},
						{
							"origin": [0.85, 15.6, -26.175],
							"size": [0.8, 1.925, 0.675],
							"pivot": [1.25, 16.3375, -25.85],
							"rotation": [23.25, 0, 0],
							"uv": {
								"north": {"uv": [42, 32], "uv_size": [1, 2]},
								"east": {"uv": [42, 34], "uv_size": [1, 2]},
								"south": {"uv": [42, 36], "uv_size": [1, 2]},
								"west": {"uv": [38, 42], "uv_size": [1, 2]},
								"up": {"uv": [45, 36], "uv_size": [1, 1]},
								"down": {"uv": [37, 46], "uv_size": [1, -1]}
							}
						},
						{
							"origin": [0.85, 15.6, -24.975],
							"size": [0.8, 1.925, 0.675],
							"pivot": [1.25, 16.3375, -24.65],
							"rotation": [23.25, 0, 0],
							"uv": {
								"north": {"uv": [42, 38], "uv_size": [1, 2]},
								"east": {"uv": [39, 42], "uv_size": [1, 2]},
								"south": {"uv": [40, 42], "uv_size": [1, 2]},
								"west": {"uv": [42, 40], "uv_size": [1, 2]},
								"up": {"uv": [45, 37], "uv_size": [1, 1]},
								"down": {"uv": [38, 46], "uv_size": [1, -1]}
							}
						},
						{
							"origin": [0.85, 15.6, -23.775],
							"size": [0.8, 1.925, 0.675],
							"pivot": [1.25, 16.3375, -23.45],
							"rotation": [23.25, 0, 0],
							"uv": {
								"north": {"uv": [41, 42], "uv_size": [1, 2]},
								"east": {"uv": [42, 42], "uv_size": [1, 2]},
								"south": {"uv": [43, 0], "uv_size": [1, 2]},
								"west": {"uv": [43, 2], "uv_size": [1, 2]},
								"up": {"uv": [45, 38], "uv_size": [1, 1]},
								"down": {"uv": [39, 46], "uv_size": [1, -1]}
							}
						},
						{
							"origin": [-1.65, 15.6, -29.775],
							"size": [0.8, 1.925, 0.675],
							"pivot": [-1.25, 16.3375, -29.45],
							"rotation": [23.25, 0, 0],
							"uv": {
								"north": {"uv": [6, 43], "uv_size": [1, 2]},
								"east": {"uv": [7, 43], "uv_size": [1, 2]},
								"south": {"uv": [8, 43], "uv_size": [1, 2]},
								"west": {"uv": [43, 9], "uv_size": [1, 2]},
								"up": {"uv": [45, 39], "uv_size": [1, 1]},
								"down": {"uv": [40, 46], "uv_size": [1, -1]}
							}
						},
						{
							"origin": [-1.65, 15.6, -28.575],
							"size": [0.8, 1.925, 0.675],
							"pivot": [-1.25, 16.3375, -28.25],
							"rotation": [23.25, 0, 0],
							"uv": {
								"north": {"uv": [43, 11], "uv_size": [1, 2]},
								"east": {"uv": [43, 13], "uv_size": [1, 2]},
								"south": {"uv": [43, 15], "uv_size": [1, 2]},
								"west": {"uv": [16, 43], "uv_size": [1, 2]},
								"up": {"uv": [45, 40], "uv_size": [1, 1]},
								"down": {"uv": [41, 46], "uv_size": [1, -1]}
							}
						},
						{
							"origin": [-1.65, 15.6, -27.375],
							"size": [0.8, 1.925, 0.675],
							"pivot": [-1.25, 16.3375, -27.05],
							"rotation": [23.25, 0, 0],
							"uv": {
								"north": {"uv": [17, 43], "uv_size": [1, 2]},
								"east": {"uv": [18, 43], "uv_size": [1, 2]},
								"south": {"uv": [43, 18], "uv_size": [1, 2]},
								"west": {"uv": [24, 43], "uv_size": [1, 2]},
								"up": {"uv": [45, 41], "uv_size": [1, 1]},
								"down": {"uv": [42, 46], "uv_size": [1, -1]}
							}
						},
						{
							"origin": [-1.65, 15.6, -26.175],
							"size": [0.8, 1.925, 0.675],
							"pivot": [-1.25, 16.3375, -25.85],
							"rotation": [23.25, 0, 0],
							"uv": {
								"north": {"uv": [43, 24], "uv_size": [1, 2]},
								"east": {"uv": [43, 26], "uv_size": [1, 2]},
								"south": {"uv": [28, 43], "uv_size": [1, 2]},
								"west": {"uv": [29, 43], "uv_size": [1, 2]},
								"up": {"uv": [45, 42], "uv_size": [1, 1]},
								"down": {"uv": [43, 46], "uv_size": [1, -1]}
							}
						},
						{
							"origin": [-1.65, 15.6, -24.975],
							"size": [0.8, 1.925, 0.675],
							"pivot": [-1.25, 16.3375, -24.65],
							"rotation": [23.25, 0, 0],
							"uv": {
								"north": {"uv": [43, 30], "uv_size": [1, 2]},
								"east": {"uv": [31, 43], "uv_size": [1, 2]},
								"south": {"uv": [32, 43], "uv_size": [1, 2]},
								"west": {"uv": [43, 32], "uv_size": [1, 2]},
								"up": {"uv": [45, 43], "uv_size": [1, 1]},
								"down": {"uv": [44, 46], "uv_size": [1, -1]}
							}
						},
						{
							"origin": [-1.65, 15.6, -23.775],
							"size": [0.8, 1.925, 0.675],
							"pivot": [-1.25, 16.3375, -23.45],
							"rotation": [23.25, 0, 0],
							"uv": {
								"north": {"uv": [33, 43], "uv_size": [1, 2]},
								"east": {"uv": [34, 43], "uv_size": [1, 2]},
								"south": {"uv": [43, 34], "uv_size": [1, 2]},
								"west": {"uv": [35, 43], "uv_size": [1, 2]},
								"up": {"uv": [45, 44], "uv_size": [1, 1]},
								"down": {"uv": [45, 46], "uv_size": [1, -1]}
							}
						},
						{
							"origin": [1.4, 15.625, -21.2],
							"size": [0.3, 1.8, 3.8],
							"uv": {
								"north": {"uv": [11, 42], "uv_size": [1, 2]},
								"east": {"uv": [36, 14], "uv_size": [4, 2]},
								"south": {"uv": [42, 11], "uv_size": [1, 2]},
								"west": {"uv": [34, 36], "uv_size": [4, 2]},
								"up": {"uv": [28, 37], "uv_size": [1, 4]},
								"down": {"uv": [29, 41], "uv_size": [1, -4]}
							}
						},
						{
							"origin": [-1.55, 18, -21.8],
							"size": [3.1, 1.575, 10.975],
							"uv": {
								"north": {"uv": [19, 35], "uv_size": [3, 2]},
								"east": {"uv": [4, 0], "uv_size": [11, 2]},
								"south": {"uv": [19, 37], "uv_size": [3, 2]},
								"west": {"uv": [4, 2], "uv_size": [11, 2]},
								"up": {"uv": [13, 21], "uv_size": [3, 11]},
								"down": {"uv": [16, 32], "uv_size": [3, -11]}
							}
						},
						{
							"origin": [-1.55, 14.925, -21.8],
							"size": [3.1, 3.2, 5],
							"uv": {
								"north": {"uv": [13, 35], "uv_size": [3, 3]},
								"east": {"uv": [13, 32], "uv_size": [5, 3]},
								"south": {"uv": [16, 35], "uv_size": [3, 3]},
								"west": {"uv": [33, 9], "uv_size": [5, 3]},
								"up": {"uv": [33, 12], "uv_size": [3, 5]},
								"down": {"uv": [34, 29], "uv_size": [3, -5]}
							}
						},
						{
							"origin": [-1.55, 14.875, -11.875],
							"size": [3.1, 3.2, 1.05],
							"uv": {
								"north": {"uv": [31, 34], "uv_size": [3, 3]},
								"east": {"uv": [18, 32], "uv_size": [1, 3]},
								"south": {"uv": [34, 33], "uv_size": [3, 3]},
								"west": {"uv": [37, 30], "uv_size": [1, 3]},
								"up": {"uv": [37, 28], "uv_size": [3, 1]},
								"down": {"uv": [31, 38], "uv_size": [3, -1]}
							}
						},
						{
							"origin": [-0.85, 14.525, -21.4],
							"size": [1.7, 0.4, 10.2],
							"uv": {
								"north": {"uv": [19, 15], "uv_size": [2, 1]},
								"east": {"uv": [33, 18], "uv_size": [10, 1]},
								"south": {"uv": [19, 23], "uv_size": [2, 1]},
								"west": {"uv": [34, 29], "uv_size": [10, 1]},
								"up": {"uv": [19, 5], "uv_size": [2, 10]},
								"down": {"uv": [26, 34], "uv_size": [2, -10]}
							}
						},
						{
							"origin": [-1.55, 14.825, -21.8],
							"size": [3.1, 0.95, 10.975],
							"uv": {
								"north": {"uv": [15, 3], "uv_size": [3, 1]},
								"east": {"uv": [30, 19], "uv_size": [11, 1]},
								"south": {"uv": [36, 16], "uv_size": [3, 1]},
								"west": {"uv": [33, 17], "uv_size": [11, 1]},
								"up": {"uv": [24, 9], "uv_size": [3, 11]},
								"down": {"uv": [19, 35], "uv_size": [3, -11]}
							}
						}
					]
				},
				{
					"name": "gun6",
					"parent": "bone12",
					"pivot": [-0.00265, 14.50007, -16.55],
					"rotation": [0, 0, 90],
					"cubes": [
						{
							"origin": [-0.075, 13.65, -20.1],
							"size": [0.2, 1.7, 0.6],
							"inflate": 0.001,
							"uv": {
								"north": {"uv": [40, 3], "uv_size": [1, 2]},
								"east": {"uv": [40, 15], "uv_size": [1, 2]},
								"south": {"uv": [40, 27], "uv_size": [1, 2]},
								"west": {"uv": [41, 3], "uv_size": [1, 2]},
								"up": {"uv": [42, 28], "uv_size": [1, 1]},
								"down": {"uv": [43, 5], "uv_size": [1, -1]}
							}
						},
						{
							"origin": [-3.02785, 17.87857, -20.1],
							"size": [0.2, 0.2, 0.6],
							"pivot": [-4.645, 13.15, -15.1],
							"rotation": [0, 0, 45],
							"uv": {
								"north": {"uv": [43, 28], "uv_size": [1, 1]},
								"east": {"uv": [36, 43], "uv_size": [1, 1]},
								"south": {"uv": [43, 36], "uv_size": [1, 1]},
								"west": {"uv": [37, 43], "uv_size": [1, 1]},
								"up": {"uv": [43, 37], "uv_size": [1, 1]},
								"down": {"uv": [43, 39], "uv_size": [1, -1]}
							}
						},
						{
							"origin": [-2.88643, 16.23715, -20.1],
							"size": [0.2, 0.2, 0.6],
							"pivot": [-4.645, 11.65, -15.1],
							"rotation": [0, 0, 45],
							"uv": {
								"north": {"uv": [43, 39], "uv_size": [1, 1]},
								"east": {"uv": [43, 40], "uv_size": [1, 1]},
								"south": {"uv": [43, 41], "uv_size": [1, 1]},
								"west": {"uv": [43, 42], "uv_size": [1, 1]},
								"up": {"uv": [43, 43], "uv_size": [1, 1]},
								"down": {"uv": [0, 45], "uv_size": [1, -1]}
							}
						},
						{
							"origin": [-0.075, 13.65, -13.6],
							"size": [0.2, 1.7, 0.6],
							"inflate": 0.001,
							"uv": {
								"north": {"uv": [41, 15], "uv_size": [1, 2]},
								"east": {"uv": [16, 41], "uv_size": [1, 2]},
								"south": {"uv": [17, 41], "uv_size": [1, 2]},
								"west": {"uv": [18, 41], "uv_size": [1, 2]},
								"up": {"uv": [44, 0], "uv_size": [1, 1]},
								"down": {"uv": [1, 45], "uv_size": [1, -1]}
							}
						},
						{
							"origin": [-2.88643, 16.23715, -13.6],
							"size": [0.2, 0.2, 0.6],
							"pivot": [-4.645, 11.65, -8.6],
							"rotation": [0, 0, 45],
							"uv": {
								"north": {"uv": [44, 1], "uv_size": [1, 1]},
								"east": {"uv": [2, 44], "uv_size": [1, 1]},
								"south": {"uv": [44, 2], "uv_size": [1, 1]},
								"west": {"uv": [3, 44], "uv_size": [1, 1]},
								"up": {"uv": [44, 3], "uv_size": [1, 1]},
								"down": {"uv": [4, 45], "uv_size": [1, -1]}
							}
						},
						{
							"origin": [-3.02785, 17.87857, -13.6],
							"size": [0.2, 0.2, 0.6],
							"pivot": [-4.645, 13.15, -8.6],
							"rotation": [0, 0, 45],
							"uv": {
								"north": {"uv": [44, 4], "uv_size": [1, 1]},
								"east": {"uv": [5, 44], "uv_size": [1, 1]},
								"south": {"uv": [9, 44], "uv_size": [1, 1]},
								"west": {"uv": [44, 9], "uv_size": [1, 1]},
								"up": {"uv": [10, 44], "uv_size": [1, 1]},
								"down": {"uv": [44, 11], "uv_size": [1, -1]}
							}
						},
						{
							"origin": [-2.88643, 16.23715, -21.4],
							"size": [0.2, 0.2, 0.6],
							"pivot": [-4.645, 11.65, -16.4],
							"rotation": [0, 0, 45],
							"uv": {
								"north": {"uv": [11, 44], "uv_size": [1, 1]},
								"east": {"uv": [44, 11], "uv_size": [1, 1]},
								"south": {"uv": [12, 44], "uv_size": [1, 1]},
								"west": {"uv": [44, 12], "uv_size": [1, 1]},
								"up": {"uv": [13, 44], "uv_size": [1, 1]},
								"down": {"uv": [44, 14], "uv_size": [1, -1]}
							}
						},
						{
							"origin": [-0.075, 13.65, -21.4],
							"size": [0.2, 1.7, 0.6],
							"inflate": 0.001,
							"uv": {
								"north": {"uv": [41, 24], "uv_size": [1, 2]},
								"east": {"uv": [41, 26], "uv_size": [1, 2]},
								"south": {"uv": [28, 41], "uv_size": [1, 2]},
								"west": {"uv": [29, 41], "uv_size": [1, 2]},
								"up": {"uv": [14, 44], "uv_size": [1, 1]},
								"down": {"uv": [44, 15], "uv_size": [1, -1]}
							}
						},
						{
							"origin": [-3.02785, 17.87857, -21.4],
							"size": [0.2, 0.2, 0.6],
							"pivot": [-4.645, 13.15, -16.4],
							"rotation": [0, 0, 45],
							"uv": {
								"north": {"uv": [15, 44], "uv_size": [1, 1]},
								"east": {"uv": [44, 15], "uv_size": [1, 1]},
								"south": {"uv": [44, 16], "uv_size": [1, 1]},
								"west": {"uv": [44, 17], "uv_size": [1, 1]},
								"up": {"uv": [44, 18], "uv_size": [1, 1]},
								"down": {"uv": [19, 45], "uv_size": [1, -1]}
							}
						},
						{
							"origin": [-0.075, 13.65, -18.8],
							"size": [0.2, 1.7, 0.6],
							"inflate": 0.001,
							"uv": {
								"north": {"uv": [41, 30], "uv_size": [1, 2]},
								"east": {"uv": [31, 41], "uv_size": [1, 2]},
								"south": {"uv": [32, 41], "uv_size": [1, 2]},
								"west": {"uv": [41, 32], "uv_size": [1, 2]},
								"up": {"uv": [44, 19], "uv_size": [1, 1]},
								"down": {"uv": [20, 45], "uv_size": [1, -1]}
							}
						},
						{
							"origin": [-2.88643, 16.23715, -18.8],
							"size": [0.2, 0.2, 0.6],
							"pivot": [-4.645, 11.65, -13.8],
							"rotation": [0, 0, 45],
							"uv": {
								"north": {"uv": [21, 44], "uv_size": [1, 1]},
								"east": {"uv": [44, 24], "uv_size": [1, 1]},
								"south": {"uv": [44, 25], "uv_size": [1, 1]},
								"west": {"uv": [26, 44], "uv_size": [1, 1]},
								"up": {"uv": [44, 26], "uv_size": [1, 1]},
								"down": {"uv": [27, 45], "uv_size": [1, -1]}
							}
						},
						{
							"origin": [-3.02785, 17.87857, -18.8],
							"size": [0.2, 0.2, 0.6],
							"pivot": [-4.645, 13.15, -13.8],
							"rotation": [0, 0, 45],
							"uv": {
								"north": {"uv": [44, 27], "uv_size": [1, 1]},
								"east": {"uv": [44, 28], "uv_size": [1, 1]},
								"south": {"uv": [44, 29], "uv_size": [1, 1]},
								"west": {"uv": [30, 44], "uv_size": [1, 1]},
								"up": {"uv": [44, 30], "uv_size": [1, 1]},
								"down": {"uv": [44, 32], "uv_size": [1, -1]}
							}
						},
						{
							"origin": [-0.075, 13.65, -17.5],
							"size": [0.2, 1.7, 0.6],
							"inflate": 0.001,
							"uv": {
								"north": {"uv": [33, 41], "uv_size": [1, 2]},
								"east": {"uv": [34, 41], "uv_size": [1, 2]},
								"south": {"uv": [41, 34], "uv_size": [1, 2]},
								"west": {"uv": [35, 41], "uv_size": [1, 2]},
								"up": {"uv": [44, 32], "uv_size": [1, 1]},
								"down": {"uv": [44, 34], "uv_size": [1, -1]}
							}
						},
						{
							"origin": [-2.88643, 16.23715, -17.5],
							"size": [0.2, 0.2, 0.6],
							"pivot": [-4.645, 11.65, -12.5],
							"rotation": [0, 0, 45],
							"uv": {
								"north": {"uv": [44, 34], "uv_size": [1, 1]},
								"east": {"uv": [44, 35], "uv_size": [1, 1]},
								"south": {"uv": [36, 44], "uv_size": [1, 1]},
								"west": {"uv": [44, 36], "uv_size": [1, 1]},
								"up": {"uv": [37, 44], "uv_size": [1, 1]},
								"down": {"uv": [44, 38], "uv_size": [1, -1]}
							}
						},
						{
							"origin": [-3.02785, 17.87857, -17.5],
							"size": [0.2, 0.2, 0.6],
							"pivot": [-4.645, 13.15, -12.5],
							"rotation": [0, 0, 45],
							"uv": {
								"north": {"uv": [38, 44], "uv_size": [1, 1]},
								"east": {"uv": [44, 38], "uv_size": [1, 1]},
								"south": {"uv": [39, 44], "uv_size": [1, 1]},
								"west": {"uv": [44, 39], "uv_size": [1, 1]},
								"up": {"uv": [40, 44], "uv_size": [1, 1]},
								"down": {"uv": [44, 41], "uv_size": [1, -1]}
							}
						},
						{
							"origin": [-0.075, 13.65, -16.2],
							"size": [0.2, 1.7, 0.6],
							"inflate": 0.001,
							"uv": {
								"north": {"uv": [36, 41], "uv_size": [1, 2]},
								"east": {"uv": [41, 36], "uv_size": [1, 2]},
								"south": {"uv": [37, 41], "uv_size": [1, 2]},
								"west": {"uv": [41, 38], "uv_size": [1, 2]},
								"up": {"uv": [41, 44], "uv_size": [1, 1]},
								"down": {"uv": [44, 42], "uv_size": [1, -1]}
							}
						},
						{
							"origin": [-2.88643, 16.23715, -16.2],
							"size": [0.2, 0.2, 0.6],
							"pivot": [-4.645, 11.65, -11.2],
							"rotation": [0, 0, 45],
							"uv": {
								"north": {"uv": [42, 44], "uv_size": [1, 1]},
								"east": {"uv": [44, 42], "uv_size": [1, 1]},
								"south": {"uv": [43, 44], "uv_size": [1, 1]},
								"west": {"uv": [44, 43], "uv_size": [1, 1]},
								"up": {"uv": [44, 44], "uv_size": [1, 1]},
								"down": {"uv": [0, 46], "uv_size": [1, -1]}
							}
						},
						{
							"origin": [-3.02785, 17.87857, -16.2],
							"size": [0.2, 0.2, 0.6],
							"pivot": [-4.645, 13.15, -11.2],
							"rotation": [0, 0, 45],
							"uv": {
								"north": {"uv": [45, 0], "uv_size": [1, 1]},
								"east": {"uv": [1, 45], "uv_size": [1, 1]},
								"south": {"uv": [45, 1], "uv_size": [1, 1]},
								"west": {"uv": [2, 45], "uv_size": [1, 1]},
								"up": {"uv": [45, 2], "uv_size": [1, 1]},
								"down": {"uv": [3, 46], "uv_size": [1, -1]}
							}
						},
						{
							"origin": [-3.02785, 17.87857, -14.9],
							"size": [0.2, 0.2, 0.6],
							"pivot": [-4.645, 13.15, -9.9],
							"rotation": [0, 0, 45],
							"uv": {
								"north": {"uv": [45, 3], "uv_size": [1, 1]},
								"east": {"uv": [4, 45], "uv_size": [1, 1]},
								"south": {"uv": [45, 4], "uv_size": [1, 1]},
								"west": {"uv": [5, 45], "uv_size": [1, 1]},
								"up": {"uv": [45, 5], "uv_size": [1, 1]},
								"down": {"uv": [6, 46], "uv_size": [1, -1]}
							}
						},
						{
							"origin": [-2.88643, 16.23715, -14.9],
							"size": [0.2, 0.2, 0.6],
							"pivot": [-4.645, 11.65, -9.9],
							"rotation": [0, 0, 45],
							"uv": {
								"north": {"uv": [45, 6], "uv_size": [1, 1]},
								"east": {"uv": [7, 45], "uv_size": [1, 1]},
								"south": {"uv": [45, 7], "uv_size": [1, 1]},
								"west": {"uv": [8, 45], "uv_size": [1, 1]},
								"up": {"uv": [45, 8], "uv_size": [1, 1]},
								"down": {"uv": [9, 46], "uv_size": [1, -1]}
							}
						},
						{
							"origin": [-0.075, 13.65, -14.9],
							"size": [0.2, 1.7, 0.6],
							"inflate": 0.001,
							"uv": {
								"north": {"uv": [41, 40], "uv_size": [1, 2]},
								"east": {"uv": [0, 42], "uv_size": [1, 2]},
								"south": {"uv": [42, 0], "uv_size": [1, 2]},
								"west": {"uv": [1, 42], "uv_size": [1, 2]},
								"up": {"uv": [45, 9], "uv_size": [1, 1]},
								"down": {"uv": [10, 46], "uv_size": [1, -1]}
							}
						},
						{
							"origin": [-3.02785, 17.87857, -12.3],
							"size": [0.2, 0.2, 0.6],
							"pivot": [-4.645, 13.15, -7],
							"rotation": [0, 0, 45],
							"uv": {
								"north": {"uv": [45, 10], "uv_size": [1, 1]},
								"east": {"uv": [11, 45], "uv_size": [1, 1]},
								"south": {"uv": [45, 11], "uv_size": [1, 1]},
								"west": {"uv": [12, 45], "uv_size": [1, 1]},
								"up": {"uv": [45, 12], "uv_size": [1, 1]},
								"down": {"uv": [13, 46], "uv_size": [1, -1]}
							}
						},
						{
							"origin": [-0.075, 13.65, -12.3],
							"size": [0.2, 1.7, 0.6],
							"inflate": 0.001,
							"uv": {
								"north": {"uv": [2, 42], "uv_size": [1, 2]},
								"east": {"uv": [42, 2], "uv_size": [1, 2]},
								"south": {"uv": [3, 42], "uv_size": [1, 2]},
								"west": {"uv": [4, 42], "uv_size": [1, 2]},
								"up": {"uv": [45, 13], "uv_size": [1, 1]},
								"down": {"uv": [14, 46], "uv_size": [1, -1]}
							}
						},
						{
							"origin": [-1.7, 15.625, -21.2],
							"size": [0.3, 1.8, 3.8],
							"uv": {
								"north": {"uv": [42, 9], "uv_size": [1, 2]},
								"east": {"uv": [26, 35], "uv_size": [4, 2]},
								"south": {"uv": [10, 42], "uv_size": [1, 2]},
								"west": {"uv": [36, 12], "uv_size": [4, 2]},
								"up": {"uv": [18, 0], "uv_size": [1, 4]},
								"down": {"uv": [30, 39], "uv_size": [1, -4]}
							}
						},
						{
							"origin": [-2.88643, 16.23715, -12.3],
							"size": [0.2, 0.2, 0.6],
							"pivot": [-4.645, 11.65, -7],
							"rotation": [0, 0, 45],
							"uv": {
								"north": {"uv": [45, 14], "uv_size": [1, 1]},
								"east": {"uv": [15, 45], "uv_size": [1, 1]},
								"south": {"uv": [45, 15], "uv_size": [1, 1]},
								"west": {"uv": [16, 45], "uv_size": [1, 1]},
								"up": {"uv": [45, 16], "uv_size": [1, 1]},
								"down": {"uv": [17, 46], "uv_size": [1, -1]}
							}
						}
					]
				},
				{
					"name": "_cb_suppressor",
					"parent": "gun6",
					"pivot": [-9.2, -9.05, 23.975],
					"cubes": [
						{"origin": [-9.7, 14, -43.45], "size": [1, 1, 1], "uv": [0, 2]}
					]
				}
			]
		}
	]
}