{
	"format_version": "1.12.0",
	"minecraft:geometry": [
		{
			"description": {
				"identifier": "geometry.stg762.geo",
				"texture_width": 128,
				"texture_height": 128,
				"visible_bounds_width": 12,
				"visible_bounds_height": 4,
				"visible_bounds_offset": [0, 1, 0]
			},
			"bones": [
				{
					"name": "main",
					"pivot": [0, 20, 0]
				},
				{
					"name": "gun",
					"parent": "main",
					"pivot": [1, 11, -1]
				},
				{
					"name": "suppressor",
					"parent": "gun",
					"pivot": [1.6965, 26.28791, -60.51185],
					"cubes": [
						{
							"origin": [-2.30792, 24.07713, -49.27827],
							"size": [1.218, 1.4964, 15.921],
							"pivot": [-2.2185, 24.1105, -32.749],
							"rotation": [0, 0, 5],
							"uv": {
								"north": {"uv": [107, 81], "uv_size": [-4, 1]},
								"east": {"uv": [107, 81], "uv_size": [-4, 1]},
								"south": {"uv": [107, 81], "uv_size": [-4, 1]},
								"west": {"uv": [107, 81], "uv_size": [-4, 1]},
								"up": {"uv": [103, 82], "uv_size": [4, -1]},
								"down": {"uv": [103, 82], "uv_size": [4, -1]}
							}
						},
						{
							"origin": [-2.22713, 25.5973, -49.2787],
							"size": [1.653, 1.479, 15.921],
							"pivot": [-2.2185, 25.5025, -49.366],
							"rotation": [0, 0, 41],
							"uv": {
								"north": {"uv": [102, 10], "uv_size": [-28, 1]},
								"east": {"uv": [102, 10], "uv_size": [-28, 1]},
								"south": {"uv": [102, 10], "uv_size": [-28, 1]},
								"west": {"uv": [102, 10], "uv_size": [-28, 1]},
								"up": {"uv": [74, 11], "uv_size": [28, -1]},
								"down": {"uv": [74, 11], "uv_size": [28, -1]}
							}
						},
						{
							"origin": [-2.27552, 22.849, -49.2872],
							"size": [2.001, 1.2354, 15.921],
							"pivot": [-2.3055, 24.02109, -60.51185],
							"rotation": [0, 0, -30],
							"uv": {
								"north": {"uv": [107, 81], "uv_size": [-4, 1]},
								"east": {"uv": [107, 81], "uv_size": [-4, 1]},
								"south": {"uv": [107, 81], "uv_size": [-4, 1]},
								"west": {"uv": [107, 81], "uv_size": [-4, 1]},
								"up": {"uv": [103, 82], "uv_size": [4, -1]},
								"down": {"uv": [103, 82], "uv_size": [4, -1]}
							}
						},
						{
							"origin": [-1.66297, 21.75066, -49.2872],
							"size": [2.088, 1.2354, 15.921],
							"pivot": [-1.6965, 22.97709, -60.51185],
							"rotation": [0, 0, -59],
							"uv": {
								"north": {"uv": [107, 81], "uv_size": [-4, 1]},
								"east": {"uv": [107, 81], "uv_size": [-4, 1]},
								"south": {"uv": [107, 81], "uv_size": [-4, 1]},
								"west": {"uv": [107, 81], "uv_size": [-4, 1]},
								"up": {"uv": [103, 82], "uv_size": [4, -1]},
								"down": {"uv": [103, 82], "uv_size": [4, -1]}
							}
						},
						{
							"origin": [-0.12099, 22.38595, -49.2872],
							"size": [0.7569, 1.218, 15.921],
							"uv": {
								"north": {"uv": [105, 7], "uv_size": [3, 1]},
								"east": {"uv": [74, 11], "uv_size": [28, 1]},
								"south": {"uv": [105, 8], "uv_size": [3, 1]},
								"west": {"uv": [75, 53], "uv_size": [28, 1]},
								"up": {"uv": [0, 48], "uv_size": [3, 28]},
								"down": {"uv": [3, 76], "uv_size": [3, -28]}
							}
						},
						{
							"origin": [-0.63591, 22.38595, -49.2872],
							"size": [0.5829, 1.218, 15.921],
							"uv": {
								"north": {"uv": [108, 7], "uv_size": [-3, 1]},
								"east": {"uv": [103, 53], "uv_size": [-28, 1]},
								"south": {"uv": [108, 8], "uv_size": [-3, 1]},
								"west": {"uv": [102, 11], "uv_size": [-28, 1]},
								"up": {"uv": [3, 48], "uv_size": [-3, 28]},
								"down": {"uv": [6, 76], "uv_size": [-3, -28]}
							}
						},
						{
							"origin": [0.18397, 21.75066, -49.2872],
							"size": [1.479, 1.2354, 15.921],
							"pivot": [1.6965, 22.97709, -60.51185],
							"rotation": [0, 0, 59],
							"uv": {
								"north": {"uv": [103, 81], "uv_size": [4, 1]},
								"east": {"uv": [103, 81], "uv_size": [4, 1]},
								"south": {"uv": [103, 81], "uv_size": [4, 1]},
								"west": {"uv": [103, 81], "uv_size": [4, 1]},
								"up": {"uv": [107, 82], "uv_size": [-4, -1]},
								"down": {"uv": [107, 82], "uv_size": [-4, -1]}
							}
						},
						{
							"origin": [-0.03487, 25.5973, -49.2787],
							"size": [2.262, 1.479, 15.921],
							"pivot": [2.2185, 25.5025, -49.366],
							"rotation": [0, 0, -41],
							"uv": {
								"north": {"uv": [74, 10], "uv_size": [28, 1]},
								"east": {"uv": [74, 10], "uv_size": [28, 1]},
								"south": {"uv": [74, 10], "uv_size": [28, 1]},
								"west": {"uv": [74, 10], "uv_size": [28, 1]},
								"up": {"uv": [102, 11], "uv_size": [-28, -1]},
								"down": {"uv": [102, 11], "uv_size": [-28, -1]}
							}
						},
						{
							"origin": [1.08992, 24.07713, -49.27827],
							"size": [1.218, 1.4964, 15.921],
							"pivot": [2.2185, 24.1105, -32.749],
							"rotation": [0, 0, -5],
							"uv": {
								"north": {"uv": [103, 81], "uv_size": [4, 1]},
								"east": {"uv": [103, 81], "uv_size": [4, 1]},
								"south": {"uv": [103, 81], "uv_size": [4, 1]},
								"west": {"uv": [103, 81], "uv_size": [4, 1]},
								"up": {"uv": [107, 82], "uv_size": [-4, -1]},
								"down": {"uv": [107, 82], "uv_size": [-4, -1]}
							}
						},
						{
							"origin": [-1.03048, 22.849, -49.2872],
							"size": [3.306, 1.2354, 15.921],
							"pivot": [2.3055, 24.02109, -60.51185],
							"rotation": [0, 0, 30],
							"uv": {
								"north": {"uv": [103, 81], "uv_size": [4, 1]},
								"east": {"uv": [103, 81], "uv_size": [4, 1]},
								"south": {"uv": [103, 81], "uv_size": [4, 1]},
								"west": {"uv": [103, 81], "uv_size": [4, 1]},
								"up": {"uv": [107, 82], "uv_size": [-4, -1]},
								"down": {"uv": [107, 82], "uv_size": [-4, -1]}
							}
						},
						{
							"origin": [-1.7835, 26.9293, -49.2872],
							"size": [2.262, 0.7482, 15.921],
							"pivot": [-1.6965, 26.28791, -60.51185],
							"rotation": [0, 0, 59],
							"uv": {
								"north": {"uv": [107, 82], "uv_size": [-4, -1]},
								"east": {"uv": [107, 82], "uv_size": [-4, -1]},
								"south": {"uv": [107, 82], "uv_size": [-4, -1]},
								"west": {"uv": [107, 82], "uv_size": [-4, -1]},
								"up": {"uv": [103, 81], "uv_size": [4, 1]},
								"down": {"uv": [103, 81], "uv_size": [4, 1]}
							}
						},
						{
							"origin": [-0.54891, 25.86595, -49.2872],
							"size": [0.4959, 1.218, 15.921],
							"uv": {
								"north": {"uv": [108, 7], "uv_size": [-3, 1]},
								"east": {"uv": [103, 53], "uv_size": [-28, 1]},
								"south": {"uv": [108, 8], "uv_size": [-3, 1]},
								"west": {"uv": [102, 11], "uv_size": [-28, 1]},
								"up": {"uv": [3, 48], "uv_size": [-3, 28]},
								"down": {"uv": [6, 76], "uv_size": [-3, -28]}
							}
						},
						{
							"origin": [-0.12099, 25.86595, -49.2872],
							"size": [0.6699, 1.218, 15.921],
							"uv": {
								"north": {"uv": [105, 7], "uv_size": [3, 1]},
								"east": {"uv": [74, 11], "uv_size": [28, 1]},
								"south": {"uv": [105, 8], "uv_size": [3, 1]},
								"west": {"uv": [75, 53], "uv_size": [28, 1]},
								"up": {"uv": [0, 48], "uv_size": [3, 28]},
								"down": {"uv": [3, 76], "uv_size": [3, -28]}
							}
						},
						{
							"origin": [-0.4785, 26.9293, -49.2872],
							"size": [2.262, 0.7482, 15.921],
							"pivot": [1.6965, 26.28791, -60.51185],
							"rotation": [0, 0, -59],
							"uv": {
								"north": {"uv": [103, 82], "uv_size": [4, -1]},
								"east": {"uv": [103, 82], "uv_size": [4, -1]},
								"south": {"uv": [103, 82], "uv_size": [4, -1]},
								"west": {"uv": [103, 82], "uv_size": [4, -1]},
								"up": {"uv": [107, 81], "uv_size": [-4, 1]},
								"down": {"uv": [107, 81], "uv_size": [-4, 1]}
							}
						}
					]
				},
				{
					"name": "_ca_suppressor",
					"parent": "main",
					"pivot": [0, 24.55, -70.525],
					"cubes": [
						{"origin": [-0.4, 23.95, -36.925], "size": [1, 1, 1], "uv": [27, 69]}
					]
				},
				{
					"name": "muzzleflash",
					"parent": "main",
					"pivot": [0, 24.95, -78.25],
					"cubes": [
						{
							"origin": [-0.5, 24.45, -50.15],
							"size": [1, 1, 1],
							"inflate": -0.4,
							"uv": {
								"north": {"uv": [107, 35], "uv_size": [1, 1]},
								"east": {"uv": [36, 107], "uv_size": [1, 1]},
								"south": {"uv": [107, 36], "uv_size": [1, 1]},
								"west": {"uv": [37, 107], "uv_size": [1, 1]},
								"up": {"uv": [107, 37], "uv_size": [1, 1]},
								"down": {"uv": [38, 108], "uv_size": [1, -1]}
							}
						}
					]
				}
			],
			"item_display_transforms": {
				"thirdperson_righthand": {
					"translation": [0.25, -4.75, 1],
					"scale": [0.25, 0.25, 0.25]
				},
				"thirdperson_lefthand": {
					"translation": [0.25, -4.75, 1],
					"scale": [0.25, 0.25, 0.25]
				},
				"firstperson_righthand": {
					"rotation": [0, 0, 3.5],
					"translation": [0, -26, -7]
				},
				"firstperson_lefthand": {
					"rotation": [0, 0, 3.5],
					"translation": [0, -26, -6]
				},
				"ground": {
					"translation": [0, -6, 3.5],
					"scale": [0.3, 0.3, 0.3]
				},
				"gui": {
					"rotation": [44, 50, -40],
					"translation": [-0.25, -7.75, 0],
					"scale": [0.37, 0.37, 0.37]
				},
				"fixed": {
					"rotation": [180, -90, 180],
					"translation": [-5.5, -10.25, -1],
					"scale": [0.62, 0.62, 0.62]
				}
			}
		}
	]
}