{
	"format_version": "1.12.0",
	"minecraft:geometry": [
		{
			"description": {
				"identifier": "geometry.unknown",
				"texture_width": 64,
				"texture_height": 64,
				"visible_bounds_width": 8,
				"visible_bounds_height": 4,
				"visible_bounds_offset": [0, 1, 0]
			},
			"bones": [
				{
					"name": "main",
					"pivot": [0, 20, 62.9]
				},
				{
					"name": "gun",
					"parent": "main",
					"pivot": [2, 11.6, 61.9],
					"rotation": [0, 0, -20],
					"cubes": [
						{
							"origin": [3.4725, 22.9975, 2.38],
							"size": [2.79, 2.79, 3.71],
							"inflate": -0.15,
							"uv": {
								"north": {"uv": [30, 12], "uv_size": [3, 3]},
								"east": {"uv": [30, 0], "uv_size": [4, 3]},
								"south": {"uv": [30, 15], "uv_size": [3, 3]},
								"west": {"uv": [30, 3], "uv_size": [4, 3]},
								"up": {"uv": [9, 27], "uv_size": [3, 4]},
								"down": {"uv": [0, 34], "uv_size": [3, -4]}
							}
						},
						{
							"origin": [5.3425, 22.7775, 2.38],
							"size": [1.14, 3.23, 1.07],
							"inflate": -0.15,
							"uv": {
								"north": {"uv": [33, 9], "uv_size": [1, 3]},
								"east": {"uv": [33, 12], "uv_size": [1, 3]},
								"south": {"uv": [13, 33], "uv_size": [1, 3]},
								"west": {"uv": [14, 33], "uv_size": [1, 3]},
								"up": {"uv": [35, 35], "uv_size": [1, 1]},
								"down": {"uv": [0, 37], "uv_size": [1, -1]}
							}
						},
						{
							"origin": [3.4725, 24.8675, 2.38],
							"size": [2.79, 1.14, 1.07],
							"inflate": -0.15,
							"uv": {
								"north": {"uv": [6, 33], "uv_size": [3, 1]},
								"east": {"uv": [33, 35], "uv_size": [1, 1]},
								"south": {"uv": [33, 6], "uv_size": [3, 1]},
								"west": {"uv": [34, 35], "uv_size": [1, 1]},
								"up": {"uv": [33, 7], "uv_size": [3, 1]},
								"down": {"uv": [33, 9], "uv_size": [3, -1]}
							}
						},
						{
							"origin": [3.2525, 22.7775, 2.38],
							"size": [1.14, 3.23, 1.07],
							"inflate": -0.15,
							"uv": {
								"north": {"uv": [20, 32], "uv_size": [1, 3]},
								"east": {"uv": [21, 32], "uv_size": [1, 3]},
								"south": {"uv": [32, 30], "uv_size": [1, 3]},
								"west": {"uv": [31, 32], "uv_size": [1, 3]},
								"up": {"uv": [35, 31], "uv_size": [1, 1]},
								"down": {"uv": [35, 33], "uv_size": [1, -1]}
							}
						},
						{
							"origin": [3.4725, 22.7775, 2.38],
							"size": [2.79, 1.14, 1.07],
							"inflate": -0.15,
							"uv": {
								"north": {"uv": [32, 26], "uv_size": [3, 1]},
								"east": {"uv": [35, 30], "uv_size": [1, 1]},
								"south": {"uv": [32, 27], "uv_size": [3, 1]},
								"west": {"uv": [31, 35], "uv_size": [1, 1]},
								"up": {"uv": [32, 28], "uv_size": [3, 1]},
								"down": {"uv": [32, 30], "uv_size": [3, -1]}
							}
						},
						{
							"origin": [3.4725, 24.8675, 4.68],
							"size": [2.79, 1.14, 1.07],
							"inflate": -0.15,
							"uv": {
								"north": {"uv": [33, 34], "uv_size": [3, 1]},
								"east": {"uv": [36, 17], "uv_size": [1, 1]},
								"south": {"uv": [0, 35], "uv_size": [3, 1]},
								"west": {"uv": [18, 36], "uv_size": [1, 1]},
								"up": {"uv": [35, 0], "uv_size": [3, 1]},
								"down": {"uv": [35, 2], "uv_size": [3, -1]}
							}
						},
						{
							"origin": [3.2525, 22.7775, 4.68],
							"size": [1.14, 3.23, 1.07],
							"inflate": -0.15,
							"uv": {
								"north": {"uv": [26, 34], "uv_size": [1, 3]},
								"east": {"uv": [27, 34], "uv_size": [1, 3]},
								"south": {"uv": [28, 34], "uv_size": [1, 3]},
								"west": {"uv": [34, 30], "uv_size": [1, 3]},
								"up": {"uv": [36, 15], "uv_size": [1, 1]},
								"down": {"uv": [36, 17], "uv_size": [1, -1]}
							}
						},
						{
							"origin": [5.3425, 22.7775, 4.68],
							"size": [1.14, 3.23, 1.07],
							"inflate": -0.15,
							"uv": {
								"north": {"uv": [34, 12], "uv_size": [1, 3]},
								"east": {"uv": [15, 34], "uv_size": [1, 3]},
								"south": {"uv": [16, 34], "uv_size": [1, 3]},
								"west": {"uv": [17, 34], "uv_size": [1, 3]},
								"up": {"uv": [14, 36], "uv_size": [1, 1]},
								"down": {"uv": [36, 15], "uv_size": [1, -1]}
							}
						},
						{
							"origin": [3.4725, 22.7775, 4.68],
							"size": [2.79, 1.14, 1.07],
							"inflate": -0.15,
							"uv": {
								"north": {"uv": [6, 34], "uv_size": [3, 1]},
								"east": {"uv": [13, 36], "uv_size": [1, 1]},
								"south": {"uv": [34, 9], "uv_size": [3, 1]},
								"west": {"uv": [36, 13], "uv_size": [1, 1]},
								"up": {"uv": [34, 10], "uv_size": [3, 1]},
								"down": {"uv": [34, 12], "uv_size": [3, -1]}
							}
						},
						{
							"origin": [5.2425, 22.6775, -15.62],
							"size": [1.34, 3.43, 5.57],
							"inflate": -0.15,
							"uv": {
								"north": {"uv": [8, 35], "uv_size": [1, 3]},
								"east": {"uv": [19, 28], "uv_size": [6, 3]},
								"south": {"uv": [35, 12], "uv_size": [1, 3]},
								"west": {"uv": [25, 28], "uv_size": [6, 3]},
								"up": {"uv": [30, 31], "uv_size": [1, 6]},
								"down": {"uv": [19, 38], "uv_size": [1, -6]}
							}
						},
						{
							"origin": [3.3725, 24.7675, -15.62],
							"size": [2.99, 1.34, 5.57],
							"inflate": -0.15,
							"uv": {
								"north": {"uv": [35, 4], "uv_size": [3, 1]},
								"east": {"uv": [13, 32], "uv_size": [6, 1]},
								"south": {"uv": [35, 5], "uv_size": [3, 1]},
								"west": {"uv": [23, 32], "uv_size": [6, 1]},
								"up": {"uv": [27, 0], "uv_size": [3, 6]},
								"down": {"uv": [6, 33], "uv_size": [3, -6]}
							}
						},
						{
							"origin": [3.1525, 22.6775, -15.62],
							"size": [1.34, 3.43, 5.57],
							"inflate": -0.15,
							"uv": {
								"north": {"uv": [6, 35], "uv_size": [1, 3]},
								"east": {"uv": [19, 25], "uv_size": [6, 3]},
								"south": {"uv": [7, 35], "uv_size": [1, 3]},
								"west": {"uv": [25, 25], "uv_size": [6, 3]},
								"up": {"uv": [31, 26], "uv_size": [1, 6]},
								"down": {"uv": [29, 37], "uv_size": [1, -6]}
							}
						},
						{
							"origin": [3.3725, 22.6775, -15.62],
							"size": [2.99, 1.34, 5.57],
							"inflate": -0.15,
							"uv": {
								"north": {"uv": [35, 2], "uv_size": [3, 1]},
								"east": {"uv": [23, 31], "uv_size": [6, 1]},
								"south": {"uv": [35, 3], "uv_size": [3, 1]},
								"west": {"uv": [31, 25], "uv_size": [6, 1]},
								"up": {"uv": [13, 25], "uv_size": [3, 6]},
								"down": {"uv": [16, 31], "uv_size": [3, -6]}
							}
						},
						{
							"origin": [5.4525, 22.8875, -15.73],
							"size": [0.92, 3.01, 21.42],
							"inflate": -0.15,
							"uv": {
								"north": {"uv": [34, 0], "uv_size": [1, 3]},
								"east": {"uv": [12, 6], "uv_size": [21, 3]},
								"south": {"uv": [34, 3], "uv_size": [1, 3]},
								"west": {"uv": [12, 9], "uv_size": [21, 3]},
								"up": {"uv": [5, 21], "uv_size": [1, 21]},
								"down": {"uv": [12, 46], "uv_size": [1, -21]}
							}
						},
						{
							"origin": [3.5825, 24.9775, -15.73],
							"size": [2.57, 0.92, 21.42],
							"inflate": -0.15,
							"uv": {
								"north": {"uv": [33, 33], "uv_size": [3, 1]},
								"east": {"uv": [21, 23], "uv_size": [21, 1]},
								"south": {"uv": [0, 34], "uv_size": [3, 1]},
								"west": {"uv": [12, 24], "uv_size": [21, 1]},
								"up": {"uv": [6, 6], "uv_size": [3, 21]},
								"down": {"uv": [9, 27], "uv_size": [3, -21]}
							}
						},
						{
							"origin": [3.3625, 22.8875, -15.73],
							"size": [0.92, 3.01, 21.42],
							"inflate": -0.15,
							"uv": {
								"north": {"uv": [33, 30], "uv_size": [1, 3]},
								"east": {"uv": [6, 0], "uv_size": [21, 3]},
								"south": {"uv": [32, 33], "uv_size": [1, 3]},
								"west": {"uv": [6, 3], "uv_size": [21, 3]},
								"up": {"uv": [3, 21], "uv_size": [1, 21]},
								"down": {"uv": [4, 42], "uv_size": [1, -21]}
							}
						},
						{
							"origin": [3.5825, 22.8875, -15.73],
							"size": [2.57, 0.92, 21.42],
							"inflate": -0.15,
							"uv": {
								"north": {"uv": [33, 24], "uv_size": [3, 1]},
								"east": {"uv": [21, 21], "uv_size": [21, 1]},
								"south": {"uv": [26, 33], "uv_size": [3, 1]},
								"west": {"uv": [21, 22], "uv_size": [21, 1]},
								"up": {"uv": [0, 0], "uv_size": [3, 21]},
								"down": {"uv": [3, 21], "uv_size": [3, -21]}
							}
						},
						{
							"origin": [5.3425, 22.7775, -6.7],
							"size": [1.14, 3.23, 9.38],
							"inflate": -0.15,
							"uv": {
								"north": {"uv": [24, 33], "uv_size": [1, 3]},
								"east": {"uv": [21, 15], "uv_size": [9, 3]},
								"south": {"uv": [25, 33], "uv_size": [1, 3]},
								"west": {"uv": [21, 18], "uv_size": [9, 3]},
								"up": {"uv": [11, 31], "uv_size": [1, 9]},
								"down": {"uv": [22, 40], "uv_size": [1, -9]}
							}
						},
						{
							"origin": [3.2525, 22.7775, -6.7],
							"size": [1.14, 3.23, 9.38],
							"inflate": -0.15,
							"uv": {
								"north": {"uv": [18, 33], "uv_size": [1, 3]},
								"east": {"uv": [12, 21], "uv_size": [9, 3]},
								"south": {"uv": [23, 33], "uv_size": [1, 3]},
								"west": {"uv": [21, 12], "uv_size": [9, 3]},
								"up": {"uv": [9, 31], "uv_size": [1, 9]},
								"down": {"uv": [10, 40], "uv_size": [1, -9]}
							}
						},
						{
							"origin": [3.4725, 24.8675, -6.7],
							"size": [2.79, 1.14, 9.38],
							"inflate": -0.15,
							"uv": {
								"north": {"uv": [33, 16], "uv_size": [3, 1]},
								"east": {"uv": [30, 20], "uv_size": [9, 1]},
								"south": {"uv": [33, 17], "uv_size": [3, 1]},
								"west": {"uv": [13, 31], "uv_size": [9, 1]},
								"up": {"uv": [18, 12], "uv_size": [3, 9]},
								"down": {"uv": [0, 30], "uv_size": [3, -9]}
							}
						},
						{
							"origin": [3.4725, 22.7775, -6.7],
							"size": [2.79, 1.14, 9.38],
							"inflate": -0.15,
							"uv": {
								"north": {"uv": [15, 33], "uv_size": [3, 1]},
								"east": {"uv": [30, 18], "uv_size": [9, 1]},
								"south": {"uv": [33, 15], "uv_size": [3, 1]},
								"west": {"uv": [30, 19], "uv_size": [9, 1]},
								"up": {"uv": [12, 12], "uv_size": [3, 9]},
								"down": {"uv": [15, 21], "uv_size": [3, -9]}
							}
						}
					]
				},
				{
					"name": "_ca_suppressor",
					"parent": "main",
					"pivot": [0.3, 24.675, 5.425],
					"cubes": [
						{
							"origin": [-0.2, 24.175, 4.925],
							"size": [1, 1, 1],
							"uv": {
								"north": {"uv": [20, 35], "uv_size": [1, 1]},
								"east": {"uv": [21, 35], "uv_size": [1, 1]},
								"south": {"uv": [35, 26], "uv_size": [1, 1]},
								"west": {"uv": [35, 27], "uv_size": [1, 1]},
								"up": {"uv": [35, 28], "uv_size": [1, 1]},
								"down": {"uv": [35, 30], "uv_size": [1, -1]}
							}
						}
					]
				},
				{
					"name": "muzzleflash",
					"parent": "main",
					"pivot": [-0.05, 24.3, -5.15],
					"cubes": [
						{
							"origin": [-0.25, 24, -16.65],
							"size": [1, 1, 1],
							"inflate": -0.4,
							"uv": {
								"north": {"uv": [1, 36], "uv_size": [1, 1]},
								"east": {"uv": [2, 36], "uv_size": [1, 1]},
								"south": {"uv": [36, 6], "uv_size": [1, 1]},
								"west": {"uv": [36, 7], "uv_size": [1, 1]},
								"up": {"uv": [36, 8], "uv_size": [1, 1]},
								"down": {"uv": [36, 13], "uv_size": [1, -1]}
							}
						}
					]
				}
			]
		}
	]
}