{
	"format_version": "1.12.0",
	"minecraft:geometry": [
		{
			"description": {
				"identifier": "geometry.unknown",
				"texture_width": 16,
				"texture_height": 16,
				"visible_bounds_width": 8,
				"visible_bounds_height": 4,
				"visible_bounds_offset": [0, 1, 0]
			},
			"bones": [
				{
					"name": "main",
					"pivot": [0, 20, 0]
				},
				{
					"name": "brake",
					"parent": "main",
					"pivot": [0.225, 21.8, -15.5],
					"cubes": [
						{
							"origin": [-0.5, 23.25, -23.15],
							"size": [1, 1, 1],
							"inflate": -0.4,
							"uv": {
								"north": {"uv": [3, 8], "uv_size": [1, 1]},
								"east": {"uv": [4, 12], "uv_size": [1, 1]},
								"south": {"uv": [12, 10], "uv_size": [1, 1]},
								"west": {"uv": [11, 12], "uv_size": [1, 1]},
								"up": {"uv": [12, 12], "uv_size": [1, 1]},
								"down": {"uv": [0, 14], "uv_size": [1, -1]}
							}
						},
						{
							"origin": [1.125, 24.675, -24.675],
							"size": [0.425, 0.425, 0.775],
							"uv": {
								"north": {"uv": [13, 0], "uv_size": [1, 1]},
								"east": {"uv": [1, 13], "uv_size": [1, 1]},
								"south": {"uv": [2, 13], "uv_size": [1, 1]},
								"west": {"uv": [3, 13], "uv_size": [1, 1]},
								"up": {"uv": [4, 13], "uv_size": [1, 1]},
								"down": {"uv": [5, 14], "uv_size": [1, -1]}
							}
						},
						{
							"origin": [1.125, 22.275, -24.675],
							"size": [0.425, 0.425, 0.775],
							"uv": {
								"north": {"uv": [13, 5], "uv_size": [1, 1]},
								"east": {"uv": [6, 13], "uv_size": [1, 1]},
								"south": {"uv": [7, 13], "uv_size": [1, 1]},
								"west": {"uv": [8, 13], "uv_size": [1, 1]},
								"up": {"uv": [9, 13], "uv_size": [1, 1]},
								"down": {"uv": [10, 14], "uv_size": [1, -1]}
							}
						},
						{
							"origin": [-1.55, 24.675, -24.675],
							"size": [0.425, 0.425, 0.775],
							"uv": {
								"north": {"uv": [13, 10], "uv_size": [1, 1]},
								"east": {"uv": [11, 13], "uv_size": [1, 1]},
								"south": {"uv": [13, 11], "uv_size": [1, 1]},
								"west": {"uv": [12, 13], "uv_size": [1, 1]},
								"up": {"uv": [13, 12], "uv_size": [1, 1]},
								"down": {"uv": [13, 14], "uv_size": [1, -1]}
							}
						},
						{
							"origin": [-1.55, 22.275, -24.675],
							"size": [0.425, 0.425, 0.775],
							"uv": {
								"north": {"uv": [0, 14], "uv_size": [1, 1]},
								"east": {"uv": [14, 0], "uv_size": [1, 1]},
								"south": {"uv": [1, 14], "uv_size": [1, 1]},
								"west": {"uv": [14, 1], "uv_size": [1, 1]},
								"up": {"uv": [2, 14], "uv_size": [1, 1]},
								"down": {"uv": [14, 3], "uv_size": [1, -1]}
							}
						},
						{
							"origin": [1.125, 22.275, -24],
							"size": [0.425, 2.825, 2.2],
							"uv": {
								"north": {"uv": [0, 5], "uv_size": [1, 3]},
								"east": {"uv": [0, 2], "uv_size": [2, 3]},
								"south": {"uv": [1, 5], "uv_size": [1, 3]},
								"west": {"uv": [2, 2], "uv_size": [2, 3]},
								"up": {"uv": [0, 8], "uv_size": [1, 2]},
								"down": {"uv": [8, 2], "uv_size": [1, -2]}
							}
						},
						{
							"origin": [-1.55, 22.275, -24],
							"size": [0.425, 2.825, 2.2],
							"uv": {
								"north": {"uv": [2, 5], "uv_size": [1, 3]},
								"east": {"uv": [4, 0], "uv_size": [2, 3]},
								"south": {"uv": [3, 5], "uv_size": [1, 3]},
								"west": {"uv": [4, 3], "uv_size": [2, 3]},
								"up": {"uv": [1, 8], "uv_size": [1, 2]},
								"down": {"uv": [2, 10], "uv_size": [1, -2]}
							}
						},
						{
							"origin": [1.125, 22.275, -25.25],
							"size": [0.425, 2.825, 0.575],
							"uv": {
								"north": {"uv": [6, 0], "uv_size": [1, 3]},
								"east": {"uv": [6, 3], "uv_size": [1, 3]},
								"south": {"uv": [4, 6], "uv_size": [1, 3]},
								"west": {"uv": [5, 6], "uv_size": [1, 3]},
								"up": {"uv": [3, 14], "uv_size": [1, 1]},
								"down": {"uv": [14, 4], "uv_size": [1, -1]}
							}
						},
						{
							"origin": [-1.55, 22.275, -25.25],
							"size": [0.425, 2.825, 0.575],
							"uv": {
								"north": {"uv": [6, 6], "uv_size": [1, 3]},
								"east": {"uv": [7, 0], "uv_size": [1, 3]},
								"south": {"uv": [7, 3], "uv_size": [1, 3]},
								"west": {"uv": [7, 6], "uv_size": [1, 3]},
								"up": {"uv": [4, 14], "uv_size": [1, 1]},
								"down": {"uv": [14, 5], "uv_size": [1, -1]}
							}
						},
						{
							"origin": [-1.125, 24.675, -25.25],
							"size": [2.25, 0.425, 0.575],
							"uv": {
								"north": {"uv": [8, 2], "uv_size": [2, 1]},
								"east": {"uv": [5, 14], "uv_size": [1, 1]},
								"south": {"uv": [8, 3], "uv_size": [2, 1]},
								"west": {"uv": [14, 5], "uv_size": [1, 1]},
								"up": {"uv": [8, 4], "uv_size": [2, 1]},
								"down": {"uv": [8, 6], "uv_size": [2, -1]}
							}
						},
						{
							"origin": [-1.125, 22.275, -25.25],
							"size": [2.25, 0.425, 0.575],
							"uv": {
								"north": {"uv": [8, 6], "uv_size": [2, 1]},
								"east": {"uv": [6, 14], "uv_size": [1, 1]},
								"south": {"uv": [8, 7], "uv_size": [2, 1]},
								"west": {"uv": [14, 6], "uv_size": [1, 1]},
								"up": {"uv": [8, 8], "uv_size": [2, 1]},
								"down": {"uv": [9, 1], "uv_size": [2, -1]}
							}
						},
						{
							"origin": [-1.75, 24, -25.55],
							"size": [2, 1.225, 1.1],
							"inflate": -0.3,
							"pivot": [-0.5, 25, -69.95],
							"rotation": [0, 0, -20],
							"uv": {
								"north": {"uv": [9, 1], "uv_size": [2, 1]},
								"east": {"uv": [7, 14], "uv_size": [1, 1]},
								"south": {"uv": [3, 9], "uv_size": [2, 1]},
								"west": {"uv": [14, 7], "uv_size": [1, 1]},
								"up": {"uv": [5, 9], "uv_size": [2, 1]},
								"down": {"uv": [7, 10], "uv_size": [2, -1]}
							}
						},
						{
							"origin": [-0.43443, 24.47883, -25.55],
							"size": [0.875, 1.125, 1.1],
							"inflate": -0.3,
							"pivot": [0.81557, 25.47883, -69.95],
							"rotation": [0, 0, -20],
							"uv": {
								"north": {"uv": [8, 14], "uv_size": [1, 1]},
								"east": {"uv": [14, 8], "uv_size": [1, 1]},
								"south": {"uv": [9, 14], "uv_size": [1, 1]},
								"west": {"uv": [14, 9], "uv_size": [1, 1]},
								"up": {"uv": [10, 14], "uv_size": [1, 1]},
								"down": {"uv": [14, 11], "uv_size": [1, -1]}
							}
						},
						{
							"origin": [0.00355, 23.35455, -25.55],
							"size": [1.325, 2.025, 1.1],
							"inflate": -0.3,
							"pivot": [1.25355, 25.07955, -69.95],
							"rotation": [0, 0, -20],
							"uv": {
								"north": {"uv": [9, 9], "uv_size": [1, 2]},
								"east": {"uv": [0, 10], "uv_size": [1, 2]},
								"south": {"uv": [1, 10], "uv_size": [1, 2]},
								"west": {"uv": [2, 10], "uv_size": [1, 2]},
								"up": {"uv": [11, 14], "uv_size": [1, 1]},
								"down": {"uv": [14, 12], "uv_size": [1, -1]}
							}
						},
						{
							"origin": [0.49092, 22.34048, -25.55],
							"size": [0.925, 1.7, 1.1],
							"inflate": -0.3,
							"pivot": [1.74092, 23.74048, -69.95],
							"rotation": [0, 0, -20],
							"uv": {
								"north": {"uv": [10, 2], "uv_size": [1, 2]},
								"east": {"uv": [3, 10], "uv_size": [1, 2]},
								"south": {"uv": [4, 10], "uv_size": [1, 2]},
								"west": {"uv": [10, 4], "uv_size": [1, 2]},
								"up": {"uv": [12, 14], "uv_size": [1, 1]},
								"down": {"uv": [14, 13], "uv_size": [1, -1]}
							}
						},
						{
							"origin": [-0.59049, 22.54539, -25.55],
							"size": [1.75, 1.25, 1.1],
							"inflate": -0.3,
							"pivot": [1.48451, 23.49539, -69.95],
							"rotation": [0, 0, -20],
							"uv": {
								"north": {"uv": [5, 10], "uv_size": [2, 1]},
								"east": {"uv": [13, 14], "uv_size": [1, 1]},
								"south": {"uv": [10, 6], "uv_size": [2, 1]},
								"west": {"uv": [14, 13], "uv_size": [1, 1]},
								"up": {"uv": [7, 10], "uv_size": [2, 1]},
								"down": {"uv": [10, 8], "uv_size": [2, -1]}
							}
						},
						{
							"origin": [-1.67114, 22.57707, -25.55],
							"size": [1.75, 0.825, 1.1],
							"inflate": -0.3,
							"pivot": [0.40386, 23.10207, -69.95],
							"rotation": [0, 0, -20],
							"uv": {
								"north": {"uv": [10, 8], "uv_size": [2, 1]},
								"east": {"uv": [14, 14], "uv_size": [1, 1]},
								"south": {"uv": [10, 9], "uv_size": [2, 1]},
								"west": {"uv": [0, 15], "uv_size": [1, 1]},
								"up": {"uv": [10, 10], "uv_size": [2, 1]},
								"down": {"uv": [11, 1], "uv_size": [2, -1]}
							}
						},
						{
							"origin": [-1.57309, 22.7885, -25.55],
							"size": [1.325, 1.85, 1.1],
							"inflate": -0.3,
							"pivot": [0.32691, 23.3135, -69.95],
							"rotation": [0, 0, -20],
							"uv": {
								"north": {"uv": [11, 1], "uv_size": [1, 2]},
								"east": {"uv": [11, 3], "uv_size": [1, 2]},
								"south": {"uv": [5, 11], "uv_size": [1, 2]},
								"west": {"uv": [6, 11], "uv_size": [1, 2]},
								"up": {"uv": [15, 0], "uv_size": [1, 1]},
								"down": {"uv": [1, 16], "uv_size": [1, -1]}
							}
						},
						{
							"origin": [-1.70062, 23.96312, -25.55],
							"size": [1.025, 0.75, 1.1],
							"inflate": -0.3,
							"pivot": [-0.10062, 24.48812, -69.95],
							"rotation": [0, 0, -20],
							"uv": {
								"north": {"uv": [15, 1], "uv_size": [1, 1]},
								"east": {"uv": [2, 15], "uv_size": [1, 1]},
								"south": {"uv": [15, 2], "uv_size": [1, 1]},
								"west": {"uv": [3, 15], "uv_size": [1, 1]},
								"up": {"uv": [15, 3], "uv_size": [1, 1]},
								"down": {"uv": [4, 16], "uv_size": [1, -1]}
							}
						},
						{
							"origin": [-1.125, 24.675, -24],
							"size": [2.25, 0.425, 0.6],
							"uv": {
								"north": {"uv": [11, 5], "uv_size": [2, 1]},
								"east": {"uv": [15, 4], "uv_size": [1, 1]},
								"south": {"uv": [7, 11], "uv_size": [2, 1]},
								"west": {"uv": [5, 15], "uv_size": [1, 1]},
								"up": {"uv": [9, 11], "uv_size": [2, 1]},
								"down": {"uv": [11, 12], "uv_size": [2, -1]}
							}
						},
						{
							"origin": [-1.125, 22.275, -22.725],
							"size": [2.25, 0.425, 0.925],
							"uv": {
								"north": {"uv": [0, 12], "uv_size": [2, 1]},
								"east": {"uv": [15, 5], "uv_size": [1, 1]},
								"south": {"uv": [12, 1], "uv_size": [2, 1]},
								"west": {"uv": [6, 15], "uv_size": [1, 1]},
								"up": {"uv": [2, 12], "uv_size": [2, 1]},
								"down": {"uv": [12, 3], "uv_size": [2, -1]}
							}
						},
						{
							"origin": [-1.125, 22.275, -24],
							"size": [2.25, 0.425, 0.6],
							"uv": {
								"north": {"uv": [12, 3], "uv_size": [2, 1]},
								"east": {"uv": [15, 6], "uv_size": [1, 1]},
								"south": {"uv": [12, 4], "uv_size": [2, 1]},
								"west": {"uv": [7, 15], "uv_size": [1, 1]},
								"up": {"uv": [12, 6], "uv_size": [2, 1]},
								"down": {"uv": [7, 13], "uv_size": [2, -1]}
							}
						},
						{
							"origin": [-1.125, 24.675, -22.725],
							"size": [2.25, 0.425, 0.925],
							"uv": {
								"north": {"uv": [12, 7], "uv_size": [2, 1]},
								"east": {"uv": [15, 7], "uv_size": [1, 1]},
								"south": {"uv": [12, 8], "uv_size": [2, 1]},
								"west": {"uv": [8, 15], "uv_size": [1, 1]},
								"up": {"uv": [9, 12], "uv_size": [2, 1]},
								"down": {"uv": [12, 10], "uv_size": [2, -1]}
							}
						}
					]
				},
				{
					"name": "muzzleflash",
					"parent": "main",
					"pivot": [0, 24.35, -30.05],
					"cubes": [
						{
							"origin": [-0.5, 23.25, -26.35],
							"size": [1, 1, 1],
							"inflate": -0.4,
							"uv": {
								"north": {"uv": [15, 8], "uv_size": [1, 1]},
								"east": {"uv": [9, 15], "uv_size": [1, 1]},
								"south": {"uv": [15, 9], "uv_size": [1, 1]},
								"west": {"uv": [10, 15], "uv_size": [1, 1]},
								"up": {"uv": [15, 10], "uv_size": [1, 1]},
								"down": {"uv": [11, 16], "uv_size": [1, -1]}
							}
						}
					]
				},
				{
					"name": "_ca_suppressor",
					"parent": "main",
					"pivot": [0, 23.65, -28.325],
					"cubes": [
						{"origin": [-0.5, 23.15, -22.225], "size": [1, 1, 1], "uv": [0, 0]}
					]
				}
			]
		}
	]
}