{
	"format_version": "1.12.0",
	"minecraft:geometry": [
		{
			"description": {
				"identifier": "geometry.unknown",
				"texture_width": 32,
				"texture_height": 32,
				"visible_bounds_width": 8,
				"visible_bounds_height": 4,
				"visible_bounds_offset": [0, 1, 0]
			},
			"bones": [
				{
					"name": "main",
					"pivot": [0, 20, 62.9]
				},
				{
					"name": "gun",
					"parent": "main",
					"pivot": [-0.7, 17.7, -2.2],
					"rotation": [0, 4, 0],
					"cubes": [
						{
							"origin": [-1.45575, 19.48925, -3.125],
							"size": [2.8215, 1.2705, 4.29],
							"uv": {
								"north": {"uv": [9, 7], "uv_size": [3, 1]},
								"east": {"uv": [8, 8], "uv_size": [4, 1]},
								"south": {"uv": [11, 13], "uv_size": [3, 1]},
								"west": {"uv": [9, 0], "uv_size": [4, 1]},
								"up": {"uv": [0, 0], "uv_size": [3, 4]},
								"down": {"uv": [3, 4], "uv_size": [3, -4]}
							}
						},
						{
							"origin": [-1.2467, 16.65966, -0.0449],
							"size": [2.40341, 2.02094, 1.0998],
							"inflate": -0.001,
							"pivot": [1.57475, 18.33425, -0.045],
							"rotation": [133.75, 0, 0],
							"uv": {
								"north": {"uv": [9, 5], "uv_size": [2, 2]},
								"east": {"uv": [11, 5], "uv_size": [1, 2]},
								"south": {"uv": [9, 9], "uv_size": [2, 2]},
								"west": {"uv": [14, 10], "uv_size": [1, 2]},
								"up": {"uv": [15, 10], "uv_size": [2, 1]},
								"down": {"uv": [15, 12], "uv_size": [2, -1]}
							}
						},
						{
							"origin": [-1.2467, 16.65966, -3.0149],
							"size": [2.40341, 2.13644, 1.0998],
							"inflate": -0.001,
							"pivot": [1.57475, 18.33425, -1.915],
							"rotation": [-133.75, 0, 0],
							"uv": {
								"north": {"uv": [10, 1], "uv_size": [2, 2]},
								"east": {"uv": [16, 4], "uv_size": [1, 2]},
								"south": {"uv": [10, 3], "uv_size": [2, 2]},
								"west": {"uv": [16, 6], "uv_size": [1, 2]},
								"up": {"uv": [16, 8], "uv_size": [2, 1]},
								"down": {"uv": [16, 10], "uv_size": [2, -1]}
							}
						},
						{
							"origin": [-1.1945, 18.0455, -2.465],
							"size": [2.299, 0.1155, 0.22],
							"pivot": [1.1045, 19.02725, -4.555],
							"rotation": [48.5, 0, 0],
							"uv": {
								"north": {"uv": [16, 12], "uv_size": [2, 1]},
								"east": {"uv": [17, 4], "uv_size": [1, 1]},
								"south": {"uv": [16, 13], "uv_size": [2, 1]},
								"west": {"uv": [17, 5], "uv_size": [1, 1]},
								"up": {"uv": [14, 16], "uv_size": [2, 1]},
								"down": {"uv": [16, 15], "uv_size": [2, -1]}
							}
						},
						{
							"origin": [-1.22615, 16.9988, -1.67235],
							"size": [2.42208, 2.55784, 1.44956],
							"uv": {
								"north": {"uv": [0, 8], "uv_size": [2, 3]},
								"east": {"uv": [14, 7], "uv_size": [1, 3]},
								"south": {"uv": [2, 8], "uv_size": [2, 3]},
								"west": {"uv": [11, 14], "uv_size": [1, 3]},
								"up": {"uv": [16, 15], "uv_size": [2, 1]},
								"down": {"uv": [16, 17], "uv_size": [2, -1]}
							}
						},
						{
							"origin": [-0.70273, 16.9988, -2.17624],
							"size": [1.37708, 2.55784, 2.43956],
							"uv": {
								"north": {"uv": [12, 14], "uv_size": [1, 3]},
								"east": {"uv": [4, 8], "uv_size": [2, 3]},
								"south": {"uv": [13, 14], "uv_size": [1, 3]},
								"west": {"uv": [6, 8], "uv_size": [2, 3]},
								"up": {"uv": [17, 0], "uv_size": [1, 2]},
								"down": {"uv": [17, 4], "uv_size": [1, -2]}
							}
						},
						{
							"origin": [0.61335, 16.9988, -0.2375],
							"size": [0.70015, 2.55784, 0.56956],
							"pivot": [0.55964, 15.84275, 0.21625],
							"rotation": [0, 42, 0],
							"uv": {
								"north": {"uv": [14, 13], "uv_size": [1, 3]},
								"east": {"uv": [0, 15], "uv_size": [1, 3]},
								"south": {"uv": [1, 15], "uv_size": [1, 3]},
								"west": {"uv": [15, 1], "uv_size": [1, 3]},
								"up": {"uv": [19, 18], "uv_size": [1, 1]},
								"down": {"uv": [19, 20], "uv_size": [1, -1]}
							}
						},
						{
							"origin": [0.67605, 16.9988, -2.17625],
							"size": [0.70015, 2.55784, 0.56956],
							"pivot": [0.66414, 15.84275, -2.17625],
							"rotation": [0, -42, 0],
							"uv": {
								"north": {"uv": [2, 15], "uv_size": [1, 3]},
								"east": {"uv": [3, 15], "uv_size": [1, 3]},
								"south": {"uv": [4, 15], "uv_size": [1, 3]},
								"west": {"uv": [15, 4], "uv_size": [1, 3]},
								"up": {"uv": [0, 20], "uv_size": [1, 1]},
								"down": {"uv": [20, 1], "uv_size": [1, -1]}
							}
						},
						{
							"origin": [-1.39305, 16.9988, -2.212],
							"size": [0.70015, 2.55784, 0.56956],
							"pivot": [-0.64964, 15.84275, -2.17625],
							"rotation": [0, 42, 0],
							"uv": {
								"north": {"uv": [5, 15], "uv_size": [1, 3]},
								"east": {"uv": [6, 15], "uv_size": [1, 3]},
								"south": {"uv": [7, 15], "uv_size": [1, 3]},
								"west": {"uv": [15, 7], "uv_size": [1, 3]},
								"up": {"uv": [1, 20], "uv_size": [1, 1]},
								"down": {"uv": [20, 2], "uv_size": [1, -1]}
							}
						},
						{
							"origin": [-1.3617, 16.9988, -0.2815],
							"size": [0.70015, 2.55784, 0.56956],
							"pivot": [-0.64964, 15.84275, 0.21625],
							"rotation": [0, -42, 0],
							"uv": {
								"north": {"uv": [9, 15], "uv_size": [1, 3]},
								"east": {"uv": [10, 15], "uv_size": [1, 3]},
								"south": {"uv": [15, 13], "uv_size": [1, 3]},
								"west": {"uv": [16, 1], "uv_size": [1, 3]},
								"up": {"uv": [2, 20], "uv_size": [1, 1]},
								"down": {"uv": [20, 3], "uv_size": [1, -1]}
							}
						}
					]
				},
				{
					"name": "bone",
					"parent": "gun",
					"pivot": [0.6865, 12.386, 27.73],
					"cubes": [
						{
							"origin": [-1.36859, 12.19969, -1.67235],
							"size": [2.72208, 4.05784, 1.44956],
							"uv": {
								"north": {"uv": [0, 4], "uv_size": [3, 4]},
								"east": {"uv": [9, 1], "uv_size": [1, 4]},
								"south": {"uv": [3, 4], "uv_size": [3, 4]},
								"west": {"uv": [8, 9], "uv_size": [1, 4]},
								"up": {"uv": [13, 12], "uv_size": [3, 1]},
								"down": {"uv": [14, 1], "uv_size": [3, -1]}
							}
						},
						{
							"origin": [0.67947, 12.19969, -2.30592],
							"size": [0.93, 4.05784, 0.56956],
							"pivot": [0.69741, 15.84364, -2.30592],
							"rotation": [0, -44, 0],
							"uv": {
								"north": {"uv": [2, 11], "uv_size": [1, 4]},
								"east": {"uv": [3, 11], "uv_size": [1, 4]},
								"south": {"uv": [4, 11], "uv_size": [1, 4]},
								"west": {"uv": [5, 11], "uv_size": [1, 4]},
								"up": {"uv": [12, 17], "uv_size": [1, 1]},
								"down": {"uv": [13, 18], "uv_size": [1, -1]}
							}
						},
						{
							"origin": [-1.60947, 12.19969, -2.30592],
							"size": [0.93, 4.05784, 0.56956],
							"pivot": [-0.69741, 15.84364, -2.30592],
							"rotation": [0, 44, 0],
							"uv": {
								"north": {"uv": [6, 11], "uv_size": [1, 4]},
								"east": {"uv": [7, 11], "uv_size": [1, 4]},
								"south": {"uv": [9, 11], "uv_size": [1, 4]},
								"west": {"uv": [11, 9], "uv_size": [1, 4]},
								"up": {"uv": [19, 15], "uv_size": [1, 1]},
								"down": {"uv": [16, 20], "uv_size": [1, -1]}
							}
						},
						{
							"origin": [-1.60947, 12.19969, -0.16363],
							"size": [0.93, 4.05784, 0.56956],
							"pivot": [-0.69741, 15.84364, 0.40592],
							"rotation": [0, -44, 0],
							"uv": {
								"north": {"uv": [13, 0], "uv_size": [1, 4]},
								"east": {"uv": [13, 4], "uv_size": [1, 4]},
								"south": {"uv": [8, 13], "uv_size": [1, 4]},
								"west": {"uv": [13, 8], "uv_size": [1, 4]},
								"up": {"uv": [19, 17], "uv_size": [1, 1]},
								"down": {"uv": [18, 20], "uv_size": [1, -1]}
							}
						},
						{
							"origin": [0.67947, 12.19969, -0.16363],
							"size": [0.93, 4.05784, 0.56956],
							"pivot": [0.69741, 15.84364, 0.40592],
							"rotation": [0, 44, 0],
							"uv": {
								"north": {"uv": [10, 11], "uv_size": [1, 4]},
								"east": {"uv": [12, 1], "uv_size": [1, 4]},
								"south": {"uv": [12, 5], "uv_size": [1, 4]},
								"west": {"uv": [12, 9], "uv_size": [1, 4]},
								"up": {"uv": [19, 16], "uv_size": [1, 1]},
								"down": {"uv": [17, 20], "uv_size": [1, -1]}
							}
						},
						{
							"origin": [-0.70273, 12.19969, -2.31868],
							"size": [1.37708, 4.05784, 2.73956],
							"uv": {
								"north": {"uv": [0, 11], "uv_size": [1, 4]},
								"east": {"uv": [6, 0], "uv_size": [3, 4]},
								"south": {"uv": [1, 11], "uv_size": [1, 4]},
								"west": {"uv": [6, 4], "uv_size": [3, 4]},
								"up": {"uv": [14, 1], "uv_size": [1, 3]},
								"down": {"uv": [14, 7], "uv_size": [1, -3]}
							}
						},
						{
							"origin": [1.21753, 16.23413, -1.67235],
							"size": [0.12208, 0.75784, 1.44956],
							"pivot": [1.23528, 16.31188, -0.51992],
							"rotation": [0, 0, -12],
							"uv": {
								"north": {"uv": [14, 17], "uv_size": [1, 1]},
								"east": {"uv": [15, 17], "uv_size": [1, 1]},
								"south": {"uv": [16, 17], "uv_size": [1, 1]},
								"west": {"uv": [17, 17], "uv_size": [1, 1]},
								"up": {"uv": [0, 18], "uv_size": [1, 1]},
								"down": {"uv": [18, 1], "uv_size": [1, -1]}
							}
						},
						{
							"origin": [-1.36983, 16.23413, -1.67235],
							"size": [0.12208, 0.75784, 1.44956],
							"pivot": [-1.2655, 16.31188, -0.51992],
							"rotation": [0, 0, 12],
							"uv": {
								"north": {"uv": [1, 18], "uv_size": [1, 1]},
								"east": {"uv": [18, 1], "uv_size": [1, 1]},
								"south": {"uv": [2, 18], "uv_size": [1, 1]},
								"west": {"uv": [18, 2], "uv_size": [1, 1]},
								"up": {"uv": [3, 18], "uv_size": [1, 1]},
								"down": {"uv": [18, 4], "uv_size": [1, -1]}
							}
						},
						{
							"origin": [-0.70065, 16.23413, 0.28492],
							"size": [1.375, 0.75784, 0.12208],
							"pivot": [0.47722, 16.31188, 0.30267],
							"rotation": [12, 0, 0],
							"uv": {
								"north": {"uv": [4, 18], "uv_size": [1, 1]},
								"east": {"uv": [18, 4], "uv_size": [1, 1]},
								"south": {"uv": [5, 18], "uv_size": [1, 1]},
								"west": {"uv": [18, 5], "uv_size": [1, 1]},
								"up": {"uv": [6, 18], "uv_size": [1, 1]},
								"down": {"uv": [18, 7], "uv_size": [1, -1]}
							}
						},
						{
							"origin": [-0.70273, 16.23413, -2.31992],
							"size": [1.375, 0.75784, 0.12208],
							"pivot": [0.67514, 16.31188, -2.21559],
							"rotation": [-12, 0, 0],
							"uv": {
								"north": {"uv": [7, 18], "uv_size": [1, 1]},
								"east": {"uv": [18, 7], "uv_size": [1, 1]},
								"south": {"uv": [8, 18], "uv_size": [1, 1]},
								"west": {"uv": [18, 8], "uv_size": [1, 1]},
								"up": {"uv": [9, 18], "uv_size": [1, 1]},
								"down": {"uv": [18, 10], "uv_size": [1, -1]}
							}
						}
					]
				},
				{
					"name": "gun2",
					"parent": "bone",
					"pivot": [0.70646, 16.30836, -2.19902],
					"cubes": [
						{
							"origin": [0.97185, 16.18119, -2.01165],
							"size": [0.475, 0.85784, 0.12208],
							"pivot": [0.97849, 16.15825, -1.95279],
							"rotation": [-0.5382, -42.8029, -11.3528],
							"uv": {
								"north": {"uv": [13, 18], "uv_size": [1, 1]},
								"east": {"uv": [18, 13], "uv_size": [1, 1]},
								"south": {"uv": [14, 18], "uv_size": [1, 1]},
								"west": {"uv": [18, 14], "uv_size": [1, 1]},
								"up": {"uv": [15, 18], "uv_size": [1, 1]},
								"down": {"uv": [18, 16], "uv_size": [1, -1]}
							}
						},
						{
							"origin": [0.59762, 16.23061, -2.2625],
							"size": [0.475, 0.85784, 0.12208],
							"pivot": [0.70646, 16.30836, -2.19902],
							"rotation": [-16.4618, -42.8029, 11.35279],
							"uv": {
								"north": {"uv": [10, 18], "uv_size": [1, 1]},
								"east": {"uv": [18, 10], "uv_size": [1, 1]},
								"south": {"uv": [11, 18], "uv_size": [1, 1]},
								"west": {"uv": [18, 11], "uv_size": [1, 1]},
								"up": {"uv": [12, 18], "uv_size": [1, 1]},
								"down": {"uv": [18, 13], "uv_size": [1, -1]}
							}
						}
					]
				},
				{
					"name": "gun3",
					"parent": "bone",
					"pivot": [1.20646, 16.30836, -0.09902],
					"rotation": [0, -93, 0],
					"cubes": [
						{
							"origin": [1.38299, 16.18119, 0.08256],
							"size": [0.475, 0.85784, 0.12208],
							"pivot": [1.38963, 16.15825, 0.14142],
							"rotation": [-0.5382, -42.8029, -11.3528],
							"uv": {
								"north": {"uv": [16, 18], "uv_size": [1, 1]},
								"east": {"uv": [18, 16], "uv_size": [1, 1]},
								"south": {"uv": [17, 18], "uv_size": [1, 1]},
								"west": {"uv": [18, 17], "uv_size": [1, 1]},
								"up": {"uv": [18, 18], "uv_size": [1, 1]},
								"down": {"uv": [0, 20], "uv_size": [1, -1]}
							}
						},
						{
							"origin": [1.00876, 16.23061, -0.16829],
							"size": [0.475, 0.85784, 0.12208],
							"pivot": [1.11759, 16.30836, -0.10481],
							"rotation": [-16.4618, -42.8029, 11.35279],
							"uv": {
								"north": {"uv": [19, 0], "uv_size": [1, 1]},
								"east": {"uv": [1, 19], "uv_size": [1, 1]},
								"south": {"uv": [19, 1], "uv_size": [1, 1]},
								"west": {"uv": [2, 19], "uv_size": [1, 1]},
								"up": {"uv": [19, 2], "uv_size": [1, 1]},
								"down": {"uv": [3, 20], "uv_size": [1, -1]}
							}
						}
					]
				},
				{
					"name": "gun4",
					"parent": "bone",
					"pivot": [-0.89354, 16.30836, 0.30098],
					"rotation": [-180, -1, 180],
					"cubes": [
						{
							"origin": [-0.78473, 16.18119, 0.49988],
							"size": [0.475, 0.85784, 0.12208],
							"pivot": [-0.77809, 16.15825, 0.55874],
							"rotation": [-0.5382, -42.8029, -11.3528],
							"uv": {
								"north": {"uv": [19, 3], "uv_size": [1, 1]},
								"east": {"uv": [4, 19], "uv_size": [1, 1]},
								"south": {"uv": [19, 4], "uv_size": [1, 1]},
								"west": {"uv": [5, 19], "uv_size": [1, 1]},
								"up": {"uv": [19, 5], "uv_size": [1, 1]},
								"down": {"uv": [6, 20], "uv_size": [1, -1]}
							}
						},
						{
							"origin": [-1.15896, 16.23061, 0.24903],
							"size": [0.475, 0.85784, 0.12208],
							"pivot": [-1.05012, 16.30836, 0.31251],
							"rotation": [-16.4618, -42.8029, 11.35279],
							"uv": {
								"north": {"uv": [19, 6], "uv_size": [1, 1]},
								"east": {"uv": [7, 19], "uv_size": [1, 1]},
								"south": {"uv": [19, 7], "uv_size": [1, 1]},
								"west": {"uv": [8, 19], "uv_size": [1, 1]},
								"up": {"uv": [19, 8], "uv_size": [1, 1]},
								"down": {"uv": [9, 20], "uv_size": [1, -1]}
							}
						}
					]
				},
				{
					"name": "gun5",
					"parent": "bone",
					"pivot": [-0.89354, 16.30836, -2.09902],
					"rotation": [0, 89, 0],
					"cubes": [
						{
							"origin": [-1.02912, 16.18119, -2.25952],
							"size": [0.475, 0.85784, 0.12208],
							"pivot": [-1.02248, 16.15825, -2.20066],
							"rotation": [-0.5382, -42.8029, -11.3528],
							"uv": {
								"north": {"uv": [19, 9], "uv_size": [1, 1]},
								"east": {"uv": [10, 19], "uv_size": [1, 1]},
								"south": {"uv": [19, 10], "uv_size": [1, 1]},
								"west": {"uv": [11, 19], "uv_size": [1, 1]},
								"up": {"uv": [19, 11], "uv_size": [1, 1]},
								"down": {"uv": [12, 20], "uv_size": [1, -1]}
							}
						},
						{
							"origin": [-1.40335, 16.23061, -2.51037],
							"size": [0.475, 0.85784, 0.12208],
							"pivot": [-1.29451, 16.30836, -2.44689],
							"rotation": [-16.4618, -42.8029, 11.35279],
							"uv": {
								"north": {"uv": [19, 12], "uv_size": [1, 1]},
								"east": {"uv": [13, 19], "uv_size": [1, 1]},
								"south": {"uv": [19, 13], "uv_size": [1, 1]},
								"west": {"uv": [14, 19], "uv_size": [1, 1]},
								"up": {"uv": [19, 14], "uv_size": [1, 1]},
								"down": {"uv": [15, 20], "uv_size": [1, -1]}
							}
						}
					]
				},
				{
					"name": "_ca_grip",
					"parent": "main",
					"pivot": [-1.1, 22.625, 5.45],
					"cubes": [
						{
							"origin": [-0.6, 19.6, -1.5],
							"size": [1, 1, 1],
							"uv": {
								"north": {"uv": [17, 6], "uv_size": [1, 1]},
								"east": {"uv": [17, 7], "uv_size": [1, 1]},
								"south": {"uv": [8, 17], "uv_size": [1, 1]},
								"west": {"uv": [17, 10], "uv_size": [1, 1]},
								"up": {"uv": [11, 17], "uv_size": [1, 1]},
								"down": {"uv": [17, 12], "uv_size": [1, -1]}
							}
						}
					]
				}
			]
		}
	]
}