{
	"format_version": "1.12.0",
	"minecraft:geometry": [
		{
			"description": {
				"identifier": "geometry.unknown",
				"texture_width": 32,
				"texture_height": 32,
				"visible_bounds_width": 8,
				"visible_bounds_height": 4,
				"visible_bounds_offset": [0, 1, 0]
			},
			"bones": [
				{
					"name": "main",
					"pivot": [0, 20, 0]
				},
				{
					"name": "bone16",
					"parent": "main",
					"pivot": [-0.175, 12.45901, -30.68336],
					"cubes": [
						{
							"origin": [-0.6, 14.1, -35.9999],
							"size": [0.95, 2.1, 8.348],
							"pivot": [0, 15.15, -30.3759],
							"rotation": [0, 0, 90],
							"uv": {
								"north": {"uv": [9, 16], "uv_size": [1, 2]},
								"east": {"uv": [0, 12], "uv_size": [8, 2]},
								"south": {"uv": [10, 16], "uv_size": [1, 2]},
								"west": {"uv": [12, 0], "uv_size": [8, 2]},
								"up": {"uv": [11, 12], "uv_size": [1, 8]},
								"down": {"uv": [0, 22], "uv_size": [1, -8]}
							}
						},
						{
							"origin": [-1.7, 11.78401, -34.11986],
							"size": [4.4, 1.35, 5.773],
							"pivot": [0, 12.45901, -30.68336],
							"rotation": [180, -68, -90],
							"uv": {
								"north": {"uv": [17, 4], "uv_size": [4, 1]},
								"east": {"uv": [1, 14], "uv_size": [6, 1]},
								"south": {"uv": [17, 5], "uv_size": [4, 1]},
								"west": {"uv": [12, 14], "uv_size": [6, 1]},
								"up": {"uv": [0, 0], "uv_size": [4, 6]},
								"down": {"uv": [4, 6], "uv_size": [4, -6]}
							}
						},
						{
							"origin": [-0.72478, 13.93839, -34.11986],
							"size": [0.375, 0.2, 5.773],
							"pivot": [0, 12.45901, -30.68336],
							"rotation": [119.74276, -40.96653, -20.53628],
							"uv": {
								"north": {"uv": [7, 20], "uv_size": [1, 1]},
								"east": {"uv": [1, 15], "uv_size": [6, 1]},
								"south": {"uv": [21, 6], "uv_size": [1, 1]},
								"west": {"uv": [15, 2], "uv_size": [6, 1]},
								"up": {"uv": [7, 14], "uv_size": [1, 6]},
								"down": {"uv": [15, 9], "uv_size": [1, -6]}
							}
						},
						{
							"origin": [0.34978, 11.15423, -33.19267],
							"size": [0.375, 0.2, 5.773],
							"pivot": [0, 12.83361, -29.75617],
							"rotation": [119.74276, -40.96653, -20.53628],
							"uv": {
								"north": {"uv": [7, 21], "uv_size": [1, 1]},
								"east": {"uv": [15, 9], "uv_size": [6, 1]},
								"south": {"uv": [21, 7], "uv_size": [1, 1]},
								"west": {"uv": [15, 10], "uv_size": [6, 1]},
								"up": {"uv": [12, 15], "uv_size": [1, 6]},
								"down": {"uv": [13, 21], "uv_size": [1, -6]}
							}
						},
						{
							"origin": [-0.72478, 11.15423, -33.19267],
							"size": [0.375, 0.2, 5.773],
							"pivot": [0, 12.83361, -29.75617],
							"rotation": [119.74276, 40.96653, 20.53628],
							"uv": {
								"north": {"uv": [21, 8], "uv_size": [1, 1]},
								"east": {"uv": [15, 11], "uv_size": [6, 1]},
								"south": {"uv": [9, 21], "uv_size": [1, 1]},
								"west": {"uv": [15, 12], "uv_size": [6, 1]},
								"up": {"uv": [14, 15], "uv_size": [1, 6]},
								"down": {"uv": [15, 21], "uv_size": [1, -6]}
							}
						},
						{
							"origin": [0.34978, 13.93839, -34.11986],
							"size": [0.375, 0.2, 5.773],
							"pivot": [0, 12.45901, -30.68336],
							"rotation": [119.74276, 40.96653, 20.53628],
							"uv": {
								"north": {"uv": [21, 9], "uv_size": [1, 1]},
								"east": {"uv": [15, 13], "uv_size": [6, 1]},
								"south": {"uv": [10, 21], "uv_size": [1, 1]},
								"west": {"uv": [1, 16], "uv_size": [6, 1]},
								"up": {"uv": [16, 3], "uv_size": [1, 6]},
								"down": {"uv": [8, 22], "uv_size": [1, -6]}
							}
						},
						{
							"origin": [-1.43516, 12.92417, -34.11986],
							"size": [3.87, 0.475, 5.773],
							"pivot": [0, 12.45901, -30.68336],
							"rotation": [180, -68, -90],
							"uv": {
								"north": {"uv": [17, 6], "uv_size": [4, 1]},
								"east": {"uv": [16, 15], "uv_size": [6, 1]},
								"south": {"uv": [17, 7], "uv_size": [4, 1]},
								"west": {"uv": [16, 16], "uv_size": [6, 1]},
								"up": {"uv": [0, 6], "uv_size": [4, 6]},
								"down": {"uv": [4, 12], "uv_size": [4, -6]}
							}
						},
						{
							"origin": [-1.43484, 18.27668, -36.28277],
							"size": [2.87, 0.475, 0.573],
							"pivot": [0, 17.81152, -32.84627],
							"rotation": [180, 68, 90],
							"uv": {
								"north": {"uv": [16, 19], "uv_size": [3, 1]},
								"east": {"uv": [21, 10], "uv_size": [1, 1]},
								"south": {"uv": [19, 19], "uv_size": [3, 1]},
								"west": {"uv": [11, 21], "uv_size": [1, 1]},
								"up": {"uv": [20, 0], "uv_size": [3, 1]},
								"down": {"uv": [1, 21], "uv_size": [3, -1]}
							}
						},
						{
							"origin": [-1.43516, 18.27668, -36.28277],
							"size": [2.87, 0.475, 0.573],
							"pivot": [0, 17.81152, -32.84627],
							"rotation": [180, -68, -90],
							"uv": {
								"north": {"uv": [20, 1], "uv_size": [3, 1]},
								"east": {"uv": [21, 11], "uv_size": [1, 1]},
								"south": {"uv": [4, 20], "uv_size": [3, 1]},
								"west": {"uv": [12, 21], "uv_size": [1, 1]},
								"up": {"uv": [9, 20], "uv_size": [3, 1]},
								"down": {"uv": [16, 21], "uv_size": [3, -1]}
							}
						},
						{
							"origin": [0.34978, 19.29089, -36.28277],
							"size": [0.375, 0.2, 0.573],
							"pivot": [0, 17.81152, -32.84627],
							"rotation": [119.74276, 40.96653, 20.53628],
							"uv": {
								"north": {"uv": [21, 12], "uv_size": [1, 1]},
								"east": {"uv": [13, 21], "uv_size": [1, 1]},
								"south": {"uv": [21, 13], "uv_size": [1, 1]},
								"west": {"uv": [14, 21], "uv_size": [1, 1]},
								"up": {"uv": [15, 21], "uv_size": [1, 1]},
								"down": {"uv": [16, 22], "uv_size": [1, -1]}
							}
						},
						{
							"origin": [-0.72478, 19.29089, -36.28277],
							"size": [0.375, 0.2, 0.573],
							"pivot": [0, 17.81152, -32.84627],
							"rotation": [119.74276, -40.96653, -20.53628],
							"uv": {
								"north": {"uv": [17, 21], "uv_size": [1, 1]},
								"east": {"uv": [18, 21], "uv_size": [1, 1]},
								"south": {"uv": [19, 21], "uv_size": [1, 1]},
								"west": {"uv": [20, 21], "uv_size": [1, 1]},
								"up": {"uv": [21, 21], "uv_size": [1, 1]},
								"down": {"uv": [0, 23], "uv_size": [1, -1]}
							}
						},
						{
							"origin": [-1.7, 17.13652, -36.28277],
							"size": [3.4, 1.35, 0.573],
							"pivot": [0, 17.81152, -32.84627],
							"rotation": [180, -68, -90],
							"uv": {
								"north": {"uv": [20, 17], "uv_size": [3, 1]},
								"east": {"uv": [1, 22], "uv_size": [1, 1]},
								"south": {"uv": [20, 18], "uv_size": [3, 1]},
								"west": {"uv": [2, 22], "uv_size": [1, 1]},
								"up": {"uv": [19, 20], "uv_size": [3, 1]},
								"down": {"uv": [1, 22], "uv_size": [3, -1]}
							}
						},
						{
							"origin": [-0.72478, 19.82217, -36.49742],
							"size": [0.375, 0.2, 0.573],
							"pivot": [0, 18.34279, -33.06092],
							"rotation": [119.74276, -40.96653, -20.53628],
							"uv": {
								"north": {"uv": [3, 22], "uv_size": [1, 1]},
								"east": {"uv": [4, 22], "uv_size": [1, 1]},
								"south": {"uv": [5, 22], "uv_size": [1, 1]},
								"west": {"uv": [6, 22], "uv_size": [1, 1]},
								"up": {"uv": [22, 6], "uv_size": [1, 1]},
								"down": {"uv": [7, 23], "uv_size": [1, -1]}
							}
						},
						{
							"origin": [-1.7, 17.66779, -36.49742],
							"size": [1.825, 1.35, 0.573],
							"pivot": [0, 18.34279, -33.06092],
							"rotation": [180, -68, -90],
							"uv": {
								"north": {"uv": [5, 18], "uv_size": [2, 1]},
								"east": {"uv": [22, 7], "uv_size": [1, 1]},
								"south": {"uv": [9, 18], "uv_size": [2, 1]},
								"west": {"uv": [8, 22], "uv_size": [1, 1]},
								"up": {"uv": [5, 19], "uv_size": [2, 1]},
								"down": {"uv": [9, 20], "uv_size": [2, -1]}
							}
						},
						{
							"origin": [0.34978, 19.82217, -36.49742],
							"size": [0.375, 0.2, 0.573],
							"pivot": [0, 18.34279, -33.06092],
							"rotation": [119.74276, 40.96653, 20.53628],
							"uv": {
								"north": {"uv": [22, 8], "uv_size": [1, 1]},
								"east": {"uv": [9, 22], "uv_size": [1, 1]},
								"south": {"uv": [22, 9], "uv_size": [1, 1]},
								"west": {"uv": [10, 22], "uv_size": [1, 1]},
								"up": {"uv": [22, 10], "uv_size": [1, 1]},
								"down": {"uv": [11, 23], "uv_size": [1, -1]}
							}
						},
						{
							"origin": [-1.43516, 18.80796, -36.49742],
							"size": [1.395, 0.475, 0.573],
							"pivot": [0, 18.34279, -33.06092],
							"rotation": [180, -68, -90],
							"uv": {
								"north": {"uv": [22, 11], "uv_size": [1, 1]},
								"east": {"uv": [12, 22], "uv_size": [1, 1]},
								"south": {"uv": [22, 12], "uv_size": [1, 1]},
								"west": {"uv": [13, 22], "uv_size": [1, 1]},
								"up": {"uv": [22, 13], "uv_size": [1, 1]},
								"down": {"uv": [14, 23], "uv_size": [1, -1]}
							}
						},
						{
							"origin": [0.04016, 18.80796, -36.49742],
							"size": [1.395, 0.475, 0.573],
							"pivot": [0, 18.34279, -33.06092],
							"rotation": [180, 68, 90],
							"uv": {
								"north": {"uv": [22, 14], "uv_size": [1, 1]},
								"east": {"uv": [15, 22], "uv_size": [1, 1]},
								"south": {"uv": [22, 15], "uv_size": [1, 1]},
								"west": {"uv": [16, 22], "uv_size": [1, 1]},
								"up": {"uv": [22, 16], "uv_size": [1, 1]},
								"down": {"uv": [17, 23], "uv_size": [1, -1]}
							}
						},
						{
							"origin": [-2.43484, 12.92417, -34.11986],
							"size": [3.87, 0.475, 5.773],
							"pivot": [0, 12.45901, -30.68336],
							"rotation": [180, 68, 90],
							"uv": {
								"north": {"uv": [17, 8], "uv_size": [4, 1]},
								"east": {"uv": [1, 17], "uv_size": [6, 1]},
								"south": {"uv": [16, 17], "uv_size": [4, 1]},
								"west": {"uv": [17, 3], "uv_size": [6, 1]},
								"up": {"uv": [8, 0], "uv_size": [4, 6]},
								"down": {"uv": [8, 12], "uv_size": [4, -6]}
							}
						},
						{
							"origin": [-0.46016, 12.92417, -33.26986],
							"size": [2.545, 0.475, 3.773],
							"pivot": [0.175, 12.45901, -30.68336],
							"rotation": [180, -68, -90],
							"uv": {
								"north": {"uv": [21, 2], "uv_size": [3, 1]},
								"east": {"uv": [1, 18], "uv_size": [4, 1]},
								"south": {"uv": [4, 21], "uv_size": [3, 1]},
								"west": {"uv": [18, 14], "uv_size": [4, 1]},
								"up": {"uv": [12, 2], "uv_size": [3, 4]},
								"down": {"uv": [12, 10], "uv_size": [3, -4]}
							}
						},
						{
							"origin": [-2.08484, 12.92417, -33.26986],
							"size": [2.545, 0.475, 3.773],
							"pivot": [-0.175, 12.45901, -30.68336],
							"rotation": [180, 68, 90],
							"uv": {
								"north": {"uv": [21, 4], "uv_size": [3, 1]},
								"east": {"uv": [16, 18], "uv_size": [4, 1]},
								"south": {"uv": [21, 5], "uv_size": [3, 1]},
								"west": {"uv": [1, 19], "uv_size": [4, 1]},
								"up": {"uv": [8, 12], "uv_size": [3, 4]},
								"down": {"uv": [12, 14], "uv_size": [3, -4]}
							}
						}
					]
				},
				{
					"name": "_ca_grip",
					"parent": "main",
					"pivot": [0, 16.225, -29.65],
					"cubes": [
						{"origin": [-0.5, 14.725, -31.75], "size": [1, 1, 1], "uv": [12, 22]}
					]
				}
			]
		}
	]
}