{
	"format_version": "1.12.0",
	"minecraft:geometry": [
		{
			"description": {
				"identifier": "geometry.unknown",
				"texture_width": 32,
				"texture_height": 32,
				"visible_bounds_width": 8,
				"visible_bounds_height": 4,
				"visible_bounds_offset": [0, 1, 0]
			},
			"bones": [
				{
					"name": "main",
					"pivot": [0, 20, 35]
				},
				{
					"name": "gun",
					"parent": "main",
					"pivot": [1, 11, 34],
					"cubes": [
						{
							"origin": [-1.35, 18.35, -5.55],
							"size": [2.7, 1.1, 12.3],
							"uv": {
								"north": {"uv": [14, 6], "uv_size": [3, 1]},
								"east": {"uv": [6, 0], "uv_size": [12, 1]},
								"south": {"uv": [14, 7], "uv_size": [3, 1]},
								"west": {"uv": [6, 1], "uv_size": [12, 1]},
								"up": {"uv": [0, 0], "uv_size": [3, 12]},
								"down": {"uv": [3, 12], "uv_size": [3, -12]}
							}
						},
						{
							"origin": [-1.35, 17.35, -7.25],
							"size": [2.7, 2.1, 1.7],
							"uv": {
								"north": {"uv": [2, 12], "uv_size": [3, 2]},
								"east": {"uv": [12, 6], "uv_size": [2, 2]},
								"south": {"uv": [12, 2], "uv_size": [3, 2]},
								"west": {"uv": [8, 12], "uv_size": [2, 2]},
								"up": {"uv": [12, 4], "uv_size": [3, 2]},
								"down": {"uv": [5, 14], "uv_size": [3, -2]}
							}
						},
						{
							"origin": [-1.35, 15.9, -5.55],
							"size": [2.7, 1.45, 1],
							"inflate": -0.001,
							"pivot": [1.35, 17.35, -5.55],
							"rotation": [133.75, 0, 0],
							"uv": {
								"north": {"uv": [8, 14], "uv_size": [3, 1]},
								"east": {"uv": [14, 16], "uv_size": [1, 1]},
								"south": {"uv": [14, 8], "uv_size": [3, 1]},
								"west": {"uv": [15, 16], "uv_size": [1, 1]},
								"up": {"uv": [14, 9], "uv_size": [3, 1]},
								"down": {"uv": [14, 11], "uv_size": [3, -1]}
							}
						},
						{
							"origin": [-1.1, 11.65, -1.75],
							"size": [2.2, 5.5, 1.7],
							"pivot": [1.1, 17.95, -1.75],
							"rotation": [48.5, 0, 0],
							"uv": {
								"north": {"uv": [6, 2], "uv_size": [2, 5]},
								"east": {"uv": [6, 7], "uv_size": [2, 5]},
								"south": {"uv": [8, 2], "uv_size": [2, 5]},
								"west": {"uv": [8, 7], "uv_size": [2, 5]},
								"up": {"uv": [12, 8], "uv_size": [2, 2]},
								"down": {"uv": [12, 12], "uv_size": [2, -2]}
							}
						},
						{
							"origin": [-1.1, 14.95, 5.95],
							"size": [2.2, 4.3, 1.72],
							"pivot": [1.1, 20.15, 5.95],
							"rotation": [-38.5, 0, 0],
							"uv": {
								"north": {"uv": [10, 2], "uv_size": [2, 4]},
								"east": {"uv": [10, 6], "uv_size": [2, 4]},
								"south": {"uv": [10, 10], "uv_size": [2, 4]},
								"west": {"uv": [0, 12], "uv_size": [2, 4]},
								"up": {"uv": [4, 14], "uv_size": [2, 2]},
								"down": {"uv": [6, 16], "uv_size": [2, -2]}
							}
						},
						{
							"origin": [-1.1, 13.75, 5.75],
							"size": [2.2, 0.9, 0.12],
							"pivot": [1.1, 18.45, 4.15],
							"rotation": [-34.5, 0, 0],
							"uv": {
								"north": {"uv": [16, 11], "uv_size": [2, 1]},
								"east": {"uv": [7, 17], "uv_size": [1, 1]},
								"south": {"uv": [12, 16], "uv_size": [2, 1]},
								"west": {"uv": [17, 7], "uv_size": [1, 1]},
								"up": {"uv": [16, 12], "uv_size": [2, 1]},
								"down": {"uv": [16, 14], "uv_size": [2, -1]}
							}
						},
						{
							"origin": [-1.1, 17.1, 0.85],
							"size": [2.2, 0.1, 0.2],
							"pivot": [1.1, 17.95, -1.05],
							"rotation": [48.5, 0, 0],
							"uv": {
								"north": {"uv": [11, 14], "uv_size": [2, 1]},
								"east": {"uv": [16, 15], "uv_size": [1, 1]},
								"south": {"uv": [14, 11], "uv_size": [2, 1]},
								"west": {"uv": [16, 16], "uv_size": [1, 1]},
								"up": {"uv": [14, 12], "uv_size": [2, 1]},
								"down": {"uv": [13, 15], "uv_size": [2, -1]}
							}
						},
						{
							"origin": [-1.1, 17.1, -1.75],
							"size": [2.2, 1.3, 1.3],
							"pivot": [1.1, 17.95, -1.75],
							"rotation": [48.5, 0, 0],
							"uv": {
								"north": {"uv": [14, 15], "uv_size": [2, 1]},
								"east": {"uv": [6, 17], "uv_size": [1, 1]},
								"south": {"uv": [15, 14], "uv_size": [2, 1]},
								"west": {"uv": [17, 6], "uv_size": [1, 1]},
								"up": {"uv": [0, 16], "uv_size": [2, 1]},
								"down": {"uv": [2, 17], "uv_size": [2, -1]}
							}
						},
						{
							"origin": [-1.1, 18.4, -1.75],
							"size": [2.2, 0.2, 1.1],
							"pivot": [1.1, 17.95, -1.75],
							"rotation": [48.5, 0, 0],
							"uv": {
								"north": {"uv": [15, 5], "uv_size": [2, 1]},
								"east": {"uv": [5, 17], "uv_size": [1, 1]},
								"south": {"uv": [8, 15], "uv_size": [2, 1]},
								"west": {"uv": [17, 5], "uv_size": [1, 1]},
								"up": {"uv": [10, 15], "uv_size": [2, 1]},
								"down": {"uv": [12, 16], "uv_size": [2, -1]}
							}
						},
						{
							"origin": [-1.1, 15.975, -1],
							"size": [2.2, 0.6, 0.7],
							"inflate": -0.001,
							"pivot": [1.1, 16.725, -1],
							"rotation": [85, 0, 0],
							"uv": {
								"north": {"uv": [14, 13], "uv_size": [2, 1]},
								"east": {"uv": [0, 17], "uv_size": [1, 1]},
								"south": {"uv": [15, 2], "uv_size": [2, 1]},
								"west": {"uv": [1, 17], "uv_size": [1, 1]},
								"up": {"uv": [15, 3], "uv_size": [2, 1]},
								"down": {"uv": [15, 5], "uv_size": [2, -1]}
							}
						},
						{
							"origin": [-1.1, 12.94, 1.8],
							"size": [2.2, 0.9, 1.7],
							"inflate": -0.001,
							"pivot": [1.1, 14.025, 1.9],
							"rotation": [70, 0, 0],
							"uv": {
								"north": {"uv": [4, 16], "uv_size": [2, 1]},
								"east": {"uv": [6, 16], "uv_size": [2, 1]},
								"south": {"uv": [8, 16], "uv_size": [2, 1]},
								"west": {"uv": [10, 16], "uv_size": [2, 1]},
								"up": {"uv": [12, 12], "uv_size": [2, 2]},
								"down": {"uv": [2, 16], "uv_size": [2, -2]}
							}
						}
					]
				},
				{
					"name": "_ca_grip",
					"parent": "main",
					"pivot": [-1, 21.425, 8.65],
					"cubes": [
						{
							"origin": [-0.5, 18.2, -0.1],
							"size": [1, 1, 1],
							"uv": {
								"north": {"uv": [2, 17], "uv_size": [1, 1]},
								"east": {"uv": [17, 2], "uv_size": [1, 1]},
								"south": {"uv": [3, 17], "uv_size": [1, 1]},
								"west": {"uv": [17, 3], "uv_size": [1, 1]},
								"up": {"uv": [4, 17], "uv_size": [1, 1]},
								"down": {"uv": [17, 5], "uv_size": [1, -1]}
							}
						}
					]
				}
			]
		}
	]
}