{
	"format_version": "1.12.0",
	"minecraft:geometry": [
		{
			"description": {
				"identifier": "geometry.unknown",
				"texture_width": 32,
				"texture_height": 32,
				"visible_bounds_width": 8,
				"visible_bounds_height": 4,
				"visible_bounds_offset": [0, 1, 0]
			},
			"bones": [
				{
					"name": "main",
					"pivot": [0, 20, 0]
				},
				{
					"name": "_ca_grip",
					"parent": "main",
					"pivot": [0, 19.625, -31.15],
					"cubes": [
						{
							"origin": [-0.5, 19.325, -31.65],
							"size": [1, 1, 1],
							"uv": {
								"north": {"uv": [6, 20], "uv_size": [1, 1]},
								"east": {"uv": [20, 6], "uv_size": [1, 1]},
								"south": {"uv": [7, 20], "uv_size": [1, 1]},
								"west": {"uv": [20, 7], "uv_size": [1, 1]},
								"up": {"uv": [8, 20], "uv_size": [1, 1]},
								"down": {"uv": [20, 9], "uv_size": [1, -1]}
							}
						}
					]
				},
				{
					"name": "bone16",
					"parent": "main",
					"pivot": [0, 17.6247, -29.98694],
					"cubes": [
						{
							"origin": [-1.225, 19.95, -34.8],
							"size": [2.45, 0.6, 6.85],
							"inflate": -0.2,
							"uv": {
								"north": {"uv": [0, 11], "uv_size": [2, 1]},
								"east": {"uv": [8, 4], "uv_size": [7, 1]},
								"south": {"uv": [6, 11], "uv_size": [2, 1]},
								"west": {"uv": [8, 5], "uv_size": [7, 1]},
								"up": {"uv": [0, 0], "uv_size": [2, 7]},
								"down": {"uv": [2, 7], "uv_size": [2, -7]}
							}
						},
						{
							"origin": [-1.225, 19.04331, -34.86953],
							"size": [2.45, 0.925, 4.975],
							"inflate": -0.2,
							"pivot": [0, 19.68081, -31.46953],
							"rotation": [-10.5, 0, 0],
							"uv": {
								"north": {"uv": [6, 12], "uv_size": [2, 1]},
								"east": {"uv": [10, 0], "uv_size": [5, 1]},
								"south": {"uv": [12, 6], "uv_size": [2, 1]},
								"west": {"uv": [10, 1], "uv_size": [5, 1]},
								"up": {"uv": [4, 0], "uv_size": [2, 5]},
								"down": {"uv": [4, 10], "uv_size": [2, -5]}
							}
						},
						{
							"origin": [-1.225, 19.625, -34.975],
							"size": [2.45, 0.925, 0.575],
							"inflate": -0.2,
							"uv": {
								"north": {"uv": [12, 7], "uv_size": [2, 1]},
								"east": {"uv": [9, 20], "uv_size": [1, 1]},
								"south": {"uv": [8, 12], "uv_size": [2, 1]},
								"west": {"uv": [20, 9], "uv_size": [1, 1]},
								"up": {"uv": [12, 8], "uv_size": [2, 1]},
								"down": {"uv": [12, 10], "uv_size": [2, -1]}
							}
						},
						{
							"origin": [-1.225, 17.80667, -31.12067],
							"size": [2.45, 0.925, 1.65],
							"inflate": -0.2,
							"pivot": [0, 18.26917, -29.49567],
							"rotation": [-45, 0, 0],
							"uv": {
								"north": {"uv": [10, 12], "uv_size": [2, 1]},
								"east": {"uv": [12, 10], "uv_size": [2, 1]},
								"south": {"uv": [12, 11], "uv_size": [2, 1]},
								"west": {"uv": [12, 12], "uv_size": [2, 1]},
								"up": {"uv": [2, 10], "uv_size": [2, 2]},
								"down": {"uv": [10, 4], "uv_size": [2, -2]}
							}
						},
						{
							"origin": [-1.225, 16.95316, -30.9788],
							"size": [2.45, 0.925, 1.3],
							"inflate": -0.2,
							"pivot": [0, 17.41566, -29.3538],
							"rotation": [-65, 0, 0],
							"uv": {
								"north": {"uv": [0, 13], "uv_size": [2, 1]},
								"east": {"uv": [10, 20], "uv_size": [1, 1]},
								"south": {"uv": [2, 13], "uv_size": [2, 1]},
								"west": {"uv": [20, 10], "uv_size": [1, 1]},
								"up": {"uv": [4, 13], "uv_size": [2, 1]},
								"down": {"uv": [6, 14], "uv_size": [2, -1]}
							}
						},
						{
							"origin": [-1.225, 15.95121, -31.4655],
							"size": [2.45, 0.925, 0.925],
							"inflate": -0.2,
							"pivot": [0, 16.41371, -30.2155],
							"rotation": [-113.25, 0, 0],
							"uv": {
								"north": {"uv": [8, 13], "uv_size": [2, 1]},
								"east": {"uv": [11, 20], "uv_size": [1, 1]},
								"south": {"uv": [10, 13], "uv_size": [2, 1]},
								"west": {"uv": [20, 11], "uv_size": [1, 1]},
								"up": {"uv": [12, 13], "uv_size": [2, 1]},
								"down": {"uv": [0, 15], "uv_size": [2, -1]}
							}
						},
						{
							"origin": [-1.225, 16.5997, -30.44944],
							"size": [2.45, 0.6, 2.025],
							"inflate": -0.2,
							"uv": {
								"north": {"uv": [2, 14], "uv_size": [2, 1]},
								"east": {"uv": [4, 14], "uv_size": [2, 1]},
								"south": {"uv": [6, 14], "uv_size": [2, 1]},
								"west": {"uv": [14, 6], "uv_size": [2, 1]},
								"up": {"uv": [4, 10], "uv_size": [2, 2]},
								"down": {"uv": [10, 8], "uv_size": [2, -2]}
							}
						},
						{
							"origin": [-1.225, 16.66552, -31.06262],
							"size": [2.45, 1.575, 3.825],
							"inflate": -0.2,
							"pivot": [0, 17.94052, -28.57512],
							"rotation": [-97.5, 0, 0],
							"uv": {
								"north": {"uv": [10, 8], "uv_size": [2, 2]},
								"east": {"uv": [6, 0], "uv_size": [4, 2]},
								"south": {"uv": [10, 10], "uv_size": [2, 2]},
								"west": {"uv": [6, 2], "uv_size": [4, 2]},
								"up": {"uv": [6, 4], "uv_size": [2, 4]},
								"down": {"uv": [0, 11], "uv_size": [2, -4]}
							}
						},
						{
							"origin": [-1.225, 19.15, -31.775],
							"size": [2.45, 1.2, 2.8],
							"inflate": -0.2,
							"uv": {
								"north": {"uv": [14, 7], "uv_size": [2, 1]},
								"east": {"uv": [0, 12], "uv_size": [3, 1]},
								"south": {"uv": [8, 14], "uv_size": [2, 1]},
								"west": {"uv": [12, 2], "uv_size": [3, 1]},
								"up": {"uv": [2, 7], "uv_size": [2, 3]},
								"down": {"uv": [6, 11], "uv_size": [2, -3]}
							}
						},
						{
							"origin": [-1.225, 19.525, -33.7],
							"size": [2.45, 0.825, 2.8],
							"inflate": -0.2,
							"uv": {
								"north": {"uv": [14, 8], "uv_size": [2, 1]},
								"east": {"uv": [3, 12], "uv_size": [3, 1]},
								"south": {"uv": [14, 9], "uv_size": [2, 1]},
								"west": {"uv": [12, 3], "uv_size": [3, 1]},
								"up": {"uv": [8, 6], "uv_size": [2, 3]},
								"down": {"uv": [8, 12], "uv_size": [2, -3]}
							}
						},
						{
							"origin": [-1.225, 18.425, -30.05],
							"size": [2.45, 1.2, 1.075],
							"inflate": -0.2,
							"uv": {
								"north": {"uv": [10, 14], "uv_size": [2, 1]},
								"east": {"uv": [12, 20], "uv_size": [1, 1]},
								"south": {"uv": [14, 10], "uv_size": [2, 1]},
								"west": {"uv": [20, 12], "uv_size": [1, 1]},
								"up": {"uv": [14, 11], "uv_size": [2, 1]},
								"down": {"uv": [12, 15], "uv_size": [2, -1]}
							}
						},
						{
							"origin": [-1.225, 18.75, -30.5],
							"size": [2.45, 0.875, 1.075],
							"inflate": -0.2,
							"uv": {
								"north": {"uv": [14, 12], "uv_size": [2, 1]},
								"east": {"uv": [13, 20], "uv_size": [1, 1]},
								"south": {"uv": [14, 13], "uv_size": [2, 1]},
								"west": {"uv": [20, 13], "uv_size": [1, 1]},
								"up": {"uv": [14, 14], "uv_size": [2, 1]},
								"down": {"uv": [0, 16], "uv_size": [2, -1]}
							}
						},
						{
							"origin": [-0.95, 19.1747, -34.77444],
							"size": [1.9, 0.6, 0.525],
							"inflate": -0.2,
							"pivot": [0, 19.4747, -32.71194],
							"rotation": [-10.5, 0, 0],
							"uv": {
								"north": {"uv": [20, 17], "uv_size": [-2, 1]},
								"east": {"uv": [20, 17], "uv_size": [-2, 1]},
								"south": {"uv": [20, 17], "uv_size": [-2, 1]},
								"west": {"uv": [20, 17], "uv_size": [-2, 1]},
								"up": {"uv": [18, 18], "uv_size": [2, -1]},
								"down": {"uv": [18, 18], "uv_size": [2, -1]}
							}
						},
						{
							"origin": [-0.95, 19.1747, -34.47444],
							"size": [1.9, 0.6, 0.525],
							"inflate": -0.2,
							"pivot": [0, 19.4747, -32.71194],
							"rotation": [-10.5, 0, 0],
							"uv": {
								"north": {"uv": [20, 17], "uv_size": [-2, 1]},
								"east": {"uv": [20, 17], "uv_size": [-2, 1]},
								"south": {"uv": [20, 17], "uv_size": [-2, 1]},
								"west": {"uv": [20, 17], "uv_size": [-2, 1]},
								"up": {"uv": [18, 18], "uv_size": [2, -1]},
								"down": {"uv": [18, 18], "uv_size": [2, -1]}
							}
						},
						{
							"origin": [-0.95, 19.1747, -34.17444],
							"size": [1.9, 0.6, 0.525],
							"inflate": -0.2,
							"pivot": [0, 19.4747, -32.71194],
							"rotation": [-10.5, 0, 0],
							"uv": {
								"north": {"uv": [20, 17], "uv_size": [-2, 1]},
								"east": {"uv": [20, 17], "uv_size": [-2, 1]},
								"south": {"uv": [20, 17], "uv_size": [-2, 1]},
								"west": {"uv": [20, 17], "uv_size": [-2, 1]},
								"up": {"uv": [18, 18], "uv_size": [2, -1]},
								"down": {"uv": [18, 18], "uv_size": [2, -1]}
							}
						},
						{
							"origin": [-0.95, 19.1747, -33.87444],
							"size": [1.9, 0.6, 0.525],
							"inflate": -0.2,
							"pivot": [0, 19.4747, -32.71194],
							"rotation": [-10.5, 0, 0],
							"uv": {
								"north": {"uv": [20, 17], "uv_size": [-2, 1]},
								"east": {"uv": [20, 17], "uv_size": [-2, 1]},
								"south": {"uv": [20, 17], "uv_size": [-2, 1]},
								"west": {"uv": [20, 17], "uv_size": [-2, 1]},
								"up": {"uv": [18, 18], "uv_size": [2, -1]},
								"down": {"uv": [18, 18], "uv_size": [2, -1]}
							}
						},
						{
							"origin": [-0.95, 19.1747, -33.57444],
							"size": [1.9, 0.6, 0.525],
							"inflate": -0.2,
							"pivot": [0, 19.4747, -32.71194],
							"rotation": [-10.5, 0, 0],
							"uv": {
								"north": {"uv": [20, 17], "uv_size": [-2, 1]},
								"east": {"uv": [20, 17], "uv_size": [-2, 1]},
								"south": {"uv": [20, 17], "uv_size": [-2, 1]},
								"west": {"uv": [20, 17], "uv_size": [-2, 1]},
								"up": {"uv": [18, 18], "uv_size": [2, -1]},
								"down": {"uv": [18, 18], "uv_size": [2, -1]}
							}
						},
						{
							"origin": [-0.95, 19.1747, -33.27444],
							"size": [1.9, 0.6, 0.525],
							"inflate": -0.2,
							"pivot": [0, 19.4747, -32.71194],
							"rotation": [-10.5, 0, 0],
							"uv": {
								"north": {"uv": [20, 17], "uv_size": [-2, 1]},
								"east": {"uv": [20, 17], "uv_size": [-2, 1]},
								"south": {"uv": [20, 17], "uv_size": [-2, 1]},
								"west": {"uv": [20, 17], "uv_size": [-2, 1]},
								"up": {"uv": [18, 18], "uv_size": [2, -1]},
								"down": {"uv": [18, 18], "uv_size": [2, -1]}
							}
						},
						{
							"origin": [-0.95, 19.1747, -32.97444],
							"size": [1.9, 0.6, 0.525],
							"inflate": -0.2,
							"pivot": [0, 19.4747, -32.71194],
							"rotation": [-10.5, 0, 0],
							"uv": {
								"north": {"uv": [20, 17], "uv_size": [-2, 1]},
								"east": {"uv": [20, 17], "uv_size": [-2, 1]},
								"south": {"uv": [20, 17], "uv_size": [-2, 1]},
								"west": {"uv": [20, 17], "uv_size": [-2, 1]},
								"up": {"uv": [18, 18], "uv_size": [2, -1]},
								"down": {"uv": [18, 18], "uv_size": [2, -1]}
							}
						},
						{
							"origin": [-0.95, 19.1747, -32.67444],
							"size": [1.9, 0.6, 0.525],
							"inflate": -0.2,
							"pivot": [0, 19.4747, -32.71194],
							"rotation": [-10.5, 0, 0],
							"uv": {
								"north": {"uv": [20, 17], "uv_size": [-2, 1]},
								"east": {"uv": [20, 17], "uv_size": [-2, 1]},
								"south": {"uv": [20, 17], "uv_size": [-2, 1]},
								"west": {"uv": [20, 17], "uv_size": [-2, 1]},
								"up": {"uv": [18, 18], "uv_size": [2, -1]},
								"down": {"uv": [18, 18], "uv_size": [2, -1]}
							}
						},
						{
							"origin": [-0.95, 19.1747, -32.37444],
							"size": [1.9, 0.6, 0.525],
							"inflate": -0.2,
							"pivot": [0, 19.4747, -32.71194],
							"rotation": [-10.5, 0, 0],
							"uv": {
								"north": {"uv": [20, 17], "uv_size": [-2, 1]},
								"east": {"uv": [20, 17], "uv_size": [-2, 1]},
								"south": {"uv": [20, 17], "uv_size": [-2, 1]},
								"west": {"uv": [20, 17], "uv_size": [-2, 1]},
								"up": {"uv": [18, 18], "uv_size": [2, -1]},
								"down": {"uv": [18, 18], "uv_size": [2, -1]}
							}
						},
						{
							"origin": [-0.95, 19.1747, -32.07444],
							"size": [1.9, 0.6, 0.525],
							"inflate": -0.2,
							"pivot": [0, 19.4747, -32.71194],
							"rotation": [-10.5, 0, 0],
							"uv": {
								"north": {"uv": [20, 17], "uv_size": [-2, 1]},
								"east": {"uv": [20, 17], "uv_size": [-2, 1]},
								"south": {"uv": [20, 17], "uv_size": [-2, 1]},
								"west": {"uv": [20, 17], "uv_size": [-2, 1]},
								"up": {"uv": [18, 18], "uv_size": [2, -1]},
								"down": {"uv": [18, 18], "uv_size": [2, -1]}
							}
						},
						{
							"origin": [-0.95, 19.1747, -31.77444],
							"size": [1.9, 0.6, 0.525],
							"inflate": -0.2,
							"pivot": [0, 19.4747, -32.71194],
							"rotation": [-10.5, 0, 0],
							"uv": {
								"north": {"uv": [20, 17], "uv_size": [-2, 1]},
								"east": {"uv": [20, 17], "uv_size": [-2, 1]},
								"south": {"uv": [20, 17], "uv_size": [-2, 1]},
								"west": {"uv": [20, 17], "uv_size": [-2, 1]},
								"up": {"uv": [18, 18], "uv_size": [2, -1]},
								"down": {"uv": [18, 18], "uv_size": [2, -1]}
							}
						},
						{
							"origin": [-0.95, 19.1747, -31.47444],
							"size": [1.9, 0.6, 0.525],
							"inflate": -0.2,
							"pivot": [0, 19.4747, -32.71194],
							"rotation": [-10.5, 0, 0],
							"uv": {
								"north": {"uv": [20, 17], "uv_size": [-2, 1]},
								"east": {"uv": [20, 17], "uv_size": [-2, 1]},
								"south": {"uv": [20, 17], "uv_size": [-2, 1]},
								"west": {"uv": [20, 17], "uv_size": [-2, 1]},
								"up": {"uv": [18, 18], "uv_size": [2, -1]},
								"down": {"uv": [18, 18], "uv_size": [2, -1]}
							}
						},
						{
							"origin": [-0.95, 19.1747, -31.17444],
							"size": [1.9, 0.6, 0.525],
							"inflate": -0.2,
							"pivot": [0, 19.4747, -32.71194],
							"rotation": [-10.5, 0, 0],
							"uv": {
								"north": {"uv": [20, 17], "uv_size": [-2, 1]},
								"east": {"uv": [20, 17], "uv_size": [-2, 1]},
								"south": {"uv": [20, 17], "uv_size": [-2, 1]},
								"west": {"uv": [20, 17], "uv_size": [-2, 1]},
								"up": {"uv": [18, 18], "uv_size": [2, -1]},
								"down": {"uv": [18, 18], "uv_size": [2, -1]}
							}
						},
						{
							"origin": [-0.95, 18.5247, -30.97444],
							"size": [1.9, 0.6, 0.525],
							"inflate": -0.2,
							"pivot": [0, 18.8247, -30.41194],
							"rotation": [-45, 0, 0],
							"uv": {
								"north": {"uv": [20, 17], "uv_size": [-2, 1]},
								"east": {"uv": [20, 17], "uv_size": [-2, 1]},
								"south": {"uv": [20, 17], "uv_size": [-2, 1]},
								"west": {"uv": [20, 17], "uv_size": [-2, 1]},
								"up": {"uv": [18, 18], "uv_size": [2, -1]},
								"down": {"uv": [18, 18], "uv_size": [2, -1]}
							}
						},
						{
							"origin": [-0.95, 18.5247, -30.67444],
							"size": [1.9, 0.6, 0.525],
							"inflate": -0.2,
							"pivot": [0, 18.8247, -30.41194],
							"rotation": [-45, 0, 0],
							"uv": {
								"north": {"uv": [20, 17], "uv_size": [-2, 1]},
								"east": {"uv": [20, 17], "uv_size": [-2, 1]},
								"south": {"uv": [20, 17], "uv_size": [-2, 1]},
								"west": {"uv": [20, 17], "uv_size": [-2, 1]},
								"up": {"uv": [18, 18], "uv_size": [2, -1]},
								"down": {"uv": [18, 18], "uv_size": [2, -1]}
							}
						},
						{
							"origin": [-0.95, 18.5247, -30.37444],
							"size": [1.9, 0.6, 0.525],
							"inflate": -0.2,
							"pivot": [0, 18.8247, -30.41194],
							"rotation": [-45, 0, 0],
							"uv": {
								"north": {"uv": [20, 17], "uv_size": [-2, 1]},
								"east": {"uv": [20, 17], "uv_size": [-2, 1]},
								"south": {"uv": [20, 17], "uv_size": [-2, 1]},
								"west": {"uv": [20, 17], "uv_size": [-2, 1]},
								"up": {"uv": [18, 18], "uv_size": [2, -1]},
								"down": {"uv": [18, 18], "uv_size": [2, -1]}
							}
						},
						{
							"origin": [-0.95, 17.3247, -29.97444],
							"size": [1.9, 0.6, 0.525],
							"inflate": -0.2,
							"pivot": [0, 17.6247, -30.01194],
							"rotation": [-98.75, 0, 0],
							"uv": {
								"north": {"uv": [20, 17], "uv_size": [-2, 1]},
								"east": {"uv": [20, 17], "uv_size": [-2, 1]},
								"south": {"uv": [20, 17], "uv_size": [-2, 1]},
								"west": {"uv": [20, 17], "uv_size": [-2, 1]},
								"up": {"uv": [18, 18], "uv_size": [2, -1]},
								"down": {"uv": [18, 18], "uv_size": [2, -1]}
							}
						},
						{
							"origin": [-0.95, 17.9997, -30.44944],
							"size": [1.9, 0.6, 0.525],
							"inflate": -0.2,
							"pivot": [0, 18.2997, -30.03694],
							"rotation": [-65, 0, 0],
							"uv": {
								"north": {"uv": [20, 17], "uv_size": [-2, 1]},
								"east": {"uv": [20, 17], "uv_size": [-2, 1]},
								"south": {"uv": [20, 17], "uv_size": [-2, 1]},
								"west": {"uv": [20, 17], "uv_size": [-2, 1]},
								"up": {"uv": [18, 18], "uv_size": [2, -1]},
								"down": {"uv": [18, 18], "uv_size": [2, -1]}
							}
						},
						{
							"origin": [-0.95, 17.9997, -30.14944],
							"size": [1.9, 0.6, 0.525],
							"inflate": -0.2,
							"pivot": [0, 18.2997, -30.03694],
							"rotation": [-65, 0, 0],
							"uv": {
								"north": {"uv": [20, 17], "uv_size": [-2, 1]},
								"east": {"uv": [20, 17], "uv_size": [-2, 1]},
								"south": {"uv": [20, 17], "uv_size": [-2, 1]},
								"west": {"uv": [20, 17], "uv_size": [-2, 1]},
								"up": {"uv": [18, 18], "uv_size": [2, -1]},
								"down": {"uv": [18, 18], "uv_size": [2, -1]}
							}
						},
						{
							"origin": [-1.225, 16.16423, -31.53326],
							"size": [2.45, 0.925, 1.325],
							"inflate": -0.2,
							"pivot": [0, 16.62673, -29.90826],
							"rotation": [-98.75, 0, 0],
							"uv": {
								"north": {"uv": [19, 4], "uv_size": [2, 1]},
								"east": {"uv": [21, 12], "uv_size": [1, 1]},
								"south": {"uv": [19, 5], "uv_size": [2, 1]},
								"west": {"uv": [13, 21], "uv_size": [1, 1]},
								"up": {"uv": [6, 19], "uv_size": [2, 1]},
								"down": {"uv": [8, 20], "uv_size": [2, -1]}
							}
						},
						{
							"origin": [-0.95, 17.3247, -30.24944],
							"size": [1.9, 0.6, 0.525],
							"inflate": -0.2,
							"pivot": [0, 17.6247, -29.98694],
							"rotation": [-98.75, 0, 0],
							"uv": {
								"north": {"uv": [20, 17], "uv_size": [-2, 1]},
								"east": {"uv": [20, 17], "uv_size": [-2, 1]},
								"south": {"uv": [20, 17], "uv_size": [-2, 1]},
								"west": {"uv": [20, 17], "uv_size": [-2, 1]},
								"up": {"uv": [18, 18], "uv_size": [2, -1]},
								"down": {"uv": [18, 18], "uv_size": [2, -1]}
							}
						},
						{
							"origin": [-0.95, 17.3247, -30.54944],
							"size": [1.9, 0.6, 0.525],
							"inflate": -0.2,
							"pivot": [0, 17.6247, -29.98694],
							"rotation": [-98.75, 0, 0],
							"uv": {
								"north": {"uv": [20, 17], "uv_size": [-2, 1]},
								"east": {"uv": [20, 17], "uv_size": [-2, 1]},
								"south": {"uv": [20, 17], "uv_size": [-2, 1]},
								"west": {"uv": [20, 17], "uv_size": [-2, 1]},
								"up": {"uv": [18, 18], "uv_size": [2, -1]},
								"down": {"uv": [18, 18], "uv_size": [2, -1]}
							}
						}
					]
				}
			]
		}
	]
}