{
	"format_version": "1.12.0",
	"minecraft:geometry": [
		{
			"description": {
				"identifier": "geometry.unknown",
				"texture_width": 32,
				"texture_height": 32,
				"visible_bounds_width": 8,
				"visible_bounds_height": 4,
				"visible_bounds_offset": [0, 1, 0]
			},
			"bones": [
				{
					"name": "main",
					"pivot": [0, 20, 62.9]
				},
				{
					"name": "gun",
					"parent": "main",
					"pivot": [1, 10.5, 34],
					"cubes": [
						{
							"origin": [-1.45575, 18.98925, -3.125],
							"size": [2.8215, 1.2705, 4.29],
							"uv": {
								"north": {"uv": [16, 10], "uv_size": [3, 1]},
								"east": {"uv": [13, 0], "uv_size": [4, 1]},
								"south": {"uv": [16, 11], "uv_size": [3, 1]},
								"west": {"uv": [13, 1], "uv_size": [4, 1]},
								"up": {"uv": [0, 0], "uv_size": [3, 4]},
								"down": {"uv": [3, 4], "uv_size": [3, -4]}
							}
						},
						{
							"origin": [-1.2467, 16.15965, -0.0449],
							"size": [2.40341, 2.02094, 1.0998],
							"inflate": -0.001,
							"pivot": [1.57475, 17.83425, -0.045],
							"rotation": [133.75, 0, 0],
							"uv": {
								"north": {"uv": [13, 6], "uv_size": [2, 2]},
								"east": {"uv": [9, 16], "uv_size": [1, 2]},
								"south": {"uv": [13, 8], "uv_size": [2, 2]},
								"west": {"uv": [14, 16], "uv_size": [1, 2]},
								"up": {"uv": [17, 8], "uv_size": [2, 1]},
								"down": {"uv": [17, 10], "uv_size": [2, -1]}
							}
						},
						{
							"origin": [-1.2467, 16.15965, -3.0149],
							"size": [2.40341, 2.13644, 1.0998],
							"inflate": -0.001,
							"pivot": [1.57475, 17.83425, -1.915],
							"rotation": [-133.75, 0, 0],
							"uv": {
								"north": {"uv": [13, 10], "uv_size": [2, 2]},
								"east": {"uv": [16, 17], "uv_size": [1, 2]},
								"south": {"uv": [12, 13], "uv_size": [2, 2]},
								"west": {"uv": [17, 17], "uv_size": [1, 2]},
								"up": {"uv": [0, 18], "uv_size": [2, 1]},
								"down": {"uv": [2, 19], "uv_size": [2, -1]}
							}
						},
						{
							"origin": [-1.1945, 17.5455, -2.465],
							"size": [2.299, 0.1155, 0.22],
							"pivot": [1.1045, 18.52725, -4.555],
							"rotation": [48.5, 0, 0],
							"uv": {
								"north": {"uv": [4, 18], "uv_size": [2, 1]},
								"east": {"uv": [13, 12], "uv_size": [1, 1]},
								"south": {"uv": [6, 18], "uv_size": [2, 1]},
								"west": {"uv": [17, 20], "uv_size": [1, 1]},
								"up": {"uv": [8, 18], "uv_size": [2, 1]},
								"down": {"uv": [10, 19], "uv_size": [2, -1]}
							}
						}
					]
				},
				{
					"name": "bone",
					"parent": "gun",
					"pivot": [0.6865, 11.886, 27.73],
					"cubes": [
						{
							"origin": [-1.22615, 14.9173, -1.67235],
							"size": [2.42208, 4.13934, 1.44956],
							"uv": {
								"north": {"uv": [6, 5], "uv_size": [2, 4]},
								"east": {"uv": [9, 12], "uv_size": [1, 4]},
								"south": {"uv": [8, 0], "uv_size": [2, 4]},
								"west": {"uv": [13, 2], "uv_size": [1, 4]},
								"up": {"uv": [17, 6], "uv_size": [2, 1]},
								"down": {"uv": [17, 8], "uv_size": [2, -1]}
							}
						},
						{
							"origin": [-1.22615, 14.1088, -1.67235],
							"size": [2.42208, 0.44334, 1.44956],
							"uv": {
								"north": {"uv": [18, 18], "uv_size": [2, 1]},
								"east": {"uv": [1, 21], "uv_size": [1, 1]},
								"south": {"uv": [0, 19], "uv_size": [2, 1]},
								"west": {"uv": [21, 1], "uv_size": [1, 1]},
								"up": {"uv": [2, 19], "uv_size": [2, 1]},
								"down": {"uv": [4, 20], "uv_size": [2, -1]}
							}
						},
						{
							"origin": [-1.33065, 13.3003, -1.78235],
							"size": [2.63108, 0.44334, 1.66956],
							"uv": {
								"north": {"uv": [16, 12], "uv_size": [3, 1]},
								"east": {"uv": [6, 19], "uv_size": [2, 1]},
								"south": {"uv": [16, 13], "uv_size": [3, 1]},
								"west": {"uv": [19, 6], "uv_size": [2, 1]},
								"up": {"uv": [0, 9], "uv_size": [3, 2]},
								"down": {"uv": [3, 11], "uv_size": [3, -2]}
							}
						},
						{
							"origin": [0.78055, 13.3003, -2.28625],
							"size": [0.70015, 0.44334, 0.56956],
							"pivot": [0.76864, 13.72575, -2.28625],
							"rotation": [0, -42, 0],
							"uv": {
								"north": {"uv": [21, 9], "uv_size": [1, 1]},
								"east": {"uv": [10, 21], "uv_size": [1, 1]},
								"south": {"uv": [21, 10], "uv_size": [1, 1]},
								"west": {"uv": [21, 11], "uv_size": [1, 1]},
								"up": {"uv": [21, 12], "uv_size": [1, 1]},
								"down": {"uv": [21, 14], "uv_size": [1, -1]}
							}
						},
						{
							"origin": [-1.49755, 13.3003, -2.322],
							"size": [0.70015, 0.44334, 0.56956],
							"pivot": [-0.75414, 13.72575, -2.28625],
							"rotation": [0, 42, 0],
							"uv": {
								"north": {"uv": [21, 14], "uv_size": [1, 1]},
								"east": {"uv": [21, 15], "uv_size": [1, 1]},
								"south": {"uv": [21, 16], "uv_size": [1, 1]},
								"west": {"uv": [17, 21], "uv_size": [1, 1]},
								"up": {"uv": [21, 17], "uv_size": [1, 1]},
								"down": {"uv": [18, 22], "uv_size": [1, -1]}
							}
						},
						{
							"origin": [-1.4662, 13.3003, -0.1715],
							"size": [0.70015, 0.44334, 0.56956],
							"pivot": [-0.75414, 13.72575, 0.32625],
							"rotation": [0, -42, 0],
							"uv": {
								"north": {"uv": [21, 18], "uv_size": [1, 1]},
								"east": {"uv": [19, 21], "uv_size": [1, 1]},
								"south": {"uv": [21, 19], "uv_size": [1, 1]},
								"west": {"uv": [20, 21], "uv_size": [1, 1]},
								"up": {"uv": [21, 20], "uv_size": [1, 1]},
								"down": {"uv": [21, 22], "uv_size": [1, -1]}
							}
						},
						{
							"origin": [0.71785, 13.3003, -0.1275],
							"size": [0.70015, 0.44334, 0.56956],
							"pivot": [0.66414, 13.72575, 0.32625],
							"rotation": [0, 42, 0],
							"uv": {
								"north": {"uv": [0, 22], "uv_size": [1, 1]},
								"east": {"uv": [22, 0], "uv_size": [1, 1]},
								"south": {"uv": [1, 22], "uv_size": [1, 1]},
								"west": {"uv": [22, 1], "uv_size": [1, 1]},
								"up": {"uv": [2, 22], "uv_size": [1, 1]},
								"down": {"uv": [22, 3], "uv_size": [1, -1]}
							}
						},
						{
							"origin": [0.71785, 12.6073, -0.1275],
							"size": [0.70015, 0.44334, 0.56956],
							"pivot": [0.66414, 13.03275, 0.32625],
							"rotation": [0, 42, 0],
							"uv": {
								"north": {"uv": [12, 22], "uv_size": [1, 1]},
								"east": {"uv": [22, 12], "uv_size": [1, 1]},
								"south": {"uv": [13, 22], "uv_size": [1, 1]},
								"west": {"uv": [22, 13], "uv_size": [1, 1]},
								"up": {"uv": [14, 22], "uv_size": [1, 1]},
								"down": {"uv": [22, 15], "uv_size": [1, -1]}
							}
						},
						{
							"origin": [-1.4662, 12.6073, -0.1715],
							"size": [0.70015, 0.44334, 0.56956],
							"pivot": [-0.75414, 13.03275, 0.32625],
							"rotation": [0, -42, 0],
							"uv": {
								"north": {"uv": [9, 22], "uv_size": [1, 1]},
								"east": {"uv": [22, 9], "uv_size": [1, 1]},
								"south": {"uv": [10, 22], "uv_size": [1, 1]},
								"west": {"uv": [22, 10], "uv_size": [1, 1]},
								"up": {"uv": [11, 22], "uv_size": [1, 1]},
								"down": {"uv": [22, 12], "uv_size": [1, -1]}
							}
						},
						{
							"origin": [-1.49755, 12.6073, -2.322],
							"size": [0.70015, 0.44334, 0.56956],
							"pivot": [-0.75414, 13.03275, -2.28625],
							"rotation": [0, 42, 0],
							"uv": {
								"north": {"uv": [6, 22], "uv_size": [1, 1]},
								"east": {"uv": [22, 6], "uv_size": [1, 1]},
								"south": {"uv": [7, 22], "uv_size": [1, 1]},
								"west": {"uv": [22, 7], "uv_size": [1, 1]},
								"up": {"uv": [8, 22], "uv_size": [1, 1]},
								"down": {"uv": [22, 9], "uv_size": [1, -1]}
							}
						},
						{
							"origin": [0.78055, 12.6073, -2.28625],
							"size": [0.70015, 0.44334, 0.56956],
							"pivot": [0.76864, 13.03275, -2.28625],
							"rotation": [0, -42, 0],
							"uv": {
								"north": {"uv": [3, 22], "uv_size": [1, 1]},
								"east": {"uv": [22, 3], "uv_size": [1, 1]},
								"south": {"uv": [4, 22], "uv_size": [1, 1]},
								"west": {"uv": [22, 4], "uv_size": [1, 1]},
								"up": {"uv": [5, 22], "uv_size": [1, 1]},
								"down": {"uv": [22, 6], "uv_size": [1, -1]}
							}
						},
						{
							"origin": [0.71785, 11.7988, -0.1275],
							"size": [0.70015, 0.44334, 0.56956],
							"pivot": [0.66414, 12.22425, 0.32625],
							"rotation": [0, 42, 0],
							"uv": {
								"north": {"uv": [23, 1], "uv_size": [1, 1]},
								"east": {"uv": [2, 23], "uv_size": [1, 1]},
								"south": {"uv": [23, 2], "uv_size": [1, 1]},
								"west": {"uv": [3, 23], "uv_size": [1, 1]},
								"up": {"uv": [23, 3], "uv_size": [1, 1]},
								"down": {"uv": [4, 24], "uv_size": [1, -1]}
							}
						},
						{
							"origin": [-1.4662, 11.7988, -0.1715],
							"size": [0.70015, 0.44334, 0.56956],
							"pivot": [-0.75414, 12.22425, 0.32625],
							"rotation": [0, -42, 0],
							"uv": {
								"north": {"uv": [21, 22], "uv_size": [1, 1]},
								"east": {"uv": [22, 21], "uv_size": [1, 1]},
								"south": {"uv": [22, 22], "uv_size": [1, 1]},
								"west": {"uv": [0, 23], "uv_size": [1, 1]},
								"up": {"uv": [23, 0], "uv_size": [1, 1]},
								"down": {"uv": [1, 24], "uv_size": [1, -1]}
							}
						},
						{
							"origin": [-1.49755, 11.7988, -2.322],
							"size": [0.70015, 0.44334, 0.56956],
							"pivot": [-0.75414, 12.22425, -2.28625],
							"rotation": [0, 42, 0],
							"uv": {
								"north": {"uv": [18, 22], "uv_size": [1, 1]},
								"east": {"uv": [22, 18], "uv_size": [1, 1]},
								"south": {"uv": [19, 22], "uv_size": [1, 1]},
								"west": {"uv": [22, 19], "uv_size": [1, 1]},
								"up": {"uv": [20, 22], "uv_size": [1, 1]},
								"down": {"uv": [22, 21], "uv_size": [1, -1]}
							}
						},
						{
							"origin": [0.78055, 11.7988, -2.28625],
							"size": [0.70015, 0.44334, 0.56956],
							"pivot": [0.76864, 12.22425, -2.28625],
							"rotation": [0, -42, 0],
							"uv": {
								"north": {"uv": [15, 22], "uv_size": [1, 1]},
								"east": {"uv": [22, 15], "uv_size": [1, 1]},
								"south": {"uv": [16, 22], "uv_size": [1, 1]},
								"west": {"uv": [22, 16], "uv_size": [1, 1]},
								"up": {"uv": [17, 22], "uv_size": [1, 1]},
								"down": {"uv": [22, 18], "uv_size": [1, -1]}
							}
						},
						{
							"origin": [0.61335, 10.9903, -0.2375],
							"size": [0.70015, 0.44334, 0.56956],
							"pivot": [0.55964, 11.41575, 0.21625],
							"rotation": [0, 42, 0],
							"uv": {
								"north": {"uv": [23, 13], "uv_size": [1, 1]},
								"east": {"uv": [14, 23], "uv_size": [1, 1]},
								"south": {"uv": [23, 14], "uv_size": [1, 1]},
								"west": {"uv": [15, 23], "uv_size": [1, 1]},
								"up": {"uv": [23, 15], "uv_size": [1, 1]},
								"down": {"uv": [16, 24], "uv_size": [1, -1]}
							}
						},
						{
							"origin": [-1.3617, 10.9903, -0.2815],
							"size": [0.70015, 0.44334, 0.56956],
							"pivot": [-0.64964, 11.41575, 0.21625],
							"rotation": [0, -42, 0],
							"uv": {
								"north": {"uv": [23, 10], "uv_size": [1, 1]},
								"east": {"uv": [11, 23], "uv_size": [1, 1]},
								"south": {"uv": [23, 11], "uv_size": [1, 1]},
								"west": {"uv": [12, 23], "uv_size": [1, 1]},
								"up": {"uv": [23, 12], "uv_size": [1, 1]},
								"down": {"uv": [13, 24], "uv_size": [1, -1]}
							}
						},
						{
							"origin": [-1.39305, 10.9903, -2.212],
							"size": [0.70015, 0.44334, 0.56956],
							"pivot": [-0.64964, 11.41575, -2.17625],
							"rotation": [0, 42, 0],
							"uv": {
								"north": {"uv": [23, 7], "uv_size": [1, 1]},
								"east": {"uv": [8, 23], "uv_size": [1, 1]},
								"south": {"uv": [23, 8], "uv_size": [1, 1]},
								"west": {"uv": [9, 23], "uv_size": [1, 1]},
								"up": {"uv": [23, 9], "uv_size": [1, 1]},
								"down": {"uv": [10, 24], "uv_size": [1, -1]}
							}
						},
						{
							"origin": [0.67605, 10.9903, -2.17625],
							"size": [0.70015, 0.44334, 0.56956],
							"pivot": [0.66414, 11.41575, -2.17625],
							"rotation": [0, -42, 0],
							"uv": {
								"north": {"uv": [23, 4], "uv_size": [1, 1]},
								"east": {"uv": [5, 23], "uv_size": [1, 1]},
								"south": {"uv": [23, 5], "uv_size": [1, 1]},
								"west": {"uv": [6, 23], "uv_size": [1, 1]},
								"up": {"uv": [23, 6], "uv_size": [1, 1]},
								"down": {"uv": [7, 24], "uv_size": [1, -1]}
							}
						},
						{
							"origin": [-1.3617, 10.1818, -0.2815],
							"size": [0.70015, 0.44334, 0.56956],
							"pivot": [-0.64964, 10.60725, 0.21625],
							"rotation": [0, -42, 0],
							"uv": {
								"north": {"uv": [2, 24], "uv_size": [1, 1]},
								"east": {"uv": [24, 2], "uv_size": [1, 1]},
								"south": {"uv": [3, 24], "uv_size": [1, 1]},
								"west": {"uv": [24, 3], "uv_size": [1, 1]},
								"up": {"uv": [4, 24], "uv_size": [1, 1]},
								"down": {"uv": [24, 5], "uv_size": [1, -1]}
							}
						},
						{
							"origin": [-1.39305, 10.1818, -2.212],
							"size": [0.70015, 0.44334, 0.56956],
							"pivot": [-0.64964, 10.60725, -2.17625],
							"rotation": [0, 42, 0],
							"uv": {
								"north": {"uv": [23, 22], "uv_size": [1, 1]},
								"east": {"uv": [23, 23], "uv_size": [1, 1]},
								"south": {"uv": [0, 24], "uv_size": [1, 1]},
								"west": {"uv": [24, 0], "uv_size": [1, 1]},
								"up": {"uv": [1, 24], "uv_size": [1, 1]},
								"down": {"uv": [24, 2], "uv_size": [1, -1]}
							}
						},
						{
							"origin": [0.67605, 10.1818, -2.17625],
							"size": [0.70015, 0.44334, 0.56956],
							"pivot": [0.66414, 10.60725, -2.17625],
							"rotation": [0, -42, 0],
							"uv": {
								"north": {"uv": [23, 19], "uv_size": [1, 1]},
								"east": {"uv": [20, 23], "uv_size": [1, 1]},
								"south": {"uv": [23, 20], "uv_size": [1, 1]},
								"west": {"uv": [21, 23], "uv_size": [1, 1]},
								"up": {"uv": [23, 21], "uv_size": [1, 1]},
								"down": {"uv": [22, 24], "uv_size": [1, -1]}
							}
						},
						{
							"origin": [0.61335, 10.1818, -0.2375],
							"size": [0.70015, 0.44334, 0.56956],
							"pivot": [0.55964, 10.60725, 0.21625],
							"rotation": [0, 42, 0],
							"uv": {
								"north": {"uv": [23, 16], "uv_size": [1, 1]},
								"east": {"uv": [17, 23], "uv_size": [1, 1]},
								"south": {"uv": [23, 17], "uv_size": [1, 1]},
								"west": {"uv": [18, 23], "uv_size": [1, 1]},
								"up": {"uv": [23, 18], "uv_size": [1, 1]},
								"down": {"uv": [19, 24], "uv_size": [1, -1]}
							}
						},
						{
							"origin": [-1.3617, 14.1088, -0.2815],
							"size": [0.70015, 0.44334, 0.56956],
							"pivot": [-0.64964, 14.53425, 0.21625],
							"rotation": [0, -42, 0],
							"uv": {
								"north": {"uv": [14, 24], "uv_size": [1, 1]},
								"east": {"uv": [24, 14], "uv_size": [1, 1]},
								"south": {"uv": [15, 24], "uv_size": [1, 1]},
								"west": {"uv": [24, 15], "uv_size": [1, 1]},
								"up": {"uv": [16, 24], "uv_size": [1, 1]},
								"down": {"uv": [24, 17], "uv_size": [1, -1]}
							}
						},
						{
							"origin": [-1.39305, 14.1088, -2.212],
							"size": [0.70015, 0.44334, 0.56956],
							"pivot": [-0.64964, 14.53425, -2.17625],
							"rotation": [0, 42, 0],
							"uv": {
								"north": {"uv": [11, 24], "uv_size": [1, 1]},
								"east": {"uv": [24, 11], "uv_size": [1, 1]},
								"south": {"uv": [12, 24], "uv_size": [1, 1]},
								"west": {"uv": [24, 12], "uv_size": [1, 1]},
								"up": {"uv": [13, 24], "uv_size": [1, 1]},
								"down": {"uv": [24, 14], "uv_size": [1, -1]}
							}
						},
						{
							"origin": [0.67605, 14.1088, -2.17625],
							"size": [0.70015, 0.44334, 0.56956],
							"pivot": [0.66414, 14.53425, -2.17625],
							"rotation": [0, -42, 0],
							"uv": {
								"north": {"uv": [8, 24], "uv_size": [1, 1]},
								"east": {"uv": [24, 8], "uv_size": [1, 1]},
								"south": {"uv": [9, 24], "uv_size": [1, 1]},
								"west": {"uv": [24, 9], "uv_size": [1, 1]},
								"up": {"uv": [10, 24], "uv_size": [1, 1]},
								"down": {"uv": [24, 11], "uv_size": [1, -1]}
							}
						},
						{
							"origin": [0.61335, 14.1088, -0.2375],
							"size": [0.70015, 0.44334, 0.56956],
							"pivot": [0.55964, 14.53425, 0.21625],
							"rotation": [0, 42, 0],
							"uv": {
								"north": {"uv": [5, 24], "uv_size": [1, 1]},
								"east": {"uv": [24, 5], "uv_size": [1, 1]},
								"south": {"uv": [6, 24], "uv_size": [1, 1]},
								"west": {"uv": [24, 6], "uv_size": [1, 1]},
								"up": {"uv": [7, 24], "uv_size": [1, 1]},
								"down": {"uv": [24, 8], "uv_size": [1, -1]}
							}
						},
						{
							"origin": [-1.3617, 14.9173, -0.2815],
							"size": [0.70015, 4.13934, 0.56956],
							"pivot": [-0.64964, 15.34275, 0.21625],
							"rotation": [0, -42, 0],
							"uv": {
								"north": {"uv": [13, 15], "uv_size": [1, 4]},
								"east": {"uv": [15, 14], "uv_size": [1, 4]},
								"south": {"uv": [16, 2], "uv_size": [1, 4]},
								"west": {"uv": [16, 6], "uv_size": [1, 4]},
								"up": {"uv": [20, 24], "uv_size": [1, 1]},
								"down": {"uv": [24, 21], "uv_size": [1, -1]}
							}
						},
						{
							"origin": [-1.39305, 14.9173, -2.212],
							"size": [0.70015, 4.13934, 0.56956],
							"pivot": [-0.64964, 15.34275, -2.17625],
							"rotation": [0, 42, 0],
							"uv": {
								"north": {"uv": [15, 2], "uv_size": [1, 4]},
								"east": {"uv": [15, 6], "uv_size": [1, 4]},
								"south": {"uv": [15, 10], "uv_size": [1, 4]},
								"west": {"uv": [12, 15], "uv_size": [1, 4]},
								"up": {"uv": [19, 24], "uv_size": [1, 1]},
								"down": {"uv": [24, 20], "uv_size": [1, -1]}
							}
						},
						{
							"origin": [0.67605, 14.9173, -2.17625],
							"size": [0.70015, 4.13934, 0.56956],
							"pivot": [0.66414, 15.34275, -2.17625],
							"rotation": [0, -42, 0],
							"uv": {
								"north": {"uv": [5, 14], "uv_size": [1, 4]},
								"east": {"uv": [10, 14], "uv_size": [1, 4]},
								"south": {"uv": [11, 14], "uv_size": [1, 4]},
								"west": {"uv": [14, 12], "uv_size": [1, 4]},
								"up": {"uv": [18, 24], "uv_size": [1, 1]},
								"down": {"uv": [24, 19], "uv_size": [1, -1]}
							}
						},
						{
							"origin": [0.61335, 14.9173, -0.2375],
							"size": [0.70015, 4.13934, 0.56956],
							"pivot": [0.55964, 15.34275, 0.21625],
							"rotation": [0, 42, 0],
							"uv": {
								"north": {"uv": [2, 14], "uv_size": [1, 4]},
								"east": {"uv": [14, 2], "uv_size": [1, 4]},
								"south": {"uv": [3, 14], "uv_size": [1, 4]},
								"west": {"uv": [4, 14], "uv_size": [1, 4]},
								"up": {"uv": [17, 24], "uv_size": [1, 1]},
								"down": {"uv": [24, 18], "uv_size": [1, -1]}
							}
						},
						{
							"origin": [-1.33065, 12.6073, -1.78235],
							"size": [2.63108, 0.44334, 1.66956],
							"uv": {
								"north": {"uv": [16, 14], "uv_size": [3, 1]},
								"east": {"uv": [19, 7], "uv_size": [2, 1]},
								"south": {"uv": [16, 15], "uv_size": [3, 1]},
								"west": {"uv": [8, 19], "uv_size": [2, 1]},
								"up": {"uv": [10, 0], "uv_size": [3, 2]},
								"down": {"uv": [10, 4], "uv_size": [3, -2]}
							}
						},
						{
							"origin": [-1.33065, 11.7988, -1.78235],
							"size": [2.63108, 0.44334, 1.66956],
							"uv": {
								"north": {"uv": [16, 16], "uv_size": [3, 1]},
								"east": {"uv": [19, 8], "uv_size": [2, 1]},
								"south": {"uv": [17, 0], "uv_size": [3, 1]},
								"west": {"uv": [19, 9], "uv_size": [2, 1]},
								"up": {"uv": [10, 4], "uv_size": [3, 2]},
								"down": {"uv": [10, 8], "uv_size": [3, -2]}
							}
						},
						{
							"origin": [-1.22615, 10.9903, -1.67235],
							"size": [2.42208, 0.44334, 1.44956],
							"uv": {
								"north": {"uv": [10, 19], "uv_size": [2, 1]},
								"east": {"uv": [3, 21], "uv_size": [1, 1]},
								"south": {"uv": [19, 10], "uv_size": [2, 1]},
								"west": {"uv": [4, 21], "uv_size": [1, 1]},
								"up": {"uv": [19, 11], "uv_size": [2, 1]},
								"down": {"uv": [12, 20], "uv_size": [2, -1]}
							}
						},
						{
							"origin": [-1.22615, 10.1818, -1.67235],
							"size": [2.42208, 0.44334, 1.44956],
							"uv": {
								"north": {"uv": [19, 12], "uv_size": [2, 1]},
								"east": {"uv": [5, 21], "uv_size": [1, 1]},
								"south": {"uv": [19, 13], "uv_size": [2, 1]},
								"west": {"uv": [6, 21], "uv_size": [1, 1]},
								"up": {"uv": [14, 19], "uv_size": [2, 1]},
								"down": {"uv": [19, 15], "uv_size": [2, -1]}
							}
						},
						{
							"origin": [-1.12165, 10.4128, -1.56235],
							"size": [2.21308, 4.60134, 1.22956],
							"uv": {
								"north": {"uv": [0, 4], "uv_size": [2, 5]},
								"east": {"uv": [6, 12], "uv_size": [1, 5]},
								"south": {"uv": [2, 4], "uv_size": [2, 5]},
								"west": {"uv": [7, 12], "uv_size": [1, 5]},
								"up": {"uv": [14, 18], "uv_size": [2, 1]},
								"down": {"uv": [18, 18], "uv_size": [2, -1]}
							}
						},
						{
							"origin": [-0.70273, 14.9173, -2.17624],
							"size": [1.37708, 4.13934, 2.43956],
							"uv": {
								"north": {"uv": [0, 14], "uv_size": [1, 4]},
								"east": {"uv": [8, 4], "uv_size": [2, 4]},
								"south": {"uv": [1, 14], "uv_size": [1, 4]},
								"west": {"uv": [8, 8], "uv_size": [2, 4]},
								"up": {"uv": [15, 20], "uv_size": [1, 2]},
								"down": {"uv": [16, 22], "uv_size": [1, -2]}
							}
						},
						{
							"origin": [-0.59823, 10.4128, -2.06624],
							"size": [1.16808, 4.60134, 2.21956],
							"uv": {
								"north": {"uv": [8, 12], "uv_size": [1, 5]},
								"east": {"uv": [4, 4], "uv_size": [2, 5]},
								"south": {"uv": [12, 8], "uv_size": [1, 5]},
								"west": {"uv": [6, 0], "uv_size": [2, 5]},
								"up": {"uv": [13, 20], "uv_size": [1, 2]},
								"down": {"uv": [14, 22], "uv_size": [1, -2]}
							}
						},
						{
							"origin": [-0.70273, 14.1088, -2.17624],
							"size": [1.37708, 0.44334, 2.43956],
							"uv": {
								"north": {"uv": [21, 8], "uv_size": [1, 1]},
								"east": {"uv": [7, 20], "uv_size": [2, 1]},
								"south": {"uv": [9, 21], "uv_size": [1, 1]},
								"west": {"uv": [9, 20], "uv_size": [2, 1]},
								"up": {"uv": [11, 20], "uv_size": [1, 2]},
								"down": {"uv": [12, 22], "uv_size": [1, -2]}
							}
						},
						{
							"origin": [-0.80723, 13.3003, -2.28624],
							"size": [1.58608, 0.44334, 2.65956],
							"uv": {
								"north": {"uv": [5, 20], "uv_size": [2, 1]},
								"east": {"uv": [17, 5], "uv_size": [3, 1]},
								"south": {"uv": [20, 5], "uv_size": [2, 1]},
								"west": {"uv": [6, 17], "uv_size": [3, 1]},
								"up": {"uv": [4, 11], "uv_size": [2, 3]},
								"down": {"uv": [10, 14], "uv_size": [2, -3]}
							}
						},
						{
							"origin": [-0.80723, 12.6073, -2.28624],
							"size": [1.58608, 0.44334, 2.65956],
							"uv": {
								"north": {"uv": [20, 3], "uv_size": [2, 1]},
								"east": {"uv": [17, 3], "uv_size": [3, 1]},
								"south": {"uv": [20, 4], "uv_size": [2, 1]},
								"west": {"uv": [17, 4], "uv_size": [3, 1]},
								"up": {"uv": [0, 11], "uv_size": [2, 3]},
								"down": {"uv": [2, 14], "uv_size": [2, -3]}
							}
						},
						{
							"origin": [-0.80723, 11.7988, -2.28624],
							"size": [1.58608, 0.44334, 2.65956],
							"uv": {
								"north": {"uv": [20, 2], "uv_size": [2, 1]},
								"east": {"uv": [17, 1], "uv_size": [3, 1]},
								"south": {"uv": [3, 20], "uv_size": [2, 1]},
								"west": {"uv": [17, 2], "uv_size": [3, 1]},
								"up": {"uv": [6, 9], "uv_size": [2, 3]},
								"down": {"uv": [10, 11], "uv_size": [2, -3]}
							}
						},
						{
							"origin": [-0.70273, 10.9903, -2.17624],
							"size": [1.37708, 0.44334, 2.43956],
							"uv": {
								"north": {"uv": [21, 7], "uv_size": [1, 1]},
								"east": {"uv": [19, 16], "uv_size": [2, 1]},
								"south": {"uv": [8, 21], "uv_size": [1, 1]},
								"west": {"uv": [0, 20], "uv_size": [2, 1]},
								"up": {"uv": [20, 0], "uv_size": [1, 2]},
								"down": {"uv": [2, 22], "uv_size": [1, -2]}
							}
						},
						{
							"origin": [-0.70273, 10.1818, -2.17624],
							"size": [1.37708, 0.44334, 2.43956],
							"uv": {
								"north": {"uv": [21, 6], "uv_size": [1, 1]},
								"east": {"uv": [19, 15], "uv_size": [2, 1]},
								"south": {"uv": [7, 21], "uv_size": [1, 1]},
								"west": {"uv": [16, 19], "uv_size": [2, 1]},
								"up": {"uv": [18, 19], "uv_size": [1, 2]},
								"down": {"uv": [19, 21], "uv_size": [1, -2]}
							}
						}
					]
				},
				{
					"name": "_ca_grip",
					"parent": "main",
					"pivot": [-1.2, 22.225, 5.55],
					"cubes": [
						{
							"origin": [-0.7, 19.2, -1.4],
							"size": [1, 1, 1],
							"uv": {
								"north": {"uv": [20, 17], "uv_size": [1, 1]},
								"east": {"uv": [20, 18], "uv_size": [1, 1]},
								"south": {"uv": [20, 19], "uv_size": [1, 1]},
								"west": {"uv": [20, 20], "uv_size": [1, 1]},
								"up": {"uv": [0, 21], "uv_size": [1, 1]},
								"down": {"uv": [21, 1], "uv_size": [1, -1]}
							}
						}
					]
				}
			]
		}
	]
}