{
	"format_version": "1.12.0",
	"minecraft:geometry": [
		{
			"description": {
				"identifier": "geometry.unknown",
				"texture_width": 32,
				"texture_height": 32,
				"visible_bounds_width": 8,
				"visible_bounds_height": 4,
				"visible_bounds_offset": [0, 1, 0]
			},
			"bones": [
				{
					"name": "main",
					"pivot": [0, 20, 62.9]
				},
				{
					"name": "gun",
					"parent": "main",
					"pivot": [1, 11, 34],
					"cubes": [
						{
							"origin": [-1.45575, 19.48925, -3.125],
							"size": [2.8215, 1.2705, 4.29],
							"uv": {
								"north": {"uv": [16, 11], "uv_size": [3, 1]},
								"east": {"uv": [16, 9], "uv_size": [4, 1]},
								"south": {"uv": [17, 12], "uv_size": [3, 1]},
								"west": {"uv": [16, 10], "uv_size": [4, 1]},
								"up": {"uv": [0, 7], "uv_size": [3, 4]},
								"down": {"uv": [3, 11], "uv_size": [3, -4]}
							}
						},
						{
							"origin": [-1.2467, 16.65966, -0.0449],
							"size": [2.40341, 2.02094, 1.0998],
							"inflate": -0.001,
							"pivot": [1.57475, 18.33425, -0.045],
							"rotation": [133.75, 0, 0],
							"uv": {
								"north": {"uv": [13, 16], "uv_size": [2, 2]},
								"east": {"uv": [19, 0], "uv_size": [1, 2]},
								"south": {"uv": [16, 14], "uv_size": [2, 2]},
								"west": {"uv": [2, 19], "uv_size": [1, 2]},
								"up": {"uv": [19, 2], "uv_size": [2, 1]},
								"down": {"uv": [3, 20], "uv_size": [2, -1]}
							}
						},
						{
							"origin": [-1.2467, 16.65966, -3.0149],
							"size": [2.40341, 2.13644, 1.0998],
							"inflate": -0.001,
							"pivot": [1.57475, 18.33425, -1.915],
							"rotation": [-133.75, 0, 0],
							"uv": {
								"north": {"uv": [15, 16], "uv_size": [2, 2]},
								"east": {"uv": [5, 19], "uv_size": [1, 2]},
								"south": {"uv": [17, 0], "uv_size": [2, 2]},
								"west": {"uv": [6, 19], "uv_size": [1, 2]},
								"up": {"uv": [19, 3], "uv_size": [2, 1]},
								"down": {"uv": [7, 20], "uv_size": [2, -1]}
							}
						},
						{
							"origin": [-1.1945, 18.0455, -2.465],
							"size": [2.299, 0.1155, 0.22],
							"pivot": [1.1045, 19.02725, -4.555],
							"rotation": [48.5, 0, 0],
							"uv": {
								"north": {"uv": [19, 7], "uv_size": [2, 1]},
								"east": {"uv": [10, 16], "uv_size": [1, 1]},
								"south": {"uv": [19, 8], "uv_size": [2, 1]},
								"west": {"uv": [12, 17], "uv_size": [1, 1]},
								"up": {"uv": [9, 19], "uv_size": [2, 1]},
								"down": {"uv": [11, 20], "uv_size": [2, -1]}
							}
						}
					]
				},
				{
					"name": "bone",
					"parent": "gun",
					"pivot": [0.6865, 12.386, 27.73],
					"cubes": [
						{
							"origin": [-1.22615, 12.2988, -1.67235],
							"size": [2.42208, 7.25784, 1.44956],
							"uv": {
								"north": {"uv": [0, 0], "uv_size": [2, 7]},
								"east": {"uv": [6, 7], "uv_size": [1, 7]},
								"south": {"uv": [2, 0], "uv_size": [2, 7]},
								"west": {"uv": [7, 7], "uv_size": [1, 7]},
								"up": {"uv": [18, 18], "uv_size": [2, 1]},
								"down": {"uv": [0, 20], "uv_size": [2, -1]}
							}
						},
						{
							"origin": [0.71785, 12.2988, -0.1275],
							"size": [0.70015, 0.44334, 0.56956],
							"pivot": [0.66414, 12.72425, 0.32625],
							"rotation": [0, 42, 0],
							"uv": {
								"north": {"uv": [23, 7], "uv_size": [1, 1]},
								"east": {"uv": [8, 23], "uv_size": [1, 1]},
								"south": {"uv": [23, 8], "uv_size": [1, 1]},
								"west": {"uv": [9, 23], "uv_size": [1, 1]},
								"up": {"uv": [23, 9], "uv_size": [1, 1]},
								"down": {"uv": [10, 24], "uv_size": [1, -1]}
							}
						},
						{
							"origin": [-1.4662, 12.2988, -0.1715],
							"size": [0.70015, 0.44334, 0.56956],
							"pivot": [-0.75414, 12.72425, 0.32625],
							"rotation": [0, -42, 0],
							"uv": {
								"north": {"uv": [23, 4], "uv_size": [1, 1]},
								"east": {"uv": [5, 23], "uv_size": [1, 1]},
								"south": {"uv": [23, 5], "uv_size": [1, 1]},
								"west": {"uv": [6, 23], "uv_size": [1, 1]},
								"up": {"uv": [23, 6], "uv_size": [1, 1]},
								"down": {"uv": [7, 24], "uv_size": [1, -1]}
							}
						},
						{
							"origin": [-1.49755, 12.2988, -2.322],
							"size": [0.70015, 0.44334, 0.56956],
							"pivot": [-0.75414, 12.72425, -2.28625],
							"rotation": [0, 42, 0],
							"uv": {
								"north": {"uv": [22, 21], "uv_size": [1, 1]},
								"east": {"uv": [22, 22], "uv_size": [1, 1]},
								"south": {"uv": [23, 0], "uv_size": [1, 1]},
								"west": {"uv": [23, 1], "uv_size": [1, 1]},
								"up": {"uv": [23, 2], "uv_size": [1, 1]},
								"down": {"uv": [23, 4], "uv_size": [1, -1]}
							}
						},
						{
							"origin": [-1.49755, 13.1073, -2.322],
							"size": [0.70015, 0.44334, 0.56956],
							"pivot": [-0.75414, 13.53275, -2.28625],
							"rotation": [0, 42, 0],
							"uv": {
								"north": {"uv": [25, 8], "uv_size": [1, 1]},
								"east": {"uv": [9, 25], "uv_size": [1, 1]},
								"south": {"uv": [25, 9], "uv_size": [1, 1]},
								"west": {"uv": [10, 25], "uv_size": [1, 1]},
								"up": {"uv": [25, 10], "uv_size": [1, 1]},
								"down": {"uv": [11, 26], "uv_size": [1, -1]}
							}
						},
						{
							"origin": [-1.49755, 13.9158, -2.322],
							"size": [0.70015, 0.44334, 0.56956],
							"pivot": [-0.75414, 14.34125, -2.28625],
							"rotation": [0, 42, 0],
							"uv": {
								"north": {"uv": [25, 11], "uv_size": [1, 1]},
								"east": {"uv": [12, 25], "uv_size": [1, 1]},
								"south": {"uv": [25, 12], "uv_size": [1, 1]},
								"west": {"uv": [13, 25], "uv_size": [1, 1]},
								"up": {"uv": [25, 13], "uv_size": [1, 1]},
								"down": {"uv": [14, 26], "uv_size": [1, -1]}
							}
						},
						{
							"origin": [0.78055, 12.2988, -2.28625],
							"size": [0.70015, 0.44334, 0.56956],
							"pivot": [0.76864, 12.72425, -2.28625],
							"rotation": [0, -42, 0],
							"uv": {
								"north": {"uv": [22, 16], "uv_size": [1, 1]},
								"east": {"uv": [17, 22], "uv_size": [1, 1]},
								"south": {"uv": [22, 17], "uv_size": [1, 1]},
								"west": {"uv": [22, 18], "uv_size": [1, 1]},
								"up": {"uv": [22, 19], "uv_size": [1, 1]},
								"down": {"uv": [22, 21], "uv_size": [1, -1]}
							}
						},
						{
							"origin": [0.61335, 11.4903, -0.2375],
							"size": [0.70015, 0.44334, 0.56956],
							"pivot": [0.55964, 11.91575, 0.21625],
							"rotation": [0, 42, 0],
							"uv": {
								"north": {"uv": [23, 19], "uv_size": [1, 1]},
								"east": {"uv": [20, 23], "uv_size": [1, 1]},
								"south": {"uv": [23, 20], "uv_size": [1, 1]},
								"west": {"uv": [21, 23], "uv_size": [1, 1]},
								"up": {"uv": [23, 21], "uv_size": [1, 1]},
								"down": {"uv": [22, 24], "uv_size": [1, -1]}
							}
						},
						{
							"origin": [-1.3617, 11.4903, -0.2815],
							"size": [0.70015, 0.44334, 0.56956],
							"pivot": [-0.64964, 11.91575, 0.21625],
							"rotation": [0, -42, 0],
							"uv": {
								"north": {"uv": [23, 16], "uv_size": [1, 1]},
								"east": {"uv": [17, 23], "uv_size": [1, 1]},
								"south": {"uv": [23, 17], "uv_size": [1, 1]},
								"west": {"uv": [18, 23], "uv_size": [1, 1]},
								"up": {"uv": [23, 18], "uv_size": [1, 1]},
								"down": {"uv": [19, 24], "uv_size": [1, -1]}
							}
						},
						{
							"origin": [-1.39305, 11.4903, -2.212],
							"size": [0.70015, 0.44334, 0.56956],
							"pivot": [-0.64964, 11.91575, -2.17625],
							"rotation": [0, 42, 0],
							"uv": {
								"north": {"uv": [23, 13], "uv_size": [1, 1]},
								"east": {"uv": [14, 23], "uv_size": [1, 1]},
								"south": {"uv": [23, 14], "uv_size": [1, 1]},
								"west": {"uv": [15, 23], "uv_size": [1, 1]},
								"up": {"uv": [23, 15], "uv_size": [1, 1]},
								"down": {"uv": [16, 24], "uv_size": [1, -1]}
							}
						},
						{
							"origin": [0.67605, 11.4903, -2.17625],
							"size": [0.70015, 0.44334, 0.56956],
							"pivot": [0.66414, 11.91575, -2.17625],
							"rotation": [0, -42, 0],
							"uv": {
								"north": {"uv": [23, 10], "uv_size": [1, 1]},
								"east": {"uv": [11, 23], "uv_size": [1, 1]},
								"south": {"uv": [23, 11], "uv_size": [1, 1]},
								"west": {"uv": [12, 23], "uv_size": [1, 1]},
								"up": {"uv": [23, 12], "uv_size": [1, 1]},
								"down": {"uv": [13, 24], "uv_size": [1, -1]}
							}
						},
						{
							"origin": [-1.3617, 10.6818, -0.2815],
							"size": [0.70015, 0.44334, 0.56956],
							"pivot": [-0.64964, 11.10725, 0.21625],
							"rotation": [0, -42, 0],
							"uv": {
								"north": {"uv": [8, 24], "uv_size": [1, 1]},
								"east": {"uv": [24, 8], "uv_size": [1, 1]},
								"south": {"uv": [9, 24], "uv_size": [1, 1]},
								"west": {"uv": [24, 9], "uv_size": [1, 1]},
								"up": {"uv": [10, 24], "uv_size": [1, 1]},
								"down": {"uv": [24, 11], "uv_size": [1, -1]}
							}
						},
						{
							"origin": [-1.39305, 10.6818, -2.212],
							"size": [0.70015, 0.44334, 0.56956],
							"pivot": [-0.64964, 11.10725, -2.17625],
							"rotation": [0, 42, 0],
							"uv": {
								"north": {"uv": [5, 24], "uv_size": [1, 1]},
								"east": {"uv": [24, 5], "uv_size": [1, 1]},
								"south": {"uv": [6, 24], "uv_size": [1, 1]},
								"west": {"uv": [24, 6], "uv_size": [1, 1]},
								"up": {"uv": [7, 24], "uv_size": [1, 1]},
								"down": {"uv": [24, 8], "uv_size": [1, -1]}
							}
						},
						{
							"origin": [0.67605, 10.6818, -2.17625],
							"size": [0.70015, 0.44334, 0.56956],
							"pivot": [0.66414, 11.10725, -2.17625],
							"rotation": [0, -42, 0],
							"uv": {
								"north": {"uv": [2, 24], "uv_size": [1, 1]},
								"east": {"uv": [24, 2], "uv_size": [1, 1]},
								"south": {"uv": [3, 24], "uv_size": [1, 1]},
								"west": {"uv": [24, 3], "uv_size": [1, 1]},
								"up": {"uv": [4, 24], "uv_size": [1, 1]},
								"down": {"uv": [24, 5], "uv_size": [1, -1]}
							}
						},
						{
							"origin": [0.61335, 10.6818, -0.2375],
							"size": [0.70015, 0.44334, 0.56956],
							"pivot": [0.55964, 11.10725, 0.21625],
							"rotation": [0, 42, 0],
							"uv": {
								"north": {"uv": [23, 22], "uv_size": [1, 1]},
								"east": {"uv": [23, 23], "uv_size": [1, 1]},
								"south": {"uv": [0, 24], "uv_size": [1, 1]},
								"west": {"uv": [24, 0], "uv_size": [1, 1]},
								"up": {"uv": [1, 24], "uv_size": [1, 1]},
								"down": {"uv": [24, 2], "uv_size": [1, -1]}
							}
						},
						{
							"origin": [-1.3617, 12.2988, -0.2815],
							"size": [0.70015, 7.25784, 0.56956],
							"pivot": [-0.64964, 15.84275, 0.21625],
							"rotation": [0, -42, 0],
							"uv": {
								"north": {"uv": [12, 0], "uv_size": [1, 7]},
								"east": {"uv": [12, 7], "uv_size": [1, 7]},
								"south": {"uv": [13, 0], "uv_size": [1, 7]},
								"west": {"uv": [13, 7], "uv_size": [1, 7]},
								"up": {"uv": [14, 24], "uv_size": [1, 1]},
								"down": {"uv": [24, 15], "uv_size": [1, -1]}
							}
						},
						{
							"origin": [-1.39305, 12.2988, -2.212],
							"size": [0.70015, 7.25784, 0.56956],
							"pivot": [-0.64964, 15.84275, -2.17625],
							"rotation": [0, 42, 0],
							"uv": {
								"north": {"uv": [3, 11], "uv_size": [1, 7]},
								"east": {"uv": [4, 11], "uv_size": [1, 7]},
								"south": {"uv": [5, 11], "uv_size": [1, 7]},
								"west": {"uv": [11, 7], "uv_size": [1, 7]},
								"up": {"uv": [13, 24], "uv_size": [1, 1]},
								"down": {"uv": [24, 14], "uv_size": [1, -1]}
							}
						},
						{
							"origin": [0.67605, 12.2988, -2.17625],
							"size": [0.70015, 7.25784, 0.56956],
							"pivot": [0.66414, 15.84275, -2.17625],
							"rotation": [0, -42, 0],
							"uv": {
								"north": {"uv": [0, 11], "uv_size": [1, 7]},
								"east": {"uv": [11, 0], "uv_size": [1, 7]},
								"south": {"uv": [1, 11], "uv_size": [1, 7]},
								"west": {"uv": [2, 11], "uv_size": [1, 7]},
								"up": {"uv": [12, 24], "uv_size": [1, 1]},
								"down": {"uv": [24, 13], "uv_size": [1, -1]}
							}
						},
						{
							"origin": [0.61335, 12.2988, -0.2375],
							"size": [0.70015, 7.25784, 0.56956],
							"pivot": [0.55964, 15.84275, 0.21625],
							"rotation": [0, 42, 0],
							"uv": {
								"north": {"uv": [9, 0], "uv_size": [1, 7]},
								"east": {"uv": [9, 7], "uv_size": [1, 7]},
								"south": {"uv": [10, 0], "uv_size": [1, 7]},
								"west": {"uv": [10, 7], "uv_size": [1, 7]},
								"up": {"uv": [11, 24], "uv_size": [1, 1]},
								"down": {"uv": [24, 12], "uv_size": [1, -1]}
							}
						},
						{
							"origin": [-1.33065, 12.2988, -1.78235],
							"size": [2.63108, 0.44334, 1.66956],
							"uv": {
								"north": {"uv": [17, 13], "uv_size": [3, 1]},
								"east": {"uv": [19, 11], "uv_size": [2, 1]},
								"south": {"uv": [17, 16], "uv_size": [3, 1]},
								"west": {"uv": [13, 19], "uv_size": [2, 1]},
								"up": {"uv": [14, 0], "uv_size": [3, 2]},
								"down": {"uv": [14, 4], "uv_size": [3, -2]}
							}
						},
						{
							"origin": [-1.22615, 11.4903, -1.67235],
							"size": [2.42208, 0.44334, 1.44956],
							"uv": {
								"north": {"uv": [15, 19], "uv_size": [2, 1]},
								"east": {"uv": [11, 22], "uv_size": [1, 1]},
								"south": {"uv": [17, 19], "uv_size": [2, 1]},
								"west": {"uv": [12, 22], "uv_size": [1, 1]},
								"up": {"uv": [19, 19], "uv_size": [2, 1]},
								"down": {"uv": [0, 21], "uv_size": [2, -1]}
							}
						},
						{
							"origin": [-1.22615, 10.6818, -1.67235],
							"size": [2.42208, 0.44334, 1.44956],
							"uv": {
								"north": {"uv": [20, 0], "uv_size": [2, 1]},
								"east": {"uv": [22, 12], "uv_size": [1, 1]},
								"south": {"uv": [20, 1], "uv_size": [2, 1]},
								"west": {"uv": [13, 22], "uv_size": [1, 1]},
								"up": {"uv": [3, 20], "uv_size": [2, 1]},
								"down": {"uv": [7, 21], "uv_size": [2, -1]}
							}
						},
						{
							"origin": [-0.70273, 12.2988, -2.17624],
							"size": [1.37708, 7.25784, 2.43956],
							"uv": {
								"north": {"uv": [8, 0], "uv_size": [1, 7]},
								"east": {"uv": [4, 0], "uv_size": [2, 7]},
								"south": {"uv": [8, 7], "uv_size": [1, 7]},
								"west": {"uv": [6, 0], "uv_size": [2, 7]},
								"up": {"uv": [20, 16], "uv_size": [1, 2]},
								"down": {"uv": [17, 22], "uv_size": [1, -2]}
							}
						},
						{
							"origin": [-1.06489, 10.1585, -1.58375],
							"size": [2.08058, 2.15159, 1.24518],
							"uv": {
								"north": {"uv": [17, 7], "uv_size": [2, 2]},
								"east": {"uv": [4, 22], "uv_size": [1, 2]},
								"south": {"uv": [10, 17], "uv_size": [2, 2]},
								"west": {"uv": [22, 4], "uv_size": [1, 2]},
								"up": {"uv": [21, 8], "uv_size": [2, 1]},
								"down": {"uv": [21, 12], "uv_size": [2, -1]}
							}
						},
						{
							"origin": [-0.61527, 10.1585, -2.01659],
							"size": [1.18292, 2.15159, 2.09559],
							"uv": {
								"north": {"uv": [22, 0], "uv_size": [1, 2]},
								"east": {"uv": [17, 2], "uv_size": [2, 2]},
								"south": {"uv": [1, 22], "uv_size": [1, 2]},
								"west": {"uv": [6, 17], "uv_size": [2, 2]},
								"up": {"uv": [2, 22], "uv_size": [1, 2]},
								"down": {"uv": [3, 24], "uv_size": [1, -2]}
							}
						},
						{
							"origin": [0.51525, 10.1585, -0.35121],
							"size": [0.60143, 2.15159, 0.48925],
							"pivot": [0.46911, 9.11984, 0.03857],
							"rotation": [0, 42, 0],
							"uv": {
								"north": {"uv": [19, 21], "uv_size": [1, 2]},
								"east": {"uv": [20, 21], "uv_size": [1, 2]},
								"south": {"uv": [21, 21], "uv_size": [1, 2]},
								"west": {"uv": [0, 22], "uv_size": [1, 2]},
								"up": {"uv": [25, 17], "uv_size": [1, 1]},
								"down": {"uv": [18, 26], "uv_size": [1, -1]}
							}
						},
						{
							"origin": [0.56911, 10.1585, -2.0166],
							"size": [0.60143, 2.15159, 0.48925],
							"pivot": [0.55887, 9.11984, -2.0166],
							"rotation": [0, -42, 0],
							"uv": {
								"north": {"uv": [15, 21], "uv_size": [1, 2]},
								"east": {"uv": [16, 21], "uv_size": [1, 2]},
								"south": {"uv": [21, 16], "uv_size": [1, 2]},
								"west": {"uv": [18, 21], "uv_size": [1, 2]},
								"up": {"uv": [25, 16], "uv_size": [1, 1]},
								"down": {"uv": [17, 26], "uv_size": [1, -1]}
							}
						},
						{
							"origin": [-1.20826, 10.1585, -2.04731],
							"size": [0.60143, 2.15159, 0.48925],
							"pivot": [-0.56966, 9.11984, -2.0166],
							"rotation": [0, 42, 0],
							"uv": {
								"north": {"uv": [8, 21], "uv_size": [1, 2]},
								"east": {"uv": [9, 21], "uv_size": [1, 2]},
								"south": {"uv": [10, 21], "uv_size": [1, 2]},
								"west": {"uv": [21, 14], "uv_size": [1, 2]},
								"up": {"uv": [25, 15], "uv_size": [1, 1]},
								"down": {"uv": [16, 26], "uv_size": [1, -1]}
							}
						},
						{
							"origin": [-1.18133, 10.1585, -0.389],
							"size": [0.60143, 2.15159, 0.48925],
							"pivot": [-0.56966, 9.11984, 0.03857],
							"rotation": [0, -42, 0],
							"uv": {
								"north": {"uv": [21, 4], "uv_size": [1, 2]},
								"east": {"uv": [6, 21], "uv_size": [1, 2]},
								"south": {"uv": [21, 6], "uv_size": [1, 2]},
								"west": {"uv": [7, 21], "uv_size": [1, 2]},
								"up": {"uv": [25, 14], "uv_size": [1, 1]},
								"down": {"uv": [15, 26], "uv_size": [1, -1]}
							}
						},
						{
							"origin": [-0.80723, 12.2988, -2.28624],
							"size": [1.58608, 0.44334, 2.65956],
							"uv": {
								"north": {"uv": [20, 13], "uv_size": [2, 1]},
								"east": {"uv": [17, 17], "uv_size": [3, 1]},
								"south": {"uv": [15, 20], "uv_size": [2, 1]},
								"west": {"uv": [0, 18], "uv_size": [3, 1]},
								"up": {"uv": [14, 4], "uv_size": [2, 3]},
								"down": {"uv": [6, 17], "uv_size": [2, -3]}
							}
						},
						{
							"origin": [-0.80723, 13.1073, -2.28624],
							"size": [1.58608, 0.44334, 2.65956],
							"uv": {
								"north": {"uv": [20, 20], "uv_size": [2, 1]},
								"east": {"uv": [18, 5], "uv_size": [3, 1]},
								"south": {"uv": [0, 21], "uv_size": [2, 1]},
								"west": {"uv": [18, 6], "uv_size": [3, 1]},
								"up": {"uv": [14, 9], "uv_size": [2, 3]},
								"down": {"uv": [11, 17], "uv_size": [2, -3]}
							}
						},
						{
							"origin": [0.78055, 13.1073, -2.28625],
							"size": [0.70015, 0.44334, 0.56956],
							"pivot": [0.76864, 13.53275, -2.28625],
							"rotation": [0, -42, 0],
							"uv": {
								"north": {"uv": [21, 24], "uv_size": [1, 1]},
								"east": {"uv": [24, 21], "uv_size": [1, 1]},
								"south": {"uv": [22, 24], "uv_size": [1, 1]},
								"west": {"uv": [24, 22], "uv_size": [1, 1]},
								"up": {"uv": [23, 24], "uv_size": [1, 1]},
								"down": {"uv": [24, 24], "uv_size": [1, -1]}
							}
						},
						{
							"origin": [-1.33065, 13.1073, -1.78235],
							"size": [2.63108, 0.44334, 1.66956],
							"uv": {
								"north": {"uv": [3, 18], "uv_size": [3, 1]},
								"east": {"uv": [18, 20], "uv_size": [2, 1]},
								"south": {"uv": [18, 4], "uv_size": [3, 1]},
								"west": {"uv": [20, 18], "uv_size": [2, 1]},
								"up": {"uv": [14, 7], "uv_size": [3, 2]},
								"down": {"uv": [8, 16], "uv_size": [3, -2]}
							}
						},
						{
							"origin": [0.71785, 13.1073, -0.1275],
							"size": [0.70015, 0.44334, 0.56956],
							"pivot": [0.66414, 13.53275, 0.32625],
							"rotation": [0, 42, 0],
							"uv": {
								"north": {"uv": [18, 24], "uv_size": [1, 1]},
								"east": {"uv": [24, 18], "uv_size": [1, 1]},
								"south": {"uv": [19, 24], "uv_size": [1, 1]},
								"west": {"uv": [24, 19], "uv_size": [1, 1]},
								"up": {"uv": [20, 24], "uv_size": [1, 1]},
								"down": {"uv": [24, 21], "uv_size": [1, -1]}
							}
						},
						{
							"origin": [-1.4662, 13.1073, -0.1715],
							"size": [0.70015, 0.44334, 0.56956],
							"pivot": [-0.75414, 13.53275, 0.32625],
							"rotation": [0, -42, 0],
							"uv": {
								"north": {"uv": [15, 24], "uv_size": [1, 1]},
								"east": {"uv": [24, 15], "uv_size": [1, 1]},
								"south": {"uv": [16, 24], "uv_size": [1, 1]},
								"west": {"uv": [24, 16], "uv_size": [1, 1]},
								"up": {"uv": [17, 24], "uv_size": [1, 1]},
								"down": {"uv": [24, 18], "uv_size": [1, -1]}
							}
						},
						{
							"origin": [-0.80723, 13.9158, -2.28624],
							"size": [1.58608, 0.44334, 2.65956],
							"uv": {
								"north": {"uv": [21, 3], "uv_size": [2, 1]},
								"east": {"uv": [15, 18], "uv_size": [3, 1]},
								"south": {"uv": [4, 21], "uv_size": [2, 1]},
								"west": {"uv": [18, 15], "uv_size": [3, 1]},
								"up": {"uv": [16, 4], "uv_size": [2, 3]},
								"down": {"uv": [8, 19], "uv_size": [2, -3]}
							}
						},
						{
							"origin": [0.78055, 13.9158, -2.28625],
							"size": [0.70015, 0.44334, 0.56956],
							"pivot": [0.76864, 14.34125, -2.28625],
							"rotation": [0, -42, 0],
							"uv": {
								"north": {"uv": [25, 5], "uv_size": [1, 1]},
								"east": {"uv": [6, 25], "uv_size": [1, 1]},
								"south": {"uv": [25, 6], "uv_size": [1, 1]},
								"west": {"uv": [7, 25], "uv_size": [1, 1]},
								"up": {"uv": [25, 7], "uv_size": [1, 1]},
								"down": {"uv": [8, 26], "uv_size": [1, -1]}
							}
						},
						{
							"origin": [-1.33065, 13.9158, -1.78235],
							"size": [2.63108, 0.44334, 1.66956],
							"uv": {
								"north": {"uv": [12, 18], "uv_size": [3, 1]},
								"east": {"uv": [2, 21], "uv_size": [2, 1]},
								"south": {"uv": [18, 14], "uv_size": [3, 1]},
								"west": {"uv": [21, 2], "uv_size": [2, 1]},
								"up": {"uv": [14, 12], "uv_size": [3, 2]},
								"down": {"uv": [13, 16], "uv_size": [3, -2]}
							}
						},
						{
							"origin": [0.71785, 13.9158, -0.1275],
							"size": [0.70015, 0.44334, 0.56956],
							"pivot": [0.66414, 14.34125, 0.32625],
							"rotation": [0, 42, 0],
							"uv": {
								"north": {"uv": [25, 2], "uv_size": [1, 1]},
								"east": {"uv": [3, 25], "uv_size": [1, 1]},
								"south": {"uv": [25, 3], "uv_size": [1, 1]},
								"west": {"uv": [4, 25], "uv_size": [1, 1]},
								"up": {"uv": [25, 4], "uv_size": [1, 1]},
								"down": {"uv": [5, 26], "uv_size": [1, -1]}
							}
						},
						{
							"origin": [-1.4662, 13.9158, -0.1715],
							"size": [0.70015, 0.44334, 0.56956],
							"pivot": [-0.75414, 14.34125, 0.32625],
							"rotation": [0, -42, 0],
							"uv": {
								"north": {"uv": [24, 24], "uv_size": [1, 1]},
								"east": {"uv": [0, 25], "uv_size": [1, 1]},
								"south": {"uv": [25, 0], "uv_size": [1, 1]},
								"west": {"uv": [1, 25], "uv_size": [1, 1]},
								"up": {"uv": [25, 1], "uv_size": [1, 1]},
								"down": {"uv": [2, 26], "uv_size": [1, -1]}
							}
						},
						{
							"origin": [-0.70273, 11.4903, -2.17624],
							"size": [1.37708, 0.44334, 2.43956],
							"uv": {
								"north": {"uv": [22, 14], "uv_size": [1, 1]},
								"east": {"uv": [20, 10], "uv_size": [2, 1]},
								"south": {"uv": [22, 15], "uv_size": [1, 1]},
								"west": {"uv": [20, 12], "uv_size": [2, 1]},
								"up": {"uv": [13, 20], "uv_size": [1, 2]},
								"down": {"uv": [14, 22], "uv_size": [1, -2]}
							}
						},
						{
							"origin": [-0.70273, 10.6818, -2.17624],
							"size": [1.37708, 0.44334, 2.43956],
							"uv": {
								"north": {"uv": [22, 13], "uv_size": [1, 1]},
								"east": {"uv": [9, 20], "uv_size": [2, 1]},
								"south": {"uv": [14, 22], "uv_size": [1, 1]},
								"west": {"uv": [20, 9], "uv_size": [2, 1]},
								"up": {"uv": [11, 20], "uv_size": [1, 2]},
								"down": {"uv": [12, 22], "uv_size": [1, -2]}
							}
						}
					]
				},
				{
					"name": "_ca_grip",
					"parent": "main",
					"pivot": [-1.1, 22.625, 5.45],
					"cubes": [
						{
							"origin": [-0.6, 19.6, -1.5],
							"size": [1, 1, 1],
							"uv": {
								"north": {"uv": [21, 19], "uv_size": [1, 1]},
								"east": {"uv": [5, 22], "uv_size": [1, 1]},
								"south": {"uv": [22, 6], "uv_size": [1, 1]},
								"west": {"uv": [22, 7], "uv_size": [1, 1]},
								"up": {"uv": [22, 9], "uv_size": [1, 1]},
								"down": {"uv": [22, 11], "uv_size": [1, -1]}
							}
						}
					]
				}
			]
		}
	]
}