{
	"format_version": "1.12.0",
	"minecraft:geometry": [
		{
			"description": {
				"identifier": "geometry.unknown",
				"texture_width": 256,
				"texture_height": 256,
				"visible_bounds_width": 9,
				"visible_bounds_height": 5,
				"visible_bounds_offset": [0, 0.5, 0]
			},
			"bones": [
				{
					"name": "main",
					"pivot": [0, 20, 0]
				},
				{
					"name": "_ca_handguardak",
					"parent": "main",
					"pivot": [-0.2, 16.35, -31.025],
					"cubes": [
						{"origin": [-0.5, 19.15, -26.625], "size": [1, 1, 1], "uv": [27, 121]}
					]
				},
				{
					"name": "handguard",
					"parent": "main",
					"pivot": [-0.9, 23.9, -52.65],
					"cubes": [
						{
							"origin": [-1.65, 24.1, -46.35],
							"size": [0.5, 2.2, 15.8],
							"uv": {
								"north": {"uv": [82, 20], "uv_size": [5, 4]},
								"east": {"uv": [96, 72], "uv_size": [-15, 3]},
								"south": {"uv": [82, 20], "uv_size": [5, 4]},
								"west": {"uv": [82, 20], "uv_size": [5, 4]},
								"up": {"uv": [87, 24], "uv_size": [-5, -4]},
								"down": {"uv": [87, 24], "uv_size": [-5, -4]}
							}
						},
						{
							"origin": [1.35, 24.1, -46.35],
							"size": [0.5, 2.2, 15.8],
							"uv": {
								"north": {"uv": [82, 20], "uv_size": [5, 4]},
								"east": {"uv": [82, 20], "uv_size": [5, 4]},
								"south": {"uv": [82, 20], "uv_size": [5, 4]},
								"west": {"uv": [81, 72], "uv_size": [15, 3]},
								"up": {"uv": [87, 24], "uv_size": [-5, -4]},
								"down": {"uv": [87, 24], "uv_size": [-5, -4]}
							}
						},
						{
							"origin": [-1.64, 23.5, -30.55],
							"size": [0.5, 2.8, 0.3],
							"uv": {
								"north": {"uv": [99, 31], "uv_size": [1, 2]},
								"east": {"uv": [99, 31], "uv_size": [1, 2]},
								"south": {"uv": [99, 31], "uv_size": [1, 2]},
								"west": {"uv": [99, 31], "uv_size": [1, 2]},
								"up": {"uv": [100, 33], "uv_size": [-1, -2]},
								"down": {"uv": [100, 33], "uv_size": [-1, -2]}
							}
						},
						{
							"origin": [1.34, 23.5, -30.55],
							"size": [0.5, 2.8, 0.3],
							"uv": {
								"north": {"uv": [99, 31], "uv_size": [1, 2]},
								"east": {"uv": [99, 31], "uv_size": [1, 2]},
								"south": {"uv": [99, 31], "uv_size": [1, 2]},
								"west": {"uv": [99, 31], "uv_size": [1, 2]},
								"up": {"uv": [100, 33], "uv_size": [-1, -2]},
								"down": {"uv": [100, 33], "uv_size": [-1, -2]}
							}
						},
						{
							"origin": [3.147, 19.585, -33.7],
							"size": [0.3, 0.3, 0.6],
							"inflate": 0.001,
							"pivot": [1.52, 15.01, -45.7],
							"rotation": [0, 0, -45],
							"uv": {
								"north": {"uv": [15, 116], "uv_size": [1, 1]},
								"east": {"uv": [116, 15], "uv_size": [1, 1]},
								"south": {"uv": [16, 116], "uv_size": [1, 1]},
								"west": {"uv": [116, 16], "uv_size": [1, 1]},
								"up": {"uv": [17, 116], "uv_size": [1, 1]},
								"down": {"uv": [116, 18], "uv_size": [1, -1]}
							}
						},
						{
							"origin": [-0.57, 19.4, -33.7],
							"size": [1.3, 0.3, 0.6],
							"inflate": 0.001,
							"uv": {
								"north": {"uv": [12, 116], "uv_size": [1, 1]},
								"east": {"uv": [116, 12], "uv_size": [1, 1]},
								"south": {"uv": [13, 116], "uv_size": [1, 1]},
								"west": {"uv": [116, 13], "uv_size": [1, 1]},
								"up": {"uv": [14, 116], "uv_size": [1, 1]},
								"down": {"uv": [116, 15], "uv_size": [1, -1]}
							}
						},
						{
							"origin": [4.447, 19.59, -33.7],
							"size": [0.3, 0.3, 0.6],
							"inflate": 0.001,
							"pivot": [2.82, 15.01, -45.7],
							"rotation": [0, 0, -45],
							"uv": {
								"north": {"uv": [9, 116], "uv_size": [1, 1]},
								"east": {"uv": [116, 9], "uv_size": [1, 1]},
								"south": {"uv": [10, 116], "uv_size": [1, 1]},
								"west": {"uv": [116, 10], "uv_size": [1, 1]},
								"up": {"uv": [11, 116], "uv_size": [1, 1]},
								"down": {"uv": [116, 12], "uv_size": [1, -1]}
							}
						},
						{
							"origin": [1.45, 23.875, -46.35],
							"size": [0.4, 0.225, 2.6],
							"uv": {
								"north": {"uv": [81, 73], "uv_size": [3, 1]},
								"east": {"uv": [81, 73], "uv_size": [3, 1]},
								"south": {"uv": [81, 73], "uv_size": [3, 1]},
								"west": {"uv": [81, 73], "uv_size": [3, 1]},
								"up": {"uv": [84, 74], "uv_size": [-3, -1]},
								"down": {"uv": [84, 74], "uv_size": [-3, -1]}
							}
						},
						{
							"origin": [1.45, 23.7, -43.95],
							"size": [0.4, 0.35, 0.2],
							"pivot": [1.7, 23.8, -43.55],
							"rotation": [-45, 0, 0],
							"uv": {
								"north": {"uv": [83, 73], "uv_size": [1, 1]},
								"east": {"uv": [83, 73], "uv_size": [1, 1]},
								"south": {"uv": [83, 73], "uv_size": [1, 1]},
								"west": {"uv": [83, 73], "uv_size": [1, 1]},
								"up": {"uv": [84, 74], "uv_size": [-1, -1]},
								"down": {"uv": [84, 74], "uv_size": [-1, -1]}
							}
						},
						{
							"origin": [-1.65, 23.875, -46.35],
							"size": [0.4, 0.225, 2.6],
							"uv": {
								"north": {"uv": [81, 73], "uv_size": [3, 1]},
								"east": {"uv": [81, 73], "uv_size": [3, 1]},
								"south": {"uv": [81, 73], "uv_size": [3, 1]},
								"west": {"uv": [81, 73], "uv_size": [3, 1]},
								"up": {"uv": [84, 74], "uv_size": [-3, -1]},
								"down": {"uv": [84, 74], "uv_size": [-3, -1]}
							}
						},
						{
							"origin": [-1.65, 23.7, -43.95],
							"size": [0.4, 0.35, 0.2],
							"pivot": [-1.4, 23.8, -43.55],
							"rotation": [-45, 0, 0],
							"uv": {
								"north": {"uv": [83, 73], "uv_size": [1, 1]},
								"east": {"uv": [83, 73], "uv_size": [1, 1]},
								"south": {"uv": [83, 73], "uv_size": [1, 1]},
								"west": {"uv": [83, 73], "uv_size": [1, 1]},
								"up": {"uv": [84, 74], "uv_size": [-1, -1]},
								"down": {"uv": [84, 74], "uv_size": [-1, -1]}
							}
						},
						{
							"origin": [1.45, 23.35, -46.35],
							"size": [0.4, 0.3, 2.6],
							"uv": {
								"north": {"uv": [81, 73], "uv_size": [3, 1]},
								"east": {"uv": [81, 73], "uv_size": [3, 1]},
								"south": {"uv": [81, 73], "uv_size": [3, 1]},
								"west": {"uv": [81, 73], "uv_size": [3, 1]},
								"up": {"uv": [84, 74], "uv_size": [-3, -1]},
								"down": {"uv": [84, 74], "uv_size": [-3, -1]}
							}
						},
						{
							"origin": [1.45, 23.08, -44.05],
							"size": [0.4, 0.2, 0.4],
							"pivot": [1.7, 23.1, -43.45],
							"rotation": [-45, 0, 0],
							"uv": {
								"north": {"uv": [83, 73], "uv_size": [1, 1]},
								"east": {"uv": [83, 73], "uv_size": [1, 1]},
								"south": {"uv": [83, 73], "uv_size": [1, 1]},
								"west": {"uv": [83, 73], "uv_size": [1, 1]},
								"up": {"uv": [84, 74], "uv_size": [-1, -1]},
								"down": {"uv": [84, 74], "uv_size": [-1, -1]}
							}
						},
						{
							"origin": [-1.65, 23.35, -46.35],
							"size": [0.4, 0.3, 2.6],
							"uv": {
								"north": {"uv": [81, 73], "uv_size": [3, 1]},
								"east": {"uv": [81, 73], "uv_size": [3, 1]},
								"south": {"uv": [81, 73], "uv_size": [3, 1]},
								"west": {"uv": [81, 73], "uv_size": [3, 1]},
								"up": {"uv": [84, 74], "uv_size": [-3, -1]},
								"down": {"uv": [84, 74], "uv_size": [-3, -1]}
							}
						},
						{
							"origin": [-1.65, 23.08, -44.05],
							"size": [0.4, 0.2, 0.4],
							"pivot": [-1.4, 23.1, -43.45],
							"rotation": [-45, 0, 0],
							"uv": {
								"north": {"uv": [83, 73], "uv_size": [1, 1]},
								"east": {"uv": [83, 73], "uv_size": [1, 1]},
								"south": {"uv": [83, 73], "uv_size": [1, 1]},
								"west": {"uv": [83, 73], "uv_size": [1, 1]},
								"up": {"uv": [84, 74], "uv_size": [-1, -1]},
								"down": {"uv": [84, 74], "uv_size": [-1, -1]}
							}
						},
						{
							"origin": [-1.65, 23.745, -40.75],
							"size": [0.4, 0.175, 0.375],
							"pivot": [-1.4, 23.9, -40.25],
							"rotation": [-45, 0, 0],
							"uv": {
								"north": {"uv": [83, 73], "uv_size": [1, 1]},
								"east": {"uv": [83, 73], "uv_size": [1, 1]},
								"south": {"uv": [83, 73], "uv_size": [1, 1]},
								"west": {"uv": [83, 73], "uv_size": [1, 1]},
								"up": {"uv": [84, 74], "uv_size": [-1, -1]},
								"down": {"uv": [84, 74], "uv_size": [-1, -1]}
							}
						},
						{
							"origin": [-1.65, 23.875, -40.45],
							"size": [0.4, 0.225, 4],
							"uv": {
								"north": {"uv": [81, 73], "uv_size": [3, 1]},
								"east": {"uv": [81, 73], "uv_size": [3, 1]},
								"south": {"uv": [81, 73], "uv_size": [3, 1]},
								"west": {"uv": [81, 73], "uv_size": [3, 1]},
								"up": {"uv": [84, 74], "uv_size": [-3, -1]},
								"down": {"uv": [84, 74], "uv_size": [-3, -1]}
							}
						},
						{
							"origin": [-1.65, 22.92, -40.65],
							"size": [0.4, 0.4, 0.2],
							"pivot": [-1.4, 23.24, -40.15],
							"rotation": [-45, 0, 0],
							"uv": {
								"north": {"uv": [83, 73], "uv_size": [1, 1]},
								"east": {"uv": [83, 73], "uv_size": [1, 1]},
								"south": {"uv": [83, 73], "uv_size": [1, 1]},
								"west": {"uv": [83, 73], "uv_size": [1, 1]},
								"up": {"uv": [84, 74], "uv_size": [-1, -1]},
								"down": {"uv": [84, 74], "uv_size": [-1, -1]}
							}
						},
						{
							"origin": [1.45, 22.92, -40.65],
							"size": [0.4, 0.4, 0.2],
							"pivot": [1.7, 23.24, -40.15],
							"rotation": [-45, 0, 0],
							"uv": {
								"north": {"uv": [83, 73], "uv_size": [1, 1]},
								"east": {"uv": [83, 73], "uv_size": [1, 1]},
								"south": {"uv": [83, 73], "uv_size": [1, 1]},
								"west": {"uv": [83, 73], "uv_size": [1, 1]},
								"up": {"uv": [84, 74], "uv_size": [-1, -1]},
								"down": {"uv": [84, 74], "uv_size": [-1, -1]}
							}
						},
						{
							"origin": [-1.65, 23.25, -40.45],
							"size": [0.4, 0.4, 4],
							"uv": {
								"north": {"uv": [81, 73], "uv_size": [3, 1]},
								"east": {"uv": [81, 73], "uv_size": [3, 1]},
								"south": {"uv": [81, 73], "uv_size": [3, 1]},
								"west": {"uv": [81, 73], "uv_size": [3, 1]},
								"up": {"uv": [84, 74], "uv_size": [-3, -1]},
								"down": {"uv": [84, 74], "uv_size": [-3, -1]}
							}
						},
						{
							"origin": [1.45, 23.25, -40.45],
							"size": [0.4, 0.4, 4],
							"uv": {
								"north": {"uv": [81, 73], "uv_size": [3, 1]},
								"east": {"uv": [81, 73], "uv_size": [3, 1]},
								"south": {"uv": [81, 73], "uv_size": [3, 1]},
								"west": {"uv": [81, 73], "uv_size": [3, 1]},
								"up": {"uv": [84, 74], "uv_size": [-3, -1]},
								"down": {"uv": [84, 74], "uv_size": [-3, -1]}
							}
						},
						{
							"origin": [1.45, 23.67, -40.725],
							"size": [0.4, 0.15, 0.3],
							"pivot": [1.7, 23.8, -40.15],
							"rotation": [-45, 0, 0],
							"uv": {
								"north": {"uv": [83, 73], "uv_size": [1, 1]},
								"east": {"uv": [83, 73], "uv_size": [1, 1]},
								"south": {"uv": [83, 73], "uv_size": [1, 1]},
								"west": {"uv": [83, 73], "uv_size": [1, 1]},
								"up": {"uv": [84, 74], "uv_size": [-1, -1]},
								"down": {"uv": [84, 74], "uv_size": [-1, -1]}
							}
						},
						{
							"origin": [1.45, 23.9, -40.45],
							"size": [0.4, 0.2, 4],
							"uv": {
								"north": {"uv": [81, 73], "uv_size": [3, 1]},
								"east": {"uv": [81, 73], "uv_size": [3, 1]},
								"south": {"uv": [81, 73], "uv_size": [3, 1]},
								"west": {"uv": [81, 73], "uv_size": [3, 1]},
								"up": {"uv": [84, 74], "uv_size": [-3, -1]},
								"down": {"uv": [84, 74], "uv_size": [-3, -1]}
							}
						},
						{
							"origin": [1.45, 23.725, -36.65],
							"size": [0.4, 0.3, 0.2],
							"pivot": [1.7, 23.8, -36.25],
							"rotation": [-45, 0, 0],
							"uv": {
								"north": {"uv": [83, 73], "uv_size": [1, 1]},
								"east": {"uv": [83, 73], "uv_size": [1, 1]},
								"south": {"uv": [83, 73], "uv_size": [1, 1]},
								"west": {"uv": [83, 73], "uv_size": [1, 1]},
								"up": {"uv": [84, 74], "uv_size": [-1, -1]},
								"down": {"uv": [84, 74], "uv_size": [-1, -1]}
							}
						},
						{
							"origin": [1.45, 23.08, -36.75],
							"size": [0.4, 0.2, 0.4],
							"pivot": [1.7, 23.1, -36.15],
							"rotation": [-45, 0, 0],
							"uv": {
								"north": {"uv": [85, 74], "uv_size": [1, 1]},
								"east": {"uv": [85, 74], "uv_size": [1, 1]},
								"south": {"uv": [85, 74], "uv_size": [1, 1]},
								"west": {"uv": [83, 73], "uv_size": [1, 1]},
								"up": {"uv": [86, 75], "uv_size": [-1, -1]},
								"down": {"uv": [86, 75], "uv_size": [-1, -1]}
							}
						},
						{
							"origin": [-1.65, 23.7, -36.65],
							"size": [0.4, 0.325, 0.2],
							"pivot": [-1.4, 23.8, -36.25],
							"rotation": [-45, 0, 0],
							"uv": {
								"north": {"uv": [83, 73], "uv_size": [1, 1]},
								"east": {"uv": [83, 73], "uv_size": [1, 1]},
								"south": {"uv": [83, 73], "uv_size": [1, 1]},
								"west": {"uv": [83, 73], "uv_size": [1, 1]},
								"up": {"uv": [84, 74], "uv_size": [-1, -1]},
								"down": {"uv": [84, 74], "uv_size": [-1, -1]}
							}
						},
						{
							"origin": [-1.65, 23.08, -36.75],
							"size": [0.4, 0.2, 0.4],
							"pivot": [-1.4, 23.1, -36.15],
							"rotation": [-45, 0, 0],
							"uv": {
								"north": {"uv": [83, 73], "uv_size": [1, 1]},
								"east": {"uv": [83, 73], "uv_size": [1, 1]},
								"south": {"uv": [83, 73], "uv_size": [1, 1]},
								"west": {"uv": [83, 73], "uv_size": [1, 1]},
								"up": {"uv": [84, 74], "uv_size": [-1, -1]},
								"down": {"uv": [84, 74], "uv_size": [-1, -1]}
							}
						},
						{
							"origin": [-1.65, 22.92, -33.35],
							"size": [0.4, 0.4, 0.2],
							"pivot": [-1.4, 23.24, -32.85],
							"rotation": [-45, 0, 0],
							"uv": {
								"north": {"uv": [83, 73], "uv_size": [1, 1]},
								"east": {"uv": [83, 73], "uv_size": [1, 1]},
								"south": {"uv": [83, 73], "uv_size": [1, 1]},
								"west": {"uv": [83, 73], "uv_size": [1, 1]},
								"up": {"uv": [84, 74], "uv_size": [-1, -1]},
								"down": {"uv": [84, 74], "uv_size": [-1, -1]}
							}
						},
						{
							"origin": [-1.65, 23.72, -33.45],
							"size": [0.4, 0.2, 0.4],
							"pivot": [-1.4, 23.9, -32.95],
							"rotation": [-45, 0, 0],
							"uv": {
								"north": {"uv": [83, 73], "uv_size": [1, 1]},
								"east": {"uv": [83, 73], "uv_size": [1, 1]},
								"south": {"uv": [83, 73], "uv_size": [1, 1]},
								"west": {"uv": [83, 73], "uv_size": [1, 1]},
								"up": {"uv": [84, 74], "uv_size": [-1, -1]},
								"down": {"uv": [84, 74], "uv_size": [-1, -1]}
							}
						},
						{
							"origin": [-1.65, 23.85, -33.15],
							"size": [0.4, 0.25, 2.6],
							"uv": {
								"north": {"uv": [81, 73], "uv_size": [3, 1]},
								"east": {"uv": [81, 73], "uv_size": [3, 1]},
								"south": {"uv": [81, 73], "uv_size": [3, 1]},
								"west": {"uv": [81, 73], "uv_size": [3, 1]},
								"up": {"uv": [84, 74], "uv_size": [-3, -1]},
								"down": {"uv": [84, 74], "uv_size": [-3, -1]}
							}
						},
						{
							"origin": [-1.65, 23.15, -33.15],
							"size": [0.4, 0.5, 2.6],
							"uv": {
								"north": {"uv": [81, 73], "uv_size": [3, 1]},
								"east": {"uv": [81, 73], "uv_size": [3, 1]},
								"south": {"uv": [81, 73], "uv_size": [3, 1]},
								"west": {"uv": [81, 73], "uv_size": [3, 1]},
								"up": {"uv": [84, 74], "uv_size": [-3, -1]},
								"down": {"uv": [84, 74], "uv_size": [-3, -1]}
							}
						},
						{
							"origin": [1.45, 23.72, -33.45],
							"size": [0.4, 0.2, 0.4],
							"pivot": [1.7, 23.9, -32.95],
							"rotation": [-45, 0, 0],
							"uv": {
								"north": {"uv": [83, 73], "uv_size": [1, 1]},
								"east": {"uv": [83, 73], "uv_size": [1, 1]},
								"south": {"uv": [83, 73], "uv_size": [1, 1]},
								"west": {"uv": [83, 73], "uv_size": [1, 1]},
								"up": {"uv": [84, 74], "uv_size": [-1, -1]},
								"down": {"uv": [84, 74], "uv_size": [-1, -1]}
							}
						},
						{
							"origin": [1.45, 23.85, -33.15],
							"size": [0.4, 0.25, 2.6],
							"uv": {
								"north": {"uv": [81, 73], "uv_size": [3, 1]},
								"east": {"uv": [81, 73], "uv_size": [3, 1]},
								"south": {"uv": [81, 73], "uv_size": [3, 1]},
								"west": {"uv": [81, 73], "uv_size": [3, 1]},
								"up": {"uv": [84, 74], "uv_size": [-3, -1]},
								"down": {"uv": [84, 74], "uv_size": [-3, -1]}
							}
						},
						{
							"origin": [1.45, 23.15, -33.15],
							"size": [0.4, 0.5, 2.6],
							"uv": {
								"north": {"uv": [81, 73], "uv_size": [3, 1]},
								"east": {"uv": [81, 73], "uv_size": [3, 1]},
								"south": {"uv": [81, 73], "uv_size": [3, 1]},
								"west": {"uv": [81, 73], "uv_size": [3, 1]},
								"up": {"uv": [84, 74], "uv_size": [-3, -1]},
								"down": {"uv": [84, 74], "uv_size": [-3, -1]}
							}
						},
						{
							"origin": [1.45, 22.92, -33.35],
							"size": [0.4, 0.4, 0.2],
							"pivot": [1.7, 23.24, -32.85],
							"rotation": [-45, 0, 0],
							"uv": {
								"north": {"uv": [83, 73], "uv_size": [1, 1]},
								"east": {"uv": [83, 73], "uv_size": [1, 1]},
								"south": {"uv": [83, 73], "uv_size": [1, 1]},
								"west": {"uv": [83, 73], "uv_size": [1, 1]},
								"up": {"uv": [84, 74], "uv_size": [-1, -1]},
								"down": {"uv": [84, 74], "uv_size": [-1, -1]}
							}
						}
					]
				},
				{
					"name": "handguard2",
					"parent": "handguard",
					"pivot": [-0.9, 23.9, -52.65],
					"cubes": [
						{
							"origin": [-1.75, 19.7, -31.85],
							"size": [3.7, 3.8, 5.2],
							"uv": {
								"north": {"uv": [82, 20], "uv_size": [5, 4]},
								"east": {"uv": [120, 47], "uv_size": [-5, 4]},
								"south": {"uv": [82, 20], "uv_size": [5, 4]},
								"west": {"uv": [115, 47], "uv_size": [5, 4]},
								"up": {"uv": [87, 24], "uv_size": [-5, -4]},
								"down": {"uv": [87, 24], "uv_size": [-5, -4]}
							}
						},
						{
							"origin": [-1.75, 19.125, -31.3],
							"size": [3.7, 0.575, 4.65],
							"uv": {
								"north": {"uv": [115, 47], "uv_size": [5, 1]},
								"east": {"uv": [115, 47], "uv_size": [5, 1]},
								"south": {"uv": [115, 47], "uv_size": [5, 1]},
								"west": {"uv": [115, 47], "uv_size": [5, 1]},
								"up": {"uv": [120, 48], "uv_size": [-5, -1]},
								"down": {"uv": [120, 48], "uv_size": [-5, -1]}
							}
						},
						{
							"origin": [-1.75, 20.4, -46.35],
							"size": [0.6, 3.1, 14.5],
							"uv": {
								"north": {"uv": [82, 20], "uv_size": [5, 4]},
								"east": {"uv": [96, 72], "uv_size": [-15, 3]},
								"south": {"uv": [82, 20], "uv_size": [5, 4]},
								"west": {"uv": [82, 20], "uv_size": [5, 4]},
								"up": {"uv": [87, 24], "uv_size": [-5, -4]},
								"down": {"uv": [87, 24], "uv_size": [-5, -4]}
							}
						},
						{
							"origin": [1.35, 20.4, -46.35],
							"size": [0.6, 3.1, 14.5],
							"uv": {
								"north": {"uv": [82, 20], "uv_size": [5, 4]},
								"east": {"uv": [82, 20], "uv_size": [5, 4]},
								"south": {"uv": [82, 20], "uv_size": [5, 4]},
								"west": {"uv": [81, 72], "uv_size": [15, 3]},
								"up": {"uv": [87, 24], "uv_size": [-5, -4]},
								"down": {"uv": [87, 24], "uv_size": [-5, -4]}
							}
						},
						{
							"origin": [1.35, 20.4, -46.35],
							"size": [0.6, 0.5, 14.5],
							"pivot": [1.95, 20.4, -46.35],
							"rotation": [-1.75, 0, 0],
							"uv": {
								"north": {"uv": [82, 20], "uv_size": [5, 4]},
								"east": {"uv": [82, 20], "uv_size": [5, 4]},
								"south": {"uv": [82, 20], "uv_size": [5, 4]},
								"west": {"uv": [81, 72], "uv_size": [15, 3]},
								"up": {"uv": [87, 24], "uv_size": [-5, -4]},
								"down": {"uv": [87, 24], "uv_size": [-5, -4]}
							}
						},
						{
							"origin": [-1.75, 20.4, -46.35],
							"size": [0.6, 0.5, 14.5],
							"pivot": [-1.75, 20.4, -46.35],
							"rotation": [-1.75, 0, 0],
							"uv": {
								"north": {"uv": [87, 20], "uv_size": [-5, 4]},
								"east": {"uv": [96, 72], "uv_size": [-15, 3]},
								"south": {"uv": [87, 20], "uv_size": [-5, 4]},
								"west": {"uv": [87, 20], "uv_size": [-5, 4]},
								"up": {"uv": [82, 24], "uv_size": [5, -4]},
								"down": {"uv": [82, 24], "uv_size": [5, -4]}
							}
						},
						{
							"origin": [0.17, 14.23293, -29.52508],
							"size": [1.5, 3.71, 1.14],
							"pivot": [1.67, 17.66793, -28.38508],
							"rotation": [0, 0.5, 90],
							"uv": {
								"north": {"uv": [57, 32], "uv_size": [14, -4]},
								"east": {"uv": [57, 32], "uv_size": [14, -4]},
								"south": {"uv": [57, 32], "uv_size": [14, -4]},
								"west": {"uv": [119, 17], "uv_size": [-1, 5]},
								"up": {"uv": [118, 48], "uv_size": [2, -1]},
								"down": {"uv": [118, 48], "uv_size": [2, -1]}
							}
						},
						{
							"origin": [1.35, 23.9, -46.75],
							"size": [0.5, 2.4, 0.4],
							"uv": {
								"north": {"uv": [99, 31], "uv_size": [1, 2]},
								"east": {"uv": [99, 31], "uv_size": [1, 2]},
								"south": {"uv": [99, 31], "uv_size": [1, 2]},
								"west": {"uv": [99, 31], "uv_size": [1, 2]},
								"up": {"uv": [100, 33], "uv_size": [-1, -2]},
								"down": {"uv": [100, 33], "uv_size": [-1, -2]}
							}
						},
						{
							"origin": [-1.65, 23.9, -46.75],
							"size": [0.5, 2.4, 0.4],
							"uv": {
								"north": {"uv": [99, 31], "uv_size": [1, 2]},
								"east": {"uv": [99, 31], "uv_size": [1, 2]},
								"south": {"uv": [99, 31], "uv_size": [1, 2]},
								"west": {"uv": [99, 31], "uv_size": [1, 2]},
								"up": {"uv": [100, 33], "uv_size": [-1, -2]},
								"down": {"uv": [100, 33], "uv_size": [-1, -2]}
							}
						},
						{
							"origin": [-1.85, 25.8, -46.35],
							"size": [0.5, 1.25, 15.8],
							"pivot": [-1.1, 25.8, -38.55],
							"rotation": [0, 0, 40],
							"uv": {
								"north": {"uv": [82, 20], "uv_size": [5, 4]},
								"east": {"uv": [96, 72], "uv_size": [-15, 2]},
								"south": {"uv": [82, 20], "uv_size": [5, 4]},
								"west": {"uv": [82, 20], "uv_size": [5, 4]},
								"up": {"uv": [87, 24], "uv_size": [-5, -4]},
								"down": {"uv": [87, 24], "uv_size": [-5, -4]}
							}
						},
						{
							"origin": [-1.84, 25.8, -30.55],
							"size": [0.5, 1.25, 0.3],
							"pivot": [-1.1, 25.8, -38.55],
							"rotation": [0, 0, 40],
							"uv": {
								"north": {"uv": [99, 31], "uv_size": [1, 2]},
								"east": {"uv": [99, 31], "uv_size": [1, 2]},
								"south": {"uv": [99, 31], "uv_size": [1, 2]},
								"west": {"uv": [99, 31], "uv_size": [1, 2]},
								"up": {"uv": [100, 33], "uv_size": [-1, -2]},
								"down": {"uv": [100, 33], "uv_size": [-1, -2]}
							}
						},
						{
							"origin": [-1.85, 25.8, -46.75],
							"size": [0.5, 1.25, 0.4],
							"pivot": [-1.1, 25.8, -38.55],
							"rotation": [0, 0, 40],
							"uv": {
								"north": {"uv": [99, 31], "uv_size": [1, 2]},
								"east": {"uv": [99, 31], "uv_size": [1, 2]},
								"south": {"uv": [99, 31], "uv_size": [1, 2]},
								"west": {"uv": [99, 31], "uv_size": [1, 2]},
								"up": {"uv": [100, 33], "uv_size": [-1, -2]},
								"down": {"uv": [100, 33], "uv_size": [-1, -2]}
							}
						},
						{
							"origin": [1.35, 26.5, -46.35],
							"size": [0.5, 1.2, 15.8],
							"pivot": [2.1, 26.4, -38.55],
							"rotation": [0, 0, -40],
							"uv": {
								"north": {"uv": [82, 20], "uv_size": [5, 4]},
								"east": {"uv": [82, 20], "uv_size": [5, 4]},
								"south": {"uv": [82, 20], "uv_size": [5, 4]},
								"west": {"uv": [81, 72], "uv_size": [15, 2]},
								"up": {"uv": [87, 24], "uv_size": [-5, -4]},
								"down": {"uv": [87, 24], "uv_size": [-5, -4]}
							}
						},
						{
							"origin": [1.36, 26.5, -30.55],
							"size": [0.5, 1.2, 0.3],
							"pivot": [2.1, 26.4, -38.55],
							"rotation": [0, 0, -40],
							"uv": {
								"north": {"uv": [99, 31], "uv_size": [1, 2]},
								"east": {"uv": [99, 31], "uv_size": [1, 2]},
								"south": {"uv": [99, 31], "uv_size": [1, 2]},
								"west": {"uv": [99, 31], "uv_size": [1, 2]},
								"up": {"uv": [100, 33], "uv_size": [-1, -2]},
								"down": {"uv": [100, 33], "uv_size": [-1, -2]}
							}
						},
						{
							"origin": [1.35, 26.5, -46.75],
							"size": [0.5, 1.2, 0.4],
							"pivot": [2.1, 26.4, -38.55],
							"rotation": [0, 0, -40],
							"uv": {
								"north": {"uv": [99, 31], "uv_size": [1, 2]},
								"east": {"uv": [99, 31], "uv_size": [1, 2]},
								"south": {"uv": [99, 31], "uv_size": [1, 2]},
								"west": {"uv": [99, 31], "uv_size": [1, 2]},
								"up": {"uv": [100, 33], "uv_size": [-1, -2]},
								"down": {"uv": [100, 33], "uv_size": [-1, -2]}
							}
						},
						{
							"origin": [0.05, 27.23, -46.35],
							"size": [0.5, 1.96, 15.8],
							"pivot": [0.8, 27.5, -38.55],
							"rotation": [0, 0, -90],
							"uv": {
								"north": {"uv": [82, 20], "uv_size": [5, 4]},
								"east": {"uv": [82, 20], "uv_size": [5, 4]},
								"south": {"uv": [82, 20], "uv_size": [5, 4]},
								"west": {"uv": [81, 73], "uv_size": [15, 2]},
								"up": {"uv": [87, 24], "uv_size": [-5, -4]},
								"down": {"uv": [87, 24], "uv_size": [-5, -4]}
							}
						},
						{
							"origin": [0.06, 27.23, -30.55],
							"size": [0.5, 1.96, 0.3],
							"pivot": [0.8, 27.5, -38.55],
							"rotation": [0, 0, -90],
							"uv": {
								"north": {"uv": [99, 31], "uv_size": [1, 2]},
								"east": {"uv": [99, 31], "uv_size": [1, 2]},
								"south": {"uv": [99, 31], "uv_size": [1, 2]},
								"west": {"uv": [99, 31], "uv_size": [1, 2]},
								"up": {"uv": [100, 33], "uv_size": [-1, -2]},
								"down": {"uv": [100, 33], "uv_size": [-1, -2]}
							}
						},
						{
							"origin": [0.05, 27.23, -46.75],
							"size": [0.5, 1.96, 0.4],
							"pivot": [0.8, 27.5, -38.55],
							"rotation": [0, 0, -90],
							"uv": {
								"north": {"uv": [99, 31], "uv_size": [1, 2]},
								"east": {"uv": [99, 31], "uv_size": [1, 2]},
								"south": {"uv": [99, 31], "uv_size": [1, 2]},
								"west": {"uv": [99, 31], "uv_size": [1, 2]},
								"up": {"uv": [100, 33], "uv_size": [-1, -2]},
								"down": {"uv": [100, 33], "uv_size": [-1, -2]}
							}
						},
						{
							"origin": [0.67287, 19.76484, -46.75],
							"size": [0.5, 1, 0.4],
							"pivot": [1.17287, 19.76484, -46.75],
							"rotation": [0, 0, 50.5],
							"uv": {
								"north": {"uv": [99, 31], "uv_size": [1, 2]},
								"east": {"uv": [99, 31], "uv_size": [1, 2]},
								"south": {"uv": [99, 31], "uv_size": [1, 2]},
								"west": {"uv": [99, 31], "uv_size": [1, 2]},
								"up": {"uv": [100, 33], "uv_size": [-1, -2]},
								"down": {"uv": [100, 33], "uv_size": [-1, -2]}
							}
						},
						{
							"origin": [0.05, 17.71, -46.75],
							"size": [0.5, 2.16, 0.4],
							"pivot": [0.8, 19.5, -38.55],
							"rotation": [0, 0, 90],
							"uv": {
								"north": {"uv": [99, 31], "uv_size": [1, 2]},
								"east": {"uv": [99, 31], "uv_size": [1, 2]},
								"south": {"uv": [99, 31], "uv_size": [1, 2]},
								"west": {"uv": [99, 31], "uv_size": [1, 2]},
								"up": {"uv": [100, 33], "uv_size": [-1, -2]},
								"down": {"uv": [100, 33], "uv_size": [-1, -2]}
							}
						},
						{
							"origin": [0.67287, 19.76484, -46.35],
							"size": [0.5, 1, 0.9],
							"pivot": [1.17287, 19.76484, -46.35],
							"rotation": [0, 0, 50.5],
							"uv": {
								"north": {"uv": [82, 20], "uv_size": [5, 4]},
								"east": {"uv": [82, 20], "uv_size": [5, 4]},
								"south": {"uv": [82, 20], "uv_size": [5, 4]},
								"west": {"uv": [130, 86], "uv_size": [1, 2]},
								"up": {"uv": [87, 24], "uv_size": [-5, -4]},
								"down": {"uv": [87, 24], "uv_size": [-5, -4]}
							}
						},
						{
							"origin": [-0.97287, 19.76484, -46.35],
							"size": [0.5, 1, 0.9],
							"pivot": [-0.97287, 19.76484, -46.35],
							"rotation": [0, 0, -50.5],
							"uv": {
								"north": {"uv": [87, 20], "uv_size": [-5, 4]},
								"east": {"uv": [131, 86], "uv_size": [-1, 2]},
								"south": {"uv": [87, 20], "uv_size": [-5, 4]},
								"west": {"uv": [87, 20], "uv_size": [-5, 4]},
								"up": {"uv": [82, 24], "uv_size": [5, -4]},
								"down": {"uv": [82, 24], "uv_size": [5, -4]}
							}
						},
						{
							"origin": [-0.97287, 19.76484, -46.75],
							"size": [0.5, 1, 0.4],
							"pivot": [-0.97287, 19.76484, -46.75],
							"rotation": [0, 0, -50.5],
							"uv": {
								"north": {"uv": [99, 31], "uv_size": [1, 2]},
								"east": {"uv": [99, 31], "uv_size": [1, 2]},
								"south": {"uv": [99, 31], "uv_size": [1, 2]},
								"west": {"uv": [99, 31], "uv_size": [1, 2]},
								"up": {"uv": [100, 33], "uv_size": [-1, -2]},
								"down": {"uv": [100, 33], "uv_size": [-1, -2]}
							}
						},
						{
							"origin": [0.05, 17.71, -46.35],
							"size": [0.5, 2.16, 15.8],
							"pivot": [0.8, 19.5, -38.55],
							"rotation": [0, 0, 90],
							"uv": {
								"north": {"uv": [82, 20], "uv_size": [5, 4]},
								"east": {"uv": [82, 20], "uv_size": [5, 4]},
								"south": {"uv": [82, 20], "uv_size": [5, 4]},
								"west": {"uv": [130, 86], "uv_size": [1, 2]},
								"up": {"uv": [87, 24], "uv_size": [-5, -4]},
								"down": {"uv": [87, 24], "uv_size": [-5, -4]}
							}
						},
						{
							"origin": [-1.75, 20.4, -46.75],
							"size": [0.6, 3.3, 0.4],
							"uv": {
								"north": {"uv": [99, 31], "uv_size": [1, 2]},
								"east": {"uv": [99, 31], "uv_size": [1, 2]},
								"south": {"uv": [99, 31], "uv_size": [1, 2]},
								"west": {"uv": [99, 31], "uv_size": [1, 2]},
								"up": {"uv": [100, 33], "uv_size": [-1, -2]},
								"down": {"uv": [100, 33], "uv_size": [-1, -2]}
							}
						},
						{
							"origin": [1.35, 20.4, -46.75],
							"size": [0.6, 3.3, 0.4],
							"uv": {
								"north": {"uv": [99, 31], "uv_size": [1, 2]},
								"east": {"uv": [99, 31], "uv_size": [1, 2]},
								"south": {"uv": [99, 31], "uv_size": [1, 2]},
								"west": {"uv": [99, 31], "uv_size": [1, 2]},
								"up": {"uv": [100, 33], "uv_size": [-1, -2]},
								"down": {"uv": [100, 33], "uv_size": [-1, -2]}
							}
						}
					]
				},
				{
					"name": "rotateddown",
					"parent": "handguard2",
					"pivot": [0.1, 19.4, -46.15],
					"rotation": [2, 0, 0]
				},
				{
					"name": "bone33",
					"parent": "rotateddown",
					"pivot": [-0.9, 16.6, -37.65],
					"rotation": [-4, 0, 0]
				},
				{
					"name": "bone32",
					"parent": "rotateddown",
					"pivot": [0.2, 19.5, -45.95],
					"rotation": [-4, 0, 0],
					"cubes": [
						{
							"origin": [-0.24982, 17.41678, -46.13184],
							"size": [0.5, 2.16, 19],
							"pivot": [0.8, 19.20678, -36.62137],
							"rotation": [0, 0, 90],
							"uv": {
								"north": {"uv": [82, 20], "uv_size": [5, 4]},
								"east": {"uv": [82, 20], "uv_size": [5, 4]},
								"south": {"uv": [82, 20], "uv_size": [5, 4]},
								"west": {"uv": [81, 73], "uv_size": [15, 2]},
								"up": {"uv": [87, 24], "uv_size": [-5, -4]},
								"down": {"uv": [87, 24], "uv_size": [-5, -4]}
							}
						},
						{
							"origin": [0.67286, 19.77144, -46.13184],
							"size": [0.5, 1, 19],
							"pivot": [1.17286, 19.77144, -46.13184],
							"rotation": [0, 0, 50.5],
							"uv": {
								"north": {"uv": [82, 20], "uv_size": [5, 4]},
								"east": {"uv": [82, 20], "uv_size": [5, 4]},
								"south": {"uv": [82, 20], "uv_size": [5, 4]},
								"west": {"uv": [130, 86], "uv_size": [14, 2]},
								"up": {"uv": [87, 24], "uv_size": [-5, -4]},
								"down": {"uv": [87, 24], "uv_size": [-5, -4]}
							}
						},
						{
							"origin": [-1.04565, 19.61711, -46.13184],
							"size": [0.5, 1, 19],
							"pivot": [-1.17286, 19.77144, -46.13184],
							"rotation": [0, 0, -50.5],
							"uv": {
								"north": {"uv": [87, 20], "uv_size": [-5, 4]},
								"east": {"uv": [144, 86], "uv_size": [-14, 2]},
								"south": {"uv": [87, 20], "uv_size": [-5, 4]},
								"west": {"uv": [87, 20], "uv_size": [-5, 4]},
								"up": {"uv": [82, 24], "uv_size": [5, -4]},
								"down": {"uv": [82, 24], "uv_size": [5, -4]}
							}
						}
					]
				},
				{
					"name": "rotateddown2",
					"parent": "handguard2",
					"pivot": [0.1, 19.2, -34.15],
					"rotation": [-17, 0, 0]
				},
				{
					"name": "bone36",
					"parent": "rotateddown2",
					"pivot": [-0.9, 16.4, -25.65],
					"rotation": [-4, 0, 0]
				},
				{
					"name": "bone37",
					"parent": "rotateddown2",
					"pivot": [0.2, 19.3, -33.95],
					"rotation": [-4, 0, 0],
					"cubes": [
						{
							"origin": [0.51668, 15.6606, -34.1913],
							"size": [1.4, 3.71, 4.9],
							"pivot": [1.945, 19.3706, -29.20572],
							"rotation": [0, 15, 90],
							"uv": {
								"north": {"uv": [57, 32], "uv_size": [14, -4]},
								"east": {"uv": [57, 32], "uv_size": [14, -4]},
								"south": {"uv": [57, 32], "uv_size": [14, -4]},
								"west": {"uv": [119, 17], "uv_size": [-4, 5]},
								"up": {"uv": [119, 51], "uv_size": [1, -4]},
								"down": {"uv": [119, 51], "uv_size": [1, -4]}
							}
						}
					]
				},
				{
					"name": "rotateddown3",
					"parent": "handguard2",
					"pivot": [0.1, 18.8, -26.75],
					"rotation": [12, 0, 0]
				},
				{
					"name": "bone34",
					"parent": "rotateddown3",
					"pivot": [0.2, 18.4, -28.45],
					"rotation": [13, 0, 0],
					"cubes": [
						{
							"origin": [0.69326, 15.48741, -28.82672],
							"size": [1.2, 3.71, 2.3],
							"pivot": [1.67, 18.92241, -26.67911],
							"rotation": [0, -17.25, 90],
							"uv": {
								"north": {"uv": [57, 32], "uv_size": [14, -4]},
								"east": {"uv": [57, 32], "uv_size": [14, -4]},
								"south": {"uv": [57, 32], "uv_size": [14, -4]},
								"west": {"uv": [118, 17], "uv_size": [1, 5]},
								"up": {"uv": [119, 49], "uv_size": [1, -2]},
								"down": {"uv": [119, 49], "uv_size": [1, -2]}
							}
						}
					]
				},
				{
					"name": "bone35",
					"parent": "rotateddown3",
					"pivot": [-0.9, 14.7, -34.25],
					"rotation": [13, 0, 0]
				},
				{
					"name": "bone14",
					"parent": "handguard2",
					"pivot": [2.5, 21.1, -40.35],
					"rotation": [0, -1, 0]
				},
				{
					"name": "bone15",
					"parent": "handguard2",
					"pivot": [-2.4, 21.1, -31.45],
					"rotation": [0, 179, 0]
				},
				{
					"name": "bone28",
					"parent": "handguard2",
					"pivot": [2.5, 21.1, -40.35],
					"rotation": [0, -1, 0]
				},
				{
					"name": "bone29",
					"parent": "handguard2",
					"pivot": [-2.4, 21.1, -31.45],
					"rotation": [0, 179, 0]
				}
			]
		}
	]
}