{
	"format_version": "1.12.0",
	"minecraft:geometry": [
		{
			"description": {
				"identifier": "geometry.unknown",
				"texture_width": 256,
				"texture_height": 256,
				"visible_bounds_width": 9,
				"visible_bounds_height": 5,
				"visible_bounds_offset": [0, 0.5, 0]
			},
			"bones": [
				{
					"name": "main",
					"pivot": [0, 20, 0]
				},
				{
					"name": "handguard",
					"parent": "main",
					"pivot": [-0.9, 23.9, -52.65],
					"cubes": [
						{
							"origin": [1.55, 20.6, -46.25],
							"size": [0.5, 0.2, 19],
							"pivot": [2.3, 20.8, -40.35],
							"rotation": [-2, 0, 0],
							"uv": {
								"north": {"uv": [99, 31], "uv_size": [1, 2]},
								"east": {"uv": [99, 31], "uv_size": [1, 2]},
								"south": {"uv": [99, 31], "uv_size": [1, 2]},
								"west": {"uv": [99, 31], "uv_size": [1, 2]},
								"up": {"uv": [100, 33], "uv_size": [-1, -2]},
								"down": {"uv": [100, 33], "uv_size": [-1, -2]}
							}
						},
						{
							"origin": [1.55, 20.2, -46.25],
							"size": [0.5, 0.2, 19],
							"pivot": [2.3, 20.4, -40.35],
							"rotation": [-2, 0, 0],
							"uv": {
								"north": {"uv": [99, 31], "uv_size": [1, 2]},
								"east": {"uv": [99, 31], "uv_size": [1, 2]},
								"south": {"uv": [99, 31], "uv_size": [1, 2]},
								"west": {"uv": [99, 31], "uv_size": [1, 2]},
								"up": {"uv": [100, 33], "uv_size": [-1, -2]},
								"down": {"uv": [100, 33], "uv_size": [-1, -2]}
							}
						},
						{
							"origin": [1.55, 19.8, -31.55],
							"size": [0.5, 0.2, 4.3],
							"pivot": [2.3, 20, -40.35],
							"rotation": [-2, 0, 0],
							"uv": {
								"north": {"uv": [99, 31], "uv_size": [1, 2]},
								"east": {"uv": [99, 31], "uv_size": [1, 2]},
								"south": {"uv": [99, 31], "uv_size": [1, 2]},
								"west": {"uv": [99, 31], "uv_size": [1, 2]},
								"up": {"uv": [100, 33], "uv_size": [-1, -2]},
								"down": {"uv": [100, 33], "uv_size": [-1, -2]}
							}
						},
						{
							"origin": [-1.85, 19.8, -32.05],
							"size": [0.5, 0.2, 4.8],
							"pivot": [-1.1, 20, -40.35],
							"rotation": [-2, 0, 0],
							"uv": {
								"north": {"uv": [99, 31], "uv_size": [1, 2]},
								"east": {"uv": [99, 31], "uv_size": [1, 2]},
								"south": {"uv": [99, 31], "uv_size": [1, 2]},
								"west": {"uv": [99, 31], "uv_size": [1, 2]},
								"up": {"uv": [100, 33], "uv_size": [-1, -2]},
								"down": {"uv": [100, 33], "uv_size": [-1, -2]}
							}
						},
						{
							"origin": [1.55, 21, -46.25],
							"size": [0.5, 0.2, 19],
							"pivot": [2.3, 21.2, -40.35],
							"rotation": [-2, 0, 0],
							"uv": {
								"north": {"uv": [99, 31], "uv_size": [1, 2]},
								"east": {"uv": [99, 31], "uv_size": [1, 2]},
								"south": {"uv": [99, 31], "uv_size": [1, 2]},
								"west": {"uv": [99, 31], "uv_size": [1, 2]},
								"up": {"uv": [100, 33], "uv_size": [-1, -2]},
								"down": {"uv": [100, 33], "uv_size": [-1, -2]}
							}
						},
						{
							"origin": [1.55, 21.4, -46.25],
							"size": [0.5, 0.2, 19],
							"pivot": [2.3, 21.6, -40.35],
							"rotation": [-2, 0, 0],
							"uv": {
								"north": {"uv": [99, 31], "uv_size": [1, 2]},
								"east": {"uv": [99, 31], "uv_size": [1, 2]},
								"south": {"uv": [99, 31], "uv_size": [1, 2]},
								"west": {"uv": [99, 31], "uv_size": [1, 2]},
								"up": {"uv": [100, 33], "uv_size": [-1, -2]},
								"down": {"uv": [100, 33], "uv_size": [-1, -2]}
							}
						},
						{
							"origin": [1.55, 21.8, -46.25],
							"size": [0.5, 0.2, 19],
							"pivot": [2.3, 22, -40.35],
							"rotation": [-1, 0, 0],
							"uv": {
								"north": {"uv": [99, 31], "uv_size": [1, 2]},
								"east": {"uv": [99, 31], "uv_size": [1, 2]},
								"south": {"uv": [99, 31], "uv_size": [1, 2]},
								"west": {"uv": [99, 31], "uv_size": [1, 2]},
								"up": {"uv": [100, 33], "uv_size": [-1, -2]},
								"down": {"uv": [100, 33], "uv_size": [-1, -2]}
							}
						},
						{
							"origin": [1.55, 22.6, -46.25],
							"size": [0.5, 0.2, 19],
							"pivot": [2.3, 22.8, -40.35],
							"rotation": [-1, 0, 0],
							"uv": {
								"north": {"uv": [99, 31], "uv_size": [1, 2]},
								"east": {"uv": [99, 31], "uv_size": [1, 2]},
								"south": {"uv": [99, 31], "uv_size": [1, 2]},
								"west": {"uv": [99, 31], "uv_size": [1, 2]},
								"up": {"uv": [100, 33], "uv_size": [-1, -2]},
								"down": {"uv": [100, 33], "uv_size": [-1, -2]}
							}
						},
						{
							"origin": [1.55, 23.1, -46.25],
							"size": [0.5, 0.2, 19],
							"uv": {
								"north": {"uv": [99, 31], "uv_size": [1, 2]},
								"east": {"uv": [99, 31], "uv_size": [1, 2]},
								"south": {"uv": [99, 31], "uv_size": [1, 2]},
								"west": {"uv": [99, 31], "uv_size": [1, 2]},
								"up": {"uv": [100, 33], "uv_size": [-1, -2]},
								"down": {"uv": [100, 33], "uv_size": [-1, -2]}
							}
						},
						{
							"origin": [1.65, 21.3, -44.75],
							"size": [0.5, 1.8, 0.2],
							"uv": {
								"north": {"uv": [99, 31], "uv_size": [1, 2]},
								"east": {"uv": [99, 31], "uv_size": [1, 2]},
								"south": {"uv": [99, 31], "uv_size": [1, 2]},
								"west": {"uv": [99, 31], "uv_size": [1, 2]},
								"up": {"uv": [100, 33], "uv_size": [-1, -2]},
								"down": {"uv": [100, 33], "uv_size": [-1, -2]}
							}
						},
						{
							"origin": [1.65, 23.1, -44.75],
							"size": [0.5, 0.2, 2.2],
							"uv": {
								"north": {"uv": [99, 31], "uv_size": [1, 2]},
								"east": {"uv": [99, 31], "uv_size": [1, 2]},
								"south": {"uv": [99, 31], "uv_size": [1, 2]},
								"west": {"uv": [99, 31], "uv_size": [1, 2]},
								"up": {"uv": [100, 33], "uv_size": [-1, -2]},
								"down": {"uv": [100, 33], "uv_size": [-1, -2]}
							}
						},
						{
							"origin": [1.65, 21.3, -44.25],
							"size": [0.5, 1.8, 0.2],
							"uv": {
								"north": {"uv": [99, 31], "uv_size": [1, 2]},
								"east": {"uv": [99, 31], "uv_size": [1, 2]},
								"south": {"uv": [99, 31], "uv_size": [1, 2]},
								"west": {"uv": [99, 31], "uv_size": [1, 2]},
								"up": {"uv": [100, 33], "uv_size": [-1, -2]},
								"down": {"uv": [100, 33], "uv_size": [-1, -2]}
							}
						},
						{
							"origin": [1.65, 21.3, -43.25],
							"size": [0.5, 1.8, 0.2],
							"uv": {
								"north": {"uv": [99, 31], "uv_size": [1, 2]},
								"east": {"uv": [99, 31], "uv_size": [1, 2]},
								"south": {"uv": [99, 31], "uv_size": [1, 2]},
								"west": {"uv": [99, 31], "uv_size": [1, 2]},
								"up": {"uv": [100, 33], "uv_size": [-1, -2]},
								"down": {"uv": [100, 33], "uv_size": [-1, -2]}
							}
						},
						{
							"origin": [1.65, 21.3, -43.75],
							"size": [0.5, 1.8, 0.2],
							"uv": {
								"north": {"uv": [99, 31], "uv_size": [1, 2]},
								"east": {"uv": [99, 31], "uv_size": [1, 2]},
								"south": {"uv": [99, 31], "uv_size": [1, 2]},
								"west": {"uv": [99, 31], "uv_size": [1, 2]},
								"up": {"uv": [100, 33], "uv_size": [-1, -2]},
								"down": {"uv": [100, 33], "uv_size": [-1, -2]}
							}
						},
						{
							"origin": [1.65, 21.3, -42.75],
							"size": [0.5, 1.8, 0.2],
							"uv": {
								"north": {"uv": [99, 31], "uv_size": [1, 2]},
								"east": {"uv": [99, 31], "uv_size": [1, 2]},
								"south": {"uv": [99, 31], "uv_size": [1, 2]},
								"west": {"uv": [99, 31], "uv_size": [1, 2]},
								"up": {"uv": [100, 33], "uv_size": [-1, -2]},
								"down": {"uv": [100, 33], "uv_size": [-1, -2]}
							}
						},
						{
							"origin": [1.55, 22.2, -46.25],
							"size": [0.5, 0.2, 19],
							"pivot": [2.3, 22.4, -40.35],
							"rotation": [-1, 0, 0],
							"uv": {
								"north": {"uv": [99, 31], "uv_size": [1, 2]},
								"east": {"uv": [99, 31], "uv_size": [1, 2]},
								"south": {"uv": [99, 31], "uv_size": [1, 2]},
								"west": {"uv": [99, 31], "uv_size": [1, 2]},
								"up": {"uv": [100, 33], "uv_size": [-1, -2]},
								"down": {"uv": [100, 33], "uv_size": [-1, -2]}
							}
						},
						{
							"origin": [-1.65, 24, -46.35],
							"size": [0.5, 2.3, 15.8],
							"uv": {
								"north": {"uv": [82, 20], "uv_size": [5, 4]},
								"east": {"uv": [96, 72], "uv_size": [-15, 3]},
								"south": {"uv": [82, 20], "uv_size": [5, 4]},
								"west": {"uv": [82, 20], "uv_size": [5, 4]},
								"up": {"uv": [87, 24], "uv_size": [-5, -4]},
								"down": {"uv": [87, 24], "uv_size": [-5, -4]}
							}
						},
						{
							"origin": [1.35, 24, -46.35],
							"size": [0.5, 2.3, 15.8],
							"uv": {
								"north": {"uv": [82, 20], "uv_size": [5, 4]},
								"east": {"uv": [82, 20], "uv_size": [5, 4]},
								"south": {"uv": [82, 20], "uv_size": [5, 4]},
								"west": {"uv": [81, 72], "uv_size": [15, 3]},
								"up": {"uv": [87, 24], "uv_size": [-5, -4]},
								"down": {"uv": [87, 24], "uv_size": [-5, -4]}
							}
						},
						{
							"origin": [1.8, 24.1, -42.35],
							"size": [0.1, 2.23, 0.2],
							"uv": {
								"north": {"uv": [98, 31], "uv_size": [1, 2]},
								"east": {"uv": [98, 31], "uv_size": [1, 2]},
								"south": {"uv": [98, 31], "uv_size": [1, 2]},
								"west": {"uv": [98, 31], "uv_size": [1, 2]},
								"up": {"uv": [99, 33], "uv_size": [-1, -2]},
								"down": {"uv": [99, 33], "uv_size": [-1, -2]}
							}
						},
						{
							"origin": [1.8, 24.1, -36.35],
							"size": [0.1, 2.23, 0.2],
							"uv": {
								"north": {"uv": [98, 31], "uv_size": [1, 2]},
								"east": {"uv": [98, 31], "uv_size": [1, 2]},
								"south": {"uv": [98, 31], "uv_size": [1, 2]},
								"west": {"uv": [98, 31], "uv_size": [1, 2]},
								"up": {"uv": [99, 33], "uv_size": [-1, -2]},
								"down": {"uv": [99, 33], "uv_size": [-1, -2]}
							}
						},
						{
							"origin": [-1.7, 24.1, -36.35],
							"size": [0.1, 2.2, 0.2],
							"uv": {
								"north": {"uv": [98, 31], "uv_size": [1, 2]},
								"east": {"uv": [98, 31], "uv_size": [1, 2]},
								"south": {"uv": [98, 31], "uv_size": [1, 2]},
								"west": {"uv": [98, 31], "uv_size": [1, 2]},
								"up": {"uv": [99, 33], "uv_size": [-1, -2]},
								"down": {"uv": [99, 33], "uv_size": [-1, -2]}
							}
						},
						{
							"origin": [-1.7, 24.1, -42.35],
							"size": [0.1, 2.2, 0.2],
							"uv": {
								"north": {"uv": [98, 31], "uv_size": [1, 2]},
								"east": {"uv": [98, 31], "uv_size": [1, 2]},
								"south": {"uv": [98, 31], "uv_size": [1, 2]},
								"west": {"uv": [98, 31], "uv_size": [1, 2]},
								"up": {"uv": [99, 33], "uv_size": [-1, -2]},
								"down": {"uv": [99, 33], "uv_size": [-1, -2]}
							}
						},
						{
							"origin": [-1.64, 24, -30.55],
							"size": [0.5, 2.3, 0.3],
							"uv": {
								"north": {"uv": [99, 31], "uv_size": [1, 2]},
								"east": {"uv": [99, 31], "uv_size": [1, 2]},
								"south": {"uv": [99, 31], "uv_size": [1, 2]},
								"west": {"uv": [99, 31], "uv_size": [1, 2]},
								"up": {"uv": [100, 33], "uv_size": [-1, -2]},
								"down": {"uv": [100, 33], "uv_size": [-1, -2]}
							}
						},
						{
							"origin": [-1.88, 25.8, -42.35],
							"size": [0.03, 1.3, 0.2],
							"pivot": [-1.1, 25.8, -44.55],
							"rotation": [0, 0, 40],
							"uv": {
								"north": {"uv": [98, 31], "uv_size": [1, 2]},
								"east": {"uv": [98, 31], "uv_size": [1, 2]},
								"south": {"uv": [98, 31], "uv_size": [1, 2]},
								"west": {"uv": [98, 31], "uv_size": [1, 2]},
								"up": {"uv": [99, 33], "uv_size": [-1, -2]},
								"down": {"uv": [99, 33], "uv_size": [-1, -2]}
							}
						},
						{
							"origin": [1.8, 26.48, -42.35],
							"size": [0.1, 1.25, 0.2],
							"pivot": [2.1, 26.4, -38.55],
							"rotation": [0, 0, -40],
							"uv": {
								"north": {"uv": [98, 31], "uv_size": [1, 2]},
								"east": {"uv": [98, 31], "uv_size": [1, 2]},
								"south": {"uv": [98, 31], "uv_size": [1, 2]},
								"west": {"uv": [98, 31], "uv_size": [1, 2]},
								"up": {"uv": [99, 33], "uv_size": [-1, -2]},
								"down": {"uv": [99, 33], "uv_size": [-1, -2]}
							}
						},
						{
							"origin": [-1.88, 25.8, -36.35],
							"size": [0.03, 1.3, 0.2],
							"pivot": [-1.1, 25.8, -38.55],
							"rotation": [0, 0, 40],
							"uv": {
								"north": {"uv": [98, 31], "uv_size": [1, 2]},
								"east": {"uv": [98, 31], "uv_size": [1, 2]},
								"south": {"uv": [98, 31], "uv_size": [1, 2]},
								"west": {"uv": [98, 31], "uv_size": [1, 2]},
								"up": {"uv": [99, 33], "uv_size": [-1, -2]},
								"down": {"uv": [99, 33], "uv_size": [-1, -2]}
							}
						},
						{
							"origin": [1.8, 26.48, -36.35],
							"size": [0.1, 1.25, 0.2],
							"pivot": [2.1, 26.4, -32.55],
							"rotation": [0, 0, -40],
							"uv": {
								"north": {"uv": [98, 31], "uv_size": [1, 2]},
								"east": {"uv": [98, 31], "uv_size": [1, 2]},
								"south": {"uv": [98, 31], "uv_size": [1, 2]},
								"west": {"uv": [98, 31], "uv_size": [1, 2]},
								"up": {"uv": [99, 33], "uv_size": [-1, -2]},
								"down": {"uv": [99, 33], "uv_size": [-1, -2]}
							}
						},
						{
							"origin": [0.55, 27.21, -42.35],
							"size": [0.05, 1.95, 0.2],
							"pivot": [0.8, 27.5, -38.55],
							"rotation": [0, 0, -90],
							"uv": {
								"north": {"uv": [98, 31], "uv_size": [1, 2]},
								"east": {"uv": [98, 31], "uv_size": [1, 2]},
								"south": {"uv": [98, 31], "uv_size": [1, 2]},
								"west": {"uv": [98, 31], "uv_size": [1, 2]},
								"up": {"uv": [99, 33], "uv_size": [-1, -2]},
								"down": {"uv": [99, 33], "uv_size": [-1, -2]}
							}
						},
						{
							"origin": [0.55, 27.21, -36.35],
							"size": [0.05, 1.95, 0.2],
							"pivot": [0.8, 27.5, -32.55],
							"rotation": [0, 0, -90],
							"uv": {
								"north": {"uv": [98, 31], "uv_size": [1, 2]},
								"east": {"uv": [98, 31], "uv_size": [1, 2]},
								"south": {"uv": [98, 31], "uv_size": [1, 2]},
								"west": {"uv": [98, 31], "uv_size": [1, 2]},
								"up": {"uv": [99, 33], "uv_size": [-1, -2]},
								"down": {"uv": [99, 33], "uv_size": [-1, -2]}
							}
						},
						{
							"origin": [1.34, 24, -30.55],
							"size": [0.5, 2.3, 0.3],
							"uv": {
								"north": {"uv": [99, 31], "uv_size": [1, 2]},
								"east": {"uv": [99, 31], "uv_size": [1, 2]},
								"south": {"uv": [99, 31], "uv_size": [1, 2]},
								"west": {"uv": [99, 31], "uv_size": [1, 2]},
								"up": {"uv": [100, 33], "uv_size": [-1, -2]},
								"down": {"uv": [100, 33], "uv_size": [-1, -2]}
							}
						},
						{
							"origin": [3.147, 19.585, -33.7],
							"size": [0.3, 0.3, 0.6],
							"inflate": 0.001,
							"pivot": [1.52, 15.01, -45.7],
							"rotation": [0, 0, -45],
							"uv": {
								"north": {"uv": [15, 116], "uv_size": [1, 1]},
								"east": {"uv": [116, 15], "uv_size": [1, 1]},
								"south": {"uv": [16, 116], "uv_size": [1, 1]},
								"west": {"uv": [116, 16], "uv_size": [1, 1]},
								"up": {"uv": [17, 116], "uv_size": [1, 1]},
								"down": {"uv": [116, 18], "uv_size": [1, -1]}
							}
						},
						{
							"origin": [-0.57, 19.4, -33.7],
							"size": [1.3, 0.3, 0.6],
							"inflate": 0.001,
							"uv": {
								"north": {"uv": [12, 116], "uv_size": [1, 1]},
								"east": {"uv": [116, 12], "uv_size": [1, 1]},
								"south": {"uv": [13, 116], "uv_size": [1, 1]},
								"west": {"uv": [116, 13], "uv_size": [1, 1]},
								"up": {"uv": [14, 116], "uv_size": [1, 1]},
								"down": {"uv": [116, 15], "uv_size": [1, -1]}
							}
						},
						{
							"origin": [4.447, 19.59, -33.7],
							"size": [0.3, 0.3, 0.6],
							"inflate": 0.001,
							"pivot": [2.82, 15.01, -45.7],
							"rotation": [0, 0, -45],
							"uv": {
								"north": {"uv": [9, 116], "uv_size": [1, 1]},
								"east": {"uv": [116, 9], "uv_size": [1, 1]},
								"south": {"uv": [10, 116], "uv_size": [1, 1]},
								"west": {"uv": [116, 10], "uv_size": [1, 1]},
								"up": {"uv": [11, 116], "uv_size": [1, 1]},
								"down": {"uv": [116, 12], "uv_size": [1, -1]}
							}
						},
						{
							"origin": [1.85, 21.3011, -44.89718],
							"size": [1.2, 1.2, 12.8],
							"pivot": [2.8, 21.1, -42.95],
							"rotation": [-1.4145, -1.41407, -44.98254],
							"uv": {
								"north": {"uv": [74, 69], "uv_size": [1, 1]},
								"east": {"uv": [70, 71], "uv_size": [8.3, 3]},
								"south": {"uv": [74, 69], "uv_size": [1, 1]},
								"west": {"uv": [74, 69], "uv_size": [12.8, 1.2]},
								"up": {"uv": [78.3, 74], "uv_size": [-8.3, -3]},
								"down": {"uv": [74.2, 67.8], "uv_size": [-1.2, -12.8]}
							}
						},
						{
							"origin": [-2.85, 21.3011, -44.89718],
							"size": [1.2, 1.2, 12.8],
							"pivot": [-2.6, 21.1, -42.95],
							"rotation": [-1.4145, 1.41407, 44.98254],
							"uv": {
								"north": {"uv": [74, 69], "uv_size": [1, 1]},
								"east": {"uv": [86.8, 69], "uv_size": [-12.8, 1.2]},
								"south": {"uv": [74, 69], "uv_size": [1, 1]},
								"west": {"uv": [78.3, 71], "uv_size": [-8.3, 3]},
								"up": {"uv": [70, 74], "uv_size": [8.3, -3]},
								"down": {"uv": [73, 67.8], "uv_size": [1.2, -12.8]}
							}
						},
						{
							"origin": [-1.85, 20.2, -46.25],
							"size": [0.5, 0.2, 19],
							"pivot": [-1.1, 20.4, -40.35],
							"rotation": [-2, 0, 0],
							"uv": {
								"north": {"uv": [99, 31], "uv_size": [1, 2]},
								"east": {"uv": [99, 31], "uv_size": [1, 2]},
								"south": {"uv": [99, 31], "uv_size": [1, 2]},
								"west": {"uv": [99, 31], "uv_size": [1, 2]},
								"up": {"uv": [100, 33], "uv_size": [-1, -2]},
								"down": {"uv": [100, 33], "uv_size": [-1, -2]}
							}
						},
						{
							"origin": [-1.85, 20.6, -46.25],
							"size": [0.5, 0.2, 19],
							"pivot": [-1.1, 20.8, -40.35],
							"rotation": [-2, 0, 0],
							"uv": {
								"north": {"uv": [99, 31], "uv_size": [1, 2]},
								"east": {"uv": [99, 31], "uv_size": [1, 2]},
								"south": {"uv": [99, 31], "uv_size": [1, 2]},
								"west": {"uv": [99, 31], "uv_size": [1, 2]},
								"up": {"uv": [100, 33], "uv_size": [-1, -2]},
								"down": {"uv": [100, 33], "uv_size": [-1, -2]}
							}
						},
						{
							"origin": [-1.85, 21, -46.25],
							"size": [0.5, 0.2, 19],
							"pivot": [-1.1, 21.2, -40.35],
							"rotation": [-2, 0, 0],
							"uv": {
								"north": {"uv": [99, 31], "uv_size": [1, 2]},
								"east": {"uv": [99, 31], "uv_size": [1, 2]},
								"south": {"uv": [99, 31], "uv_size": [1, 2]},
								"west": {"uv": [99, 31], "uv_size": [1, 2]},
								"up": {"uv": [100, 33], "uv_size": [-1, -2]},
								"down": {"uv": [100, 33], "uv_size": [-1, -2]}
							}
						},
						{
							"origin": [-1.85, 21.4, -46.25],
							"size": [0.5, 0.2, 19],
							"pivot": [-1.1, 21.6, -40.35],
							"rotation": [-2, 0, 0],
							"uv": {
								"north": {"uv": [99, 31], "uv_size": [1, 2]},
								"east": {"uv": [99, 31], "uv_size": [1, 2]},
								"south": {"uv": [99, 31], "uv_size": [1, 2]},
								"west": {"uv": [99, 31], "uv_size": [1, 2]},
								"up": {"uv": [100, 33], "uv_size": [-1, -2]},
								"down": {"uv": [100, 33], "uv_size": [-1, -2]}
							}
						},
						{
							"origin": [-2.05, 21.3, -44.75],
							"size": [0.5, 1.8, 0.2],
							"uv": {
								"north": {"uv": [99, 31], "uv_size": [1, 2]},
								"east": {"uv": [99, 31], "uv_size": [1, 2]},
								"south": {"uv": [99, 31], "uv_size": [1, 2]},
								"west": {"uv": [99, 31], "uv_size": [1, 2]},
								"up": {"uv": [100, 33], "uv_size": [-1, -2]},
								"down": {"uv": [100, 33], "uv_size": [-1, -2]}
							}
						},
						{
							"origin": [-2.05, 21.3, -44.25],
							"size": [0.5, 1.8, 0.2],
							"uv": {
								"north": {"uv": [99, 31], "uv_size": [1, 2]},
								"east": {"uv": [99, 31], "uv_size": [1, 2]},
								"south": {"uv": [99, 31], "uv_size": [1, 2]},
								"west": {"uv": [99, 31], "uv_size": [1, 2]},
								"up": {"uv": [100, 33], "uv_size": [-1, -2]},
								"down": {"uv": [100, 33], "uv_size": [-1, -2]}
							}
						},
						{
							"origin": [-2.05, 21.3, -43.75],
							"size": [0.5, 1.8, 0.2],
							"uv": {
								"north": {"uv": [99, 31], "uv_size": [1, 2]},
								"east": {"uv": [99, 31], "uv_size": [1, 2]},
								"south": {"uv": [99, 31], "uv_size": [1, 2]},
								"west": {"uv": [99, 31], "uv_size": [1, 2]},
								"up": {"uv": [100, 33], "uv_size": [-1, -2]},
								"down": {"uv": [100, 33], "uv_size": [-1, -2]}
							}
						},
						{
							"origin": [-2.05, 21.3, -43.25],
							"size": [0.5, 1.8, 0.2],
							"uv": {
								"north": {"uv": [99, 31], "uv_size": [1, 2]},
								"east": {"uv": [99, 31], "uv_size": [1, 2]},
								"south": {"uv": [99, 31], "uv_size": [1, 2]},
								"west": {"uv": [99, 31], "uv_size": [1, 2]},
								"up": {"uv": [100, 33], "uv_size": [-1, -2]},
								"down": {"uv": [100, 33], "uv_size": [-1, -2]}
							}
						},
						{
							"origin": [-2.05, 21.3, -42.75],
							"size": [0.5, 1.8, 0.2],
							"uv": {
								"north": {"uv": [99, 31], "uv_size": [1, 2]},
								"east": {"uv": [99, 31], "uv_size": [1, 2]},
								"south": {"uv": [99, 31], "uv_size": [1, 2]},
								"west": {"uv": [99, 31], "uv_size": [1, 2]},
								"up": {"uv": [100, 33], "uv_size": [-1, -2]},
								"down": {"uv": [100, 33], "uv_size": [-1, -2]}
							}
						},
						{
							"origin": [-1.85, 21.8, -46.25],
							"size": [0.5, 0.2, 19],
							"pivot": [-1.1, 22, -40.35],
							"rotation": [-1, 0, 0],
							"uv": {
								"north": {"uv": [99, 31], "uv_size": [1, 2]},
								"east": {"uv": [99, 31], "uv_size": [1, 2]},
								"south": {"uv": [99, 31], "uv_size": [1, 2]},
								"west": {"uv": [99, 31], "uv_size": [1, 2]},
								"up": {"uv": [100, 33], "uv_size": [-1, -2]},
								"down": {"uv": [100, 33], "uv_size": [-1, -2]}
							}
						},
						{
							"origin": [-1.85, 22.2, -46.25],
							"size": [0.5, 0.2, 19],
							"pivot": [-1.1, 22.4, -40.35],
							"rotation": [-1, 0, 0],
							"uv": {
								"north": {"uv": [99, 31], "uv_size": [1, 2]},
								"east": {"uv": [99, 31], "uv_size": [1, 2]},
								"south": {"uv": [99, 31], "uv_size": [1, 2]},
								"west": {"uv": [99, 31], "uv_size": [1, 2]},
								"up": {"uv": [100, 33], "uv_size": [-1, -2]},
								"down": {"uv": [100, 33], "uv_size": [-1, -2]}
							}
						},
						{
							"origin": [-1.85, 22.6, -46.25],
							"size": [0.5, 0.2, 19],
							"pivot": [-1.1, 22.8, -40.35],
							"rotation": [-1, 0, 0],
							"uv": {
								"north": {"uv": [99, 31], "uv_size": [1, 2]},
								"east": {"uv": [99, 31], "uv_size": [1, 2]},
								"south": {"uv": [99, 31], "uv_size": [1, 2]},
								"west": {"uv": [99, 31], "uv_size": [1, 2]},
								"up": {"uv": [100, 33], "uv_size": [-1, -2]},
								"down": {"uv": [100, 33], "uv_size": [-1, -2]}
							}
						},
						{
							"origin": [-1.85, 23.1, -46.25],
							"size": [0.5, 0.2, 19],
							"uv": {
								"north": {"uv": [99, 31], "uv_size": [1, 2]},
								"east": {"uv": [99, 31], "uv_size": [1, 2]},
								"south": {"uv": [99, 31], "uv_size": [1, 2]},
								"west": {"uv": [99, 31], "uv_size": [1, 2]},
								"up": {"uv": [100, 33], "uv_size": [-1, -2]},
								"down": {"uv": [100, 33], "uv_size": [-1, -2]}
							}
						},
						{
							"origin": [-2.05, 23.1, -44.75],
							"size": [0.5, 0.2, 2.2],
							"uv": {
								"north": {"uv": [99, 31], "uv_size": [1, 2]},
								"east": {"uv": [99, 31], "uv_size": [1, 2]},
								"south": {"uv": [99, 31], "uv_size": [1, 2]},
								"west": {"uv": [99, 31], "uv_size": [1, 2]},
								"up": {"uv": [100, 33], "uv_size": [-1, -2]},
								"down": {"uv": [100, 33], "uv_size": [-1, -2]}
							}
						}
					]
				},
				{
					"name": "bone12",
					"parent": "handguard",
					"pivot": [0.02, 19.21, -46.6],
					"rotation": [-2, 0, 0],
					"cubes": [
						{
							"origin": [-0.77, 19.48619, -46.60968],
							"size": [1.7, 0.3, 15.66],
							"inflate": 0.001,
							"uv": {
								"north": {"uv": [115, 39], "uv_size": [1, 1]},
								"east": {"uv": [90, 13], "uv_size": [14, 1]},
								"south": {"uv": [40, 115], "uv_size": [1, 1]},
								"west": {"uv": [90, 14], "uv_size": [14, 1]},
								"up": {"uv": [30, 90], "uv_size": [1, 14]},
								"down": {"uv": [20, 83], "uv_size": [2, 20]}
							}
						},
						{
							"origin": [4.859, 19.28838, -35.50968],
							"size": [0.3, 0.3, 0.6],
							"inflate": 0.001,
							"pivot": [3.02, 14.49637, -47.49921],
							"rotation": [0, 0, -45],
							"uv": {
								"north": {"uv": [176, 71], "uv_size": [1, 1]},
								"east": {"uv": [176, 71], "uv_size": [1, 1]},
								"south": {"uv": [176, 71], "uv_size": [1, 1]},
								"west": {"uv": [176, 71], "uv_size": [1, 1]},
								"up": {"uv": [177, 72], "uv_size": [-1, -1]},
								"down": {"uv": [177, 72], "uv_size": [-1, -1]}
							}
						},
						{
							"origin": [3.159, 19.28338, -35.50968],
							"size": [0.3, 0.3, 0.6],
							"inflate": 0.001,
							"pivot": [1.32, 14.49637, -47.49921],
							"rotation": [0, 0, -45],
							"uv": {
								"north": {"uv": [176, 71], "uv_size": [1, 1]},
								"east": {"uv": [176, 71], "uv_size": [1, 1]},
								"south": {"uv": [176, 71], "uv_size": [1, 1]},
								"west": {"uv": [176, 71], "uv_size": [1, 1]},
								"up": {"uv": [177, 72], "uv_size": [-1, -1]},
								"down": {"uv": [177, 72], "uv_size": [-1, -1]}
							}
						},
						{
							"origin": [-0.77, 19.18619, -35.50968],
							"size": [1.7, 0.3, 0.6],
							"inflate": 0.001,
							"uv": {
								"north": {"uv": [3, 116], "uv_size": [1, 1]},
								"east": {"uv": [116, 3], "uv_size": [1, 1]},
								"south": {"uv": [4, 116], "uv_size": [1, 1]},
								"west": {"uv": [116, 4], "uv_size": [1, 1]},
								"up": {"uv": [5, 116], "uv_size": [1, 1]},
								"down": {"uv": [63, 168], "uv_size": [2, 1]}
							}
						},
						{
							"origin": [-0.77, 19.18619, -34.20968],
							"size": [1.7, 0.3, 0.6],
							"inflate": 0.001,
							"uv": {
								"north": {"uv": [3, 116], "uv_size": [1, 1]},
								"east": {"uv": [116, 3], "uv_size": [1, 1]},
								"south": {"uv": [4, 116], "uv_size": [1, 1]},
								"west": {"uv": [116, 4], "uv_size": [1, 1]},
								"up": {"uv": [5, 116], "uv_size": [1, 1]},
								"down": {"uv": [63, 168], "uv_size": [2, 1]}
							}
						},
						{
							"origin": [4.859, 19.28838, -34.20968],
							"size": [0.3, 0.3, 0.6],
							"inflate": 0.001,
							"pivot": [3.02, 14.49637, -46.19921],
							"rotation": [0, 0, -45],
							"uv": {
								"north": {"uv": [176, 71], "uv_size": [1, 1]},
								"east": {"uv": [176, 71], "uv_size": [1, 1]},
								"south": {"uv": [176, 71], "uv_size": [1, 1]},
								"west": {"uv": [176, 71], "uv_size": [1, 1]},
								"up": {"uv": [177, 72], "uv_size": [-1, -1]},
								"down": {"uv": [177, 72], "uv_size": [-1, -1]}
							}
						},
						{
							"origin": [3.159, 19.28338, -34.20968],
							"size": [0.3, 0.3, 0.6],
							"inflate": 0.001,
							"pivot": [1.32, 14.49637, -46.19921],
							"rotation": [0, 0, -45],
							"uv": {
								"north": {"uv": [176, 71], "uv_size": [1, 1]},
								"east": {"uv": [176, 71], "uv_size": [1, 1]},
								"south": {"uv": [176, 71], "uv_size": [1, 1]},
								"west": {"uv": [176, 71], "uv_size": [1, 1]},
								"up": {"uv": [177, 72], "uv_size": [-1, -1]},
								"down": {"uv": [177, 72], "uv_size": [-1, -1]}
							}
						},
						{
							"origin": [-0.77, 19.18619, -32.90968],
							"size": [1.7, 0.3, 0.6],
							"inflate": 0.001,
							"uv": {
								"north": {"uv": [3, 116], "uv_size": [1, 1]},
								"east": {"uv": [116, 3], "uv_size": [1, 1]},
								"south": {"uv": [4, 116], "uv_size": [1, 1]},
								"west": {"uv": [116, 4], "uv_size": [1, 1]},
								"up": {"uv": [5, 116], "uv_size": [1, 1]},
								"down": {"uv": [63, 168], "uv_size": [2, 1]}
							}
						},
						{
							"origin": [4.859, 19.28838, -32.90968],
							"size": [0.3, 0.3, 0.6],
							"inflate": 0.001,
							"pivot": [3.02, 14.49637, -44.89921],
							"rotation": [0, 0, -45],
							"uv": {
								"north": {"uv": [176, 71], "uv_size": [1, 1]},
								"east": {"uv": [176, 71], "uv_size": [1, 1]},
								"south": {"uv": [176, 71], "uv_size": [1, 1]},
								"west": {"uv": [176, 71], "uv_size": [1, 1]},
								"up": {"uv": [177, 72], "uv_size": [-1, -1]},
								"down": {"uv": [177, 72], "uv_size": [-1, -1]}
							}
						},
						{
							"origin": [3.159, 19.28338, -32.90968],
							"size": [0.3, 0.3, 0.6],
							"inflate": 0.001,
							"pivot": [1.32, 14.49637, -44.89921],
							"rotation": [0, 0, -45],
							"uv": {
								"north": {"uv": [176, 71], "uv_size": [1, 1]},
								"east": {"uv": [176, 71], "uv_size": [1, 1]},
								"south": {"uv": [176, 71], "uv_size": [1, 1]},
								"west": {"uv": [176, 71], "uv_size": [1, 1]},
								"up": {"uv": [177, 72], "uv_size": [-1, -1]},
								"down": {"uv": [177, 72], "uv_size": [-1, -1]}
							}
						},
						{
							"origin": [4.859, 19.28838, -36.80968],
							"size": [0.3, 0.3, 0.6],
							"inflate": 0.001,
							"pivot": [3.02, 14.49637, -48.79921],
							"rotation": [0, 0, -45],
							"uv": {
								"north": {"uv": [176, 71], "uv_size": [1, 1]},
								"east": {"uv": [176, 71], "uv_size": [1, 1]},
								"south": {"uv": [176, 71], "uv_size": [1, 1]},
								"west": {"uv": [176, 71], "uv_size": [1, 1]},
								"up": {"uv": [177, 72], "uv_size": [-1, -1]},
								"down": {"uv": [177, 72], "uv_size": [-1, -1]}
							}
						},
						{
							"origin": [-0.77, 19.18619, -36.80968],
							"size": [1.7, 0.3, 0.6],
							"inflate": 0.001,
							"uv": {
								"north": {"uv": [115, 109], "uv_size": [1, 1]},
								"east": {"uv": [110, 115], "uv_size": [1, 1]},
								"south": {"uv": [115, 110], "uv_size": [1, 1]},
								"west": {"uv": [111, 115], "uv_size": [1, 1]},
								"up": {"uv": [115, 111], "uv_size": [1, 1]},
								"down": {"uv": [63, 168], "uv_size": [2, 1]}
							}
						},
						{
							"origin": [3.159, 19.28338, -36.80968],
							"size": [0.3, 0.3, 0.6],
							"inflate": 0.001,
							"pivot": [1.32, 14.49637, -48.79921],
							"rotation": [0, 0, -45],
							"uv": {
								"north": {"uv": [176, 71], "uv_size": [1, 1]},
								"east": {"uv": [176, 71], "uv_size": [1, 1]},
								"south": {"uv": [176, 71], "uv_size": [1, 1]},
								"west": {"uv": [176, 71], "uv_size": [1, 1]},
								"up": {"uv": [177, 72], "uv_size": [-1, -1]},
								"down": {"uv": [177, 72], "uv_size": [-1, -1]}
							}
						},
						{
							"origin": [-0.77, 19.18619, -38.10968],
							"size": [1.7, 0.3, 0.6],
							"inflate": 0.001,
							"uv": {
								"north": {"uv": [115, 100], "uv_size": [1, 1]},
								"east": {"uv": [101, 115], "uv_size": [1, 1]},
								"south": {"uv": [115, 101], "uv_size": [1, 1]},
								"west": {"uv": [102, 115], "uv_size": [1, 1]},
								"up": {"uv": [115, 102], "uv_size": [1, 1]},
								"down": {"uv": [63, 168], "uv_size": [2, 1]}
							}
						},
						{
							"origin": [3.159, 19.28338, -38.10968],
							"size": [0.3, 0.3, 0.6],
							"inflate": 0.001,
							"pivot": [1.32, 14.49637, -50.09921],
							"rotation": [0, 0, -45],
							"uv": {
								"north": {"uv": [176, 71], "uv_size": [1, 1]},
								"east": {"uv": [176, 71], "uv_size": [1, 1]},
								"south": {"uv": [176, 71], "uv_size": [1, 1]},
								"west": {"uv": [176, 71], "uv_size": [1, 1]},
								"up": {"uv": [177, 72], "uv_size": [-1, -1]},
								"down": {"uv": [177, 72], "uv_size": [-1, -1]}
							}
						},
						{
							"origin": [4.859, 19.28838, -38.10968],
							"size": [0.3, 0.3, 0.6],
							"inflate": 0.001,
							"pivot": [3.02, 14.49637, -50.09921],
							"rotation": [0, 0, -45],
							"uv": {
								"north": {"uv": [176, 71], "uv_size": [1, 1]},
								"east": {"uv": [176, 71], "uv_size": [1, 1]},
								"south": {"uv": [176, 71], "uv_size": [1, 1]},
								"west": {"uv": [176, 71], "uv_size": [1, 1]},
								"up": {"uv": [177, 72], "uv_size": [-1, -1]},
								"down": {"uv": [177, 72], "uv_size": [-1, -1]}
							}
						},
						{
							"origin": [4.859, 19.28838, -39.40968],
							"size": [0.3, 0.3, 0.6],
							"inflate": 0.001,
							"pivot": [3.02, 14.49637, -51.39921],
							"rotation": [0, 0, -45],
							"uv": {
								"north": {"uv": [176, 71], "uv_size": [1, 1]},
								"east": {"uv": [176, 71], "uv_size": [1, 1]},
								"south": {"uv": [176, 71], "uv_size": [1, 1]},
								"west": {"uv": [176, 71], "uv_size": [1, 1]},
								"up": {"uv": [177, 72], "uv_size": [-1, -1]},
								"down": {"uv": [177, 72], "uv_size": [-1, -1]}
							}
						},
						{
							"origin": [-0.77, 19.18619, -39.40968],
							"size": [1.7, 0.3, 0.6],
							"inflate": 0.001,
							"uv": {
								"north": {"uv": [115, 91], "uv_size": [1, 1]},
								"east": {"uv": [92, 115], "uv_size": [1, 1]},
								"south": {"uv": [115, 92], "uv_size": [1, 1]},
								"west": {"uv": [93, 115], "uv_size": [1, 1]},
								"up": {"uv": [115, 93], "uv_size": [1, 1]},
								"down": {"uv": [63, 168], "uv_size": [2, 1]}
							}
						},
						{
							"origin": [3.159, 19.28338, -39.40968],
							"size": [0.3, 0.3, 0.6],
							"inflate": 0.001,
							"pivot": [1.32, 14.49637, -51.39921],
							"rotation": [0, 0, -45],
							"uv": {
								"north": {"uv": [176, 71], "uv_size": [1, 1]},
								"east": {"uv": [176, 71], "uv_size": [1, 1]},
								"south": {"uv": [176, 71], "uv_size": [1, 1]},
								"west": {"uv": [176, 71], "uv_size": [1, 1]},
								"up": {"uv": [177, 72], "uv_size": [-1, -1]},
								"down": {"uv": [177, 72], "uv_size": [-1, -1]}
							}
						},
						{
							"origin": [3.159, 19.28338, -40.70968],
							"size": [0.3, 0.3, 0.6],
							"inflate": 0.001,
							"pivot": [1.32, 14.49637, -52.69921],
							"rotation": [0, 0, -45],
							"uv": {
								"north": {"uv": [176, 71], "uv_size": [1, 1]},
								"east": {"uv": [176, 71], "uv_size": [1, 1]},
								"south": {"uv": [176, 71], "uv_size": [1, 1]},
								"west": {"uv": [176, 71], "uv_size": [1, 1]},
								"up": {"uv": [177, 72], "uv_size": [-1, -1]},
								"down": {"uv": [177, 72], "uv_size": [-1, -1]}
							}
						},
						{
							"origin": [-0.77, 19.18619, -40.70968],
							"size": [1.7, 0.3, 0.6],
							"inflate": 0.001,
							"uv": {
								"north": {"uv": [115, 82], "uv_size": [1, 1]},
								"east": {"uv": [83, 115], "uv_size": [1, 1]},
								"south": {"uv": [115, 83], "uv_size": [1, 1]},
								"west": {"uv": [84, 115], "uv_size": [1, 1]},
								"up": {"uv": [115, 84], "uv_size": [1, 1]},
								"down": {"uv": [63, 168], "uv_size": [2, 1]}
							}
						},
						{
							"origin": [4.859, 19.28838, -40.70968],
							"size": [0.3, 0.3, 0.6],
							"inflate": 0.001,
							"pivot": [3.02, 14.49637, -52.69921],
							"rotation": [0, 0, -45],
							"uv": {
								"north": {"uv": [176, 71], "uv_size": [1, 1]},
								"east": {"uv": [176, 71], "uv_size": [1, 1]},
								"south": {"uv": [176, 71], "uv_size": [1, 1]},
								"west": {"uv": [176, 71], "uv_size": [1, 1]},
								"up": {"uv": [177, 72], "uv_size": [-1, -1]},
								"down": {"uv": [177, 72], "uv_size": [-1, -1]}
							}
						},
						{
							"origin": [4.859, 19.28838, -42.00968],
							"size": [0.3, 0.3, 0.6],
							"inflate": 0.001,
							"pivot": [3.02, 14.49637, -53.99921],
							"rotation": [0, 0, -45],
							"uv": {
								"north": {"uv": [176, 71], "uv_size": [1, 1]},
								"east": {"uv": [176, 71], "uv_size": [1, 1]},
								"south": {"uv": [176, 71], "uv_size": [1, 1]},
								"west": {"uv": [176, 71], "uv_size": [1, 1]},
								"up": {"uv": [177, 72], "uv_size": [-1, -1]},
								"down": {"uv": [177, 72], "uv_size": [-1, -1]}
							}
						},
						{
							"origin": [-0.77, 19.18619, -42.00968],
							"size": [1.7, 0.3, 0.6],
							"inflate": 0.001,
							"uv": {
								"north": {"uv": [115, 73], "uv_size": [1, 1]},
								"east": {"uv": [74, 115], "uv_size": [1, 1]},
								"south": {"uv": [115, 74], "uv_size": [1, 1]},
								"west": {"uv": [75, 115], "uv_size": [1, 1]},
								"up": {"uv": [115, 75], "uv_size": [1, 1]},
								"down": {"uv": [63, 168], "uv_size": [2, 1]}
							}
						},
						{
							"origin": [3.159, 19.28338, -42.00968],
							"size": [0.3, 0.3, 0.6],
							"inflate": 0.001,
							"pivot": [1.32, 14.49637, -53.99921],
							"rotation": [0, 0, -45],
							"uv": {
								"north": {"uv": [176, 71], "uv_size": [1, 1]},
								"east": {"uv": [176, 71], "uv_size": [1, 1]},
								"south": {"uv": [176, 71], "uv_size": [1, 1]},
								"west": {"uv": [176, 71], "uv_size": [1, 1]},
								"up": {"uv": [177, 72], "uv_size": [-1, -1]},
								"down": {"uv": [177, 72], "uv_size": [-1, -1]}
							}
						},
						{
							"origin": [3.159, 19.28338, -43.30968],
							"size": [0.3, 0.3, 0.6],
							"inflate": 0.001,
							"pivot": [1.32, 14.49637, -55.29921],
							"rotation": [0, 0, -45],
							"uv": {
								"north": {"uv": [176, 71], "uv_size": [1, 1]},
								"east": {"uv": [176, 71], "uv_size": [1, 1]},
								"south": {"uv": [176, 71], "uv_size": [1, 1]},
								"west": {"uv": [176, 71], "uv_size": [1, 1]},
								"up": {"uv": [177, 72], "uv_size": [-1, -1]},
								"down": {"uv": [177, 72], "uv_size": [-1, -1]}
							}
						},
						{
							"origin": [-0.77, 19.18619, -43.30968],
							"size": [1.7, 0.3, 0.6],
							"inflate": 0.001,
							"uv": {
								"north": {"uv": [115, 64], "uv_size": [1, 1]},
								"east": {"uv": [65, 115], "uv_size": [1, 1]},
								"south": {"uv": [115, 65], "uv_size": [1, 1]},
								"west": {"uv": [66, 115], "uv_size": [1, 1]},
								"up": {"uv": [115, 66], "uv_size": [1, 1]},
								"down": {"uv": [63, 168], "uv_size": [2, 1]}
							}
						},
						{
							"origin": [4.859, 19.28838, -43.30968],
							"size": [0.3, 0.3, 0.6],
							"inflate": 0.001,
							"pivot": [3.02, 14.49637, -55.29921],
							"rotation": [0, 0, -45],
							"uv": {
								"north": {"uv": [176, 71], "uv_size": [1, 1]},
								"east": {"uv": [176, 71], "uv_size": [1, 1]},
								"south": {"uv": [176, 71], "uv_size": [1, 1]},
								"west": {"uv": [176, 71], "uv_size": [1, 1]},
								"up": {"uv": [177, 72], "uv_size": [-1, -1]},
								"down": {"uv": [177, 72], "uv_size": [-1, -1]}
							}
						},
						{
							"origin": [4.859, 19.28838, -44.60968],
							"size": [0.3, 0.3, 0.6],
							"inflate": 0.001,
							"pivot": [3.02, 14.49637, -56.59921],
							"rotation": [0, 0, -45],
							"uv": {
								"north": {"uv": [176, 71], "uv_size": [1, 1]},
								"east": {"uv": [176, 71], "uv_size": [1, 1]},
								"south": {"uv": [176, 71], "uv_size": [1, 1]},
								"west": {"uv": [176, 71], "uv_size": [1, 1]},
								"up": {"uv": [177, 72], "uv_size": [-1, -1]},
								"down": {"uv": [177, 72], "uv_size": [-1, -1]}
							}
						},
						{
							"origin": [-0.77, 19.18619, -44.60968],
							"size": [1.7, 0.3, 0.6],
							"inflate": 0.001,
							"uv": {
								"north": {"uv": [115, 55], "uv_size": [1, 1]},
								"east": {"uv": [56, 115], "uv_size": [1, 1]},
								"south": {"uv": [115, 56], "uv_size": [1, 1]},
								"west": {"uv": [57, 115], "uv_size": [1, 1]},
								"up": {"uv": [115, 57], "uv_size": [1, 1]},
								"down": {"uv": [63, 168], "uv_size": [2, 1]}
							}
						},
						{
							"origin": [3.159, 19.28338, -44.60968],
							"size": [0.3, 0.3, 0.6],
							"inflate": 0.001,
							"pivot": [1.32, 14.49637, -56.59921],
							"rotation": [0, 0, -45],
							"uv": {
								"north": {"uv": [176, 71], "uv_size": [1, 1]},
								"east": {"uv": [176, 71], "uv_size": [1, 1]},
								"south": {"uv": [176, 71], "uv_size": [1, 1]},
								"west": {"uv": [176, 71], "uv_size": [1, 1]},
								"up": {"uv": [177, 72], "uv_size": [-1, -1]},
								"down": {"uv": [177, 72], "uv_size": [-1, -1]}
							}
						},
						{
							"origin": [3.159, 19.28338, -46.10968],
							"size": [0.3, 0.3, 0.8],
							"inflate": 0.001,
							"pivot": [1.32, 14.49637, -58.09921],
							"rotation": [0, 0, -45],
							"uv": {
								"north": {"uv": [176, 71], "uv_size": [1, 1]},
								"east": {"uv": [176, 71], "uv_size": [1, 1]},
								"south": {"uv": [176, 71], "uv_size": [1, 1]},
								"west": {"uv": [176, 71], "uv_size": [1, 1]},
								"up": {"uv": [177, 72], "uv_size": [-1, -1]},
								"down": {"uv": [177, 72], "uv_size": [-1, -1]}
							}
						},
						{
							"origin": [-0.77, 19.18619, -46.10968],
							"size": [1.7, 0.3, 0.8],
							"inflate": 0.001,
							"uv": {
								"north": {"uv": [115, 43], "uv_size": [1, 1]},
								"east": {"uv": [44, 115], "uv_size": [1, 1]},
								"south": {"uv": [115, 44], "uv_size": [1, 1]},
								"west": {"uv": [45, 115], "uv_size": [1, 1]},
								"up": {"uv": [115, 45], "uv_size": [1, 1]},
								"down": {"uv": [63, 168], "uv_size": [2, 1]}
							}
						},
						{
							"origin": [4.859, 19.28838, -46.10968],
							"size": [0.3, 0.3, 0.8],
							"inflate": 0.001,
							"pivot": [3.02, 14.49637, -58.09921],
							"rotation": [0, 0, -45],
							"uv": {
								"north": {"uv": [176, 71], "uv_size": [1, 1]},
								"east": {"uv": [176, 71], "uv_size": [1, 1]},
								"south": {"uv": [176, 71], "uv_size": [1, 1]},
								"west": {"uv": [176, 71], "uv_size": [1, 1]},
								"up": {"uv": [177, 72], "uv_size": [-1, -1]},
								"down": {"uv": [177, 72], "uv_size": [-1, -1]}
							}
						},
						{
							"origin": [-0.77, 27.58619, -47.09204],
							"size": [1.7, 0.3, 0.56],
							"inflate": 0.001,
							"pivot": [-1.15, 22.78637, -58.49921],
							"rotation": [-38, 0, 0],
							"uv": {
								"north": {"uv": [115, 40], "uv_size": [1, 1]},
								"east": {"uv": [41, 115], "uv_size": [1, 1]},
								"south": {"uv": [115, 41], "uv_size": [1, 1]},
								"west": {"uv": [42, 115], "uv_size": [1, 1]},
								"up": {"uv": [115, 42], "uv_size": [1, 1]},
								"down": {"uv": [43, 116], "uv_size": [1, -1]}
							}
						}
					]
				},
				{
					"name": "handguard2",
					"parent": "handguard",
					"pivot": [-0.9, 23.9, -52.65],
					"cubes": [
						{
							"origin": [-1.75, 19.7, -31.85],
							"size": [3.7, 4, 5.2],
							"uv": {
								"north": {"uv": [82, 20], "uv_size": [5, 4]},
								"east": {"uv": [120, 47], "uv_size": [-5, 4]},
								"south": {"uv": [82, 20], "uv_size": [5, 4]},
								"west": {"uv": [115, 47], "uv_size": [5, 4]},
								"up": {"uv": [87, 24], "uv_size": [-5, -4]},
								"down": {"uv": [87, 24], "uv_size": [-5, -4]}
							}
						},
						{
							"origin": [-1.75, 19.125, -31.3],
							"size": [3.7, 0.575, 4.65],
							"uv": {
								"north": {"uv": [115, 47], "uv_size": [5, 1]},
								"east": {"uv": [115, 47], "uv_size": [5, 1]},
								"south": {"uv": [115, 47], "uv_size": [5, 1]},
								"west": {"uv": [115, 47], "uv_size": [5, 1]},
								"up": {"uv": [120, 48], "uv_size": [-5, -1]},
								"down": {"uv": [120, 48], "uv_size": [-5, -1]}
							}
						},
						{
							"origin": [-1.75, 20.4, -46.35],
							"size": [0.6, 3.3, 14.5],
							"uv": {
								"north": {"uv": [82, 20], "uv_size": [5, 4]},
								"east": {"uv": [96, 72], "uv_size": [-15, 3]},
								"south": {"uv": [82, 20], "uv_size": [5, 4]},
								"west": {"uv": [82, 20], "uv_size": [5, 4]},
								"up": {"uv": [87, 24], "uv_size": [-5, -4]},
								"down": {"uv": [87, 24], "uv_size": [-5, -4]}
							}
						},
						{
							"origin": [1.35, 20.4, -46.35],
							"size": [0.6, 3.3, 14.5],
							"uv": {
								"north": {"uv": [82, 20], "uv_size": [5, 4]},
								"east": {"uv": [82, 20], "uv_size": [5, 4]},
								"south": {"uv": [82, 20], "uv_size": [5, 4]},
								"west": {"uv": [81, 72], "uv_size": [15, 3]},
								"up": {"uv": [87, 24], "uv_size": [-5, -4]},
								"down": {"uv": [87, 24], "uv_size": [-5, -4]}
							}
						},
						{
							"origin": [0.17, 14.23293, -29.52508],
							"size": [1.5, 3.71, 1.14],
							"pivot": [1.67, 17.66793, -28.38508],
							"rotation": [0, 0.5, 90],
							"uv": {
								"north": {"uv": [57, 32], "uv_size": [14, -4]},
								"east": {"uv": [57, 32], "uv_size": [14, -4]},
								"south": {"uv": [57, 32], "uv_size": [14, -4]},
								"west": {"uv": [119, 17], "uv_size": [-1, 5]},
								"up": {"uv": [118, 48], "uv_size": [2, -1]},
								"down": {"uv": [118, 48], "uv_size": [2, -1]}
							}
						},
						{
							"origin": [1.35, 23.9, -46.75],
							"size": [0.5, 2.4, 0.4],
							"uv": {
								"north": {"uv": [99, 31], "uv_size": [1, 2]},
								"east": {"uv": [99, 31], "uv_size": [1, 2]},
								"south": {"uv": [99, 31], "uv_size": [1, 2]},
								"west": {"uv": [99, 31], "uv_size": [1, 2]},
								"up": {"uv": [100, 33], "uv_size": [-1, -2]},
								"down": {"uv": [100, 33], "uv_size": [-1, -2]}
							}
						},
						{
							"origin": [-1.65, 23.9, -46.75],
							"size": [0.5, 2.4, 0.4],
							"uv": {
								"north": {"uv": [99, 31], "uv_size": [1, 2]},
								"east": {"uv": [99, 31], "uv_size": [1, 2]},
								"south": {"uv": [99, 31], "uv_size": [1, 2]},
								"west": {"uv": [99, 31], "uv_size": [1, 2]},
								"up": {"uv": [100, 33], "uv_size": [-1, -2]},
								"down": {"uv": [100, 33], "uv_size": [-1, -2]}
							}
						},
						{
							"origin": [-1.85, 25.8, -46.35],
							"size": [0.5, 1.25, 15.8],
							"pivot": [-1.1, 25.8, -38.55],
							"rotation": [0, 0, 40],
							"uv": {
								"north": {"uv": [82, 20], "uv_size": [5, 4]},
								"east": {"uv": [96, 72], "uv_size": [-15, 2]},
								"south": {"uv": [82, 20], "uv_size": [5, 4]},
								"west": {"uv": [82, 20], "uv_size": [5, 4]},
								"up": {"uv": [87, 24], "uv_size": [-5, -4]},
								"down": {"uv": [87, 24], "uv_size": [-5, -4]}
							}
						},
						{
							"origin": [-1.84, 25.8, -30.55],
							"size": [0.5, 1.25, 0.3],
							"pivot": [-1.1, 25.8, -38.55],
							"rotation": [0, 0, 40],
							"uv": {
								"north": {"uv": [99, 31], "uv_size": [1, 2]},
								"east": {"uv": [99, 31], "uv_size": [1, 2]},
								"south": {"uv": [99, 31], "uv_size": [1, 2]},
								"west": {"uv": [99, 31], "uv_size": [1, 2]},
								"up": {"uv": [100, 33], "uv_size": [-1, -2]},
								"down": {"uv": [100, 33], "uv_size": [-1, -2]}
							}
						},
						{
							"origin": [-1.85, 25.8, -46.75],
							"size": [0.5, 1.25, 0.4],
							"pivot": [-1.1, 25.8, -38.55],
							"rotation": [0, 0, 40],
							"uv": {
								"north": {"uv": [99, 31], "uv_size": [1, 2]},
								"east": {"uv": [99, 31], "uv_size": [1, 2]},
								"south": {"uv": [99, 31], "uv_size": [1, 2]},
								"west": {"uv": [99, 31], "uv_size": [1, 2]},
								"up": {"uv": [100, 33], "uv_size": [-1, -2]},
								"down": {"uv": [100, 33], "uv_size": [-1, -2]}
							}
						},
						{
							"origin": [1.35, 26.5, -46.35],
							"size": [0.5, 1.2, 15.8],
							"pivot": [2.1, 26.4, -38.55],
							"rotation": [0, 0, -40],
							"uv": {
								"north": {"uv": [82, 20], "uv_size": [5, 4]},
								"east": {"uv": [82, 20], "uv_size": [5, 4]},
								"south": {"uv": [82, 20], "uv_size": [5, 4]},
								"west": {"uv": [81, 72], "uv_size": [15, 2]},
								"up": {"uv": [87, 24], "uv_size": [-5, -4]},
								"down": {"uv": [87, 24], "uv_size": [-5, -4]}
							}
						},
						{
							"origin": [1.36, 26.5, -30.55],
							"size": [0.5, 1.2, 0.3],
							"pivot": [2.1, 26.4, -38.55],
							"rotation": [0, 0, -40],
							"uv": {
								"north": {"uv": [99, 31], "uv_size": [1, 2]},
								"east": {"uv": [99, 31], "uv_size": [1, 2]},
								"south": {"uv": [99, 31], "uv_size": [1, 2]},
								"west": {"uv": [99, 31], "uv_size": [1, 2]},
								"up": {"uv": [100, 33], "uv_size": [-1, -2]},
								"down": {"uv": [100, 33], "uv_size": [-1, -2]}
							}
						},
						{
							"origin": [1.35, 26.5, -46.75],
							"size": [0.5, 1.2, 0.4],
							"pivot": [2.1, 26.4, -38.55],
							"rotation": [0, 0, -40],
							"uv": {
								"north": {"uv": [99, 31], "uv_size": [1, 2]},
								"east": {"uv": [99, 31], "uv_size": [1, 2]},
								"south": {"uv": [99, 31], "uv_size": [1, 2]},
								"west": {"uv": [99, 31], "uv_size": [1, 2]},
								"up": {"uv": [100, 33], "uv_size": [-1, -2]},
								"down": {"uv": [100, 33], "uv_size": [-1, -2]}
							}
						},
						{
							"origin": [0.05, 27.23, -46.35],
							"size": [0.5, 1.96, 15.8],
							"pivot": [0.8, 27.5, -38.55],
							"rotation": [0, 0, -90],
							"uv": {
								"north": {"uv": [82, 20], "uv_size": [5, 4]},
								"east": {"uv": [82, 20], "uv_size": [5, 4]},
								"south": {"uv": [82, 20], "uv_size": [5, 4]},
								"west": {"uv": [81, 73], "uv_size": [15, 2]},
								"up": {"uv": [87, 24], "uv_size": [-5, -4]},
								"down": {"uv": [87, 24], "uv_size": [-5, -4]}
							}
						},
						{
							"origin": [0.06, 27.23, -30.55],
							"size": [0.5, 1.96, 0.3],
							"pivot": [0.8, 27.5, -38.55],
							"rotation": [0, 0, -90],
							"uv": {
								"north": {"uv": [99, 31], "uv_size": [1, 2]},
								"east": {"uv": [99, 31], "uv_size": [1, 2]},
								"south": {"uv": [99, 31], "uv_size": [1, 2]},
								"west": {"uv": [99, 31], "uv_size": [1, 2]},
								"up": {"uv": [100, 33], "uv_size": [-1, -2]},
								"down": {"uv": [100, 33], "uv_size": [-1, -2]}
							}
						},
						{
							"origin": [0.05, 27.23, -46.75],
							"size": [0.5, 1.96, 0.4],
							"pivot": [0.8, 27.5, -38.55],
							"rotation": [0, 0, -90],
							"uv": {
								"north": {"uv": [99, 31], "uv_size": [1, 2]},
								"east": {"uv": [99, 31], "uv_size": [1, 2]},
								"south": {"uv": [99, 31], "uv_size": [1, 2]},
								"west": {"uv": [99, 31], "uv_size": [1, 2]},
								"up": {"uv": [100, 33], "uv_size": [-1, -2]},
								"down": {"uv": [100, 33], "uv_size": [-1, -2]}
							}
						},
						{
							"origin": [0.67287, 19.76484, -46.75],
							"size": [0.5, 1, 0.4],
							"pivot": [1.17287, 19.76484, -46.75],
							"rotation": [0, 0, 50.5],
							"uv": {
								"north": {"uv": [99, 31], "uv_size": [1, 2]},
								"east": {"uv": [99, 31], "uv_size": [1, 2]},
								"south": {"uv": [99, 31], "uv_size": [1, 2]},
								"west": {"uv": [99, 31], "uv_size": [1, 2]},
								"up": {"uv": [100, 33], "uv_size": [-1, -2]},
								"down": {"uv": [100, 33], "uv_size": [-1, -2]}
							}
						},
						{
							"origin": [0.05, 17.71, -46.75],
							"size": [0.5, 2.16, 0.4],
							"pivot": [0.8, 19.5, -38.55],
							"rotation": [0, 0, 90],
							"uv": {
								"north": {"uv": [99, 31], "uv_size": [1, 2]},
								"east": {"uv": [99, 31], "uv_size": [1, 2]},
								"south": {"uv": [99, 31], "uv_size": [1, 2]},
								"west": {"uv": [99, 31], "uv_size": [1, 2]},
								"up": {"uv": [100, 33], "uv_size": [-1, -2]},
								"down": {"uv": [100, 33], "uv_size": [-1, -2]}
							}
						},
						{
							"origin": [0.67287, 19.76484, -46.35],
							"size": [0.5, 1, 0.9],
							"pivot": [1.17287, 19.76484, -46.35],
							"rotation": [0, 0, 50.5],
							"uv": {
								"north": {"uv": [82, 20], "uv_size": [5, 4]},
								"east": {"uv": [82, 20], "uv_size": [5, 4]},
								"south": {"uv": [82, 20], "uv_size": [5, 4]},
								"west": {"uv": [130, 86], "uv_size": [1, 2]},
								"up": {"uv": [87, 24], "uv_size": [-5, -4]},
								"down": {"uv": [87, 24], "uv_size": [-5, -4]}
							}
						},
						{
							"origin": [-0.97287, 19.76484, -46.35],
							"size": [0.5, 1, 0.9],
							"pivot": [-0.97287, 19.76484, -46.35],
							"rotation": [0, 0, -50.5],
							"uv": {
								"north": {"uv": [87, 20], "uv_size": [-5, 4]},
								"east": {"uv": [131, 86], "uv_size": [-1, 2]},
								"south": {"uv": [87, 20], "uv_size": [-5, 4]},
								"west": {"uv": [87, 20], "uv_size": [-5, 4]},
								"up": {"uv": [82, 24], "uv_size": [5, -4]},
								"down": {"uv": [82, 24], "uv_size": [5, -4]}
							}
						},
						{
							"origin": [-0.97287, 19.76484, -46.75],
							"size": [0.5, 1, 0.4],
							"pivot": [-0.97287, 19.76484, -46.75],
							"rotation": [0, 0, -50.5],
							"uv": {
								"north": {"uv": [99, 31], "uv_size": [1, 2]},
								"east": {"uv": [99, 31], "uv_size": [1, 2]},
								"south": {"uv": [99, 31], "uv_size": [1, 2]},
								"west": {"uv": [99, 31], "uv_size": [1, 2]},
								"up": {"uv": [100, 33], "uv_size": [-1, -2]},
								"down": {"uv": [100, 33], "uv_size": [-1, -2]}
							}
						},
						{
							"origin": [0.05, 17.71, -46.35],
							"size": [0.5, 2.16, 15.8],
							"pivot": [0.8, 19.5, -38.55],
							"rotation": [0, 0, 90],
							"uv": {
								"north": {"uv": [82, 20], "uv_size": [5, 4]},
								"east": {"uv": [82, 20], "uv_size": [5, 4]},
								"south": {"uv": [82, 20], "uv_size": [5, 4]},
								"west": {"uv": [130, 86], "uv_size": [1, 2]},
								"up": {"uv": [87, 24], "uv_size": [-5, -4]},
								"down": {"uv": [87, 24], "uv_size": [-5, -4]}
							}
						},
						{
							"origin": [-1.75, 20.4, -46.75],
							"size": [0.6, 3.3, 0.4],
							"uv": {
								"north": {"uv": [99, 31], "uv_size": [1, 2]},
								"east": {"uv": [99, 31], "uv_size": [1, 2]},
								"south": {"uv": [99, 31], "uv_size": [1, 2]},
								"west": {"uv": [99, 31], "uv_size": [1, 2]},
								"up": {"uv": [100, 33], "uv_size": [-1, -2]},
								"down": {"uv": [100, 33], "uv_size": [-1, -2]}
							}
						},
						{
							"origin": [1.35, 20.4, -46.75],
							"size": [0.6, 3.3, 0.4],
							"uv": {
								"north": {"uv": [99, 31], "uv_size": [1, 2]},
								"east": {"uv": [99, 31], "uv_size": [1, 2]},
								"south": {"uv": [99, 31], "uv_size": [1, 2]},
								"west": {"uv": [99, 31], "uv_size": [1, 2]},
								"up": {"uv": [100, 33], "uv_size": [-1, -2]},
								"down": {"uv": [100, 33], "uv_size": [-1, -2]}
							}
						}
					]
				},
				{
					"name": "rotateddown",
					"parent": "handguard2",
					"pivot": [0.1, 19.4, -46.15],
					"rotation": [2, 0, 0]
				},
				{
					"name": "bone33",
					"parent": "rotateddown",
					"pivot": [-0.9, 16.6, -37.65],
					"rotation": [-4, 0, 0]
				},
				{
					"name": "bone32",
					"parent": "rotateddown",
					"pivot": [0.2, 19.5, -45.95],
					"rotation": [-4, 0, 0],
					"cubes": [
						{
							"origin": [-0.24982, 17.41678, -46.13184],
							"size": [0.5, 2.16, 19],
							"pivot": [0.8, 19.20678, -36.62137],
							"rotation": [0, 0, 90],
							"uv": {
								"north": {"uv": [82, 20], "uv_size": [5, 4]},
								"east": {"uv": [82, 20], "uv_size": [5, 4]},
								"south": {"uv": [82, 20], "uv_size": [5, 4]},
								"west": {"uv": [81, 73], "uv_size": [15, 2]},
								"up": {"uv": [87, 24], "uv_size": [-5, -4]},
								"down": {"uv": [87, 24], "uv_size": [-5, -4]}
							}
						},
						{
							"origin": [0.67286, 19.77144, -46.13184],
							"size": [0.5, 1, 19],
							"pivot": [1.17286, 19.77144, -46.13184],
							"rotation": [0, 0, 50.5],
							"uv": {
								"north": {"uv": [82, 20], "uv_size": [5, 4]},
								"east": {"uv": [82, 20], "uv_size": [5, 4]},
								"south": {"uv": [82, 20], "uv_size": [5, 4]},
								"west": {"uv": [130, 86], "uv_size": [14, 2]},
								"up": {"uv": [87, 24], "uv_size": [-5, -4]},
								"down": {"uv": [87, 24], "uv_size": [-5, -4]}
							}
						},
						{
							"origin": [-1.04565, 19.61711, -46.13184],
							"size": [0.5, 1, 19],
							"pivot": [-1.17286, 19.77144, -46.13184],
							"rotation": [0, 0, -50.5],
							"uv": {
								"north": {"uv": [87, 20], "uv_size": [-5, 4]},
								"east": {"uv": [144, 86], "uv_size": [-14, 2]},
								"south": {"uv": [87, 20], "uv_size": [-5, 4]},
								"west": {"uv": [87, 20], "uv_size": [-5, 4]},
								"up": {"uv": [82, 24], "uv_size": [5, -4]},
								"down": {"uv": [82, 24], "uv_size": [5, -4]}
							}
						}
					]
				},
				{
					"name": "rotateddown2",
					"parent": "handguard2",
					"pivot": [0.1, 19.2, -34.15],
					"rotation": [-17, 0, 0]
				},
				{
					"name": "bone36",
					"parent": "rotateddown2",
					"pivot": [-0.9, 16.4, -25.65],
					"rotation": [-4, 0, 0]
				},
				{
					"name": "bone37",
					"parent": "rotateddown2",
					"pivot": [0.2, 19.3, -33.95],
					"rotation": [-4, 0, 0],
					"cubes": [
						{
							"origin": [0.51668, 15.6606, -34.1913],
							"size": [1.4, 3.71, 4.9],
							"pivot": [1.945, 19.3706, -29.20572],
							"rotation": [0, 15, 90],
							"uv": {
								"north": {"uv": [57, 32], "uv_size": [14, -4]},
								"east": {"uv": [57, 32], "uv_size": [14, -4]},
								"south": {"uv": [57, 32], "uv_size": [14, -4]},
								"west": {"uv": [119, 17], "uv_size": [-4, 5]},
								"up": {"uv": [119, 51], "uv_size": [1, -4]},
								"down": {"uv": [119, 51], "uv_size": [1, -4]}
							}
						}
					]
				},
				{
					"name": "rotateddown3",
					"parent": "handguard2",
					"pivot": [0.1, 18.8, -26.75],
					"rotation": [12, 0, 0]
				},
				{
					"name": "bone34",
					"parent": "rotateddown3",
					"pivot": [0.2, 18.4, -28.45],
					"rotation": [13, 0, 0],
					"cubes": [
						{
							"origin": [0.69326, 15.48741, -28.82672],
							"size": [1.2, 3.71, 2.3],
							"pivot": [1.67, 18.92241, -26.67911],
							"rotation": [0, -17.25, 90],
							"uv": {
								"north": {"uv": [57, 32], "uv_size": [14, -4]},
								"east": {"uv": [57, 32], "uv_size": [14, -4]},
								"south": {"uv": [57, 32], "uv_size": [14, -4]},
								"west": {"uv": [118, 17], "uv_size": [1, 5]},
								"up": {"uv": [119, 49], "uv_size": [1, -2]},
								"down": {"uv": [119, 49], "uv_size": [1, -2]}
							}
						}
					]
				},
				{
					"name": "bone35",
					"parent": "rotateddown3",
					"pivot": [-0.9, 14.7, -34.25],
					"rotation": [13, 0, 0]
				},
				{
					"name": "bone14",
					"parent": "handguard2",
					"pivot": [2.5, 21.1, -40.35],
					"rotation": [0, -1, 0]
				},
				{
					"name": "bone15",
					"parent": "handguard2",
					"pivot": [-2.4, 21.1, -31.45],
					"rotation": [0, 179, 0]
				},
				{
					"name": "bone28",
					"parent": "handguard2",
					"pivot": [2.5, 21.1, -40.35],
					"rotation": [0, -1, 0]
				},
				{
					"name": "bone29",
					"parent": "handguard2",
					"pivot": [-2.4, 21.1, -31.45],
					"rotation": [0, 179, 0]
				},
				{
					"name": "_ca_handguardak",
					"parent": "main",
					"pivot": [-0.2, 16.35, -31.025],
					"cubes": [
						{"origin": [-0.5, 19.15, -26.625], "size": [1, 1, 1], "uv": [27, 121]}
					]
				}
			]
		}
	]
}