{
	"format_version": "1.12.0",
	"minecraft:geometry": [
		{
			"description": {
				"identifier": "geometry.unknown",
				"texture_width": 256,
				"texture_height": 256,
				"visible_bounds_width": 8,
				"visible_bounds_height": 4,
				"visible_bounds_offset": [0, 1, 0]
			},
			"bones": [
				{
					"name": "main",
					"pivot": [0, 20, 0]
				},
				{
					"name": "gun",
					"parent": "main",
					"pivot": [1, 11, -1]
				},
				{
					"name": "handguard",
					"parent": "gun",
					"pivot": [-0.2, -12.8, -50.55],
					"cubes": [
						{
							"origin": [-0.9, 27.1, -40.3],
							"size": [1.88, 1, 18.8],
							"uv": {
								"north": {"uv": [138, 34], "uv_size": [2, 1]},
								"east": {"uv": [40, 23], "uv_size": [19, 1]},
								"south": {"uv": [138, 35], "uv_size": [2, 1]},
								"west": {"uv": [100, 92], "uv_size": [19, 1]},
								"up": {"uv": [3, 72], "uv_size": [2, 19]},
								"down": {"uv": [77, 77], "uv_size": [2, -19]}
							}
						},
						{
							"origin": [-0.7, 26.3, -40.3],
							"size": [1.38, 0.8, 17.1],
							"uv": {
								"north": {"uv": [147, 19], "uv_size": [1, 1]},
								"east": {"uv": [104, 15], "uv_size": [17, 1]},
								"south": {"uv": [20, 147], "uv_size": [1, 1]},
								"west": {"uv": [104, 16], "uv_size": [17, 1]},
								"up": {"uv": [72, 104], "uv_size": [1, 17]},
								"down": {"uv": [78, 121], "uv_size": [1, -17]}
							}
						},
						{
							"origin": [-0.82, 21.8, -40.67],
							"size": [1.7, 0.4, 19.2],
							"uv": {
								"north": {"uv": [38, 138], "uv_size": [2, 1]},
								"east": {"uv": [101, 22], "uv_size": [19, 1]},
								"south": {"uv": [138, 38], "uv_size": [2, 1]},
								"west": {"uv": [101, 49], "uv_size": [19, 1]},
								"up": {"uv": [71, 77], "uv_size": [2, 19]},
								"down": {"uv": [77, 96], "uv_size": [2, -19]}
							}
						},
						{
							"origin": [-2.92, 24.2, -33.5],
							"size": [1.7, 0.4, 7.1],
							"pivot": [-2.25, 24.2, -36.8],
							"rotation": [0, 0, 90],
							"uv": {
								"north": {"uv": [143, 18], "uv_size": [2, 1]},
								"east": {"uv": [115, 87], "uv_size": [7, 1]},
								"south": {"uv": [143, 21], "uv_size": [2, 1]},
								"west": {"uv": [117, 6], "uv_size": [7, 1]},
								"up": {"uv": [105, 109], "uv_size": [2, 7]},
								"down": {"uv": [110, 100], "uv_size": [2, -7]}
							}
						},
						{
							"origin": [1.18, 24.2, -33.5],
							"size": [1.7, 0.4, 7.1],
							"pivot": [1.85, 24.2, -36.8],
							"rotation": [0, 0, 90],
							"uv": {
								"north": {"uv": [143, 12], "uv_size": [2, 1]},
								"east": {"uv": [114, 8], "uv_size": [7, 1]},
								"south": {"uv": [143, 15], "uv_size": [2, 1]},
								"west": {"uv": [115, 36], "uv_size": [7, 1]},
								"up": {"uv": [87, 108], "uv_size": [2, 7]},
								"down": {"uv": [92, 116], "uv_size": [2, -7]}
							}
						},
						{
							"origin": [-0.82, 28.5, -21.7],
							"size": [1.7, 0.2, 0.6],
							"uv": {
								"north": {"uv": [139, 10], "uv_size": [2, 1]},
								"east": {"uv": [43, 148], "uv_size": [1, 1]},
								"south": {"uv": [12, 139], "uv_size": [2, 1]},
								"west": {"uv": [148, 43], "uv_size": [1, 1]},
								"up": {"uv": [139, 14], "uv_size": [2, 1]},
								"down": {"uv": [139, 16], "uv_size": [2, -1]}
							}
						},
						{
							"origin": [-1.12, 29.0625, -21.7],
							"size": [0.2, 0.2, 0.6],
							"pivot": [-1.65, 28.6195, -12.7],
							"rotation": [0, 0, 45],
							"uv": {
								"north": {"uv": [44, 148], "uv_size": [1, 1]},
								"east": {"uv": [148, 44], "uv_size": [1, 1]},
								"south": {"uv": [45, 148], "uv_size": [1, 1]},
								"west": {"uv": [148, 45], "uv_size": [1, 1]},
								"up": {"uv": [46, 148], "uv_size": [1, 1]},
								"down": {"uv": [148, 47], "uv_size": [1, -1]}
							}
						},
						{
							"origin": [-0.82, 28.5, -23],
							"size": [1.7, 0.2, 0.6],
							"uv": {
								"north": {"uv": [16, 139], "uv_size": [2, 1]},
								"east": {"uv": [47, 148], "uv_size": [1, 1]},
								"south": {"uv": [139, 16], "uv_size": [2, 1]},
								"west": {"uv": [148, 47], "uv_size": [1, 1]},
								"up": {"uv": [139, 17], "uv_size": [2, 1]},
								"down": {"uv": [139, 19], "uv_size": [2, -1]}
							}
						},
						{
							"origin": [-1.12, 29.0625, -23],
							"size": [0.2, 0.2, 0.6],
							"pivot": [-1.65, 28.6195, -14],
							"rotation": [0, 0, 45],
							"uv": {
								"north": {"uv": [48, 148], "uv_size": [1, 1]},
								"east": {"uv": [148, 48], "uv_size": [1, 1]},
								"south": {"uv": [49, 148], "uv_size": [1, 1]},
								"west": {"uv": [148, 49], "uv_size": [1, 1]},
								"up": {"uv": [50, 148], "uv_size": [1, 1]},
								"down": {"uv": [148, 51], "uv_size": [1, -1]}
							}
						},
						{
							"origin": [-0.82, 28.5, -24.3],
							"size": [1.7, 0.2, 0.6],
							"uv": {
								"north": {"uv": [139, 19], "uv_size": [2, 1]},
								"east": {"uv": [51, 148], "uv_size": [1, 1]},
								"south": {"uv": [139, 20], "uv_size": [2, 1]},
								"west": {"uv": [148, 51], "uv_size": [1, 1]},
								"up": {"uv": [139, 21], "uv_size": [2, 1]},
								"down": {"uv": [22, 140], "uv_size": [2, -1]}
							}
						},
						{
							"origin": [-1.12, 29.0625, -24.3],
							"size": [0.2, 0.2, 0.6],
							"pivot": [-1.65, 28.6195, -15.3],
							"rotation": [0, 0, 45],
							"uv": {
								"north": {"uv": [52, 148], "uv_size": [1, 1]},
								"east": {"uv": [148, 52], "uv_size": [1, 1]},
								"south": {"uv": [53, 148], "uv_size": [1, 1]},
								"west": {"uv": [148, 53], "uv_size": [1, 1]},
								"up": {"uv": [54, 148], "uv_size": [1, 1]},
								"down": {"uv": [148, 55], "uv_size": [1, -1]}
							}
						},
						{
							"origin": [0.58, 29.0635, -23],
							"size": [0.2, 0.2, 0.6],
							"pivot": [0.05, 28.6195, -14],
							"rotation": [0, 0, 45],
							"uv": {
								"north": {"uv": [58, 148], "uv_size": [1, 1]},
								"east": {"uv": [148, 58], "uv_size": [1, 1]},
								"south": {"uv": [59, 148], "uv_size": [1, 1]},
								"west": {"uv": [148, 59], "uv_size": [1, 1]},
								"up": {"uv": [60, 148], "uv_size": [1, 1]},
								"down": {"uv": [148, 61], "uv_size": [1, -1]}
							}
						},
						{
							"origin": [0.58, 29.0635, -24.3],
							"size": [0.2, 0.2, 0.6],
							"pivot": [0.05, 28.6195, -15.3],
							"rotation": [0, 0, 45],
							"uv": {
								"north": {"uv": [61, 148], "uv_size": [1, 1]},
								"east": {"uv": [148, 61], "uv_size": [1, 1]},
								"south": {"uv": [62, 148], "uv_size": [1, 1]},
								"west": {"uv": [148, 62], "uv_size": [1, 1]},
								"up": {"uv": [63, 148], "uv_size": [1, 1]},
								"down": {"uv": [148, 64], "uv_size": [1, -1]}
							}
						},
						{
							"origin": [-1.12, 22.26, -22.3],
							"size": [0.2, 0.2, 0.8],
							"pivot": [-1.65, 21.8195, -13.1],
							"rotation": [0, 0, 45],
							"uv": {
								"north": {"uv": [149, 66], "uv_size": [-1, 1]},
								"east": {"uv": [149, 66], "uv_size": [-1, 1]},
								"south": {"uv": [149, 66], "uv_size": [-1, 1]},
								"west": {"uv": [149, 66], "uv_size": [-1, 1]},
								"up": {"uv": [148, 67], "uv_size": [1, -1]},
								"down": {"uv": [148, 67], "uv_size": [1, -1]}
							}
						},
						{
							"origin": [-0.82, 21.6, -23.6],
							"size": [1.7, 0.2, 0.6],
							"uv": {
								"north": {"uv": [139, 23], "uv_size": [2, 1]},
								"east": {"uv": [67, 148], "uv_size": [1, 1]},
								"south": {"uv": [139, 24], "uv_size": [2, 1]},
								"west": {"uv": [148, 67], "uv_size": [1, 1]},
								"up": {"uv": [139, 25], "uv_size": [2, 1]},
								"down": {"uv": [139, 32], "uv_size": [2, -1]}
							}
						},
						{
							"origin": [-1.12, 22.26, -23.6],
							"size": [0.2, 0.2, 0.6],
							"pivot": [-1.65, 21.8195, -14.6],
							"rotation": [0, 0, 45],
							"uv": {
								"north": {"uv": [149, 66], "uv_size": [-1, 1]},
								"east": {"uv": [149, 66], "uv_size": [-1, 1]},
								"south": {"uv": [149, 66], "uv_size": [-1, 1]},
								"west": {"uv": [149, 66], "uv_size": [-1, 1]},
								"up": {"uv": [148, 67], "uv_size": [1, -1]},
								"down": {"uv": [148, 67], "uv_size": [1, -1]}
							}
						},
						{
							"origin": [-0.82, 21.6, -22.3],
							"size": [1.7, 0.2, 0.8],
							"uv": {
								"north": {"uv": [32, 139], "uv_size": [2, 1]},
								"east": {"uv": [71, 148], "uv_size": [1, 1]},
								"south": {"uv": [139, 32], "uv_size": [2, 1]},
								"west": {"uv": [148, 71], "uv_size": [1, 1]},
								"up": {"uv": [34, 139], "uv_size": [2, 1]},
								"down": {"uv": [36, 140], "uv_size": [2, -1]}
							}
						},
						{
							"origin": [0.58, 22.26, -22.3],
							"size": [0.2, 0.2, 0.8],
							"pivot": [0.05, 21.8195, -13.1],
							"rotation": [0, 0, 45],
							"uv": {
								"north": {"uv": [72, 148], "uv_size": [1, 1]},
								"east": {"uv": [148, 72], "uv_size": [1, 1]},
								"south": {"uv": [73, 148], "uv_size": [1, 1]},
								"west": {"uv": [148, 73], "uv_size": [1, 1]},
								"up": {"uv": [74, 148], "uv_size": [1, 1]},
								"down": {"uv": [148, 75], "uv_size": [1, -1]}
							}
						},
						{
							"origin": [0.58, 22.26, -23.6],
							"size": [0.2, 0.2, 0.6],
							"pivot": [0.05, 21.8195, -14.6],
							"rotation": [0, 0, 45],
							"uv": {
								"north": {"uv": [75, 148], "uv_size": [1, 1]},
								"east": {"uv": [148, 75], "uv_size": [1, 1]},
								"south": {"uv": [76, 148], "uv_size": [1, 1]},
								"west": {"uv": [148, 76], "uv_size": [1, 1]},
								"up": {"uv": [77, 148], "uv_size": [1, 1]},
								"down": {"uv": [148, 78], "uv_size": [1, -1]}
							}
						},
						{
							"origin": [-1.12, 22.26, -24.9],
							"size": [0.2, 0.2, 0.6],
							"pivot": [-1.65, 21.8195, -15.9],
							"rotation": [0, 0, 45],
							"uv": {
								"north": {"uv": [149, 66], "uv_size": [-1, 1]},
								"east": {"uv": [149, 66], "uv_size": [-1, 1]},
								"south": {"uv": [149, 66], "uv_size": [-1, 1]},
								"west": {"uv": [149, 66], "uv_size": [-1, 1]},
								"up": {"uv": [148, 67], "uv_size": [1, -1]},
								"down": {"uv": [148, 67], "uv_size": [1, -1]}
							}
						},
						{
							"origin": [-0.82, 21.6, -24.9],
							"size": [1.7, 0.2, 0.6],
							"uv": {
								"north": {"uv": [38, 139], "uv_size": [2, 1]},
								"east": {"uv": [81, 148], "uv_size": [1, 1]},
								"south": {"uv": [40, 139], "uv_size": [2, 1]},
								"west": {"uv": [148, 81], "uv_size": [1, 1]},
								"up": {"uv": [42, 139], "uv_size": [2, 1]},
								"down": {"uv": [44, 140], "uv_size": [2, -1]}
							}
						},
						{
							"origin": [-1.12, 22.26, -26.2],
							"size": [0.2, 0.2, 0.6],
							"pivot": [-1.65, 21.8195, -17.2],
							"rotation": [0, 0, 45],
							"uv": {
								"north": {"uv": [149, 66], "uv_size": [-1, 1]},
								"east": {"uv": [149, 66], "uv_size": [-1, 1]},
								"south": {"uv": [149, 66], "uv_size": [-1, 1]},
								"west": {"uv": [149, 66], "uv_size": [-1, 1]},
								"up": {"uv": [148, 67], "uv_size": [1, -1]},
								"down": {"uv": [148, 67], "uv_size": [1, -1]}
							}
						},
						{
							"origin": [-0.82, 21.6, -26.2],
							"size": [1.7, 0.2, 0.6],
							"uv": {
								"north": {"uv": [47, 139], "uv_size": [2, 1]},
								"east": {"uv": [85, 148], "uv_size": [1, 1]},
								"south": {"uv": [49, 139], "uv_size": [2, 1]},
								"west": {"uv": [148, 85], "uv_size": [1, 1]},
								"up": {"uv": [139, 50], "uv_size": [2, 1]},
								"down": {"uv": [51, 140], "uv_size": [2, -1]}
							}
						},
						{
							"origin": [0.58, 22.26, -24.9],
							"size": [0.2, 0.2, 0.6],
							"pivot": [0.05, 21.8195, -15.9],
							"rotation": [0, 0, 45],
							"uv": {
								"north": {"uv": [86, 148], "uv_size": [1, 1]},
								"east": {"uv": [148, 86], "uv_size": [1, 1]},
								"south": {"uv": [87, 148], "uv_size": [1, 1]},
								"west": {"uv": [148, 87], "uv_size": [1, 1]},
								"up": {"uv": [88, 148], "uv_size": [1, 1]},
								"down": {"uv": [148, 89], "uv_size": [1, -1]}
							}
						},
						{
							"origin": [0.58, 22.26, -26.2],
							"size": [0.2, 0.2, 0.6],
							"pivot": [0.05, 21.8195, -17.2],
							"rotation": [0, 0, 45],
							"uv": {
								"north": {"uv": [89, 148], "uv_size": [1, 1]},
								"east": {"uv": [148, 89], "uv_size": [1, 1]},
								"south": {"uv": [90, 148], "uv_size": [1, 1]},
								"west": {"uv": [148, 90], "uv_size": [1, 1]},
								"up": {"uv": [91, 148], "uv_size": [1, 1]},
								"down": {"uv": [148, 92], "uv_size": [1, -1]}
							}
						},
						{
							"origin": [-1.12, 22.26, -27.5],
							"size": [0.2, 0.2, 0.6],
							"pivot": [-1.65, 21.8195, -18.5],
							"rotation": [0, 0, 45],
							"uv": {
								"north": {"uv": [149, 66], "uv_size": [-1, 1]},
								"east": {"uv": [149, 66], "uv_size": [-1, 1]},
								"south": {"uv": [149, 66], "uv_size": [-1, 1]},
								"west": {"uv": [149, 66], "uv_size": [-1, 1]},
								"up": {"uv": [148, 67], "uv_size": [1, -1]},
								"down": {"uv": [148, 67], "uv_size": [1, -1]}
							}
						},
						{
							"origin": [-2.63, 23.66, -27],
							"size": [0.2, 0.2, 0.6],
							"pivot": [-3.13, 23.198, -18],
							"rotation": [0, 0, 45],
							"uv": {
								"north": {"uv": [95, 148], "uv_size": [1, 1]},
								"east": {"uv": [148, 95], "uv_size": [1, 1]},
								"south": {"uv": [96, 148], "uv_size": [1, 1]},
								"west": {"uv": [148, 96], "uv_size": [1, 1]},
								"up": {"uv": [97, 148], "uv_size": [1, 1]},
								"down": {"uv": [148, 98], "uv_size": [1, -1]}
							}
						},
						{
							"origin": [-2.625, 25.36, -27],
							"size": [0.2, 0.2, 0.6],
							"pivot": [-3.13, 24.9, -18],
							"rotation": [0, 0, 45],
							"uv": {
								"north": {"uv": [148, 98], "uv_size": [1, 1]},
								"east": {"uv": [148, 98], "uv_size": [1, 1]},
								"south": {"uv": [148, 98], "uv_size": [1, 1]},
								"west": {"uv": [148, 98], "uv_size": [1, 1]},
								"up": {"uv": [149, 99], "uv_size": [-1, -1]},
								"down": {"uv": [149, 99], "uv_size": [-1, -1]}
							}
						},
						{
							"origin": [-0.82, 21.6, -27.5],
							"size": [1.7, 0.2, 0.6],
							"uv": {
								"north": {"uv": [139, 51], "uv_size": [2, 1]},
								"east": {"uv": [101, 148], "uv_size": [1, 1]},
								"south": {"uv": [54, 139], "uv_size": [2, 1]},
								"west": {"uv": [148, 101], "uv_size": [1, 1]},
								"up": {"uv": [139, 54], "uv_size": [2, 1]},
								"down": {"uv": [139, 56], "uv_size": [2, -1]}
							}
						},
						{
							"origin": [-1.12, 22.26, -28.8],
							"size": [0.2, 0.2, 0.6],
							"pivot": [-1.65, 21.8195, -19.8],
							"rotation": [0, 0, 45],
							"uv": {
								"north": {"uv": [149, 66], "uv_size": [-1, 1]},
								"east": {"uv": [149, 66], "uv_size": [-1, 1]},
								"south": {"uv": [149, 66], "uv_size": [-1, 1]},
								"west": {"uv": [149, 66], "uv_size": [-1, 1]},
								"up": {"uv": [148, 67], "uv_size": [1, -1]},
								"down": {"uv": [148, 67], "uv_size": [1, -1]}
							}
						},
						{
							"origin": [-0.82, 21.6, -28.8],
							"size": [1.7, 0.2, 0.6],
							"uv": {
								"north": {"uv": [58, 139], "uv_size": [2, 1]},
								"east": {"uv": [105, 148], "uv_size": [1, 1]},
								"south": {"uv": [60, 139], "uv_size": [2, 1]},
								"west": {"uv": [148, 105], "uv_size": [1, 1]},
								"up": {"uv": [139, 60], "uv_size": [2, 1]},
								"down": {"uv": [62, 140], "uv_size": [2, -1]}
							}
						},
						{
							"origin": [-3.52, 24.6, -27],
							"size": [1.7, 0.2, 0.6],
							"pivot": [-2.85, 24.2, -18],
							"rotation": [0, 0, 90],
							"uv": {
								"north": {"uv": [64, 139], "uv_size": [2, 1]},
								"east": {"uv": [106, 148], "uv_size": [1, 1]},
								"south": {"uv": [66, 139], "uv_size": [2, 1]},
								"west": {"uv": [148, 106], "uv_size": [1, 1]},
								"up": {"uv": [68, 139], "uv_size": [2, 1]},
								"down": {"uv": [70, 140], "uv_size": [2, -1]}
							}
						},
						{
							"origin": [-3.52, 24.6, -28.3],
							"size": [1.7, 0.2, 0.6],
							"pivot": [-2.85, 24.2, -19.3],
							"rotation": [0, 0, 90],
							"uv": {
								"north": {"uv": [72, 139], "uv_size": [2, 1]},
								"east": {"uv": [107, 148], "uv_size": [1, 1]},
								"south": {"uv": [74, 139], "uv_size": [2, 1]},
								"west": {"uv": [148, 107], "uv_size": [1, 1]},
								"up": {"uv": [139, 75], "uv_size": [2, 1]},
								"down": {"uv": [76, 140], "uv_size": [2, -1]}
							}
						},
						{
							"origin": [-2.63, 23.66, -28.3],
							"size": [0.2, 0.2, 0.6],
							"pivot": [-3.13, 23.198, -19.3],
							"rotation": [0, 0, 45],
							"uv": {
								"north": {"uv": [108, 148], "uv_size": [1, 1]},
								"east": {"uv": [148, 108], "uv_size": [1, 1]},
								"south": {"uv": [109, 148], "uv_size": [1, 1]},
								"west": {"uv": [148, 109], "uv_size": [1, 1]},
								"up": {"uv": [110, 148], "uv_size": [1, 1]},
								"down": {"uv": [148, 111], "uv_size": [1, -1]}
							}
						},
						{
							"origin": [-2.625, 25.36, -28.3],
							"size": [0.2, 0.2, 0.6],
							"pivot": [-3.13, 24.9, -19.3],
							"rotation": [0, 0, 45],
							"uv": {
								"north": {"uv": [148, 98], "uv_size": [1, 1]},
								"east": {"uv": [148, 98], "uv_size": [1, 1]},
								"south": {"uv": [148, 98], "uv_size": [1, 1]},
								"west": {"uv": [148, 98], "uv_size": [1, 1]},
								"up": {"uv": [149, 99], "uv_size": [-1, -1]},
								"down": {"uv": [149, 99], "uv_size": [-1, -1]}
							}
						},
						{
							"origin": [-3.52, 24.6, -29.6],
							"size": [1.7, 0.2, 0.6],
							"pivot": [-2.85, 24.2, -20.6],
							"rotation": [0, 0, 90],
							"uv": {
								"north": {"uv": [78, 139], "uv_size": [2, 1]},
								"east": {"uv": [114, 148], "uv_size": [1, 1]},
								"south": {"uv": [80, 139], "uv_size": [2, 1]},
								"west": {"uv": [148, 114], "uv_size": [1, 1]},
								"up": {"uv": [139, 81], "uv_size": [2, 1]},
								"down": {"uv": [82, 140], "uv_size": [2, -1]}
							}
						},
						{
							"origin": [-2.63, 23.66, -29.6],
							"size": [0.2, 0.2, 0.6],
							"pivot": [-3.13, 23.198, -20.6],
							"rotation": [0, 0, 45],
							"uv": {
								"north": {"uv": [115, 148], "uv_size": [1, 1]},
								"east": {"uv": [148, 115], "uv_size": [1, 1]},
								"south": {"uv": [116, 148], "uv_size": [1, 1]},
								"west": {"uv": [148, 116], "uv_size": [1, 1]},
								"up": {"uv": [117, 148], "uv_size": [1, 1]},
								"down": {"uv": [148, 118], "uv_size": [1, -1]}
							}
						},
						{
							"origin": [-2.625, 25.36, -29.6],
							"size": [0.2, 0.2, 0.6],
							"pivot": [-3.13, 24.9, -20.6],
							"rotation": [0, 0, 45],
							"uv": {
								"north": {"uv": [148, 98], "uv_size": [1, 1]},
								"east": {"uv": [148, 98], "uv_size": [1, 1]},
								"south": {"uv": [148, 98], "uv_size": [1, 1]},
								"west": {"uv": [148, 98], "uv_size": [1, 1]},
								"up": {"uv": [149, 99], "uv_size": [-1, -1]},
								"down": {"uv": [149, 99], "uv_size": [-1, -1]}
							}
						},
						{
							"origin": [-3.52, 24.6, -30.9],
							"size": [1.7, 0.2, 0.6],
							"pivot": [-2.85, 24.2, -21.9],
							"rotation": [0, 0, 90],
							"uv": {
								"north": {"uv": [139, 83], "uv_size": [2, 1]},
								"east": {"uv": [121, 148], "uv_size": [1, 1]},
								"south": {"uv": [139, 84], "uv_size": [2, 1]},
								"west": {"uv": [148, 121], "uv_size": [1, 1]},
								"up": {"uv": [139, 85], "uv_size": [2, 1]},
								"down": {"uv": [86, 140], "uv_size": [2, -1]}
							}
						},
						{
							"origin": [-2.63, 23.66, -30.9],
							"size": [0.2, 0.2, 0.6],
							"pivot": [-3.13, 23.198, -21.9],
							"rotation": [0, 0, 45],
							"uv": {
								"north": {"uv": [122, 148], "uv_size": [1, 1]},
								"east": {"uv": [148, 122], "uv_size": [1, 1]},
								"south": {"uv": [123, 148], "uv_size": [1, 1]},
								"west": {"uv": [148, 123], "uv_size": [1, 1]},
								"up": {"uv": [124, 148], "uv_size": [1, 1]},
								"down": {"uv": [148, 125], "uv_size": [1, -1]}
							}
						},
						{
							"origin": [-2.625, 25.36, -30.9],
							"size": [0.2, 0.2, 0.6],
							"pivot": [-3.13, 24.9, -21.9],
							"rotation": [0, 0, 45],
							"uv": {
								"north": {"uv": [148, 98], "uv_size": [1, 1]},
								"east": {"uv": [148, 98], "uv_size": [1, 1]},
								"south": {"uv": [148, 98], "uv_size": [1, 1]},
								"west": {"uv": [148, 98], "uv_size": [1, 1]},
								"up": {"uv": [149, 99], "uv_size": [-1, -1]},
								"down": {"uv": [149, 99], "uv_size": [-1, -1]}
							}
						},
						{
							"origin": [-3.52, 24.6, -32.2],
							"size": [1.7, 0.2, 0.6],
							"pivot": [-2.85, 24.2, -23.2],
							"rotation": [0, 0, 90],
							"uv": {
								"north": {"uv": [88, 139], "uv_size": [2, 1]},
								"east": {"uv": [128, 148], "uv_size": [1, 1]},
								"south": {"uv": [139, 89], "uv_size": [2, 1]},
								"west": {"uv": [148, 128], "uv_size": [1, 1]},
								"up": {"uv": [90, 139], "uv_size": [2, 1]},
								"down": {"uv": [139, 91], "uv_size": [2, -1]}
							}
						},
						{
							"origin": [-2.63, 23.66, -32.2],
							"size": [0.2, 0.2, 0.6],
							"pivot": [-3.13, 23.198, -23.2],
							"rotation": [0, 0, 45],
							"uv": {
								"north": {"uv": [129, 148], "uv_size": [1, 1]},
								"east": {"uv": [148, 129], "uv_size": [1, 1]},
								"south": {"uv": [130, 148], "uv_size": [1, 1]},
								"west": {"uv": [148, 130], "uv_size": [1, 1]},
								"up": {"uv": [131, 148], "uv_size": [1, 1]},
								"down": {"uv": [148, 132], "uv_size": [1, -1]}
							}
						},
						{
							"origin": [-2.625, 25.36, -32.2],
							"size": [0.2, 0.2, 0.6],
							"pivot": [-3.13, 24.9, -23.2],
							"rotation": [0, 0, 45],
							"uv": {
								"north": {"uv": [148, 98], "uv_size": [1, 1]},
								"east": {"uv": [148, 98], "uv_size": [1, 1]},
								"south": {"uv": [148, 98], "uv_size": [1, 1]},
								"west": {"uv": [148, 98], "uv_size": [1, 1]},
								"up": {"uv": [149, 99], "uv_size": [-1, -1]},
								"down": {"uv": [149, 99], "uv_size": [-1, -1]}
							}
						},
						{
							"origin": [-3.52, 24.6, -33.5],
							"size": [1.7, 0.2, 0.6],
							"pivot": [-2.85, 24.2, -24.5],
							"rotation": [0, 0, 90],
							"uv": {
								"north": {"uv": [139, 91], "uv_size": [2, 1]},
								"east": {"uv": [135, 148], "uv_size": [1, 1]},
								"south": {"uv": [92, 139], "uv_size": [2, 1]},
								"west": {"uv": [148, 135], "uv_size": [1, 1]},
								"up": {"uv": [139, 92], "uv_size": [2, 1]},
								"down": {"uv": [139, 94], "uv_size": [2, -1]}
							}
						},
						{
							"origin": [1.18, 24.6, -33.5],
							"size": [1.7, 0.2, 0.6],
							"pivot": [1.85, 24.2, -24.5],
							"rotation": [0, 0, 90],
							"uv": {
								"north": {"uv": [139, 94], "uv_size": [2, 1]},
								"east": {"uv": [136, 148], "uv_size": [1, 1]},
								"south": {"uv": [139, 95], "uv_size": [2, 1]},
								"west": {"uv": [148, 136], "uv_size": [1, 1]},
								"up": {"uv": [99, 139], "uv_size": [2, 1]},
								"down": {"uv": [101, 140], "uv_size": [2, -1]}
							}
						},
						{
							"origin": [1.18, 24.6, -32.2],
							"size": [1.7, 0.2, 0.6],
							"pivot": [1.85, 24.2, -23.2],
							"rotation": [0, 0, 90],
							"uv": {
								"north": {"uv": [109, 139], "uv_size": [2, 1]},
								"east": {"uv": [137, 148], "uv_size": [1, 1]},
								"south": {"uv": [111, 139], "uv_size": [2, 1]},
								"west": {"uv": [148, 137], "uv_size": [1, 1]},
								"up": {"uv": [139, 112], "uv_size": [2, 1]},
								"down": {"uv": [113, 140], "uv_size": [2, -1]}
							}
						},
						{
							"origin": [1.18, 24.6, -30.9],
							"size": [1.7, 0.2, 0.6],
							"pivot": [1.85, 24.2, -21.9],
							"rotation": [0, 0, 90],
							"uv": {
								"north": {"uv": [139, 113], "uv_size": [2, 1]},
								"east": {"uv": [138, 148], "uv_size": [1, 1]},
								"south": {"uv": [139, 114], "uv_size": [2, 1]},
								"west": {"uv": [148, 138], "uv_size": [1, 1]},
								"up": {"uv": [115, 139], "uv_size": [2, 1]},
								"down": {"uv": [139, 123], "uv_size": [2, -1]}
							}
						},
						{
							"origin": [1.18, 24.6, -29.6],
							"size": [1.7, 0.2, 0.6],
							"pivot": [1.85, 24.2, -20.6],
							"rotation": [0, 0, 90],
							"uv": {
								"north": {"uv": [139, 123], "uv_size": [2, 1]},
								"east": {"uv": [139, 148], "uv_size": [1, 1]},
								"south": {"uv": [124, 139], "uv_size": [2, 1]},
								"west": {"uv": [148, 139], "uv_size": [1, 1]},
								"up": {"uv": [139, 124], "uv_size": [2, 1]},
								"down": {"uv": [126, 140], "uv_size": [2, -1]}
							}
						},
						{
							"origin": [1.18, 24.6, -28.3],
							"size": [1.7, 0.2, 0.6],
							"pivot": [1.85, 24.2, -19.3],
							"rotation": [0, 0, 90],
							"uv": {
								"north": {"uv": [139, 132], "uv_size": [2, 1]},
								"east": {"uv": [140, 148], "uv_size": [1, 1]},
								"south": {"uv": [135, 139], "uv_size": [2, 1]},
								"west": {"uv": [148, 140], "uv_size": [1, 1]},
								"up": {"uv": [138, 139], "uv_size": [2, 1]},
								"down": {"uv": [0, 141], "uv_size": [2, -1]}
							}
						},
						{
							"origin": [1.18, 24.6, -27],
							"size": [1.7, 0.2, 0.6],
							"pivot": [1.85, 24.2, -18],
							"rotation": [0, 0, 90],
							"uv": {
								"north": {"uv": [2, 140], "uv_size": [2, 1]},
								"east": {"uv": [141, 148], "uv_size": [1, 1]},
								"south": {"uv": [4, 140], "uv_size": [2, 1]},
								"west": {"uv": [148, 141], "uv_size": [1, 1]},
								"up": {"uv": [6, 140], "uv_size": [2, 1]},
								"down": {"uv": [8, 141], "uv_size": [2, -1]}
							}
						},
						{
							"origin": [-2.63, 23.66, -33.5],
							"size": [0.2, 0.2, 0.6],
							"pivot": [-3.13, 23.198, -24.5],
							"rotation": [0, 0, 45],
							"uv": {
								"north": {"uv": [142, 148], "uv_size": [1, 1]},
								"east": {"uv": [148, 142], "uv_size": [1, 1]},
								"south": {"uv": [143, 148], "uv_size": [1, 1]},
								"west": {"uv": [148, 143], "uv_size": [1, 1]},
								"up": {"uv": [144, 148], "uv_size": [1, 1]},
								"down": {"uv": [148, 145], "uv_size": [1, -1]}
							}
						},
						{
							"origin": [-2.625, 25.36, -33.5],
							"size": [0.2, 0.2, 0.6],
							"pivot": [-3.13, 24.9, -24.5],
							"rotation": [0, 0, 45],
							"uv": {
								"north": {"uv": [148, 98], "uv_size": [1, 1]},
								"east": {"uv": [148, 98], "uv_size": [1, 1]},
								"south": {"uv": [148, 98], "uv_size": [1, 1]},
								"west": {"uv": [148, 98], "uv_size": [1, 1]},
								"up": {"uv": [149, 99], "uv_size": [-1, -1]},
								"down": {"uv": [149, 99], "uv_size": [-1, -1]}
							}
						},
						{
							"origin": [1.975, 25.36, -33.5],
							"size": [0.2, 0.2, 0.6],
							"pivot": [1.47, 24.9, -24.5],
							"rotation": [0, 0, 45],
							"uv": {
								"north": {"uv": [150, 32], "uv_size": [-1, -1]},
								"east": {"uv": [150, 32], "uv_size": [-1, -1]},
								"south": {"uv": [150, 32], "uv_size": [-1, -1]},
								"west": {"uv": [150, 32], "uv_size": [-1, -1]},
								"up": {"uv": [149, 31], "uv_size": [1, 1]},
								"down": {"uv": [149, 31], "uv_size": [1, 1]}
							}
						},
						{
							"origin": [1.97, 23.66, -33.5],
							"size": [0.2, 0.2, 0.6],
							"pivot": [1.47, 23.198, -24.5],
							"rotation": [0, 0, 45],
							"uv": {
								"north": {"uv": [149, 2], "uv_size": [1, 1]},
								"east": {"uv": [3, 149], "uv_size": [1, 1]},
								"south": {"uv": [149, 3], "uv_size": [1, 1]},
								"west": {"uv": [4, 149], "uv_size": [1, 1]},
								"up": {"uv": [149, 4], "uv_size": [1, 1]},
								"down": {"uv": [5, 150], "uv_size": [1, -1]}
							}
						},
						{
							"origin": [1.975, 25.36, -32.2],
							"size": [0.2, 0.2, 0.6],
							"pivot": [1.47, 24.9, -23.2],
							"rotation": [0, 0, 45],
							"uv": {
								"north": {"uv": [150, 32], "uv_size": [-1, -1]},
								"east": {"uv": [150, 32], "uv_size": [-1, -1]},
								"south": {"uv": [150, 32], "uv_size": [-1, -1]},
								"west": {"uv": [150, 32], "uv_size": [-1, -1]},
								"up": {"uv": [149, 31], "uv_size": [1, 1]},
								"down": {"uv": [149, 31], "uv_size": [1, 1]}
							}
						},
						{
							"origin": [1.97, 23.66, -32.2],
							"size": [0.2, 0.2, 0.6],
							"pivot": [1.47, 23.198, -23.2],
							"rotation": [0, 0, 45],
							"uv": {
								"north": {"uv": [149, 8], "uv_size": [1, 1]},
								"east": {"uv": [9, 149], "uv_size": [1, 1]},
								"south": {"uv": [149, 9], "uv_size": [1, 1]},
								"west": {"uv": [10, 149], "uv_size": [1, 1]},
								"up": {"uv": [149, 10], "uv_size": [1, 1]},
								"down": {"uv": [11, 150], "uv_size": [1, -1]}
							}
						},
						{
							"origin": [1.975, 25.36, -30.9],
							"size": [0.2, 0.2, 0.6],
							"pivot": [1.47, 24.9, -21.9],
							"rotation": [0, 0, 45],
							"uv": {
								"north": {"uv": [150, 32], "uv_size": [-1, -1]},
								"east": {"uv": [150, 32], "uv_size": [-1, -1]},
								"south": {"uv": [150, 32], "uv_size": [-1, -1]},
								"west": {"uv": [150, 32], "uv_size": [-1, -1]},
								"up": {"uv": [149, 31], "uv_size": [1, 1]},
								"down": {"uv": [149, 31], "uv_size": [1, 1]}
							}
						},
						{
							"origin": [1.97, 23.66, -30.9],
							"size": [0.2, 0.2, 0.6],
							"pivot": [1.47, 23.198, -21.9],
							"rotation": [0, 0, 45],
							"uv": {
								"north": {"uv": [149, 14], "uv_size": [1, 1]},
								"east": {"uv": [15, 149], "uv_size": [1, 1]},
								"south": {"uv": [149, 15], "uv_size": [1, 1]},
								"west": {"uv": [16, 149], "uv_size": [1, 1]},
								"up": {"uv": [149, 16], "uv_size": [1, 1]},
								"down": {"uv": [17, 150], "uv_size": [1, -1]}
							}
						},
						{
							"origin": [1.975, 25.36, -29.6],
							"size": [0.2, 0.2, 0.6],
							"pivot": [1.47, 24.9, -20.6],
							"rotation": [0, 0, 45],
							"uv": {
								"north": {"uv": [150, 32], "uv_size": [-1, -1]},
								"east": {"uv": [150, 32], "uv_size": [-1, -1]},
								"south": {"uv": [150, 32], "uv_size": [-1, -1]},
								"west": {"uv": [150, 32], "uv_size": [-1, -1]},
								"up": {"uv": [149, 31], "uv_size": [1, 1]},
								"down": {"uv": [149, 31], "uv_size": [1, 1]}
							}
						},
						{
							"origin": [1.97, 23.66, -29.6],
							"size": [0.2, 0.2, 0.6],
							"pivot": [1.47, 23.198, -20.6],
							"rotation": [0, 0, 45],
							"uv": {
								"north": {"uv": [149, 20], "uv_size": [1, 1]},
								"east": {"uv": [21, 149], "uv_size": [1, 1]},
								"south": {"uv": [149, 21], "uv_size": [1, 1]},
								"west": {"uv": [22, 149], "uv_size": [1, 1]},
								"up": {"uv": [149, 22], "uv_size": [1, 1]},
								"down": {"uv": [23, 150], "uv_size": [1, -1]}
							}
						},
						{
							"origin": [1.975, 25.36, -28.3],
							"size": [0.2, 0.2, 0.6],
							"pivot": [1.47, 24.9, -19.3],
							"rotation": [0, 0, 45],
							"uv": {
								"north": {"uv": [150, 32], "uv_size": [-1, -1]},
								"east": {"uv": [150, 32], "uv_size": [-1, -1]},
								"south": {"uv": [150, 32], "uv_size": [-1, -1]},
								"west": {"uv": [150, 32], "uv_size": [-1, -1]},
								"up": {"uv": [149, 31], "uv_size": [1, 1]},
								"down": {"uv": [149, 31], "uv_size": [1, 1]}
							}
						},
						{
							"origin": [1.97, 23.66, -28.3],
							"size": [0.2, 0.2, 0.6],
							"pivot": [1.47, 23.198, -19.3],
							"rotation": [0, 0, 45],
							"uv": {
								"north": {"uv": [149, 26], "uv_size": [1, 1]},
								"east": {"uv": [27, 149], "uv_size": [1, 1]},
								"south": {"uv": [149, 27], "uv_size": [1, 1]},
								"west": {"uv": [28, 149], "uv_size": [1, 1]},
								"up": {"uv": [149, 28], "uv_size": [1, 1]},
								"down": {"uv": [29, 150], "uv_size": [1, -1]}
							}
						},
						{
							"origin": [1.975, 25.36, -27],
							"size": [0.2, 0.2, 0.6],
							"pivot": [1.47, 24.9, -18],
							"rotation": [0, 0, 45],
							"uv": {
								"north": {"uv": [150, 32], "uv_size": [-1, -1]},
								"east": {"uv": [150, 32], "uv_size": [-1, -1]},
								"south": {"uv": [150, 32], "uv_size": [-1, -1]},
								"west": {"uv": [150, 32], "uv_size": [-1, -1]},
								"up": {"uv": [149, 31], "uv_size": [1, 1]},
								"down": {"uv": [149, 31], "uv_size": [1, 1]}
							}
						},
						{
							"origin": [1.97, 23.66, -27],
							"size": [0.2, 0.2, 0.6],
							"pivot": [1.47, 23.198, -18],
							"rotation": [0, 0, 45],
							"uv": {
								"north": {"uv": [149, 32], "uv_size": [1, 1]},
								"east": {"uv": [33, 149], "uv_size": [1, 1]},
								"south": {"uv": [149, 33], "uv_size": [1, 1]},
								"west": {"uv": [34, 149], "uv_size": [1, 1]},
								"up": {"uv": [149, 34], "uv_size": [1, 1]},
								"down": {"uv": [35, 150], "uv_size": [1, -1]}
							}
						},
						{
							"origin": [0.58, 22.26, -27.5],
							"size": [0.2, 0.2, 0.6],
							"pivot": [0.05, 21.8195, -18.5],
							"rotation": [0, 0, 45],
							"uv": {
								"north": {"uv": [149, 35], "uv_size": [1, 1]},
								"east": {"uv": [36, 149], "uv_size": [1, 1]},
								"south": {"uv": [149, 36], "uv_size": [1, 1]},
								"west": {"uv": [37, 149], "uv_size": [1, 1]},
								"up": {"uv": [149, 37], "uv_size": [1, 1]},
								"down": {"uv": [38, 150], "uv_size": [1, -1]}
							}
						},
						{
							"origin": [0.58, 22.26, -28.8],
							"size": [0.2, 0.2, 0.6],
							"pivot": [0.05, 21.8195, -19.8],
							"rotation": [0, 0, 45],
							"uv": {
								"north": {"uv": [149, 38], "uv_size": [1, 1]},
								"east": {"uv": [39, 149], "uv_size": [1, 1]},
								"south": {"uv": [149, 39], "uv_size": [1, 1]},
								"west": {"uv": [40, 149], "uv_size": [1, 1]},
								"up": {"uv": [149, 40], "uv_size": [1, 1]},
								"down": {"uv": [41, 150], "uv_size": [1, -1]}
							}
						},
						{
							"origin": [-1.12, 22.26, -30.1],
							"size": [0.2, 0.2, 0.6],
							"pivot": [-1.65, 21.8195, -21.1],
							"rotation": [0, 0, 45],
							"uv": {
								"north": {"uv": [149, 66], "uv_size": [-1, 1]},
								"east": {"uv": [149, 66], "uv_size": [-1, 1]},
								"south": {"uv": [149, 66], "uv_size": [-1, 1]},
								"west": {"uv": [149, 66], "uv_size": [-1, 1]},
								"up": {"uv": [148, 67], "uv_size": [1, -1]},
								"down": {"uv": [148, 67], "uv_size": [1, -1]}
							}
						},
						{
							"origin": [-0.82, 21.6, -30.1],
							"size": [1.7, 0.2, 0.6],
							"uv": {
								"north": {"uv": [10, 140], "uv_size": [2, 1]},
								"east": {"uv": [149, 44], "uv_size": [1, 1]},
								"south": {"uv": [140, 11], "uv_size": [2, 1]},
								"west": {"uv": [45, 149], "uv_size": [1, 1]},
								"up": {"uv": [12, 140], "uv_size": [2, 1]},
								"down": {"uv": [16, 141], "uv_size": [2, -1]}
							}
						},
						{
							"origin": [-1.12, 22.26, -31.4],
							"size": [0.2, 0.2, 0.6],
							"pivot": [-1.65, 21.8195, -22.4],
							"rotation": [0, 0, 45],
							"uv": {
								"north": {"uv": [149, 66], "uv_size": [-1, 1]},
								"east": {"uv": [149, 66], "uv_size": [-1, 1]},
								"south": {"uv": [149, 66], "uv_size": [-1, 1]},
								"west": {"uv": [149, 66], "uv_size": [-1, 1]},
								"up": {"uv": [148, 67], "uv_size": [1, -1]},
								"down": {"uv": [148, 67], "uv_size": [1, -1]}
							}
						},
						{
							"origin": [-0.82, 21.6, -31.4],
							"size": [1.7, 0.2, 0.6],
							"uv": {
								"north": {"uv": [20, 140], "uv_size": [2, 1]},
								"east": {"uv": [149, 48], "uv_size": [1, 1]},
								"south": {"uv": [22, 140], "uv_size": [2, 1]},
								"west": {"uv": [49, 149], "uv_size": [1, 1]},
								"up": {"uv": [140, 22], "uv_size": [2, 1]},
								"down": {"uv": [140, 27], "uv_size": [2, -1]}
							}
						},
						{
							"origin": [0.58, 22.26, -30.1],
							"size": [0.2, 0.2, 0.6],
							"pivot": [0.05, 21.8195, -21.1],
							"rotation": [0, 0, 45],
							"uv": {
								"north": {"uv": [149, 49], "uv_size": [1, 1]},
								"east": {"uv": [50, 149], "uv_size": [1, 1]},
								"south": {"uv": [149, 50], "uv_size": [1, 1]},
								"west": {"uv": [51, 149], "uv_size": [1, 1]},
								"up": {"uv": [149, 51], "uv_size": [1, 1]},
								"down": {"uv": [52, 150], "uv_size": [1, -1]}
							}
						},
						{
							"origin": [0.58, 22.26, -31.4],
							"size": [0.2, 0.2, 0.6],
							"pivot": [0.05, 21.8195, -22.4],
							"rotation": [0, 0, 45],
							"uv": {
								"north": {"uv": [149, 52], "uv_size": [1, 1]},
								"east": {"uv": [53, 149], "uv_size": [1, 1]},
								"south": {"uv": [149, 53], "uv_size": [1, 1]},
								"west": {"uv": [54, 149], "uv_size": [1, 1]},
								"up": {"uv": [149, 54], "uv_size": [1, 1]},
								"down": {"uv": [55, 150], "uv_size": [1, -1]}
							}
						},
						{
							"origin": [-1.12, 22.26, -32.7],
							"size": [0.2, 0.2, 0.6],
							"pivot": [-1.65, 21.8195, -23.7],
							"rotation": [0, 0, 45],
							"uv": {
								"north": {"uv": [149, 66], "uv_size": [-1, 1]},
								"east": {"uv": [149, 66], "uv_size": [-1, 1]},
								"south": {"uv": [149, 66], "uv_size": [-1, 1]},
								"west": {"uv": [149, 66], "uv_size": [-1, 1]},
								"up": {"uv": [148, 67], "uv_size": [1, -1]},
								"down": {"uv": [148, 67], "uv_size": [1, -1]}
							}
						},
						{
							"origin": [-0.82, 21.6, -32.7],
							"size": [1.7, 0.2, 0.6],
							"uv": {
								"north": {"uv": [140, 27], "uv_size": [2, 1]},
								"east": {"uv": [149, 58], "uv_size": [1, 1]},
								"south": {"uv": [140, 28], "uv_size": [2, 1]},
								"west": {"uv": [59, 149], "uv_size": [1, 1]},
								"up": {"uv": [140, 29], "uv_size": [2, 1]},
								"down": {"uv": [140, 31], "uv_size": [2, -1]}
							}
						},
						{
							"origin": [-1.12, 22.26, -34],
							"size": [0.2, 0.2, 0.6],
							"pivot": [-1.65, 21.8195, -25],
							"rotation": [0, 0, 45],
							"uv": {
								"north": {"uv": [149, 66], "uv_size": [-1, 1]},
								"east": {"uv": [149, 66], "uv_size": [-1, 1]},
								"south": {"uv": [149, 66], "uv_size": [-1, 1]},
								"west": {"uv": [149, 66], "uv_size": [-1, 1]},
								"up": {"uv": [148, 67], "uv_size": [1, -1]},
								"down": {"uv": [148, 67], "uv_size": [1, -1]}
							}
						},
						{
							"origin": [-0.82, 21.6, -34],
							"size": [1.7, 0.2, 0.6],
							"uv": {
								"north": {"uv": [32, 140], "uv_size": [2, 1]},
								"east": {"uv": [149, 62], "uv_size": [1, 1]},
								"south": {"uv": [140, 33], "uv_size": [2, 1]},
								"west": {"uv": [63, 149], "uv_size": [1, 1]},
								"up": {"uv": [34, 140], "uv_size": [2, 1]},
								"down": {"uv": [140, 35], "uv_size": [2, -1]}
							}
						},
						{
							"origin": [0.58, 22.26, -32.7],
							"size": [0.2, 0.2, 0.6],
							"pivot": [0.05, 21.8195, -23.7],
							"rotation": [0, 0, 45],
							"uv": {
								"north": {"uv": [149, 63], "uv_size": [1, 1]},
								"east": {"uv": [64, 149], "uv_size": [1, 1]},
								"south": {"uv": [149, 64], "uv_size": [1, 1]},
								"west": {"uv": [65, 149], "uv_size": [1, 1]},
								"up": {"uv": [149, 65], "uv_size": [1, 1]},
								"down": {"uv": [66, 150], "uv_size": [1, -1]}
							}
						},
						{
							"origin": [0.58, 22.26, -34],
							"size": [0.2, 0.2, 0.6],
							"pivot": [0.05, 21.8195, -25],
							"rotation": [0, 0, 45],
							"uv": {
								"north": {"uv": [149, 66], "uv_size": [1, 1]},
								"east": {"uv": [67, 149], "uv_size": [1, 1]},
								"south": {"uv": [149, 67], "uv_size": [1, 1]},
								"west": {"uv": [68, 149], "uv_size": [1, 1]},
								"up": {"uv": [149, 68], "uv_size": [1, 1]},
								"down": {"uv": [69, 150], "uv_size": [1, -1]}
							}
						},
						{
							"origin": [-1.12, 22.26, -35.3],
							"size": [0.2, 0.2, 0.6],
							"pivot": [-1.65, 21.8195, -26.3],
							"rotation": [0, 0, 45],
							"uv": {
								"north": {"uv": [149, 66], "uv_size": [-1, 1]},
								"east": {"uv": [149, 66], "uv_size": [-1, 1]},
								"south": {"uv": [149, 66], "uv_size": [-1, 1]},
								"west": {"uv": [149, 66], "uv_size": [-1, 1]},
								"up": {"uv": [148, 67], "uv_size": [1, -1]},
								"down": {"uv": [148, 67], "uv_size": [1, -1]}
							}
						},
						{
							"origin": [-0.82, 21.6, -35.3],
							"size": [1.7, 0.2, 0.6],
							"uv": {
								"north": {"uv": [140, 35], "uv_size": [2, 1]},
								"east": {"uv": [149, 72], "uv_size": [1, 1]},
								"south": {"uv": [36, 140], "uv_size": [2, 1]},
								"west": {"uv": [73, 149], "uv_size": [1, 1]},
								"up": {"uv": [140, 36], "uv_size": [2, 1]},
								"down": {"uv": [140, 38], "uv_size": [2, -1]}
							}
						},
						{
							"origin": [-1.12, 22.26, -36.6],
							"size": [0.2, 0.2, 0.6],
							"pivot": [-1.65, 21.8195, -27.6],
							"rotation": [0, 0, 45],
							"uv": {
								"north": {"uv": [149, 66], "uv_size": [-1, 1]},
								"east": {"uv": [149, 66], "uv_size": [-1, 1]},
								"south": {"uv": [149, 66], "uv_size": [-1, 1]},
								"west": {"uv": [149, 66], "uv_size": [-1, 1]},
								"up": {"uv": [148, 67], "uv_size": [1, -1]},
								"down": {"uv": [148, 67], "uv_size": [1, -1]}
							}
						},
						{
							"origin": [-0.82, 21.6, -36.6],
							"size": [1.7, 0.2, 0.6],
							"uv": {
								"north": {"uv": [38, 140], "uv_size": [2, 1]},
								"east": {"uv": [149, 76], "uv_size": [1, 1]},
								"south": {"uv": [140, 38], "uv_size": [2, 1]},
								"west": {"uv": [77, 149], "uv_size": [1, 1]},
								"up": {"uv": [140, 39], "uv_size": [2, 1]},
								"down": {"uv": [40, 141], "uv_size": [2, -1]}
							}
						},
						{
							"origin": [0.58, 22.26, -35.3],
							"size": [0.2, 0.2, 0.6],
							"pivot": [0.05, 21.8195, -26.3],
							"rotation": [0, 0, 45],
							"uv": {
								"north": {"uv": [149, 77], "uv_size": [1, 1]},
								"east": {"uv": [78, 149], "uv_size": [1, 1]},
								"south": {"uv": [149, 78], "uv_size": [1, 1]},
								"west": {"uv": [79, 149], "uv_size": [1, 1]},
								"up": {"uv": [149, 79], "uv_size": [1, 1]},
								"down": {"uv": [80, 150], "uv_size": [1, -1]}
							}
						},
						{
							"origin": [0.58, 22.26, -36.6],
							"size": [0.2, 0.2, 0.6],
							"pivot": [0.05, 21.8195, -27.6],
							"rotation": [0, 0, 45],
							"uv": {
								"north": {"uv": [149, 80], "uv_size": [1, 1]},
								"east": {"uv": [81, 149], "uv_size": [1, 1]},
								"south": {"uv": [149, 81], "uv_size": [1, 1]},
								"west": {"uv": [82, 149], "uv_size": [1, 1]},
								"up": {"uv": [149, 82], "uv_size": [1, 1]},
								"down": {"uv": [83, 150], "uv_size": [1, -1]}
							}
						},
						{
							"origin": [-1.12, 22.26, -37.9],
							"size": [0.2, 0.2, 0.6],
							"pivot": [-1.65, 21.8195, -28.9],
							"rotation": [0, 0, 45],
							"uv": {
								"north": {"uv": [149, 66], "uv_size": [-1, 1]},
								"east": {"uv": [149, 66], "uv_size": [-1, 1]},
								"south": {"uv": [149, 66], "uv_size": [-1, 1]},
								"west": {"uv": [149, 66], "uv_size": [-1, 1]},
								"up": {"uv": [148, 67], "uv_size": [1, -1]},
								"down": {"uv": [148, 67], "uv_size": [1, -1]}
							}
						},
						{
							"origin": [-0.82, 21.6, -37.9],
							"size": [1.7, 0.2, 0.6],
							"uv": {
								"north": {"uv": [140, 40], "uv_size": [2, 1]},
								"east": {"uv": [149, 86], "uv_size": [1, 1]},
								"south": {"uv": [140, 41], "uv_size": [2, 1]},
								"west": {"uv": [87, 149], "uv_size": [1, 1]},
								"up": {"uv": [42, 140], "uv_size": [2, 1]},
								"down": {"uv": [140, 43], "uv_size": [2, -1]}
							}
						},
						{
							"origin": [-1.12, 22.26, -39.2],
							"size": [0.2, 0.2, 0.6],
							"pivot": [-1.65, 21.8195, -30.2],
							"rotation": [0, 0, 45],
							"uv": {
								"north": {"uv": [149, 66], "uv_size": [-1, 1]},
								"east": {"uv": [149, 66], "uv_size": [-1, 1]},
								"south": {"uv": [149, 66], "uv_size": [-1, 1]},
								"west": {"uv": [149, 66], "uv_size": [-1, 1]},
								"up": {"uv": [148, 67], "uv_size": [1, -1]},
								"down": {"uv": [148, 67], "uv_size": [1, -1]}
							}
						},
						{
							"origin": [-0.82, 21.6, -39.2],
							"size": [1.7, 0.2, 0.6],
							"uv": {
								"north": {"uv": [140, 43], "uv_size": [2, 1]},
								"east": {"uv": [149, 90], "uv_size": [1, 1]},
								"south": {"uv": [44, 140], "uv_size": [2, 1]},
								"west": {"uv": [91, 149], "uv_size": [1, 1]},
								"up": {"uv": [140, 44], "uv_size": [2, 1]},
								"down": {"uv": [140, 46], "uv_size": [2, -1]}
							}
						},
						{
							"origin": [0.58, 22.26, -37.9],
							"size": [0.2, 0.2, 0.6],
							"pivot": [0.05, 21.8195, -28.9],
							"rotation": [0, 0, 45],
							"uv": {
								"north": {"uv": [149, 91], "uv_size": [1, 1]},
								"east": {"uv": [92, 149], "uv_size": [1, 1]},
								"south": {"uv": [149, 92], "uv_size": [1, 1]},
								"west": {"uv": [93, 149], "uv_size": [1, 1]},
								"up": {"uv": [149, 93], "uv_size": [1, 1]},
								"down": {"uv": [94, 150], "uv_size": [1, -1]}
							}
						},
						{
							"origin": [0.58, 22.26, -39.2],
							"size": [0.2, 0.2, 0.6],
							"pivot": [0.05, 21.8195, -30.2],
							"rotation": [0, 0, 45],
							"uv": {
								"north": {"uv": [149, 94], "uv_size": [1, 1]},
								"east": {"uv": [95, 149], "uv_size": [1, 1]},
								"south": {"uv": [149, 95], "uv_size": [1, 1]},
								"west": {"uv": [96, 149], "uv_size": [1, 1]},
								"up": {"uv": [149, 96], "uv_size": [1, 1]},
								"down": {"uv": [97, 150], "uv_size": [1, -1]}
							}
						},
						{
							"origin": [-1.12, 22.26, -40.5],
							"size": [0.2, 0.2, 0.6],
							"pivot": [-1.65, 21.8195, -31.5],
							"rotation": [0, 0, 45],
							"uv": {
								"north": {"uv": [149, 66], "uv_size": [-1, 1]},
								"east": {"uv": [149, 66], "uv_size": [-1, 1]},
								"south": {"uv": [149, 66], "uv_size": [-1, 1]},
								"west": {"uv": [149, 66], "uv_size": [-1, 1]},
								"up": {"uv": [148, 67], "uv_size": [1, -1]},
								"down": {"uv": [148, 67], "uv_size": [1, -1]}
							}
						},
						{
							"origin": [-0.82, 21.6, -40.5],
							"size": [1.7, 0.2, 0.6],
							"uv": {
								"north": {"uv": [46, 140], "uv_size": [2, 1]},
								"east": {"uv": [149, 100], "uv_size": [1, 1]},
								"south": {"uv": [140, 46], "uv_size": [2, 1]},
								"west": {"uv": [101, 149], "uv_size": [1, 1]},
								"up": {"uv": [140, 47], "uv_size": [2, 1]},
								"down": {"uv": [48, 141], "uv_size": [2, -1]}
							}
						},
						{
							"origin": [0.58, 22.26, -40.5],
							"size": [0.2, 0.2, 0.6],
							"pivot": [0.05, 21.8195, -31.5],
							"rotation": [0, 0, 45],
							"uv": {
								"north": {"uv": [149, 101], "uv_size": [1, 1]},
								"east": {"uv": [102, 149], "uv_size": [1, 1]},
								"south": {"uv": [149, 102], "uv_size": [1, 1]},
								"west": {"uv": [103, 149], "uv_size": [1, 1]},
								"up": {"uv": [149, 103], "uv_size": [1, 1]},
								"down": {"uv": [104, 150], "uv_size": [1, -1]}
							}
						},
						{
							"origin": [-0.82, 28.5, -25.6],
							"size": [1.7, 0.2, 0.6],
							"uv": {
								"north": {"uv": [140, 48], "uv_size": [2, 1]},
								"east": {"uv": [149, 104], "uv_size": [1, 1]},
								"south": {"uv": [140, 49], "uv_size": [2, 1]},
								"west": {"uv": [105, 149], "uv_size": [1, 1]},
								"up": {"uv": [50, 140], "uv_size": [2, 1]},
								"down": {"uv": [52, 141], "uv_size": [2, -1]}
							}
						},
						{
							"origin": [-1.12, 29.0625, -25.6],
							"size": [0.2, 0.2, 0.6],
							"pivot": [-1.65, 28.6195, -16.6],
							"rotation": [0, 0, 45],
							"uv": {
								"north": {"uv": [149, 105], "uv_size": [1, 1]},
								"east": {"uv": [106, 149], "uv_size": [1, 1]},
								"south": {"uv": [149, 106], "uv_size": [1, 1]},
								"west": {"uv": [107, 149], "uv_size": [1, 1]},
								"up": {"uv": [149, 107], "uv_size": [1, 1]},
								"down": {"uv": [108, 150], "uv_size": [1, -1]}
							}
						},
						{
							"origin": [-0.82, 28.5, -26.9],
							"size": [1.7, 0.2, 0.6],
							"uv": {
								"north": {"uv": [140, 52], "uv_size": [2, 1]},
								"east": {"uv": [149, 108], "uv_size": [1, 1]},
								"south": {"uv": [140, 53], "uv_size": [2, 1]},
								"west": {"uv": [109, 149], "uv_size": [1, 1]},
								"up": {"uv": [54, 140], "uv_size": [2, 1]},
								"down": {"uv": [56, 141], "uv_size": [2, -1]}
							}
						},
						{
							"origin": [-1.12, 29.0625, -26.9],
							"size": [0.2, 0.2, 0.6],
							"pivot": [-1.65, 28.6195, -17.9],
							"rotation": [0, 0, 45],
							"uv": {
								"north": {"uv": [149, 109], "uv_size": [1, 1]},
								"east": {"uv": [110, 149], "uv_size": [1, 1]},
								"south": {"uv": [149, 110], "uv_size": [1, 1]},
								"west": {"uv": [111, 149], "uv_size": [1, 1]},
								"up": {"uv": [149, 111], "uv_size": [1, 1]},
								"down": {"uv": [112, 150], "uv_size": [1, -1]}
							}
						},
						{
							"origin": [-0.82, 28.5, -28.2],
							"size": [1.7, 0.2, 0.6],
							"uv": {
								"north": {"uv": [140, 56], "uv_size": [2, 1]},
								"east": {"uv": [149, 112], "uv_size": [1, 1]},
								"south": {"uv": [140, 57], "uv_size": [2, 1]},
								"west": {"uv": [113, 149], "uv_size": [1, 1]},
								"up": {"uv": [58, 140], "uv_size": [2, 1]},
								"down": {"uv": [140, 59], "uv_size": [2, -1]}
							}
						},
						{
							"origin": [-1.12, 29.0625, -28.2],
							"size": [0.2, 0.2, 0.6],
							"pivot": [-1.65, 28.6195, -19.2],
							"rotation": [0, 0, 45],
							"uv": {
								"north": {"uv": [149, 113], "uv_size": [1, 1]},
								"east": {"uv": [114, 149], "uv_size": [1, 1]},
								"south": {"uv": [149, 114], "uv_size": [1, 1]},
								"west": {"uv": [115, 149], "uv_size": [1, 1]},
								"up": {"uv": [149, 115], "uv_size": [1, 1]},
								"down": {"uv": [116, 150], "uv_size": [1, -1]}
							}
						},
						{
							"origin": [0.58, 29.0635, -25.6],
							"size": [0.2, 0.2, 0.6],
							"pivot": [0.05, 28.6195, -16.6],
							"rotation": [0, 0, 45],
							"uv": {
								"north": {"uv": [149, 116], "uv_size": [1, 1]},
								"east": {"uv": [117, 149], "uv_size": [1, 1]},
								"south": {"uv": [149, 117], "uv_size": [1, 1]},
								"west": {"uv": [118, 149], "uv_size": [1, 1]},
								"up": {"uv": [149, 118], "uv_size": [1, 1]},
								"down": {"uv": [119, 150], "uv_size": [1, -1]}
							}
						},
						{
							"origin": [0.58, 29.0635, -26.9],
							"size": [0.2, 0.2, 0.6],
							"pivot": [0.05, 28.6195, -17.9],
							"rotation": [0, 0, 45],
							"uv": {
								"north": {"uv": [149, 119], "uv_size": [1, 1]},
								"east": {"uv": [120, 149], "uv_size": [1, 1]},
								"south": {"uv": [149, 120], "uv_size": [1, 1]},
								"west": {"uv": [121, 149], "uv_size": [1, 1]},
								"up": {"uv": [149, 121], "uv_size": [1, 1]},
								"down": {"uv": [122, 150], "uv_size": [1, -1]}
							}
						},
						{
							"origin": [0.58, 29.0635, -28.2],
							"size": [0.2, 0.2, 0.6],
							"pivot": [0.05, 28.6195, -19.2],
							"rotation": [0, 0, 45],
							"uv": {
								"north": {"uv": [149, 122], "uv_size": [1, 1]},
								"east": {"uv": [123, 149], "uv_size": [1, 1]},
								"south": {"uv": [149, 123], "uv_size": [1, 1]},
								"west": {"uv": [124, 149], "uv_size": [1, 1]},
								"up": {"uv": [149, 124], "uv_size": [1, 1]},
								"down": {"uv": [125, 150], "uv_size": [1, -1]}
							}
						},
						{
							"origin": [-0.82, 28.5, -29.5],
							"size": [1.7, 0.2, 0.6],
							"uv": {
								"north": {"uv": [140, 59], "uv_size": [2, 1]},
								"east": {"uv": [149, 125], "uv_size": [1, 1]},
								"south": {"uv": [60, 140], "uv_size": [2, 1]},
								"west": {"uv": [126, 149], "uv_size": [1, 1]},
								"up": {"uv": [140, 61], "uv_size": [2, 1]},
								"down": {"uv": [62, 141], "uv_size": [2, -1]}
							}
						},
						{
							"origin": [-1.12, 29.0625, -29.5],
							"size": [0.2, 0.2, 0.6],
							"pivot": [-1.65, 28.6195, -20.5],
							"rotation": [0, 0, 45],
							"uv": {
								"north": {"uv": [149, 126], "uv_size": [1, 1]},
								"east": {"uv": [127, 149], "uv_size": [1, 1]},
								"south": {"uv": [149, 127], "uv_size": [1, 1]},
								"west": {"uv": [128, 149], "uv_size": [1, 1]},
								"up": {"uv": [149, 128], "uv_size": [1, 1]},
								"down": {"uv": [129, 150], "uv_size": [1, -1]}
							}
						},
						{
							"origin": [-0.82, 28.5, -30.8],
							"size": [1.7, 0.2, 0.6],
							"uv": {
								"north": {"uv": [140, 62], "uv_size": [2, 1]},
								"east": {"uv": [149, 129], "uv_size": [1, 1]},
								"south": {"uv": [140, 63], "uv_size": [2, 1]},
								"west": {"uv": [130, 149], "uv_size": [1, 1]},
								"up": {"uv": [64, 140], "uv_size": [2, 1]},
								"down": {"uv": [140, 65], "uv_size": [2, -1]}
							}
						},
						{
							"origin": [-1.12, 29.0625, -30.8],
							"size": [0.2, 0.2, 0.6],
							"pivot": [-1.65, 28.6195, -21.8],
							"rotation": [0, 0, 45],
							"uv": {
								"north": {"uv": [149, 130], "uv_size": [1, 1]},
								"east": {"uv": [131, 149], "uv_size": [1, 1]},
								"south": {"uv": [149, 131], "uv_size": [1, 1]},
								"west": {"uv": [132, 149], "uv_size": [1, 1]},
								"up": {"uv": [149, 132], "uv_size": [1, 1]},
								"down": {"uv": [133, 150], "uv_size": [1, -1]}
							}
						},
						{
							"origin": [-0.82, 28.5, -32.1],
							"size": [1.7, 0.2, 0.6],
							"uv": {
								"north": {"uv": [140, 65], "uv_size": [2, 1]},
								"east": {"uv": [149, 133], "uv_size": [1, 1]},
								"south": {"uv": [66, 140], "uv_size": [2, 1]},
								"west": {"uv": [134, 149], "uv_size": [1, 1]},
								"up": {"uv": [140, 66], "uv_size": [2, 1]},
								"down": {"uv": [140, 68], "uv_size": [2, -1]}
							}
						},
						{
							"origin": [-1.12, 29.0625, -32.1],
							"size": [0.2, 0.2, 0.6],
							"pivot": [-1.65, 28.6195, -23.1],
							"rotation": [0, 0, 45],
							"uv": {
								"north": {"uv": [149, 134], "uv_size": [1, 1]},
								"east": {"uv": [135, 149], "uv_size": [1, 1]},
								"south": {"uv": [149, 135], "uv_size": [1, 1]},
								"west": {"uv": [136, 149], "uv_size": [1, 1]},
								"up": {"uv": [149, 136], "uv_size": [1, 1]},
								"down": {"uv": [137, 150], "uv_size": [1, -1]}
							}
						},
						{
							"origin": [0.58, 29.0635, -29.5],
							"size": [0.2, 0.2, 0.6],
							"pivot": [0.05, 28.6195, -20.5],
							"rotation": [0, 0, 45],
							"uv": {
								"north": {"uv": [149, 137], "uv_size": [1, 1]},
								"east": {"uv": [138, 149], "uv_size": [1, 1]},
								"south": {"uv": [149, 138], "uv_size": [1, 1]},
								"west": {"uv": [139, 149], "uv_size": [1, 1]},
								"up": {"uv": [149, 139], "uv_size": [1, 1]},
								"down": {"uv": [140, 150], "uv_size": [1, -1]}
							}
						},
						{
							"origin": [0.58, 29.0635, -30.8],
							"size": [0.2, 0.2, 0.6],
							"pivot": [0.05, 28.6195, -21.8],
							"rotation": [0, 0, 45],
							"uv": {
								"north": {"uv": [149, 140], "uv_size": [1, 1]},
								"east": {"uv": [141, 149], "uv_size": [1, 1]},
								"south": {"uv": [149, 141], "uv_size": [1, 1]},
								"west": {"uv": [142, 149], "uv_size": [1, 1]},
								"up": {"uv": [149, 142], "uv_size": [1, 1]},
								"down": {"uv": [143, 150], "uv_size": [1, -1]}
							}
						},
						{
							"origin": [0.58, 29.0635, -32.1],
							"size": [0.2, 0.2, 0.6],
							"pivot": [0.05, 28.6195, -23.1],
							"rotation": [0, 0, 45],
							"uv": {
								"north": {"uv": [149, 143], "uv_size": [1, 1]},
								"east": {"uv": [144, 149], "uv_size": [1, 1]},
								"south": {"uv": [149, 144], "uv_size": [1, 1]},
								"west": {"uv": [145, 149], "uv_size": [1, 1]},
								"up": {"uv": [149, 145], "uv_size": [1, 1]},
								"down": {"uv": [146, 150], "uv_size": [1, -1]}
							}
						},
						{
							"origin": [-0.82, 28.5, -33.4],
							"size": [1.7, 0.2, 0.6],
							"uv": {
								"north": {"uv": [68, 140], "uv_size": [2, 1]},
								"east": {"uv": [149, 146], "uv_size": [1, 1]},
								"south": {"uv": [140, 68], "uv_size": [2, 1]},
								"west": {"uv": [147, 149], "uv_size": [1, 1]},
								"up": {"uv": [140, 69], "uv_size": [2, 1]},
								"down": {"uv": [70, 141], "uv_size": [2, -1]}
							}
						},
						{
							"origin": [-1.12, 29.0625, -33.4],
							"size": [0.2, 0.2, 0.6],
							"pivot": [-1.65, 28.6195, -24.4],
							"rotation": [0, 0, 45],
							"uv": {
								"north": {"uv": [149, 147], "uv_size": [1, 1]},
								"east": {"uv": [148, 149], "uv_size": [1, 1]},
								"south": {"uv": [149, 148], "uv_size": [1, 1]},
								"west": {"uv": [149, 149], "uv_size": [1, 1]},
								"up": {"uv": [0, 150], "uv_size": [1, 1]},
								"down": {"uv": [150, 1], "uv_size": [1, -1]}
							}
						},
						{
							"origin": [-0.82, 28.5, -34.7],
							"size": [1.7, 0.2, 0.6],
							"uv": {
								"north": {"uv": [140, 70], "uv_size": [2, 1]},
								"east": {"uv": [1, 150], "uv_size": [1, 1]},
								"south": {"uv": [140, 71], "uv_size": [2, 1]},
								"west": {"uv": [150, 1], "uv_size": [1, 1]},
								"up": {"uv": [72, 140], "uv_size": [2, 1]},
								"down": {"uv": [140, 73], "uv_size": [2, -1]}
							}
						},
						{
							"origin": [-1.12, 29.0625, -34.7],
							"size": [0.2, 0.2, 0.6],
							"pivot": [-1.65, 28.6195, -25.7],
							"rotation": [0, 0, 45],
							"uv": {
								"north": {"uv": [2, 150], "uv_size": [1, 1]},
								"east": {"uv": [150, 2], "uv_size": [1, 1]},
								"south": {"uv": [3, 150], "uv_size": [1, 1]},
								"west": {"uv": [150, 3], "uv_size": [1, 1]},
								"up": {"uv": [4, 150], "uv_size": [1, 1]},
								"down": {"uv": [150, 5], "uv_size": [1, -1]}
							}
						},
						{
							"origin": [-0.82, 28.5, -36],
							"size": [1.7, 0.2, 0.6],
							"uv": {
								"north": {"uv": [140, 73], "uv_size": [2, 1]},
								"east": {"uv": [5, 150], "uv_size": [1, 1]},
								"south": {"uv": [74, 140], "uv_size": [2, 1]},
								"west": {"uv": [150, 5], "uv_size": [1, 1]},
								"up": {"uv": [140, 74], "uv_size": [2, 1]},
								"down": {"uv": [76, 141], "uv_size": [2, -1]}
							}
						},
						{
							"origin": [-1.12, 29.0625, -36],
							"size": [0.2, 0.2, 0.6],
							"pivot": [-1.65, 28.6195, -27],
							"rotation": [0, 0, 45],
							"uv": {
								"north": {"uv": [6, 150], "uv_size": [1, 1]},
								"east": {"uv": [150, 6], "uv_size": [1, 1]},
								"south": {"uv": [7, 150], "uv_size": [1, 1]},
								"west": {"uv": [150, 7], "uv_size": [1, 1]},
								"up": {"uv": [8, 150], "uv_size": [1, 1]},
								"down": {"uv": [150, 9], "uv_size": [1, -1]}
							}
						},
						{
							"origin": [0.58, 29.0635, -33.4],
							"size": [0.2, 0.2, 0.6],
							"pivot": [0.05, 28.6195, -24.4],
							"rotation": [0, 0, 45],
							"uv": {
								"north": {"uv": [9, 150], "uv_size": [1, 1]},
								"east": {"uv": [150, 9], "uv_size": [1, 1]},
								"south": {"uv": [10, 150], "uv_size": [1, 1]},
								"west": {"uv": [150, 10], "uv_size": [1, 1]},
								"up": {"uv": [11, 150], "uv_size": [1, 1]},
								"down": {"uv": [150, 12], "uv_size": [1, -1]}
							}
						},
						{
							"origin": [0.58, 29.0635, -34.7],
							"size": [0.2, 0.2, 0.6],
							"pivot": [0.05, 28.6195, -25.7],
							"rotation": [0, 0, 45],
							"uv": {
								"north": {"uv": [12, 150], "uv_size": [1, 1]},
								"east": {"uv": [150, 12], "uv_size": [1, 1]},
								"south": {"uv": [13, 150], "uv_size": [1, 1]},
								"west": {"uv": [150, 13], "uv_size": [1, 1]},
								"up": {"uv": [14, 150], "uv_size": [1, 1]},
								"down": {"uv": [150, 15], "uv_size": [1, -1]}
							}
						},
						{
							"origin": [0.58, 29.0635, -36],
							"size": [0.2, 0.2, 0.6],
							"pivot": [0.05, 28.6195, -27],
							"rotation": [0, 0, 45],
							"uv": {
								"north": {"uv": [15, 150], "uv_size": [1, 1]},
								"east": {"uv": [150, 15], "uv_size": [1, 1]},
								"south": {"uv": [16, 150], "uv_size": [1, 1]},
								"west": {"uv": [150, 16], "uv_size": [1, 1]},
								"up": {"uv": [17, 150], "uv_size": [1, 1]},
								"down": {"uv": [150, 18], "uv_size": [1, -1]}
							}
						},
						{
							"origin": [-0.82, 28.5, -37.3],
							"size": [1.7, 0.2, 0.6],
							"uv": {
								"north": {"uv": [140, 76], "uv_size": [2, 1]},
								"east": {"uv": [18, 150], "uv_size": [1, 1]},
								"south": {"uv": [140, 77], "uv_size": [2, 1]},
								"west": {"uv": [150, 18], "uv_size": [1, 1]},
								"up": {"uv": [78, 140], "uv_size": [2, 1]},
								"down": {"uv": [140, 79], "uv_size": [2, -1]}
							}
						},
						{
							"origin": [-1.12, 29.0625, -37.3],
							"size": [0.2, 0.2, 0.6],
							"pivot": [-1.65, 28.6195, -28.3],
							"rotation": [0, 0, 45],
							"uv": {
								"north": {"uv": [19, 150], "uv_size": [1, 1]},
								"east": {"uv": [150, 19], "uv_size": [1, 1]},
								"south": {"uv": [20, 150], "uv_size": [1, 1]},
								"west": {"uv": [150, 20], "uv_size": [1, 1]},
								"up": {"uv": [21, 150], "uv_size": [1, 1]},
								"down": {"uv": [150, 22], "uv_size": [1, -1]}
							}
						},
						{
							"origin": [-0.82, 28.5, -38.6],
							"size": [1.7, 0.2, 0.6],
							"uv": {
								"north": {"uv": [140, 79], "uv_size": [2, 1]},
								"east": {"uv": [22, 150], "uv_size": [1, 1]},
								"south": {"uv": [80, 140], "uv_size": [2, 1]},
								"west": {"uv": [150, 22], "uv_size": [1, 1]},
								"up": {"uv": [140, 80], "uv_size": [2, 1]},
								"down": {"uv": [82, 141], "uv_size": [2, -1]}
							}
						},
						{
							"origin": [-1.12, 29.0625, -38.6],
							"size": [0.2, 0.2, 0.6],
							"pivot": [-1.65, 28.6195, -29.6],
							"rotation": [0, 0, 45],
							"uv": {
								"north": {"uv": [23, 150], "uv_size": [1, 1]},
								"east": {"uv": [150, 23], "uv_size": [1, 1]},
								"south": {"uv": [24, 150], "uv_size": [1, 1]},
								"west": {"uv": [150, 24], "uv_size": [1, 1]},
								"up": {"uv": [25, 150], "uv_size": [1, 1]},
								"down": {"uv": [150, 26], "uv_size": [1, -1]}
							}
						},
						{
							"origin": [-0.82, 28.5, -39.9],
							"size": [1.7, 0.2, 0.6],
							"uv": {
								"north": {"uv": [140, 82], "uv_size": [2, 1]},
								"east": {"uv": [26, 150], "uv_size": [1, 1]},
								"south": {"uv": [84, 140], "uv_size": [2, 1]},
								"west": {"uv": [150, 26], "uv_size": [1, 1]},
								"up": {"uv": [86, 140], "uv_size": [2, 1]},
								"down": {"uv": [140, 87], "uv_size": [2, -1]}
							}
						},
						{
							"origin": [-1.12, 29.0625, -39.9],
							"size": [0.2, 0.2, 0.6],
							"pivot": [-1.65, 28.6195, -30.9],
							"rotation": [0, 0, 45],
							"uv": {
								"north": {"uv": [27, 150], "uv_size": [1, 1]},
								"east": {"uv": [150, 27], "uv_size": [1, 1]},
								"south": {"uv": [28, 150], "uv_size": [1, 1]},
								"west": {"uv": [150, 28], "uv_size": [1, 1]},
								"up": {"uv": [29, 150], "uv_size": [1, 1]},
								"down": {"uv": [150, 30], "uv_size": [1, -1]}
							}
						},
						{
							"origin": [0.58, 29.0635, -37.3],
							"size": [0.2, 0.2, 0.6],
							"pivot": [0.05, 28.6195, -28.3],
							"rotation": [0, 0, 45],
							"uv": {
								"north": {"uv": [30, 150], "uv_size": [1, 1]},
								"east": {"uv": [150, 30], "uv_size": [1, 1]},
								"south": {"uv": [31, 150], "uv_size": [1, 1]},
								"west": {"uv": [150, 31], "uv_size": [1, 1]},
								"up": {"uv": [32, 150], "uv_size": [1, 1]},
								"down": {"uv": [150, 33], "uv_size": [1, -1]}
							}
						},
						{
							"origin": [0.58, 29.0635, -38.6],
							"size": [0.2, 0.2, 0.6],
							"pivot": [0.05, 28.6195, -29.6],
							"rotation": [0, 0, 45],
							"uv": {
								"north": {"uv": [33, 150], "uv_size": [1, 1]},
								"east": {"uv": [150, 33], "uv_size": [1, 1]},
								"south": {"uv": [34, 150], "uv_size": [1, 1]},
								"west": {"uv": [150, 34], "uv_size": [1, 1]},
								"up": {"uv": [35, 150], "uv_size": [1, 1]},
								"down": {"uv": [150, 36], "uv_size": [1, -1]}
							}
						},
						{
							"origin": [0.58, 29.0635, -39.9],
							"size": [0.2, 0.2, 0.6],
							"pivot": [0.05, 28.6195, -30.9],
							"rotation": [0, 0, 45],
							"uv": {
								"north": {"uv": [36, 150], "uv_size": [1, 1]},
								"east": {"uv": [150, 36], "uv_size": [1, 1]},
								"south": {"uv": [37, 150], "uv_size": [1, 1]},
								"west": {"uv": [150, 37], "uv_size": [1, 1]},
								"up": {"uv": [38, 150], "uv_size": [1, 1]},
								"down": {"uv": [150, 39], "uv_size": [1, -1]}
							}
						},
						{
							"origin": [-0.52, 21.57, -38.537],
							"size": [1.1, 0.258, 0.44],
							"pivot": [-0.15, 21.5, -53.3],
							"rotation": [27, 0, 0],
							"uv": {
								"north": {"uv": [47, 150], "uv_size": [1, 1]},
								"east": {"uv": [150, 47], "uv_size": [1, 1]},
								"south": {"uv": [48, 150], "uv_size": [1, 1]},
								"west": {"uv": [150, 48], "uv_size": [1, 1]},
								"up": {"uv": [49, 150], "uv_size": [1, 1]},
								"down": {"uv": [150, 50], "uv_size": [1, -1]}
							}
						},
						{
							"origin": [1.35, 24.4, -25.77],
							"size": [0.5, 0.7, 2.4],
							"uv": {
								"north": {"uv": [50, 150], "uv_size": [1, 1]},
								"east": {"uv": [140, 97], "uv_size": [2, 1]},
								"south": {"uv": [150, 50], "uv_size": [1, 1]},
								"west": {"uv": [98, 140], "uv_size": [2, 1]},
								"up": {"uv": [109, 129], "uv_size": [1, 2]},
								"down": {"uv": [120, 131], "uv_size": [1, -2]}
							}
						},
						{
							"origin": [1.35, 22.2, -25.77],
							"size": [0.5, 1.3, 2.4],
							"uv": {
								"north": {"uv": [51, 150], "uv_size": [1, 1]},
								"east": {"uv": [140, 98], "uv_size": [2, 1]},
								"south": {"uv": [150, 51], "uv_size": [1, 1]},
								"west": {"uv": [140, 99], "uv_size": [2, 1]},
								"up": {"uv": [3, 130], "uv_size": [1, 2]},
								"down": {"uv": [60, 132], "uv_size": [1, -2]}
							}
						},
						{
							"origin": [1.35, 24.4, -29.77],
							"size": [0.5, 0.7, 2.4],
							"uv": {
								"north": {"uv": [52, 150], "uv_size": [1, 1]},
								"east": {"uv": [100, 140], "uv_size": [2, 1]},
								"south": {"uv": [150, 52], "uv_size": [1, 1]},
								"west": {"uv": [140, 100], "uv_size": [2, 1]},
								"up": {"uv": [71, 130], "uv_size": [1, 2]},
								"down": {"uv": [84, 140], "uv_size": [1, -2]}
							}
						},
						{
							"origin": [1.35, 22.2, -29.77],
							"size": [0.5, 1.3, 2.4],
							"uv": {
								"north": {"uv": [53, 150], "uv_size": [1, 1]},
								"east": {"uv": [140, 101], "uv_size": [2, 1]},
								"south": {"uv": [150, 53], "uv_size": [1, 1]},
								"west": {"uv": [102, 140], "uv_size": [2, 1]},
								"up": {"uv": [103, 138], "uv_size": [1, 2]},
								"down": {"uv": [117, 140], "uv_size": [1, -2]}
							}
						},
						{
							"origin": [1.35, 22.2, -27.37],
							"size": [0.5, 2.9, 1.6],
							"uv": {
								"north": {"uv": [127, 132], "uv_size": [1, 3]},
								"east": {"uv": [121, 67], "uv_size": [2, 3]},
								"south": {"uv": [3, 133], "uv_size": [1, 3]},
								"west": {"uv": [121, 70], "uv_size": [2, 3]},
								"up": {"uv": [131, 138], "uv_size": [1, 2]},
								"down": {"uv": [18, 141], "uv_size": [1, -2]}
							}
						},
						{
							"origin": [-1.85, 22.2, -25.77],
							"size": [0.5, 1.3, 2.4],
							"uv": {
								"north": {"uv": [54, 150], "uv_size": [1, 1]},
								"east": {"uv": [140, 102], "uv_size": [2, 1]},
								"south": {"uv": [150, 54], "uv_size": [1, 1]},
								"west": {"uv": [140, 103], "uv_size": [2, 1]},
								"up": {"uv": [106, 139], "uv_size": [1, 2]},
								"down": {"uv": [120, 141], "uv_size": [1, -2]}
							}
						},
						{
							"origin": [-1.85, 24.4, -25.77],
							"size": [0.5, 0.7, 2.4],
							"uv": {
								"north": {"uv": [55, 150], "uv_size": [1, 1]},
								"east": {"uv": [104, 140], "uv_size": [2, 1]},
								"south": {"uv": [150, 55], "uv_size": [1, 1]},
								"west": {"uv": [140, 104], "uv_size": [2, 1]},
								"up": {"uv": [128, 139], "uv_size": [1, 2]},
								"down": {"uv": [140, 107], "uv_size": [1, -2]}
							}
						},
						{
							"origin": [-1.85, 22.2, -27.37],
							"size": [0.5, 2.9, 1.6],
							"uv": {
								"north": {"uv": [4, 133], "uv_size": [1, 3]},
								"east": {"uv": [121, 73], "uv_size": [2, 3]},
								"south": {"uv": [16, 133], "uv_size": [1, 3]},
								"west": {"uv": [121, 76], "uv_size": [2, 3]},
								"up": {"uv": [107, 140], "uv_size": [1, 2]},
								"down": {"uv": [140, 109], "uv_size": [1, -2]}
							}
						},
						{
							"origin": [-1.85, 22.2, -29.77],
							"size": [0.5, 1.3, 2.4],
							"uv": {
								"north": {"uv": [56, 150], "uv_size": [1, 1]},
								"east": {"uv": [108, 140], "uv_size": [2, 1]},
								"south": {"uv": [150, 56], "uv_size": [1, 1]},
								"west": {"uv": [140, 109], "uv_size": [2, 1]},
								"up": {"uv": [110, 140], "uv_size": [1, 2]},
								"down": {"uv": [140, 112], "uv_size": [1, -2]}
							}
						},
						{
							"origin": [-1.85, 24.4, -29.77],
							"size": [0.5, 0.7, 2.4],
							"uv": {
								"north": {"uv": [57, 150], "uv_size": [1, 1]},
								"east": {"uv": [111, 140], "uv_size": [2, 1]},
								"south": {"uv": [150, 57], "uv_size": [1, 1]},
								"west": {"uv": [113, 140], "uv_size": [2, 1]},
								"up": {"uv": [115, 140], "uv_size": [1, 2]},
								"down": {"uv": [140, 117], "uv_size": [1, -2]}
							}
						},
						{
							"origin": [-1.85, 22.2, -31.37],
							"size": [0.5, 2.9, 1.6],
							"uv": {
								"north": {"uv": [17, 133], "uv_size": [1, 3]},
								"east": {"uv": [78, 121], "uv_size": [2, 3]},
								"south": {"uv": [26, 133], "uv_size": [1, 3]},
								"west": {"uv": [80, 121], "uv_size": [2, 3]},
								"up": {"uv": [116, 140], "uv_size": [1, 2]},
								"down": {"uv": [117, 142], "uv_size": [1, -2]}
							}
						},
						{
							"origin": [-1.85, 22.2, -33.77],
							"size": [0.5, 1.3, 2.4],
							"uv": {
								"north": {"uv": [58, 150], "uv_size": [1, 1]},
								"east": {"uv": [140, 117], "uv_size": [2, 1]},
								"south": {"uv": [150, 58], "uv_size": [1, 1]},
								"west": {"uv": [118, 140], "uv_size": [2, 1]},
								"up": {"uv": [140, 118], "uv_size": [1, 2]},
								"down": {"uv": [140, 122], "uv_size": [1, -2]}
							}
						},
						{
							"origin": [-1.85, 24.4, -33.77],
							"size": [0.5, 0.7, 2.4],
							"uv": {
								"north": {"uv": [59, 150], "uv_size": [1, 1]},
								"east": {"uv": [121, 140], "uv_size": [2, 1]},
								"south": {"uv": [150, 59], "uv_size": [1, 1]},
								"west": {"uv": [123, 140], "uv_size": [2, 1]},
								"up": {"uv": [125, 140], "uv_size": [1, 2]},
								"down": {"uv": [140, 127], "uv_size": [1, -2]}
							}
						},
						{
							"origin": [-1.85, 22.2, -35.37],
							"size": [0.5, 2.9, 1.6],
							"uv": {
								"north": {"uv": [27, 133], "uv_size": [1, 3]},
								"east": {"uv": [82, 121], "uv_size": [2, 3]},
								"south": {"uv": [28, 133], "uv_size": [1, 3]},
								"west": {"uv": [84, 121], "uv_size": [2, 3]},
								"up": {"uv": [126, 140], "uv_size": [1, 2]},
								"down": {"uv": [127, 142], "uv_size": [1, -2]}
							}
						},
						{
							"origin": [-1.85, 22.2, -37.77],
							"size": [0.5, 1.3, 2.4],
							"uv": {
								"north": {"uv": [60, 150], "uv_size": [1, 1]},
								"east": {"uv": [140, 127], "uv_size": [2, 1]},
								"south": {"uv": [150, 60], "uv_size": [1, 1]},
								"west": {"uv": [140, 128], "uv_size": [2, 1]},
								"up": {"uv": [129, 140], "uv_size": [1, 2]},
								"down": {"uv": [140, 131], "uv_size": [1, -2]}
							}
						},
						{
							"origin": [-1.85, 24.4, -37.77],
							"size": [0.5, 0.7, 2.4],
							"uv": {
								"north": {"uv": [61, 150], "uv_size": [1, 1]},
								"east": {"uv": [130, 140], "uv_size": [2, 1]},
								"south": {"uv": [150, 61], "uv_size": [1, 1]},
								"west": {"uv": [140, 131], "uv_size": [2, 1]},
								"up": {"uv": [132, 140], "uv_size": [1, 2]},
								"down": {"uv": [133, 142], "uv_size": [1, -2]}
							}
						},
						{
							"origin": [-1.85, 22.2, -40.67],
							"size": [0.5, 2.9, 2.9],
							"uv": {
								"north": {"uv": [133, 28], "uv_size": [1, 3]},
								"east": {"uv": [114, 41], "uv_size": [3, 3]},
								"south": {"uv": [29, 133], "uv_size": [1, 3]},
								"west": {"uv": [81, 114], "uv_size": [3, 3]},
								"up": {"uv": [30, 133], "uv_size": [1, 3]},
								"down": {"uv": [31, 136], "uv_size": [1, -3]}
							}
						},
						{
							"origin": [-1.35, 22.2, -40.67],
							"size": [2.7, 0.4, 17.3],
							"uv": {
								"north": {"uv": [133, 31], "uv_size": [3, 1]},
								"east": {"uv": [104, 17], "uv_size": [17, 1]},
								"south": {"uv": [32, 133], "uv_size": [3, 1]},
								"west": {"uv": [104, 18], "uv_size": [17, 1]},
								"up": {"uv": [63, 64], "uv_size": [3, 17]},
								"down": {"uv": [66, 81], "uv_size": [3, -17]}
							}
						},
						{
							"origin": [-1.85, 22.2, -23.37],
							"size": [0.5, 2.9, 1.9],
							"uv": {
								"north": {"uv": [67, 135], "uv_size": [1, 3]},
								"east": {"uv": [34, 123], "uv_size": [2, 3]},
								"south": {"uv": [68, 135], "uv_size": [1, 3]},
								"west": {"uv": [123, 35], "uv_size": [2, 3]},
								"up": {"uv": [143, 59], "uv_size": [1, 2]},
								"down": {"uv": [61, 145], "uv_size": [1, -2]}
							}
						},
						{
							"origin": [-1.35, 22.2, -38.27],
							"size": [2.7, 0.4, 16.8],
							"uv": {
								"north": {"uv": [135, 65], "uv_size": [3, 1]},
								"east": {"uv": [104, 19], "uv_size": [17, 1]},
								"south": {"uv": [135, 66], "uv_size": [3, 1]},
								"west": {"uv": [104, 40], "uv_size": [17, 1]},
								"up": {"uv": [67, 0], "uv_size": [3, 17]},
								"down": {"uv": [68, 49], "uv_size": [3, -17]}
							}
						},
						{
							"origin": [1.35, 22.2, -23.37],
							"size": [0.5, 2.9, 1.9],
							"uv": {
								"north": {"uv": [65, 135], "uv_size": [1, 3]},
								"east": {"uv": [123, 29], "uv_size": [2, 3]},
								"south": {"uv": [66, 135], "uv_size": [1, 3]},
								"west": {"uv": [123, 32], "uv_size": [2, 3]},
								"up": {"uv": [31, 143], "uv_size": [1, 2]},
								"down": {"uv": [56, 145], "uv_size": [1, -2]}
							}
						},
						{
							"origin": [1.35, 22.2, -31.37],
							"size": [0.5, 2.9, 1.6],
							"uv": {
								"north": {"uv": [133, 35], "uv_size": [1, 3]},
								"east": {"uv": [121, 88], "uv_size": [2, 3]},
								"south": {"uv": [36, 133], "uv_size": [1, 3]},
								"west": {"uv": [121, 91], "uv_size": [2, 3]},
								"up": {"uv": [140, 133], "uv_size": [1, 2]},
								"down": {"uv": [134, 142], "uv_size": [1, -2]}
							}
						},
						{
							"origin": [1.35, 24.4, -33.77],
							"size": [0.5, 0.7, 2.4],
							"uv": {
								"north": {"uv": [62, 150], "uv_size": [1, 1]},
								"east": {"uv": [135, 140], "uv_size": [2, 1]},
								"south": {"uv": [150, 62], "uv_size": [1, 1]},
								"west": {"uv": [140, 135], "uv_size": [2, 1]},
								"up": {"uv": [140, 136], "uv_size": [1, 2]},
								"down": {"uv": [137, 142], "uv_size": [1, -2]}
							}
						},
						{
							"origin": [1.35, 22.2, -33.77],
							"size": [0.5, 1.3, 2.4],
							"uv": {
								"north": {"uv": [63, 150], "uv_size": [1, 1]},
								"east": {"uv": [138, 140], "uv_size": [2, 1]},
								"south": {"uv": [150, 63], "uv_size": [1, 1]},
								"west": {"uv": [140, 138], "uv_size": [2, 1]},
								"up": {"uv": [140, 139], "uv_size": [1, 2]},
								"down": {"uv": [0, 143], "uv_size": [1, -2]}
							}
						},
						{
							"origin": [1.35, 22.2, -35.37],
							"size": [0.5, 2.9, 1.6],
							"uv": {
								"north": {"uv": [133, 38], "uv_size": [1, 3]},
								"east": {"uv": [121, 94], "uv_size": [2, 3]},
								"south": {"uv": [48, 133], "uv_size": [1, 3]},
								"west": {"uv": [121, 115], "uv_size": [2, 3]},
								"up": {"uv": [141, 0], "uv_size": [1, 2]},
								"down": {"uv": [1, 143], "uv_size": [1, -2]}
							}
						},
						{
							"origin": [1.35, 24.4, -37.77],
							"size": [0.5, 0.7, 2.4],
							"uv": {
								"north": {"uv": [64, 150], "uv_size": [1, 1]},
								"east": {"uv": [2, 141], "uv_size": [2, 1]},
								"south": {"uv": [150, 64], "uv_size": [1, 1]},
								"west": {"uv": [141, 2], "uv_size": [2, 1]},
								"up": {"uv": [141, 3], "uv_size": [1, 2]},
								"down": {"uv": [4, 143], "uv_size": [1, -2]}
							}
						},
						{
							"origin": [1.35, 22.2, -37.77],
							"size": [0.5, 1.3, 2.4],
							"uv": {
								"north": {"uv": [65, 150], "uv_size": [1, 1]},
								"east": {"uv": [5, 141], "uv_size": [2, 1]},
								"south": {"uv": [150, 65], "uv_size": [1, 1]},
								"west": {"uv": [141, 5], "uv_size": [2, 1]},
								"up": {"uv": [141, 6], "uv_size": [1, 2]},
								"down": {"uv": [7, 143], "uv_size": [1, -2]}
							}
						},
						{
							"origin": [1.35, 22.2, -40.67],
							"size": [0.5, 2.9, 2.9],
							"uv": {
								"north": {"uv": [49, 133], "uv_size": [1, 3]},
								"east": {"uv": [84, 114], "uv_size": [3, 3]},
								"south": {"uv": [54, 133], "uv_size": [1, 3]},
								"west": {"uv": [115, 27], "uv_size": [3, 3]},
								"up": {"uv": [55, 133], "uv_size": [1, 3]},
								"down": {"uv": [133, 60], "uv_size": [1, -3]}
							}
						},
						{
							"origin": [-2.76, 23.51, 5.4],
							"size": [0.5, 0.5, 2.3],
							"pivot": [-0.26, 23.735, -9],
							"rotation": [-180, 0, 142],
							"uv": {
								"north": {"uv": [67, 150], "uv_size": [1, 1]},
								"east": {"uv": [8, 141], "uv_size": [2, 1]},
								"south": {"uv": [150, 67], "uv_size": [1, 1]},
								"west": {"uv": [141, 8], "uv_size": [2, 1]},
								"up": {"uv": [141, 9], "uv_size": [1, 2]},
								"down": {"uv": [10, 143], "uv_size": [1, -2]}
							}
						},
						{
							"origin": [-2.76, 23.51, 4.3],
							"size": [0.5, 1, 1.7],
							"pivot": [-0.26, 23.735, -10.7],
							"rotation": [-180, 0, 142],
							"uv": {
								"north": {"uv": [68, 150], "uv_size": [1, 1]},
								"east": {"uv": [11, 141], "uv_size": [2, 1]},
								"south": {"uv": [150, 68], "uv_size": [1, 1]},
								"west": {"uv": [141, 12], "uv_size": [2, 1]},
								"up": {"uv": [13, 141], "uv_size": [1, 2]},
								"down": {"uv": [141, 15], "uv_size": [1, -2]}
							}
						},
						{
							"origin": [-2.76, 23.51, 0.3],
							"size": [0.5, 1, 1.7],
							"pivot": [-0.26, 23.735, -14.7],
							"rotation": [-180, 0, 142],
							"uv": {
								"north": {"uv": [69, 150], "uv_size": [1, 1]},
								"east": {"uv": [14, 141], "uv_size": [2, 1]},
								"south": {"uv": [150, 69], "uv_size": [1, 1]},
								"west": {"uv": [141, 15], "uv_size": [2, 1]},
								"up": {"uv": [16, 141], "uv_size": [1, 2]},
								"down": {"uv": [141, 18], "uv_size": [1, -2]}
							}
						},
						{
							"origin": [-2.76, 23.51, 1],
							"size": [0.5, 0.5, 2.3],
							"pivot": [-0.26, 23.735, -13.2],
							"rotation": [-180, 0, 142],
							"uv": {
								"north": {"uv": [70, 150], "uv_size": [1, 1]},
								"east": {"uv": [17, 141], "uv_size": [2, 1]},
								"south": {"uv": [150, 70], "uv_size": [1, 1]},
								"west": {"uv": [141, 18], "uv_size": [2, 1]},
								"up": {"uv": [19, 141], "uv_size": [1, 2]},
								"down": {"uv": [141, 21], "uv_size": [1, -2]}
							}
						},
						{
							"origin": [-2.76, 23.51, -3.7],
							"size": [0.5, 1, 1.7],
							"pivot": [-0.26, 23.735, -18.7],
							"rotation": [-180, 0, 142],
							"uv": {
								"north": {"uv": [71, 150], "uv_size": [1, 1]},
								"east": {"uv": [20, 141], "uv_size": [2, 1]},
								"south": {"uv": [150, 71], "uv_size": [1, 1]},
								"west": {"uv": [141, 21], "uv_size": [2, 1]},
								"up": {"uv": [22, 141], "uv_size": [1, 2]},
								"down": {"uv": [23, 143], "uv_size": [1, -2]}
							}
						},
						{
							"origin": [-2.76, 23.51, -3],
							"size": [0.5, 0.5, 2.3],
							"pivot": [-0.26, 23.735, -17.2],
							"rotation": [-180, 0, 142],
							"uv": {
								"north": {"uv": [72, 150], "uv_size": [1, 1]},
								"east": {"uv": [141, 23], "uv_size": [2, 1]},
								"south": {"uv": [150, 72], "uv_size": [1, 1]},
								"west": {"uv": [24, 141], "uv_size": [2, 1]},
								"up": {"uv": [141, 24], "uv_size": [1, 2]},
								"down": {"uv": [26, 143], "uv_size": [1, -2]}
							}
						},
						{
							"origin": [-2.76, 23.51, -7.7],
							"size": [0.5, 1, 2.5],
							"pivot": [-0.26, 23.735, -22.7],
							"rotation": [-180, 0, 142],
							"uv": {
								"north": {"uv": [73, 150], "uv_size": [1, 1]},
								"east": {"uv": [133, 32], "uv_size": [3, 1]},
								"south": {"uv": [150, 73], "uv_size": [1, 1]},
								"west": {"uv": [133, 50], "uv_size": [3, 1]},
								"up": {"uv": [133, 72], "uv_size": [1, 3]},
								"down": {"uv": [133, 81], "uv_size": [1, -3]}
							}
						},
						{
							"origin": [-2.76, 23.51, -7],
							"size": [0.5, 0.5, 2.3],
							"pivot": [-0.26, 23.735, -21.2],
							"rotation": [-180, 0, 142],
							"uv": {
								"north": {"uv": [74, 150], "uv_size": [1, 1]},
								"east": {"uv": [27, 141], "uv_size": [2, 1]},
								"south": {"uv": [150, 74], "uv_size": [1, 1]},
								"west": {"uv": [29, 141], "uv_size": [2, 1]},
								"up": {"uv": [31, 141], "uv_size": [1, 2]},
								"down": {"uv": [141, 33], "uv_size": [1, -2]}
							}
						},
						{
							"origin": [-2.76, 23.51, 55.2],
							"size": [0.4, 0.3, 0.47],
							"pivot": [-0.26, 23.735, 7.5],
							"rotation": [-180, 0, 142],
							"uv": {
								"north": {"uv": [75, 150], "uv_size": [1, 1]},
								"east": {"uv": [150, 75], "uv_size": [1, 1]},
								"south": {"uv": [76, 150], "uv_size": [1, 1]},
								"west": {"uv": [150, 76], "uv_size": [1, 1]},
								"up": {"uv": [77, 150], "uv_size": [1, 1]},
								"down": {"uv": [150, 78], "uv_size": [1, -1]}
							}
						},
						{
							"origin": [-4.99, 26.9, -25.7],
							"size": [0.5, 0.57, 2.3],
							"pivot": [-2.76, 26.74, -39.4],
							"rotation": [0, 0, -142],
							"uv": {
								"north": {"uv": [80, 150], "uv_size": [1, 1]},
								"east": {"uv": [32, 141], "uv_size": [2, 1]},
								"south": {"uv": [150, 80], "uv_size": [1, 1]},
								"west": {"uv": [34, 141], "uv_size": [2, 1]},
								"up": {"uv": [36, 141], "uv_size": [1, 2]},
								"down": {"uv": [37, 143], "uv_size": [1, -2]}
							}
						},
						{
							"origin": [-4.99, 26.4, -27.4],
							"size": [0.5, 1.07, 1.7],
							"pivot": [-2.76, 26.74, -41.7],
							"rotation": [0, 0, -142],
							"uv": {
								"north": {"uv": [81, 150], "uv_size": [1, 1]},
								"east": {"uv": [38, 141], "uv_size": [2, 1]},
								"south": {"uv": [150, 81], "uv_size": [1, 1]},
								"west": {"uv": [40, 141], "uv_size": [2, 1]},
								"up": {"uv": [42, 141], "uv_size": [1, 2]},
								"down": {"uv": [43, 143], "uv_size": [1, -2]}
							}
						},
						{
							"origin": [-4.99, 26.4, -31.4],
							"size": [0.5, 1.07, 1.7],
							"pivot": [-2.76, 26.74, -45.7],
							"rotation": [0, 0, -142],
							"uv": {
								"north": {"uv": [82, 150], "uv_size": [1, 1]},
								"east": {"uv": [44, 141], "uv_size": [2, 1]},
								"south": {"uv": [150, 82], "uv_size": [1, 1]},
								"west": {"uv": [46, 141], "uv_size": [2, 1]},
								"up": {"uv": [48, 141], "uv_size": [1, 2]},
								"down": {"uv": [49, 143], "uv_size": [1, -2]}
							}
						},
						{
							"origin": [-4.99, 26.9, -29.7],
							"size": [0.5, 0.57, 2.3],
							"pivot": [-2.76, 26.74, -43.4],
							"rotation": [0, 0, -142],
							"uv": {
								"north": {"uv": [83, 150], "uv_size": [1, 1]},
								"east": {"uv": [50, 141], "uv_size": [2, 1]},
								"south": {"uv": [150, 83], "uv_size": [1, 1]},
								"west": {"uv": [141, 50], "uv_size": [2, 1]},
								"up": {"uv": [52, 141], "uv_size": [1, 2]},
								"down": {"uv": [53, 143], "uv_size": [1, -2]}
							}
						},
						{
							"origin": [-4.99, 26.4, -35.4],
							"size": [0.5, 1.07, 1.7],
							"pivot": [-2.76, 26.74, -49.7],
							"rotation": [0, 0, -142],
							"uv": {
								"north": {"uv": [84, 150], "uv_size": [1, 1]},
								"east": {"uv": [141, 51], "uv_size": [2, 1]},
								"south": {"uv": [150, 84], "uv_size": [1, 1]},
								"west": {"uv": [54, 141], "uv_size": [2, 1]},
								"up": {"uv": [141, 54], "uv_size": [1, 2]},
								"down": {"uv": [56, 143], "uv_size": [1, -2]}
							}
						},
						{
							"origin": [-4.99, 26.9, -33.7],
							"size": [0.5, 0.57, 2.3],
							"pivot": [-2.76, 26.74, -47.4],
							"rotation": [0, 0, -142],
							"uv": {
								"north": {"uv": [85, 150], "uv_size": [1, 1]},
								"east": {"uv": [57, 141], "uv_size": [2, 1]},
								"south": {"uv": [150, 85], "uv_size": [1, 1]},
								"west": {"uv": [59, 141], "uv_size": [2, 1]},
								"up": {"uv": [61, 141], "uv_size": [1, 2]},
								"down": {"uv": [62, 143], "uv_size": [1, -2]}
							}
						},
						{
							"origin": [-4.99, 26.4, -40.3],
							"size": [0.5, 1.07, 2.6],
							"pivot": [-2.76, 26.74, -53.7],
							"rotation": [0, 0, -142],
							"uv": {
								"north": {"uv": [86, 150], "uv_size": [1, 1]},
								"east": {"uv": [133, 51], "uv_size": [3, 1]},
								"south": {"uv": [150, 86], "uv_size": [1, 1]},
								"west": {"uv": [133, 54], "uv_size": [3, 1]},
								"up": {"uv": [87, 133], "uv_size": [1, 3]},
								"down": {"uv": [88, 136], "uv_size": [1, -3]}
							}
						},
						{
							"origin": [-4.99, 26.9, -37.7],
							"size": [0.5, 0.57, 2.3],
							"pivot": [-2.76, 26.74, -51.4],
							"rotation": [0, 0, -142],
							"uv": {
								"north": {"uv": [87, 150], "uv_size": [1, 1]},
								"east": {"uv": [141, 60], "uv_size": [2, 1]},
								"south": {"uv": [150, 87], "uv_size": [1, 1]},
								"west": {"uv": [63, 141], "uv_size": [2, 1]},
								"up": {"uv": [65, 141], "uv_size": [1, 2]},
								"down": {"uv": [66, 143], "uv_size": [1, -2]}
							}
						},
						{
							"origin": [-4.89, 27.17, -40.67],
							"size": [0.4, 0.3, 0.37],
							"pivot": [-2.76, 26.74, -56.3],
							"rotation": [0, 0, -142],
							"uv": {
								"north": {"uv": [88, 150], "uv_size": [1, 1]},
								"east": {"uv": [150, 88], "uv_size": [1, 1]},
								"south": {"uv": [89, 150], "uv_size": [1, 1]},
								"west": {"uv": [150, 89], "uv_size": [1, 1]},
								"up": {"uv": [90, 150], "uv_size": [1, 1]},
								"down": {"uv": [150, 91], "uv_size": [1, -1]}
							}
						},
						{
							"origin": [-1.39, 30.7, -39.395],
							"size": [0.4, 1.27, 0.8],
							"pivot": [0.74, 31.24, -54.6],
							"rotation": [21, 0, -142],
							"uv": {
								"north": {"uv": [91, 150], "uv_size": [1, 1]},
								"east": {"uv": [150, 91], "uv_size": [1, 1]},
								"south": {"uv": [92, 150], "uv_size": [1, 1]},
								"west": {"uv": [150, 92], "uv_size": [1, 1]},
								"up": {"uv": [93, 150], "uv_size": [1, 1]},
								"down": {"uv": [150, 94], "uv_size": [1, -1]}
							}
						},
						{
							"origin": [-6.39, 28.15, -39.415],
							"size": [0.4, 1.17, 0.8],
							"pivot": [-3.96, 28.64, -54.6],
							"rotation": [21, 0, 142],
							"uv": {
								"north": {"uv": [94, 150], "uv_size": [1, 1]},
								"east": {"uv": [150, 94], "uv_size": [1, 1]},
								"south": {"uv": [95, 150], "uv_size": [1, 1]},
								"west": {"uv": [150, 95], "uv_size": [1, 1]},
								"up": {"uv": [96, 150], "uv_size": [1, 1]},
								"down": {"uv": [150, 97], "uv_size": [1, -1]}
							}
						},
						{
							"origin": [-4.61, 27.53, -27.4],
							"size": [0.52, 2.2, 1.7],
							"pivot": [-2.46, 27.64, -41.7],
							"rotation": [0, 0, -167],
							"uv": {
								"north": {"uv": [73, 141], "uv_size": [1, 2]},
								"east": {"uv": [85, 17], "uv_size": [2, 2]},
								"south": {"uv": [74, 141], "uv_size": [1, 2]},
								"west": {"uv": [113, 27], "uv_size": [2, 2]},
								"up": {"uv": [75, 141], "uv_size": [1, 2]},
								"down": {"uv": [76, 143], "uv_size": [1, -2]}
							}
						},
						{
							"origin": [-4.61, 27.53, -31.4],
							"size": [0.52, 2.2, 1.7],
							"pivot": [-2.46, 27.64, -45.7],
							"rotation": [0, 0, -167],
							"uv": {
								"north": {"uv": [77, 141], "uv_size": [1, 2]},
								"east": {"uv": [113, 103], "uv_size": [2, 2]},
								"south": {"uv": [78, 141], "uv_size": [1, 2]},
								"west": {"uv": [39, 117], "uv_size": [2, 2]},
								"up": {"uv": [79, 141], "uv_size": [1, 2]},
								"down": {"uv": [80, 143], "uv_size": [1, -2]}
							}
						},
						{
							"origin": [-4.61, 27.53, -35.4],
							"size": [0.52, 2.2, 1.7],
							"pivot": [-2.46, 27.64, -49.7],
							"rotation": [0, 0, -167],
							"uv": {
								"north": {"uv": [81, 141], "uv_size": [1, 2]},
								"east": {"uv": [85, 117], "uv_size": [2, 2]},
								"south": {"uv": [82, 141], "uv_size": [1, 2]},
								"west": {"uv": [93, 128], "uv_size": [2, 2]},
								"up": {"uv": [83, 141], "uv_size": [1, 2]},
								"down": {"uv": [141, 85], "uv_size": [1, -2]}
							}
						},
						{
							"origin": [-4.61, 27.53, -40.3],
							"size": [0.52, 2.2, 2.6],
							"pivot": [-2.46, 27.64, -51.8],
							"rotation": [0, 0, -167],
							"uv": {
								"north": {"uv": [84, 141], "uv_size": [1, 2]},
								"east": {"uv": [121, 24], "uv_size": [3, 2]},
								"south": {"uv": [85, 141], "uv_size": [1, 2]},
								"west": {"uv": [121, 41], "uv_size": [3, 2]},
								"up": {"uv": [99, 133], "uv_size": [1, 3]},
								"down": {"uv": [100, 136], "uv_size": [1, -3]}
							}
						},
						{
							"origin": [-3.62, 24.1, -40.3],
							"size": [0.52, 2.3, 2.6],
							"pivot": [-1.16, 25.44, -42],
							"rotation": [0, 0, 167],
							"uv": {
								"north": {"uv": [91, 141], "uv_size": [1, 2]},
								"east": {"uv": [121, 54], "uv_size": [3, 2]},
								"south": {"uv": [141, 91], "uv_size": [1, 2]},
								"west": {"uv": [121, 57], "uv_size": [3, 2]},
								"up": {"uv": [103, 133], "uv_size": [1, 3]},
								"down": {"uv": [120, 136], "uv_size": [1, -3]}
							}
						},
						{
							"origin": [-3.62, 24.1, -35.4],
							"size": [0.52, 2.3, 1.7],
							"pivot": [-1.16, 25.44, -37.1],
							"rotation": [0, 0, 167],
							"uv": {
								"north": {"uv": [92, 141], "uv_size": [1, 2]},
								"east": {"uv": [128, 123], "uv_size": [2, 2]},
								"south": {"uv": [93, 141], "uv_size": [1, 2]},
								"west": {"uv": [128, 125], "uv_size": [2, 2]},
								"up": {"uv": [141, 93], "uv_size": [1, 2]},
								"down": {"uv": [94, 143], "uv_size": [1, -2]}
							}
						},
						{
							"origin": [-3.62, 24.1, -31.4],
							"size": [0.52, 2.3, 1.7],
							"pivot": [-1.16, 25.44, -33.1],
							"rotation": [0, 0, 167],
							"uv": {
								"north": {"uv": [95, 141], "uv_size": [1, 2]},
								"east": {"uv": [128, 127], "uv_size": [2, 2]},
								"south": {"uv": [96, 141], "uv_size": [1, 2]},
								"west": {"uv": [129, 0], "uv_size": [2, 2]},
								"up": {"uv": [97, 141], "uv_size": [1, 2]},
								"down": {"uv": [98, 143], "uv_size": [1, -2]}
							}
						},
						{
							"origin": [-3.62, 24.1, -27.4],
							"size": [0.52, 2.3, 1.7],
							"pivot": [-1.16, 25.44, -29.1],
							"rotation": [0, 0, 167],
							"uv": {
								"north": {"uv": [99, 141], "uv_size": [1, 2]},
								"east": {"uv": [129, 2], "uv_size": [2, 2]},
								"south": {"uv": [100, 141], "uv_size": [1, 2]},
								"west": {"uv": [129, 12], "uv_size": [2, 2]},
								"up": {"uv": [101, 141], "uv_size": [1, 2]},
								"down": {"uv": [102, 143], "uv_size": [1, -2]}
							}
						},
						{
							"origin": [-0.8, 25.8, -40.95],
							"size": [1.6, 1.6, 20.7],
							"inflate": -0.3,
							"pivot": [-0.2, 26.5, -61.15],
							"rotation": [0, 0, -20],
							"uv": {
								"north": {"uv": [129, 85], "uv_size": [2, 2]},
								"east": {"uv": [60, 28], "uv_size": [21, 2]},
								"south": {"uv": [87, 129], "uv_size": [2, 2]},
								"west": {"uv": [64, 17], "uv_size": [21, 2]},
								"up": {"uv": [69, 63], "uv_size": [2, 21]},
								"down": {"uv": [43, 92], "uv_size": [2, -21]}
							}
						},
						{
							"origin": [-0.8, -13.5, -12.05],
							"size": [1.6, 1.6, 2.4],
							"inflate": -0.3,
							"pivot": [-0.2, -12.8, -50.55],
							"rotation": [75, 0, 0],
							"uv": {
								"north": {"uv": [129, 87], "uv_size": [2, 2]},
								"east": {"uv": [129, 97], "uv_size": [2, 2]},
								"south": {"uv": [99, 129], "uv_size": [2, 2]},
								"west": {"uv": [105, 129], "uv_size": [2, 2]},
								"up": {"uv": [107, 129], "uv_size": [2, 2]},
								"down": {"uv": [112, 131], "uv_size": [2, -2]}
							}
						},
						{
							"origin": [-4.85, 27.43, -23.4],
							"size": [0.76, 2.3, 1.9],
							"pivot": [-2.46, 27.64, -37.6],
							"rotation": [0, 0, -167],
							"uv": {
								"north": {"uv": [7, 143], "uv_size": [1, 2]},
								"east": {"uv": [130, 130], "uv_size": [2, 2]},
								"south": {"uv": [10, 143], "uv_size": [1, 2]},
								"west": {"uv": [131, 0], "uv_size": [2, 2]},
								"up": {"uv": [13, 143], "uv_size": [1, 2]},
								"down": {"uv": [16, 145], "uv_size": [1, -2]}
							}
						},
						{
							"origin": [-5.19, 26.4, -23.4],
							"size": [0.7, 1.07, 1.9],
							"pivot": [-2.76, 26.74, -33.9],
							"rotation": [0, 0, -142],
							"uv": {
								"north": {"uv": [5, 152], "uv_size": [1, 1]},
								"east": {"uv": [142, 115], "uv_size": [2, 1]},
								"south": {"uv": [152, 5], "uv_size": [1, 1]},
								"west": {"uv": [142, 123], "uv_size": [2, 1]},
								"up": {"uv": [1, 143], "uv_size": [1, 2]},
								"down": {"uv": [4, 145], "uv_size": [1, -2]}
							}
						},
						{
							"origin": [-2.76, 23.51, 33.7],
							"size": [0.8, 1, 1.9],
							"pivot": [-0.26, 23.735, 6.1],
							"rotation": [-180, 0, 142],
							"uv": {
								"north": {"uv": [6, 152], "uv_size": [1, 1]},
								"east": {"uv": [142, 131], "uv_size": [2, 1]},
								"south": {"uv": [152, 6], "uv_size": [1, 1]},
								"west": {"uv": [143, 2], "uv_size": [2, 1]},
								"up": {"uv": [143, 26], "uv_size": [1, 2]},
								"down": {"uv": [143, 30], "uv_size": [1, -2]}
							}
						},
						{
							"origin": [-3.62, 24, -23.4],
							"size": [0.76, 2.1, 1.9],
							"pivot": [-1.16, 25.44, -25.1],
							"rotation": [0, 0, 167],
							"uv": {
								"north": {"uv": [19, 143], "uv_size": [1, 2]},
								"east": {"uv": [131, 2], "uv_size": [2, 2]},
								"south": {"uv": [22, 143], "uv_size": [1, 2]},
								"west": {"uv": [7, 131], "uv_size": [2, 2]},
								"up": {"uv": [23, 143], "uv_size": [1, 2]},
								"down": {"uv": [26, 145], "uv_size": [1, -2]}
							}
						},
						{
							"origin": [-0.82, 28.1, -40.3],
							"size": [1.7, 0.4, 18.8],
							"uv": {
								"north": {"uv": [143, 5], "uv_size": [2, 1]},
								"east": {"uv": [102, 71], "uv_size": [19, 1]},
								"south": {"uv": [143, 8], "uv_size": [2, 1]},
								"west": {"uv": [102, 72], "uv_size": [19, 1]},
								"up": {"uv": [79, 58], "uv_size": [2, 19]},
								"down": {"uv": [79, 96], "uv_size": [2, -19]}
							}
						},
						{
							"origin": [0.58, 29.0635, -21.7],
							"size": [0.2, 0.2, 0.6],
							"pivot": [0.05, 28.6195, -12.7],
							"rotation": [0, 0, 45],
							"uv": {
								"north": {"uv": [55, 148], "uv_size": [1, 1]},
								"east": {"uv": [148, 55], "uv_size": [1, 1]},
								"south": {"uv": [56, 148], "uv_size": [1, 1]},
								"west": {"uv": [148, 56], "uv_size": [1, 1]},
								"up": {"uv": [57, 148], "uv_size": [1, 1]},
								"down": {"uv": [148, 58], "uv_size": [1, -1]}
							}
						}
					]
				},
				{
					"name": "_ca_handguard",
					"parent": "main",
					"pivot": [-0.2, 19.95, -28.725],
					"cubes": [
						{"origin": [-0.5, 22.05, -22.425], "size": [1, 1, 1], "uv": [4, 4]}
					]
				}
			]
		}
	]
}