{
	"format_version": "1.12.0",
	"minecraft:geometry": [
		{
			"description": {
				"identifier": "geometry.unknown",
				"texture_width": 256,
				"texture_height": 256,
				"visible_bounds_width": 10,
				"visible_bounds_height": 4,
				"visible_bounds_offset": [0, 1, 0]
			},
			"bones": [
				{
					"name": "main",
					"pivot": [0, 20, 0]
				},
				{
					"name": "gun",
					"parent": "main",
					"pivot": [1, 11, -1]
				},
				{
					"name": "handguard",
					"parent": "gun",
					"pivot": [-0.65, 18.3, -33],
					"cubes": [
						{
							"origin": [-1.75, 17.9, -30.4],
							"size": [3.7, 0.4, 12.125],
							"inflate": 0.001,
							"pivot": [0.1, 20.3, -23.2],
							"rotation": [-11, 0, 0],
							"uv": {
								"north": {"uv": [141, 115], "uv_size": [4, 1]},
								"east": {"uv": [107, 92], "uv_size": [12, 1]},
								"south": {"uv": [142, 11], "uv_size": [4, 1]},
								"west": {"uv": [128, 61], "uv_size": [12, 1]},
								"up": {"uv": [66, 75], "uv_size": [4, 12]},
								"down": {"uv": [70, 87], "uv_size": [4, -12]}
							}
						},
						{
							"origin": [-2.325, 19.31813, -30.72583],
							"size": [0.575, 0.4, 12.125],
							"inflate": 0.001,
							"pivot": [-1.749, 19.31713, -30.72683],
							"rotation": [-7.69002, 7.88912, 45.46894],
							"uv": {
								"north": {"uv": [44, 150], "uv_size": [1, 1]},
								"east": {"uv": [129, 45], "uv_size": [12, 1]},
								"south": {"uv": [150, 44], "uv_size": [1, 1]},
								"west": {"uv": [129, 46], "uv_size": [12, 1]},
								"up": {"uv": [37, 129], "uv_size": [1, 12]},
								"down": {"uv": [38, 141], "uv_size": [1, -12]}
							}
						},
						{
							"origin": [1.95, 19.31813, -30.72583],
							"size": [0.575, 0.4, 12.125],
							"inflate": 0.001,
							"pivot": [1.949, 19.31713, -30.72683],
							"rotation": [-7.69002, -7.88912, -45.46894],
							"uv": {
								"north": {"uv": [45, 150], "uv_size": [1, 1]},
								"east": {"uv": [129, 47], "uv_size": [12, 1]},
								"south": {"uv": [150, 45], "uv_size": [1, 1]},
								"west": {"uv": [129, 48], "uv_size": [12, 1]},
								"up": {"uv": [42, 129], "uv_size": [1, 12]},
								"down": {"uv": [43, 141], "uv_size": [1, -12]}
							}
						},
						{
							"origin": [-2.15, 18.3, -30.3],
							"size": [4.5, 1.7, 11.675],
							"inflate": 0.001,
							"pivot": [0.1, 20.3, -23.2],
							"rotation": [-11, 0, 0],
							"uv": {
								"north": {"uv": [60, 21], "uv_size": [5, 2]},
								"east": {"uv": [100, 42], "uv_size": [12, 2]},
								"south": {"uv": [113, 9], "uv_size": [5, 2]},
								"west": {"uv": [101, 9], "uv_size": [12, 2]},
								"up": {"uv": [0, 75], "uv_size": [5, 12]},
								"down": {"uv": [5, 87], "uv_size": [5, -12]}
							}
						},
						{
							"origin": [-2.15, 17.4, -18.9],
							"size": [4.5, 6.3, 0.2],
							"inflate": 0.001,
							"uv": {
								"north": {"uv": [89, 40], "uv_size": [5, 6]},
								"east": {"uv": [21, 117], "uv_size": [1, 6]},
								"south": {"uv": [90, 0], "uv_size": [5, 6]},
								"west": {"uv": [12, 136], "uv_size": [1, 6]},
								"up": {"uv": [141, 3], "uv_size": [5, 1]},
								"down": {"uv": [141, 5], "uv_size": [5, -1]}
							}
						},
						{
							"origin": [-2.15, 19.7, -30.525],
							"size": [4.5, 4, 11.625],
							"inflate": 0.001,
							"uv": {
								"north": {"uv": [112, 59], "uv_size": [5, 4]},
								"east": {"uv": [75, 33], "uv_size": [12, 4]},
								"south": {"uv": [113, 47], "uv_size": [5, 4]},
								"west": {"uv": [75, 37], "uv_size": [12, 4]},
								"up": {"uv": [30, 69], "uv_size": [5, 12]},
								"down": {"uv": [74, 15], "uv_size": [5, -12]}
							}
						},
						{
							"origin": [-1.05, 17.6, -30.525],
							"size": [2.3, 3.6, 11.625],
							"inflate": 0.001,
							"uv": {
								"north": {"uv": [107, 57], "uv_size": [2.3, 3.6]},
								"east": {"uv": [90, 41], "uv_size": [-12, 4]},
								"south": {"uv": [113, 47], "uv_size": [5, 4]},
								"west": {"uv": [78, 41], "uv_size": [12, 4]},
								"up": {"uv": [30, 69], "uv_size": [5, 12]},
								"down": {"uv": [74, 15], "uv_size": [5, -12]}
							}
						},
						{
							"origin": [-2.15, 19.1, -21.825],
							"size": [4.5, 0.7, 2.925],
							"inflate": 0.001,
							"uv": {
								"north": {"uv": [33, 141], "uv_size": [5, 1]},
								"east": {"uv": [145, 135], "uv_size": [3, 1]},
								"south": {"uv": [141, 34], "uv_size": [5, 1]},
								"west": {"uv": [145, 136], "uv_size": [3, 1]},
								"up": {"uv": [119, 25], "uv_size": [5, 3]},
								"down": {"uv": [120, 56], "uv_size": [5, -3]}
							}
						},
						{
							"origin": [-2.15, 17.45, -19.125],
							"size": [4.5, 1.05, 0.225],
							"inflate": 0.001,
							"uv": {
								"north": {"uv": [141, 35], "uv_size": [5, 1]},
								"east": {"uv": [43, 150], "uv_size": [1, 1]},
								"south": {"uv": [141, 36], "uv_size": [5, 1]},
								"west": {"uv": [150, 43], "uv_size": [1, 1]},
								"up": {"uv": [141, 37], "uv_size": [5, 1]},
								"down": {"uv": [141, 39], "uv_size": [5, -1]}
							}
						},
						{
							"origin": [-2.15, 19.71813, -30.72583],
							"size": [4.5, 4, 0.2],
							"inflate": 0.001,
							"uv": {
								"north": {"uv": [108, 47], "uv_size": [5, 4]},
								"east": {"uv": [21, 142], "uv_size": [1, 4]},
								"south": {"uv": [112, 0], "uv_size": [5, 4]},
								"west": {"uv": [24, 142], "uv_size": [1, 4]},
								"up": {"uv": [141, 5], "uv_size": [5, 1]},
								"down": {"uv": [15, 142], "uv_size": [5, -1]}
							}
						},
						{
							"origin": [-1.75, 19.31813, -30.72583],
							"size": [3.7, 0.4, 0.2],
							"inflate": 0.001,
							"uv": {
								"north": {"uv": [142, 20], "uv_size": [4, 1]},
								"east": {"uv": [46, 150], "uv_size": [1, 1]},
								"south": {"uv": [142, 21], "uv_size": [4, 1]},
								"west": {"uv": [150, 46], "uv_size": [1, 1]},
								"up": {"uv": [142, 22], "uv_size": [4, 1]},
								"down": {"uv": [142, 32], "uv_size": [4, -1]}
							}
						},
						{
							"origin": [-2.315, 19.31813, -30.72583],
							"size": [0.565, 0.3, 0.2],
							"inflate": 0.001,
							"pivot": [-1.749, 19.31713, -30.72683],
							"rotation": [0, 0, 45],
							"uv": {
								"north": {"uv": [47, 150], "uv_size": [1, 1]},
								"east": {"uv": [150, 47], "uv_size": [1, 1]},
								"south": {"uv": [48, 150], "uv_size": [1, 1]},
								"west": {"uv": [150, 48], "uv_size": [1, 1]},
								"up": {"uv": [49, 150], "uv_size": [1, 1]},
								"down": {"uv": [150, 50], "uv_size": [1, -1]}
							}
						},
						{
							"origin": [1.95, 19.31813, -30.72583],
							"size": [0.565, 0.3, 0.2],
							"inflate": 0.001,
							"pivot": [1.949, 19.31713, -30.72683],
							"rotation": [0, 0, -45],
							"uv": {
								"north": {"uv": [50, 150], "uv_size": [1, 1]},
								"east": {"uv": [150, 50], "uv_size": [1, 1]},
								"south": {"uv": [51, 150], "uv_size": [1, 1]},
								"west": {"uv": [150, 51], "uv_size": [1, 1]},
								"up": {"uv": [52, 150], "uv_size": [1, 1]},
								"down": {"uv": [150, 53], "uv_size": [1, -1]}
							}
						},
						{
							"origin": [0.55, 23.7, -30.7],
							"size": [1.8, 1.3, 12],
							"inflate": 0.001,
							"pivot": [2.351, 23.699, -18.699],
							"rotation": [0, 0, -28],
							"uv": {
								"north": {"uv": [60, 147], "uv_size": [2, 1]},
								"east": {"uv": [128, 93], "uv_size": [12, 1]},
								"south": {"uv": [62, 147], "uv_size": [2, 1]},
								"west": {"uv": [129, 34], "uv_size": [12, 1]},
								"up": {"uv": [25, 94], "uv_size": [2, 12]},
								"down": {"uv": [37, 106], "uv_size": [2, -12]}
							}
						},
						{
							"origin": [-0.06125, 24.8496, -30.7],
							"size": [1.8, 1.3, 12],
							"inflate": 0.001,
							"pivot": [1.73975, 24.8486, -18.901],
							"rotation": [0, 0, -57],
							"uv": {
								"north": {"uv": [64, 147], "uv_size": [2, 1]},
								"east": {"uv": [129, 35], "uv_size": [12, 1]},
								"south": {"uv": [66, 147], "uv_size": [2, 1]},
								"west": {"uv": [129, 36], "uv_size": [12, 1]},
								"up": {"uv": [56, 99], "uv_size": [2, 12]},
								"down": {"uv": [58, 111], "uv_size": [2, -12]}
							}
						},
						{
							"origin": [-2.15, 23.7, -30.7],
							"size": [1.5, 1.3, 12],
							"inflate": 0.001,
							"pivot": [-2.151, 23.699, -18.699],
							"rotation": [0, 0, 28],
							"uv": {
								"north": {"uv": [42, 150], "uv_size": [1, 1]},
								"east": {"uv": [129, 43], "uv_size": [12, 1]},
								"south": {"uv": [150, 42], "uv_size": [1, 1]},
								"west": {"uv": [129, 44], "uv_size": [12, 1]},
								"up": {"uv": [35, 129], "uv_size": [1, 12]},
								"down": {"uv": [36, 141], "uv_size": [1, -12]}
							}
						},
						{
							"origin": [-1.53875, 24.8496, -30.7],
							"size": [1.9, 1.3, 12],
							"inflate": 0.001,
							"pivot": [-1.53975, 24.8486, -18.901],
							"rotation": [0, 0, 57],
							"uv": {
								"north": {"uv": [73, 147], "uv_size": [2, 1]},
								"east": {"uv": [129, 41], "uv_size": [12, 1]},
								"south": {"uv": [81, 147], "uv_size": [2, 1]},
								"west": {"uv": [129, 42], "uv_size": [12, 1]},
								"up": {"uv": [74, 101], "uv_size": [2, 12]},
								"down": {"uv": [76, 113], "uv_size": [2, -12]}
							}
						},
						{
							"origin": [1.2, 25.2, -30.7],
							"size": [0.4, 1.1, 12],
							"inflate": 0.001,
							"pivot": [1.601, 22.199, -16.899],
							"rotation": [0, 0, -8],
							"uv": {
								"north": {"uv": [40, 150], "uv_size": [1, 1]},
								"east": {"uv": [129, 37], "uv_size": [12, 1]},
								"south": {"uv": [150, 40], "uv_size": [1, 1]},
								"west": {"uv": [129, 38], "uv_size": [12, 1]},
								"up": {"uv": [22, 129], "uv_size": [1, 12]},
								"down": {"uv": [23, 141], "uv_size": [1, -12]}
							}
						},
						{
							"origin": [-1.4, 25.2, -30.7],
							"size": [0.4, 1.1, 12],
							"inflate": 0.001,
							"pivot": [-1.401, 22.199, -16.899],
							"rotation": [0, 0, 8],
							"uv": {
								"north": {"uv": [41, 150], "uv_size": [1, 1]},
								"east": {"uv": [129, 39], "uv_size": [12, 1]},
								"south": {"uv": [63, 89], "uv_size": [-2, -1]},
								"west": {"uv": [129, 40], "uv_size": [12, 1]},
								"up": {"uv": [33, 129], "uv_size": [1, 12]},
								"down": {"uv": [34, 141], "uv_size": [1, -12]}
							}
						},
						{
							"origin": [-1.41707, 25.24555, -30.685],
							"size": [0.875, 1.9, 11.985],
							"inflate": 0.001,
							"pivot": [-2.43707, 21.94555, -31.26],
							"rotation": [0, 0, 18.75],
							"uv": {
								"north": {"uv": [71, 147], "uv_size": [1, 2]},
								"east": {"uv": [100, 20], "uv_size": [12, 2]},
								"south": {"uv": [72, 147], "uv_size": [1, 2]},
								"west": {"uv": [100, 40], "uv_size": [12, 2]},
								"up": {"uv": [102, 128], "uv_size": [1, 12]},
								"down": {"uv": [114, 140], "uv_size": [1, -12]}
							}
						},
						{
							"origin": [0.74207, 25.24555, -30.685],
							"size": [0.875, 1.9, 11.985],
							"inflate": 0.001,
							"pivot": [2.63707, 21.94555, -31.26],
							"rotation": [0, 0, -18.75],
							"uv": {
								"north": {"uv": [69, 147], "uv_size": [1, 2]},
								"east": {"uv": [99, 31], "uv_size": [12, 2]},
								"south": {"uv": [70, 147], "uv_size": [1, 2]},
								"west": {"uv": [100, 18], "uv_size": [12, 2]},
								"up": {"uv": [47, 128], "uv_size": [1, 12]},
								"down": {"uv": [82, 140], "uv_size": [1, -12]}
							}
						},
						{
							"origin": [-0.00707, 24.64555, -30.685],
							"size": [0.205, 1.9, 11.985],
							"inflate": 0.001,
							"uv": {
								"north": {"uv": [55, 147], "uv_size": [1, 2]},
								"east": {"uv": [48, 21], "uv_size": [12, 2]},
								"south": {"uv": [68, 147], "uv_size": [1, 2]},
								"west": {"uv": [96, 54], "uv_size": [12, 2]},
								"up": {"uv": [77, 113], "uv_size": [1, 12]},
								"down": {"uv": [52, 139], "uv_size": [1, -12]}
							}
						},
						{
							"origin": [0.45, 26.325, -33.725],
							"size": [1.6, 0.9, 0.9],
							"inflate": -0.001,
							"pivot": [1.85, 27.325, -33.725],
							"rotation": [-24.25, 0, 0],
							"uv": {
								"north": {"uv": [148, 35], "uv_size": [2, 1]},
								"east": {"uv": [61, 150], "uv_size": [1, 1]},
								"south": {"uv": [36, 148], "uv_size": [2, 1]},
								"west": {"uv": [150, 61], "uv_size": [1, 1]},
								"up": {"uv": [148, 36], "uv_size": [2, 1]},
								"down": {"uv": [43, 149], "uv_size": [2, -1]}
							}
						},
						{
							"origin": [0.025, 26.35, -38.425],
							"size": [1.45, 1, 6.1],
							"inflate": -0.3,
							"uv": {
								"north": {"uv": [62, 150], "uv_size": [1, 1]},
								"east": {"uv": [136, 126], "uv_size": [6, 1]},
								"south": {"uv": [150, 62], "uv_size": [1, 1]},
								"west": {"uv": [136, 127], "uv_size": [6, 1]},
								"up": {"uv": [13, 136], "uv_size": [1, 6]},
								"down": {"uv": [20, 142], "uv_size": [1, -6]}
							}
						},
						{
							"origin": [-1.275, 26.35, -38.425],
							"size": [1.45, 1, 6.1],
							"inflate": -0.3,
							"uv": {
								"north": {"uv": [63, 150], "uv_size": [1, 1]},
								"east": {"uv": [136, 128], "uv_size": [6, 1]},
								"south": {"uv": [150, 63], "uv_size": [1, 1]},
								"west": {"uv": [136, 129], "uv_size": [6, 1]},
								"up": {"uv": [21, 136], "uv_size": [1, 6]},
								"down": {"uv": [24, 142], "uv_size": [1, -6]}
							}
						},
						{
							"origin": [-0.35, 26.05, -33.725],
							"size": [1, 1, 1],
							"inflate": -0.002,
							"pivot": [-1.65, 27.325, -33.725],
							"rotation": [-24.25, 0, 0],
							"uv": {
								"north": {"uv": [64, 150], "uv_size": [1, 1]},
								"east": {"uv": [150, 64], "uv_size": [1, 1]},
								"south": {"uv": [65, 150], "uv_size": [1, 1]},
								"west": {"uv": [150, 65], "uv_size": [1, 1]},
								"up": {"uv": [66, 150], "uv_size": [1, 1]},
								"down": {"uv": [150, 67], "uv_size": [1, -1]}
							}
						},
						{
							"origin": [-1.25, 26.4, -38.3],
							"size": [2.7, 0.5, 1.4],
							"inflate": -0.002,
							"uv": {
								"north": {"uv": [145, 137], "uv_size": [3, 1]},
								"east": {"uv": [67, 150], "uv_size": [1, 1]},
								"south": {"uv": [145, 138], "uv_size": [3, 1]},
								"west": {"uv": [150, 67], "uv_size": [1, 1]},
								"up": {"uv": [145, 139], "uv_size": [3, 1]},
								"down": {"uv": [145, 141], "uv_size": [3, -1]}
							}
						},
						{
							"origin": [-1.25, 24.3, -38.3],
							"size": [2.7, 2.1, 4.9],
							"inflate": -0.002,
							"uv": {
								"north": {"uv": [136, 130], "uv_size": [3, 2]},
								"east": {"uv": [115, 54], "uv_size": [5, 2]},
								"south": {"uv": [136, 132], "uv_size": [3, 2]},
								"west": {"uv": [118, 31], "uv_size": [5, 2]},
								"up": {"uv": [124, 30], "uv_size": [3, 5]},
								"down": {"uv": [124, 40], "uv_size": [3, -5]}
							}
						},
						{
							"origin": [-1.85, 26.325, -33.725],
							"size": [1.6, 0.9, 0.9],
							"inflate": -0.001,
							"pivot": [-0.45, 27.325, -33.725],
							"rotation": [-24.25, 0, 0],
							"uv": {
								"north": {"uv": [45, 148], "uv_size": [2, 1]},
								"east": {"uv": [68, 150], "uv_size": [1, 1]},
								"south": {"uv": [148, 46], "uv_size": [2, 1]},
								"west": {"uv": [150, 68], "uv_size": [1, 1]},
								"up": {"uv": [148, 47], "uv_size": [2, 1]},
								"down": {"uv": [48, 149], "uv_size": [2, -1]}
							}
						},
						{
							"origin": [0.025, 26.35, -32.925],
							"size": [1.65, 1, 1.3],
							"inflate": -0.301,
							"pivot": [1.375, 26.65, -32.625],
							"rotation": [73.75, 0, 0],
							"uv": {
								"north": {"uv": [148, 48], "uv_size": [2, 1]},
								"east": {"uv": [69, 150], "uv_size": [1, 1]},
								"south": {"uv": [50, 148], "uv_size": [2, 1]},
								"west": {"uv": [150, 69], "uv_size": [1, 1]},
								"up": {"uv": [52, 148], "uv_size": [2, 1]},
								"down": {"uv": [148, 53], "uv_size": [2, -1]}
							}
						},
						{
							"origin": [-1.475, 26.35, -32.925],
							"size": [1.65, 1, 1.3],
							"inflate": -0.301,
							"pivot": [-1.175, 26.65, -32.625],
							"rotation": [73.75, 0, 0],
							"uv": {
								"north": {"uv": [148, 53], "uv_size": [2, 1]},
								"east": {"uv": [70, 150], "uv_size": [1, 1]},
								"south": {"uv": [148, 54], "uv_size": [2, 1]},
								"west": {"uv": [150, 70], "uv_size": [1, 1]},
								"up": {"uv": [148, 55], "uv_size": [2, 1]},
								"down": {"uv": [148, 57], "uv_size": [2, -1]}
							}
						},
						{
							"origin": [-0.475, 26.35, -32.925],
							"size": [1.15, 1, 1],
							"inflate": -0.302,
							"pivot": [-0.175, 26.65, -32.625],
							"rotation": [73.75, 0, 0],
							"uv": {
								"north": {"uv": [71, 150], "uv_size": [1, 1]},
								"east": {"uv": [150, 71], "uv_size": [1, 1]},
								"south": {"uv": [72, 150], "uv_size": [1, 1]},
								"west": {"uv": [150, 72], "uv_size": [1, 1]},
								"up": {"uv": [73, 150], "uv_size": [1, 1]},
								"down": {"uv": [150, 74], "uv_size": [1, -1]}
							}
						},
						{
							"origin": [-1, 25.675, -66],
							"size": [1, 1.7, 1.95],
							"inflate": -0.301,
							"pivot": [-0.7, 26.175, -65.7],
							"rotation": [0, 0, -28],
							"uv": {
								"north": {"uv": [54, 148], "uv_size": [1, 2]},
								"east": {"uv": [83, 142], "uv_size": [2, 2]},
								"south": {"uv": [78, 148], "uv_size": [1, 2]},
								"west": {"uv": [90, 142], "uv_size": [2, 2]},
								"up": {"uv": [148, 122], "uv_size": [1, 2]},
								"down": {"uv": [123, 150], "uv_size": [1, -2]}
							}
						},
						{
							"origin": [-1.42, 26.665, -66],
							"size": [1, 1.5, 1.95],
							"inflate": -0.302,
							"pivot": [-1.1, 26.975, -65.7],
							"rotation": [0, 0, 15],
							"uv": {
								"north": {"uv": [124, 148], "uv_size": [1, 2]},
								"east": {"uv": [142, 94], "uv_size": [2, 2]},
								"south": {"uv": [148, 124], "uv_size": [1, 2]},
								"west": {"uv": [96, 142], "uv_size": [2, 2]},
								"up": {"uv": [125, 148], "uv_size": [1, 2]},
								"down": {"uv": [126, 150], "uv_size": [1, -2]}
							}
						},
						{
							"origin": [0.4, 25.675, -66],
							"size": [1, 1.7, 1.95],
							"inflate": -0.301,
							"pivot": [1.1, 26.175, -65.7],
							"rotation": [0, 0, 28],
							"uv": {
								"north": {"uv": [127, 148], "uv_size": [1, 2]},
								"east": {"uv": [142, 96], "uv_size": [2, 2]},
								"south": {"uv": [128, 148], "uv_size": [1, 2]},
								"west": {"uv": [142, 98], "uv_size": [2, 2]},
								"up": {"uv": [129, 148], "uv_size": [1, 2]},
								"down": {"uv": [130, 150], "uv_size": [1, -2]}
							}
						},
						{
							"origin": [0.82, 26.665, -66],
							"size": [1, 1.5, 1.95],
							"inflate": -0.302,
							"pivot": [1.5, 26.975, -65.7],
							"rotation": [0, 0, -15],
							"uv": {
								"north": {"uv": [148, 130], "uv_size": [1, 2]},
								"east": {"uv": [100, 142], "uv_size": [2, 2]},
								"south": {"uv": [131, 148], "uv_size": [1, 2]},
								"west": {"uv": [142, 100], "uv_size": [2, 2]},
								"up": {"uv": [132, 148], "uv_size": [1, 2]},
								"down": {"uv": [148, 134], "uv_size": [1, -2]}
							}
						},
						{
							"origin": [-0.3, 25.775, -65.75],
							"size": [1, 2, 1.2],
							"inflate": -0.35,
							"uv": {
								"north": {"uv": [133, 148], "uv_size": [1, 2]},
								"east": {"uv": [134, 148], "uv_size": [1, 2]},
								"south": {"uv": [148, 134], "uv_size": [1, 2]},
								"west": {"uv": [135, 148], "uv_size": [1, 2]},
								"up": {"uv": [101, 150], "uv_size": [1, 1]},
								"down": {"uv": [150, 102], "uv_size": [1, -1]}
							}
						},
						{
							"origin": [-1.15, 21.875, -65.9],
							"size": [2.7, 5, 1.75],
							"inflate": -0.2,
							"uv": {
								"north": {"uv": [124, 40], "uv_size": [3, 5]},
								"east": {"uv": [130, 82], "uv_size": [2, 5]},
								"south": {"uv": [124, 65], "uv_size": [3, 5]},
								"west": {"uv": [90, 130], "uv_size": [2, 5]},
								"up": {"uv": [137, 57], "uv_size": [3, 2]},
								"down": {"uv": [65, 140], "uv_size": [3, -2]}
							}
						}
					]
				},
				{
					"name": "bone6",
					"parent": "handguard",
					"pivot": [-2.151, 24.003, -31.801],
					"cubes": [
						{
							"origin": [0.52255, 23.41005, -65.91995],
							"size": [1.7099, 1.2349, 35.1999],
							"inflate": 0.001,
							"pivot": [2.23345, 23.40905, -30.71905],
							"rotation": [0, 0, -28],
							"uv": {
								"north": {"uv": [83, 147], "uv_size": [2, 1]},
								"east": {"uv": [84, 7], "uv_size": [35, 1]},
								"south": {"uv": [85, 147], "uv_size": [2, 1]},
								"west": {"uv": [84, 8], "uv_size": [35, 1]},
								"up": {"uv": [40, 47], "uv_size": [2, 35]},
								"down": {"uv": [42, 82], "uv_size": [2, -35]}
							}
						},
						{
							"origin": [-0.05814, 24.50217, -65.91995],
							"size": [1.7099, 1.2349, 35.1999],
							"inflate": 0.001,
							"pivot": [1.65276, 24.50117, -30.91095],
							"rotation": [0, 0, -57],
							"uv": {
								"north": {"uv": [87, 147], "uv_size": [2, 1]},
								"east": {"uv": [86, 67], "uv_size": [35, 1]},
								"south": {"uv": [90, 147], "uv_size": [2, 1]},
								"west": {"uv": [86, 68], "uv_size": [35, 1]},
								"up": {"uv": [44, 55], "uv_size": [2, 35]},
								"down": {"uv": [46, 93], "uv_size": [2, -35]}
							}
						},
						{
							"origin": [-1.46176, 24.50217, -65.91995],
							"size": [1.8049, 1.2349, 35.1999],
							"inflate": 0.001,
							"pivot": [-1.46276, 24.50117, -30.91095],
							"rotation": [0, 0, 57],
							"uv": {
								"north": {"uv": [92, 147], "uv_size": [2, 1]},
								"east": {"uv": [86, 69], "uv_size": [35, 1]},
								"south": {"uv": [94, 147], "uv_size": [2, 1]},
								"west": {"uv": [86, 70], "uv_size": [35, 1]},
								"up": {"uv": [48, 58], "uv_size": [2, 35]},
								"down": {"uv": [50, 93], "uv_size": [2, -35]}
							}
						},
						{
							"origin": [-2.04245, 23.41005, -65.91995],
							"size": [1.4249, 1.2349, 35.1999],
							"inflate": 0.001,
							"pivot": [-2.04345, 23.40905, -30.71905],
							"rotation": [0, 0, 28],
							"uv": {
								"north": {"uv": [53, 150], "uv_size": [1, 1]},
								"east": {"uv": [86, 71], "uv_size": [35, 1]},
								"south": {"uv": [150, 53], "uv_size": [1, 1]},
								"west": {"uv": [86, 72], "uv_size": [35, 1]},
								"up": {"uv": [43, 82], "uv_size": [1, 35]},
								"down": {"uv": [27, 120], "uv_size": [1, -35]}
							}
						},
						{
							"origin": [-0.42441, 24.31893, -65.91995],
							"size": [1.0449, 0.8549, 35.1999],
							"inflate": 0.001,
							"uv": {
								"north": {"uv": [54, 150], "uv_size": [1, 1]},
								"east": {"uv": [86, 73], "uv_size": [35, 1]},
								"south": {"uv": [150, 54], "uv_size": [1, 1]},
								"west": {"uv": [86, 74], "uv_size": [35, 1]},
								"up": {"uv": [0, 87], "uv_size": [1, 35]},
								"down": {"uv": [1, 122], "uv_size": [1, -35]}
							}
						},
						{
							"origin": [-2.04245, 21.13005, -65.91995],
							"size": [1.4249, 1.2349, 35.1999],
							"inflate": 0.001,
							"pivot": [-2.04345, 22.36595, -30.71905],
							"rotation": [0, 0, -28],
							"uv": {
								"north": {"uv": [55, 150], "uv_size": [1, 1]},
								"east": {"uv": [86, 75], "uv_size": [35, 1]},
								"south": {"uv": [150, 55], "uv_size": [1, 1]},
								"west": {"uv": [86, 76], "uv_size": [35, 1]},
								"up": {"uv": [2, 87], "uv_size": [1, 35]},
								"down": {"uv": [3, 122], "uv_size": [1, -35]}
							}
						},
						{
							"origin": [-1.46176, 20.03793, -65.91995],
							"size": [1.8049, 1.2349, 35.1999],
							"inflate": 0.001,
							"pivot": [-1.46276, 21.27383, -30.91095],
							"rotation": [0, 0, -57],
							"uv": {
								"north": {"uv": [96, 147], "uv_size": [2, 1]},
								"east": {"uv": [86, 77], "uv_size": [35, 1]},
								"south": {"uv": [100, 147], "uv_size": [2, 1]},
								"west": {"uv": [86, 78], "uv_size": [35, 1]},
								"up": {"uv": [52, 58], "uv_size": [2, 35]},
								"down": {"uv": [54, 93], "uv_size": [2, -35]}
							}
						},
						{
							"origin": [0.52255, 21.13005, -65.91995],
							"size": [1.7099, 1.2349, 35.1999],
							"inflate": 0.001,
							"pivot": [2.23345, 22.36595, -30.71905],
							"rotation": [0, 0, 28],
							"uv": {
								"north": {"uv": [102, 147], "uv_size": [2, 1]},
								"east": {"uv": [86, 79], "uv_size": [35, 1]},
								"south": {"uv": [104, 147], "uv_size": [2, 1]},
								"west": {"uv": [86, 80], "uv_size": [35, 1]},
								"up": {"uv": [56, 58], "uv_size": [2, 35]},
								"down": {"uv": [58, 93], "uv_size": [2, -35]}
							}
						},
						{
							"origin": [-0.05814, 20.03793, -65.91995],
							"size": [1.7099, 1.2349, 35.1999],
							"inflate": 0.001,
							"pivot": [1.65276, 21.27383, -30.91095],
							"rotation": [0, 0, 57],
							"uv": {
								"north": {"uv": [112, 147], "uv_size": [2, 1]},
								"east": {"uv": [86, 81], "uv_size": [35, 1]},
								"south": {"uv": [114, 147], "uv_size": [2, 1]},
								"west": {"uv": [86, 82], "uv_size": [35, 1]},
								"up": {"uv": [35, 59], "uv_size": [2, 35]},
								"down": {"uv": [37, 94], "uv_size": [2, -35]}
							}
						},
						{
							"origin": [-0.42441, 20.60117, -65.91995],
							"size": [1.0449, 0.8549, 35.1999],
							"inflate": 0.001,
							"uv": {
								"north": {"uv": [56, 150], "uv_size": [1, 1]},
								"east": {"uv": [86, 83], "uv_size": [35, 1]},
								"south": {"uv": [150, 56], "uv_size": [1, 1]},
								"west": {"uv": [86, 84], "uv_size": [35, 1]},
								"up": {"uv": [4, 87], "uv_size": [1, 35]},
								"down": {"uv": [5, 122], "uv_size": [1, -35]}
							}
						},
						{
							"origin": [-2.04245, 22.36695, -65.91995],
							"size": [4.2749, 1.0449, 35.1999],
							"inflate": 0.001,
							"uv": {
								"north": {"uv": [142, 32], "uv_size": [4, 1]},
								"east": {"uv": [87, 33], "uv_size": [35, 1]},
								"south": {"uv": [33, 142], "uv_size": [4, 1]},
								"west": {"uv": [87, 34], "uv_size": [35, 1]},
								"up": {"uv": [32, 10], "uv_size": [4, 35]},
								"down": {"uv": [36, 35], "uv_size": [4, -35]}
							}
						}
					]
				},
				{
					"name": "bone7",
					"parent": "handguard",
					"pivot": [-2.251, 24.103, -31.801],
					"cubes": [
						{
							"origin": [0.55618, 23.44035, -32.82595],
							"size": [1.7955, 1.29675, 2.16],
							"inflate": 0.001,
							"pivot": [2.35267, 23.43935, -30.66495],
							"rotation": [0, 0, -28],
							"uv": {
								"north": {"uv": [116, 147], "uv_size": [2, 1]},
								"east": {"uv": [120, 147], "uv_size": [2, 1]},
								"south": {"uv": [126, 147], "uv_size": [2, 1]},
								"west": {"uv": [147, 126], "uv_size": [2, 1]},
								"up": {"uv": [142, 41], "uv_size": [2, 2]},
								"down": {"uv": [142, 45], "uv_size": [2, -2]}
							}
						},
						{
							"origin": [-0.05355, 24.58708, -32.82595],
							"size": [1.7955, 1.29675, 2.16],
							"inflate": 0.001,
							"pivot": [1.74295, 24.58608, -30.86645],
							"rotation": [0, 0, -57],
							"uv": {
								"north": {"uv": [147, 127], "uv_size": [2, 1]},
								"east": {"uv": [147, 128], "uv_size": [2, 1]},
								"south": {"uv": [147, 129], "uv_size": [2, 1]},
								"west": {"uv": [130, 147], "uv_size": [2, 1]},
								"up": {"uv": [45, 142], "uv_size": [2, 2]},
								"down": {"uv": [142, 51], "uv_size": [2, -2]}
							}
						},
						{
							"origin": [-1.52735, 24.58708, -32.82595],
							"size": [1.89524, 1.29675, 2.16],
							"inflate": 0.001,
							"pivot": [-1.52835, 24.58608, -30.86645],
							"rotation": [0, 0, 57],
							"uv": {
								"north": {"uv": [132, 147], "uv_size": [2, 1]},
								"east": {"uv": [134, 147], "uv_size": [2, 1]},
								"south": {"uv": [136, 147], "uv_size": [2, 1]},
								"west": {"uv": [138, 147], "uv_size": [2, 1]},
								"up": {"uv": [142, 61], "uv_size": [2, 2]},
								"down": {"uv": [142, 71], "uv_size": [2, -2]}
							}
						},
						{
							"origin": [-2.13707, 23.44035, -32.82595],
							"size": [1.49624, 1.29675, 2.16],
							"inflate": 0.001,
							"pivot": [-2.13807, 23.43935, -30.66495],
							"rotation": [0, 0, 28],
							"uv": {
								"north": {"uv": [57, 150], "uv_size": [1, 1]},
								"east": {"uv": [140, 147], "uv_size": [2, 1]},
								"south": {"uv": [150, 57], "uv_size": [1, 1]},
								"west": {"uv": [142, 147], "uv_size": [2, 1]},
								"up": {"uv": [75, 147], "uv_size": [1, 2]},
								"down": {"uv": [144, 149], "uv_size": [1, -2]}
							}
						},
						{
							"origin": [-0.43813, 24.39468, -32.82595],
							"size": [1.09724, 0.89775, 2.16],
							"inflate": 0.001,
							"uv": {
								"north": {"uv": [58, 150], "uv_size": [1, 1]},
								"east": {"uv": [147, 144], "uv_size": [2, 1]},
								"south": {"uv": [150, 58], "uv_size": [1, 1]},
								"west": {"uv": [145, 147], "uv_size": [2, 1]},
								"up": {"uv": [147, 147], "uv_size": [1, 2]},
								"down": {"uv": [0, 150], "uv_size": [1, -2]}
							}
						},
						{
							"origin": [-2.13707, 21.04635, -32.82595],
							"size": [1.49624, 1.29675, 2.16],
							"inflate": 0.001,
							"pivot": [-2.13807, 22.3441, -30.66495],
							"rotation": [0, 0, -28],
							"uv": {
								"north": {"uv": [59, 150], "uv_size": [1, 1]},
								"east": {"uv": [147, 145], "uv_size": [2, 1]},
								"south": {"uv": [150, 59], "uv_size": [1, 1]},
								"west": {"uv": [1, 148], "uv_size": [2, 1]},
								"up": {"uv": [3, 148], "uv_size": [1, 2]},
								"down": {"uv": [148, 5], "uv_size": [1, -2]}
							}
						},
						{
							"origin": [-1.52735, 19.89963, -32.82595],
							"size": [1.89524, 1.29675, 2.16],
							"inflate": 0.001,
							"pivot": [-1.52835, 21.19737, -30.86645],
							"rotation": [0, 0, -57],
							"uv": {
								"north": {"uv": [148, 6], "uv_size": [2, 1]},
								"east": {"uv": [148, 7], "uv_size": [2, 1]},
								"south": {"uv": [148, 12], "uv_size": [2, 1]},
								"west": {"uv": [148, 13], "uv_size": [2, 1]},
								"up": {"uv": [71, 142], "uv_size": [2, 2]},
								"down": {"uv": [142, 73], "uv_size": [2, -2]}
							}
						},
						{
							"origin": [0.55618, 21.04635, -32.82595],
							"size": [1.7955, 1.29675, 2.16],
							"inflate": 0.001,
							"pivot": [2.35267, 22.3441, -30.66495],
							"rotation": [0, 0, 28],
							"uv": {
								"north": {"uv": [148, 14], "uv_size": [2, 1]},
								"east": {"uv": [148, 15], "uv_size": [2, 1]},
								"south": {"uv": [148, 16], "uv_size": [2, 1]},
								"west": {"uv": [148, 17], "uv_size": [2, 1]},
								"up": {"uv": [73, 142], "uv_size": [2, 2]},
								"down": {"uv": [142, 75], "uv_size": [2, -2]}
							}
						},
						{
							"origin": [-0.05355, 19.89963, -32.82595],
							"size": [1.7955, 1.29675, 2.16],
							"inflate": 0.001,
							"pivot": [1.74295, 21.19737, -30.86645],
							"rotation": [0, 0, 57],
							"uv": {
								"north": {"uv": [148, 18], "uv_size": [2, 1]},
								"east": {"uv": [19, 148], "uv_size": [2, 1]},
								"south": {"uv": [148, 19], "uv_size": [2, 1]},
								"west": {"uv": [21, 148], "uv_size": [2, 1]},
								"up": {"uv": [142, 75], "uv_size": [2, 2]},
								"down": {"uv": [80, 144], "uv_size": [2, -2]}
							}
						},
						{
							"origin": [-0.43813, 20.49103, -32.82595],
							"size": [1.09724, 0.89775, 2.16],
							"inflate": 0.001,
							"uv": {
								"north": {"uv": [60, 150], "uv_size": [1, 1]},
								"east": {"uv": [23, 148], "uv_size": [2, 1]},
								"south": {"uv": [150, 60], "uv_size": [1, 1]},
								"west": {"uv": [27, 148], "uv_size": [2, 1]},
								"up": {"uv": [11, 148], "uv_size": [1, 2]},
								"down": {"uv": [25, 150], "uv_size": [1, -2]}
							}
						},
						{
							"origin": [-2.13707, 22.3451, -32.82595],
							"size": [4.48875, 1.09725, 2.16],
							"inflate": 0.001,
							"uv": {
								"north": {"uv": [142, 33], "uv_size": [4, 1]},
								"east": {"uv": [148, 29], "uv_size": [2, 1]},
								"south": {"uv": [142, 45], "uv_size": [4, 1]},
								"west": {"uv": [148, 30], "uv_size": [2, 1]},
								"up": {"uv": [134, 85], "uv_size": [4, 2]},
								"down": {"uv": [134, 107], "uv_size": [4, -2]}
							}
						}
					]
				},
				{
					"name": "bone8",
					"parent": "handguard",
					"pivot": [-2.251, 24.103, -65.001],
					"cubes": [
						{
							"origin": [0.55618, 23.44035, -66.02595],
							"size": [1.7955, 1.29675, 1.25999],
							"inflate": 0.001,
							"pivot": [2.35267, 23.43935, -63.86495],
							"rotation": [0, 0, -28],
							"uv": {
								"north": {"uv": [148, 57], "uv_size": [2, 1]},
								"east": {"uv": [74, 150], "uv_size": [1, 1]},
								"south": {"uv": [58, 148], "uv_size": [2, 1]},
								"west": {"uv": [150, 74], "uv_size": [1, 1]},
								"up": {"uv": [148, 58], "uv_size": [2, 1]},
								"down": {"uv": [148, 60], "uv_size": [2, -1]}
							}
						},
						{
							"origin": [-0.05355, 24.58708, -66.02595],
							"size": [1.7955, 1.29675, 1.25999],
							"inflate": 0.001,
							"pivot": [1.74295, 24.58608, -64.06645],
							"rotation": [0, 0, -57],
							"uv": {
								"north": {"uv": [60, 148], "uv_size": [2, 1]},
								"east": {"uv": [75, 150], "uv_size": [1, 1]},
								"south": {"uv": [148, 60], "uv_size": [2, 1]},
								"west": {"uv": [150, 75], "uv_size": [1, 1]},
								"up": {"uv": [62, 148], "uv_size": [2, 1]},
								"down": {"uv": [64, 149], "uv_size": [2, -1]}
							}
						},
						{
							"origin": [-1.52735, 24.58708, -66.02595],
							"size": [1.89524, 1.29675, 1.25999],
							"inflate": 0.001,
							"pivot": [-1.52835, 24.58608, -64.06645],
							"rotation": [0, 0, 57],
							"uv": {
								"north": {"uv": [66, 148], "uv_size": [2, 1]},
								"east": {"uv": [76, 150], "uv_size": [1, 1]},
								"south": {"uv": [148, 67], "uv_size": [2, 1]},
								"west": {"uv": [150, 76], "uv_size": [1, 1]},
								"up": {"uv": [148, 68], "uv_size": [2, 1]},
								"down": {"uv": [73, 149], "uv_size": [2, -1]}
							}
						},
						{
							"origin": [-2.13707, 23.44035, -66.02595],
							"size": [1.49624, 1.29675, 1.25999],
							"inflate": 0.001,
							"pivot": [-2.13807, 23.43935, -63.86495],
							"rotation": [0, 0, 28],
							"uv": {
								"north": {"uv": [77, 150], "uv_size": [1, 1]},
								"east": {"uv": [150, 77], "uv_size": [1, 1]},
								"south": {"uv": [78, 150], "uv_size": [1, 1]},
								"west": {"uv": [150, 78], "uv_size": [1, 1]},
								"up": {"uv": [79, 150], "uv_size": [1, 1]},
								"down": {"uv": [150, 80], "uv_size": [1, -1]}
							}
						},
						{
							"origin": [-0.43813, 24.39468, -66.02595],
							"size": [1.09724, 0.89775, 1.25999],
							"inflate": 0.001,
							"uv": {
								"north": {"uv": [80, 150], "uv_size": [1, 1]},
								"east": {"uv": [150, 80], "uv_size": [1, 1]},
								"south": {"uv": [81, 150], "uv_size": [1, 1]},
								"west": {"uv": [150, 81], "uv_size": [1, 1]},
								"up": {"uv": [82, 150], "uv_size": [1, 1]},
								"down": {"uv": [150, 83], "uv_size": [1, -1]}
							}
						},
						{
							"origin": [-2.13707, 21.04635, -66.02595],
							"size": [1.49624, 1.29675, 1.25999],
							"inflate": 0.001,
							"pivot": [-2.13807, 22.3441, -63.86495],
							"rotation": [0, 0, -28],
							"uv": {
								"north": {"uv": [83, 150], "uv_size": [1, 1]},
								"east": {"uv": [150, 83], "uv_size": [1, 1]},
								"south": {"uv": [84, 150], "uv_size": [1, 1]},
								"west": {"uv": [150, 84], "uv_size": [1, 1]},
								"up": {"uv": [85, 150], "uv_size": [1, 1]},
								"down": {"uv": [150, 86], "uv_size": [1, -1]}
							}
						},
						{
							"origin": [-1.52735, 19.89963, -66.02595],
							"size": [1.89524, 1.29675, 1.25999],
							"inflate": 0.001,
							"pivot": [-1.52835, 21.19737, -64.06645],
							"rotation": [0, 0, -57],
							"uv": {
								"north": {"uv": [148, 77], "uv_size": [2, 1]},
								"east": {"uv": [86, 150], "uv_size": [1, 1]},
								"south": {"uv": [148, 78], "uv_size": [2, 1]},
								"west": {"uv": [150, 86], "uv_size": [1, 1]},
								"up": {"uv": [148, 79], "uv_size": [2, 1]},
								"down": {"uv": [81, 149], "uv_size": [2, -1]}
							}
						},
						{
							"origin": [0.55618, 21.04635, -66.02595],
							"size": [1.7955, 1.29675, 1.25999],
							"inflate": 0.001,
							"pivot": [2.35267, 22.3441, -63.86495],
							"rotation": [0, 0, 28],
							"uv": {
								"north": {"uv": [83, 148], "uv_size": [2, 1]},
								"east": {"uv": [87, 150], "uv_size": [1, 1]},
								"south": {"uv": [148, 84], "uv_size": [2, 1]},
								"west": {"uv": [150, 87], "uv_size": [1, 1]},
								"up": {"uv": [85, 148], "uv_size": [2, 1]},
								"down": {"uv": [87, 149], "uv_size": [2, -1]}
							}
						},
						{
							"origin": [-0.05355, 19.89963, -66.02595],
							"size": [1.7955, 1.29675, 1.25999],
							"inflate": 0.001,
							"pivot": [1.74295, 21.19737, -64.06645],
							"rotation": [0, 0, 57],
							"uv": {
								"north": {"uv": [148, 87], "uv_size": [2, 1]},
								"east": {"uv": [88, 150], "uv_size": [1, 1]},
								"south": {"uv": [148, 88], "uv_size": [2, 1]},
								"west": {"uv": [150, 88], "uv_size": [1, 1]},
								"up": {"uv": [89, 148], "uv_size": [2, 1]},
								"down": {"uv": [148, 90], "uv_size": [2, -1]}
							}
						},
						{
							"origin": [-0.43813, 20.49103, -66.02595],
							"size": [1.09724, 0.89775, 1.25999],
							"inflate": 0.001,
							"uv": {
								"north": {"uv": [89, 150], "uv_size": [1, 1]},
								"east": {"uv": [150, 89], "uv_size": [1, 1]},
								"south": {"uv": [90, 150], "uv_size": [1, 1]},
								"west": {"uv": [150, 90], "uv_size": [1, 1]},
								"up": {"uv": [91, 150], "uv_size": [1, 1]},
								"down": {"uv": [150, 92], "uv_size": [1, -1]}
							}
						},
						{
							"origin": [-2.13707, 22.3451, -66.02595],
							"size": [4.48875, 1.09725, 1.25999],
							"inflate": 0.001,
							"uv": {
								"north": {"uv": [142, 51], "uv_size": [4, 1]},
								"east": {"uv": [92, 150], "uv_size": [1, 1]},
								"south": {"uv": [142, 63], "uv_size": [4, 1]},
								"west": {"uv": [150, 92], "uv_size": [1, 1]},
								"up": {"uv": [142, 81], "uv_size": [4, 1]},
								"down": {"uv": [142, 83], "uv_size": [4, -1]}
							}
						}
					]
				},
				{
					"name": "bone9",
					"parent": "handguard",
					"pivot": [-2.251, 24.103, -61.601],
					"cubes": [
						{
							"origin": [0.55618, 23.44035, -62.62595],
							"size": [1.7955, 1.29675, 2.55999],
							"inflate": 0.001,
							"pivot": [2.35267, 23.43935, -60.46495],
							"rotation": [0, 0, -28],
							"uv": {
								"north": {"uv": [91, 148], "uv_size": [2, 1]},
								"east": {"uv": [141, 145], "uv_size": [3, 1]},
								"south": {"uv": [93, 148], "uv_size": [2, 1]},
								"west": {"uv": [147, 126], "uv_size": [2, 1]},
								"up": {"uv": [44, 90], "uv_size": [2, 3]},
								"down": {"uv": [120, 103], "uv_size": [2, -3]}
							}
						},
						{
							"origin": [-0.05355, 24.58708, -62.62595],
							"size": [1.7955, 1.29675, 2.55999],
							"inflate": 0.001,
							"pivot": [1.74295, 24.58608, -60.66645],
							"rotation": [0, 0, -57],
							"uv": {
								"north": {"uv": [148, 93], "uv_size": [2, 1]},
								"east": {"uv": [145, 142], "uv_size": [3, 1]},
								"south": {"uv": [95, 148], "uv_size": [2, 1]},
								"west": {"uv": [147, 126], "uv_size": [2, 1]},
								"up": {"uv": [124, 80], "uv_size": [2, 3]},
								"down": {"uv": [125, 13], "uv_size": [2, -3]}
							}
						},
						{
							"origin": [-1.52735, 24.58708, -62.62595],
							"size": [1.89524, 1.29675, 2.55999],
							"inflate": 0.001,
							"pivot": [-1.52835, 24.58608, -60.66645],
							"rotation": [0, 0, 57],
							"uv": {
								"north": {"uv": [97, 148], "uv_size": [2, 1]},
								"east": {"uv": [149, 126], "uv_size": [-2, 1]},
								"south": {"uv": [99, 148], "uv_size": [2, 1]},
								"west": {"uv": [146, 0], "uv_size": [3, 1]},
								"up": {"uv": [136, 134], "uv_size": [2, 3]},
								"down": {"uv": [137, 3], "uv_size": [2, -3]}
							}
						},
						{
							"origin": [-2.13707, 23.44035, -62.62595],
							"size": [1.49624, 1.29675, 2.55999],
							"inflate": 0.001,
							"pivot": [-2.13807, 23.43935, -60.46495],
							"rotation": [0, 0, 28],
							"uv": {
								"north": {"uv": [93, 150], "uv_size": [1, 1]},
								"east": {"uv": [149, 126], "uv_size": [-2, 1]},
								"south": {"uv": [150, 93], "uv_size": [1, 1]},
								"west": {"uv": [146, 1], "uv_size": [3, 1]},
								"up": {"uv": [146, 2], "uv_size": [1, 3]},
								"down": {"uv": [4, 149], "uv_size": [1, -3]}
							}
						},
						{
							"origin": [-0.43813, 24.39468, -62.62595],
							"size": [1.09724, 0.89775, 2.55999],
							"inflate": 0.001,
							"uv": {
								"north": {"uv": [94, 150], "uv_size": [1, 1]},
								"east": {"uv": [5, 146], "uv_size": [3, 1]},
								"south": {"uv": [150, 94], "uv_size": [1, 1]},
								"west": {"uv": [146, 5], "uv_size": [3, 1]},
								"up": {"uv": [147, 147], "uv_size": [1, 2]},
								"down": {"uv": [9, 149], "uv_size": [1, -3]}
							}
						},
						{
							"origin": [-2.13707, 21.04635, -62.62595],
							"size": [1.49624, 1.29675, 2.55999],
							"inflate": 0.001,
							"pivot": [-2.13807, 22.3441, -60.46495],
							"rotation": [0, 0, -28],
							"uv": {
								"north": {"uv": [95, 150], "uv_size": [1, 1]},
								"east": {"uv": [149, 126], "uv_size": [-2, 1]},
								"south": {"uv": [150, 95], "uv_size": [1, 1]},
								"west": {"uv": [146, 9], "uv_size": [3, 1]},
								"up": {"uv": [10, 146], "uv_size": [1, 3]},
								"down": {"uv": [12, 149], "uv_size": [1, -3]}
							}
						},
						{
							"origin": [-1.52735, 19.89963, -62.62595],
							"size": [1.89524, 1.29675, 2.55999],
							"inflate": 0.001,
							"pivot": [-1.52835, 21.19737, -60.66645],
							"rotation": [0, 0, -57],
							"uv": {
								"north": {"uv": [101, 148], "uv_size": [2, 1]},
								"east": {"uv": [149, 126], "uv_size": [-2, 1]},
								"south": {"uv": [103, 148], "uv_size": [2, 1]},
								"west": {"uv": [13, 146], "uv_size": [3, 1]},
								"up": {"uv": [137, 3], "uv_size": [2, 3]},
								"down": {"uv": [137, 55], "uv_size": [2, -3]}
							}
						},
						{
							"origin": [0.55618, 21.04635, -62.62595],
							"size": [1.7955, 1.29675, 2.55999],
							"inflate": 0.001,
							"pivot": [2.35267, 22.3441, -60.46495],
							"rotation": [0, 0, 28],
							"uv": {
								"north": {"uv": [148, 104], "uv_size": [2, 1]},
								"east": {"uv": [16, 146], "uv_size": [3, 1]},
								"south": {"uv": [105, 148], "uv_size": [2, 1]},
								"west": {"uv": [147, 126], "uv_size": [2, 1]},
								"up": {"uv": [137, 75], "uv_size": [2, 3]},
								"down": {"uv": [137, 85], "uv_size": [2, -3]}
							}
						},
						{
							"origin": [-0.05355, 19.89963, -62.62595],
							"size": [1.7955, 1.29675, 2.55999],
							"inflate": 0.001,
							"pivot": [1.74295, 21.19737, -60.66645],
							"rotation": [0, 0, 57],
							"uv": {
								"north": {"uv": [107, 148], "uv_size": [2, 1]},
								"east": {"uv": [146, 20], "uv_size": [3, 1]},
								"south": {"uv": [109, 148], "uv_size": [2, 1]},
								"west": {"uv": [147, 126], "uv_size": [2, 1]},
								"up": {"uv": [137, 87], "uv_size": [2, 3]},
								"down": {"uv": [137, 105], "uv_size": [2, -3]}
							}
						},
						{
							"origin": [-0.43813, 20.49103, -62.62595],
							"size": [1.09724, 0.89775, 2.55999],
							"inflate": 0.001,
							"uv": {
								"north": {"uv": [96, 150], "uv_size": [1, 1]},
								"east": {"uv": [22, 146], "uv_size": [3, 1]},
								"south": {"uv": [150, 96], "uv_size": [1, 1]},
								"west": {"uv": [146, 22], "uv_size": [3, 1]},
								"up": {"uv": [146, 23], "uv_size": [1, 3]},
								"down": {"uv": [148, 147], "uv_size": [-1, 2]}
							}
						},
						{
							"origin": [-2.13707, 22.3451, -62.62595],
							"size": [4.48875, 1.09725, 2.55999],
							"inflate": 0.001,
							"uv": {
								"north": {"uv": [142, 83], "uv_size": [4, 1]},
								"east": {"uv": [149, 126], "uv_size": [-2, 1]},
								"south": {"uv": [86, 142], "uv_size": [4, 1]},
								"west": {"uv": [147, 126], "uv_size": [2, 1]},
								"up": {"uv": [129, 64], "uv_size": [4, 3]},
								"down": {"uv": [129, 70], "uv_size": [4, -3]}
							}
						}
					]
				},
				{
					"name": "bone10",
					"parent": "handguard",
					"pivot": [-2.251, 24.103, -41.401],
					"cubes": [
						{
							"origin": [0.55618, 23.44035, -42.42595],
							"size": [1.7955, 1.29675, 2.55999],
							"inflate": 0.001,
							"pivot": [2.35267, 23.43935, -40.26495],
							"rotation": [0, 0, -28],
							"uv": {
								"north": {"uv": [111, 148], "uv_size": [2, 1]},
								"east": {"uv": [146, 27], "uv_size": [3, 1]},
								"south": {"uv": [113, 148], "uv_size": [2, 1]},
								"west": {"uv": [147, 126], "uv_size": [2, 1]},
								"up": {"uv": [137, 113], "uv_size": [2, 3]},
								"down": {"uv": [120, 140], "uv_size": [2, -3]}
							}
						},
						{
							"origin": [-0.05355, 24.58708, -42.42595],
							"size": [1.7955, 1.29675, 2.55999],
							"inflate": 0.001,
							"pivot": [1.74295, 24.58608, -40.46645],
							"rotation": [0, 0, -57],
							"uv": {
								"north": {"uv": [148, 113], "uv_size": [2, 1]},
								"east": {"uv": [30, 146], "uv_size": [3, 1]},
								"south": {"uv": [148, 114], "uv_size": [2, 1]},
								"west": {"uv": [147, 126], "uv_size": [2, 1]},
								"up": {"uv": [122, 137], "uv_size": [2, 3]},
								"down": {"uv": [124, 140], "uv_size": [2, -3]}
							}
						},
						{
							"origin": [-1.52735, 24.58708, -42.42595],
							"size": [1.89524, 1.29675, 2.55999],
							"inflate": 0.001,
							"pivot": [-1.52835, 24.58608, -40.46645],
							"rotation": [0, 0, 57],
							"uv": {
								"north": {"uv": [115, 148], "uv_size": [2, 1]},
								"east": {"uv": [149, 126], "uv_size": [-2, 1]},
								"south": {"uv": [148, 115], "uv_size": [2, 1]},
								"west": {"uv": [33, 146], "uv_size": [3, 1]},
								"up": {"uv": [136, 137], "uv_size": [2, 3]},
								"down": {"uv": [138, 12], "uv_size": [2, -3]}
							}
						},
						{
							"origin": [-2.13707, 23.44035, -42.42595],
							"size": [1.49624, 1.29675, 2.55999],
							"inflate": 0.001,
							"pivot": [-2.13807, 23.43935, -40.26495],
							"rotation": [0, 0, 28],
							"uv": {
								"north": {"uv": [97, 150], "uv_size": [1, 1]},
								"east": {"uv": [149, 126], "uv_size": [-2, 1]},
								"south": {"uv": [150, 97], "uv_size": [1, 1]},
								"west": {"uv": [146, 34], "uv_size": [3, 1]},
								"up": {"uv": [146, 35], "uv_size": [1, 3]},
								"down": {"uv": [38, 149], "uv_size": [1, -3]}
							}
						},
						{
							"origin": [-0.43813, 24.39468, -42.42595],
							"size": [1.09724, 0.89775, 2.55999],
							"inflate": 0.001,
							"uv": {
								"north": {"uv": [98, 150], "uv_size": [1, 1]},
								"east": {"uv": [146, 38], "uv_size": [3, 1]},
								"south": {"uv": [150, 98], "uv_size": [1, 1]},
								"west": {"uv": [146, 39], "uv_size": [3, 1]},
								"up": {"uv": [147, 147], "uv_size": [1, 2]},
								"down": {"uv": [40, 149], "uv_size": [1, -3]}
							}
						},
						{
							"origin": [-2.13707, 21.04635, -42.42595],
							"size": [1.49624, 1.29675, 2.55999],
							"inflate": 0.001,
							"pivot": [-2.13807, 22.3441, -40.26495],
							"rotation": [0, 0, -28],
							"uv": {
								"north": {"uv": [99, 150], "uv_size": [1, 1]},
								"east": {"uv": [149, 126], "uv_size": [-2, 1]},
								"south": {"uv": [150, 99], "uv_size": [1, 1]},
								"west": {"uv": [146, 41], "uv_size": [3, 1]},
								"up": {"uv": [42, 146], "uv_size": [1, 3]},
								"down": {"uv": [146, 45], "uv_size": [1, -3]}
							}
						},
						{
							"origin": [-1.52735, 19.89963, -42.42595],
							"size": [1.89524, 1.29675, 2.55999],
							"inflate": 0.001,
							"pivot": [-1.52835, 21.19737, -40.46645],
							"rotation": [0, 0, -57],
							"uv": {
								"north": {"uv": [117, 148], "uv_size": [2, 1]},
								"east": {"uv": [149, 126], "uv_size": [-2, 1]},
								"south": {"uv": [119, 148], "uv_size": [2, 1]},
								"west": {"uv": [146, 45], "uv_size": [3, 1]},
								"up": {"uv": [138, 20], "uv_size": [2, 3]},
								"down": {"uv": [138, 26], "uv_size": [2, -3]}
							}
						},
						{
							"origin": [0.55618, 21.04635, -42.42595],
							"size": [1.7955, 1.29675, 2.55999],
							"inflate": 0.001,
							"pivot": [2.35267, 22.3441, -40.26495],
							"rotation": [0, 0, 28],
							"uv": {
								"north": {"uv": [148, 119], "uv_size": [2, 1]},
								"east": {"uv": [46, 146], "uv_size": [3, 1]},
								"south": {"uv": [148, 120], "uv_size": [2, 1]},
								"west": {"uv": [147, 126], "uv_size": [2, 1]},
								"up": {"uv": [138, 26], "uv_size": [2, 3]},
								"down": {"uv": [39, 141], "uv_size": [2, -3]}
							}
						},
						{
							"origin": [-0.05355, 19.89963, -42.42595],
							"size": [1.7955, 1.29675, 2.55999],
							"inflate": 0.001,
							"pivot": [1.74295, 21.19737, -40.46645],
							"rotation": [0, 0, 57],
							"uv": {
								"north": {"uv": [121, 148], "uv_size": [2, 1]},
								"east": {"uv": [146, 49], "uv_size": [3, 1]},
								"south": {"uv": [148, 121], "uv_size": [2, 1]},
								"west": {"uv": [147, 126], "uv_size": [2, 1]},
								"up": {"uv": [48, 138], "uv_size": [2, 3]},
								"down": {"uv": [138, 65], "uv_size": [2, -3]}
							}
						},
						{
							"origin": [-0.43813, 20.49103, -42.42595],
							"size": [1.09724, 0.89775, 2.55999],
							"inflate": 0.001,
							"uv": {
								"north": {"uv": [100, 150], "uv_size": [1, 1]},
								"east": {"uv": [146, 51], "uv_size": [3, 1]},
								"south": {"uv": [150, 100], "uv_size": [1, 1]},
								"west": {"uv": [53, 146], "uv_size": [3, 1]},
								"up": {"uv": [56, 146], "uv_size": [1, 3]},
								"down": {"uv": [149, 127], "uv_size": [-2, -1]}
							}
						},
						{
							"origin": [-2.13707, 22.3451, -42.42595],
							"size": [4.48875, 1.09725, 2.55999],
							"inflate": 0.001,
							"uv": {
								"north": {"uv": [142, 91], "uv_size": [4, 1]},
								"east": {"uv": [149, 126], "uv_size": [-2, 1]},
								"south": {"uv": [142, 92], "uv_size": [4, 1]},
								"west": {"uv": [147, 126], "uv_size": [2, 1]},
								"up": {"uv": [129, 70], "uv_size": [4, 3]},
								"down": {"uv": [129, 76], "uv_size": [4, -3]}
							}
						}
					]
				},
				{
					"name": "bone",
					"parent": "handguard",
					"pivot": [-1.15, 21.7, -40.1],
					"cubes": [
						{
							"origin": [-0.77, 17.1, -30.55],
							"size": [1.7, 0.6, 11.41],
							"inflate": 0.001,
							"uv": {
								"north": {"uv": [63, 89], "uv_size": [-2, -1]},
								"east": {"uv": [56, 98], "uv_size": [2, -1]},
								"south": {"uv": [56, 98], "uv_size": [2, -1]},
								"west": {"uv": [56, 98], "uv_size": [2, -1]},
								"up": {"uv": [58, 97], "uv_size": [-2, 1]},
								"down": {"uv": [60, 86], "uv_size": [2, 1]}
							}
						},
						{
							"origin": [4.647, 16.7, -21.45],
							"size": [0.3, 0.3, 0.6],
							"inflate": 0.001,
							"pivot": [3.06, 21.6, -33.6],
							"rotation": [0, 0, 45],
							"uv": {
								"north": {"uv": [50, 23], "uv_size": [-2, 2]},
								"east": {"uv": [50, 23], "uv_size": [-2, 2]},
								"south": {"uv": [50, 23], "uv_size": [-2, 2]},
								"west": {"uv": [50, 23], "uv_size": [-2, 2]},
								"up": {"uv": [48, 25], "uv_size": [2, -2]},
								"down": {"uv": [48, 25], "uv_size": [2, -2]}
							}
						},
						{
							"origin": [2.947, 16.7, -21.45],
							"size": [0.3, 0.3, 0.6],
							"inflate": 0.001,
							"pivot": [1.36, 21.6, -33.6],
							"rotation": [0, 0, 45],
							"uv": {
								"north": {"uv": [50, 23], "uv_size": [-2, 2]},
								"east": {"uv": [50, 23], "uv_size": [-2, 2]},
								"south": {"uv": [50, 23], "uv_size": [-2, 2]},
								"west": {"uv": [50, 23], "uv_size": [-2, 2]},
								"up": {"uv": [48, 25], "uv_size": [2, -2]},
								"down": {"uv": [48, 25], "uv_size": [2, -2]}
							}
						},
						{
							"origin": [-0.77, 16.8, -21.45],
							"size": [1.7, 0.3, 0.6],
							"inflate": 0.001,
							"uv": {
								"north": {"uv": [63, 89], "uv_size": [-2, -1]},
								"east": {"uv": [63, 86], "uv_size": [-3, 1]},
								"south": {"uv": [63, 89], "uv_size": [-2, -1]},
								"west": {"uv": [63, 86], "uv_size": [-3, 1]},
								"up": {"uv": [60, 87], "uv_size": [3, -1]},
								"down": {"uv": [60, 86], "uv_size": [2, 1]}
							}
						},
						{
							"origin": [-0.77, 16.8, -20.15],
							"size": [1.7, 0.3, 0.6],
							"inflate": 0.001,
							"uv": {
								"north": {"uv": [63, 89], "uv_size": [-2, -1]},
								"east": {"uv": [63, 86], "uv_size": [-3, 1]},
								"south": {"uv": [63, 89], "uv_size": [-2, -1]},
								"west": {"uv": [63, 86], "uv_size": [-3, 1]},
								"up": {"uv": [60, 87], "uv_size": [3, -1]},
								"down": {"uv": [60, 86], "uv_size": [2, 1]}
							}
						},
						{
							"origin": [4.647, 16.7, -20.15],
							"size": [0.3, 0.3, 0.6],
							"inflate": 0.001,
							"pivot": [3.06, 21.6, -32.3],
							"rotation": [0, 0, 45],
							"uv": {
								"north": {"uv": [50, 23], "uv_size": [-2, 2]},
								"east": {"uv": [50, 23], "uv_size": [-2, 2]},
								"south": {"uv": [50, 23], "uv_size": [-2, 2]},
								"west": {"uv": [50, 23], "uv_size": [-2, 2]},
								"up": {"uv": [48, 25], "uv_size": [2, -2]},
								"down": {"uv": [48, 25], "uv_size": [2, -2]}
							}
						},
						{
							"origin": [2.947, 16.7, -20.15],
							"size": [0.3, 0.3, 0.6],
							"inflate": 0.001,
							"pivot": [1.36, 21.6, -32.3],
							"rotation": [0, 0, 45],
							"uv": {
								"north": {"uv": [50, 23], "uv_size": [-2, 2]},
								"east": {"uv": [50, 23], "uv_size": [-2, 2]},
								"south": {"uv": [50, 23], "uv_size": [-2, 2]},
								"west": {"uv": [50, 23], "uv_size": [-2, 2]},
								"up": {"uv": [48, 25], "uv_size": [2, -2]},
								"down": {"uv": [48, 25], "uv_size": [2, -2]}
							}
						},
						{
							"origin": [4.647, 16.7, -22.75],
							"size": [0.3, 0.3, 0.6],
							"inflate": 0.001,
							"pivot": [3.06, 21.6, -34.9],
							"rotation": [0, 0, 45],
							"uv": {
								"north": {"uv": [50, 23], "uv_size": [-2, 2]},
								"east": {"uv": [50, 23], "uv_size": [-2, 2]},
								"south": {"uv": [50, 23], "uv_size": [-2, 2]},
								"west": {"uv": [50, 23], "uv_size": [-2, 2]},
								"up": {"uv": [48, 25], "uv_size": [2, -2]},
								"down": {"uv": [48, 25], "uv_size": [2, -2]}
							}
						},
						{
							"origin": [2.947, 16.7, -22.75],
							"size": [0.3, 0.3, 0.6],
							"inflate": 0.001,
							"pivot": [1.36, 21.6, -34.9],
							"rotation": [0, 0, 45],
							"uv": {
								"north": {"uv": [50, 23], "uv_size": [-2, 2]},
								"east": {"uv": [50, 23], "uv_size": [-2, 2]},
								"south": {"uv": [50, 23], "uv_size": [-2, 2]},
								"west": {"uv": [50, 23], "uv_size": [-2, 2]},
								"up": {"uv": [48, 25], "uv_size": [2, -2]},
								"down": {"uv": [48, 25], "uv_size": [2, -2]}
							}
						},
						{
							"origin": [-0.77, 16.8, -22.75],
							"size": [1.7, 0.3, 0.6],
							"inflate": 0.001,
							"uv": {
								"north": {"uv": [63, 89], "uv_size": [-2, -1]},
								"east": {"uv": [63, 86], "uv_size": [-3, 1]},
								"south": {"uv": [63, 89], "uv_size": [-2, -1]},
								"west": {"uv": [63, 86], "uv_size": [-3, 1]},
								"up": {"uv": [60, 87], "uv_size": [3, -1]},
								"down": {"uv": [60, 86], "uv_size": [2, 1]}
							}
						},
						{
							"origin": [4.647, 16.7, -24.05],
							"size": [0.3, 0.3, 0.6],
							"inflate": 0.001,
							"pivot": [3.06, 21.6, -36.2],
							"rotation": [0, 0, 45],
							"uv": {
								"north": {"uv": [50, 23], "uv_size": [-2, 2]},
								"east": {"uv": [50, 23], "uv_size": [-2, 2]},
								"south": {"uv": [50, 23], "uv_size": [-2, 2]},
								"west": {"uv": [50, 23], "uv_size": [-2, 2]},
								"up": {"uv": [48, 25], "uv_size": [2, -2]},
								"down": {"uv": [48, 25], "uv_size": [2, -2]}
							}
						},
						{
							"origin": [2.947, 16.7, -24.05],
							"size": [0.3, 0.3, 0.6],
							"inflate": 0.001,
							"pivot": [1.36, 21.6, -36.2],
							"rotation": [0, 0, 45],
							"uv": {
								"north": {"uv": [50, 23], "uv_size": [-2, 2]},
								"east": {"uv": [50, 23], "uv_size": [-2, 2]},
								"south": {"uv": [50, 23], "uv_size": [-2, 2]},
								"west": {"uv": [50, 23], "uv_size": [-2, 2]},
								"up": {"uv": [48, 25], "uv_size": [2, -2]},
								"down": {"uv": [48, 25], "uv_size": [2, -2]}
							}
						},
						{
							"origin": [-0.77, 16.8, -24.05],
							"size": [1.7, 0.3, 0.6],
							"inflate": 0.001,
							"uv": {
								"north": {"uv": [63, 89], "uv_size": [-2, -1]},
								"east": {"uv": [63, 86], "uv_size": [-3, 1]},
								"south": {"uv": [63, 89], "uv_size": [-2, -1]},
								"west": {"uv": [63, 86], "uv_size": [-3, 1]},
								"up": {"uv": [60, 87], "uv_size": [3, -1]},
								"down": {"uv": [60, 86], "uv_size": [2, 1]}
							}
						},
						{
							"origin": [4.647, 16.7, -25.35],
							"size": [0.3, 0.3, 0.6],
							"inflate": 0.001,
							"pivot": [3.06, 21.6, -37.5],
							"rotation": [0, 0, 45],
							"uv": {
								"north": {"uv": [50, 23], "uv_size": [-2, 2]},
								"east": {"uv": [50, 23], "uv_size": [-2, 2]},
								"south": {"uv": [50, 23], "uv_size": [-2, 2]},
								"west": {"uv": [50, 23], "uv_size": [-2, 2]},
								"up": {"uv": [48, 25], "uv_size": [2, -2]},
								"down": {"uv": [48, 25], "uv_size": [2, -2]}
							}
						},
						{
							"origin": [2.947, 16.7, -25.35],
							"size": [0.3, 0.3, 0.6],
							"inflate": 0.001,
							"pivot": [1.36, 21.6, -37.5],
							"rotation": [0, 0, 45],
							"uv": {
								"north": {"uv": [50, 23], "uv_size": [-2, 2]},
								"east": {"uv": [50, 23], "uv_size": [-2, 2]},
								"south": {"uv": [50, 23], "uv_size": [-2, 2]},
								"west": {"uv": [50, 23], "uv_size": [-2, 2]},
								"up": {"uv": [48, 25], "uv_size": [2, -2]},
								"down": {"uv": [48, 25], "uv_size": [2, -2]}
							}
						},
						{
							"origin": [-0.77, 16.8, -25.35],
							"size": [1.7, 0.3, 0.6],
							"inflate": 0.001,
							"uv": {
								"north": {"uv": [63, 89], "uv_size": [-2, -1]},
								"east": {"uv": [63, 86], "uv_size": [-3, 1]},
								"south": {"uv": [63, 89], "uv_size": [-2, -1]},
								"west": {"uv": [63, 86], "uv_size": [-3, 1]},
								"up": {"uv": [60, 87], "uv_size": [3, -1]},
								"down": {"uv": [60, 86], "uv_size": [2, 1]}
							}
						},
						{
							"origin": [4.647, 16.7, -26.65],
							"size": [0.3, 0.3, 0.6],
							"inflate": 0.001,
							"pivot": [3.06, 21.6, -38.8],
							"rotation": [0, 0, 45],
							"uv": {
								"north": {"uv": [50, 23], "uv_size": [-2, 2]},
								"east": {"uv": [50, 23], "uv_size": [-2, 2]},
								"south": {"uv": [50, 23], "uv_size": [-2, 2]},
								"west": {"uv": [50, 23], "uv_size": [-2, 2]},
								"up": {"uv": [48, 25], "uv_size": [2, -2]},
								"down": {"uv": [48, 25], "uv_size": [2, -2]}
							}
						},
						{
							"origin": [2.947, 16.7, -26.65],
							"size": [0.3, 0.3, 0.6],
							"inflate": 0.001,
							"pivot": [1.36, 21.6, -38.8],
							"rotation": [0, 0, 45],
							"uv": {
								"north": {"uv": [50, 23], "uv_size": [-2, 2]},
								"east": {"uv": [50, 23], "uv_size": [-2, 2]},
								"south": {"uv": [50, 23], "uv_size": [-2, 2]},
								"west": {"uv": [50, 23], "uv_size": [-2, 2]},
								"up": {"uv": [48, 25], "uv_size": [2, -2]},
								"down": {"uv": [48, 25], "uv_size": [2, -2]}
							}
						},
						{
							"origin": [-0.77, 16.8, -26.65],
							"size": [1.7, 0.3, 0.6],
							"inflate": 0.001,
							"uv": {
								"north": {"uv": [63, 89], "uv_size": [-2, -1]},
								"east": {"uv": [63, 86], "uv_size": [-3, 1]},
								"south": {"uv": [63, 89], "uv_size": [-2, -1]},
								"west": {"uv": [63, 86], "uv_size": [-3, 1]},
								"up": {"uv": [60, 87], "uv_size": [3, -1]},
								"down": {"uv": [60, 86], "uv_size": [2, 1]}
							}
						},
						{
							"origin": [4.647, 16.7, -27.95],
							"size": [0.3, 0.3, 0.6],
							"inflate": 0.001,
							"pivot": [3.06, 21.6, -40.1],
							"rotation": [0, 0, 45],
							"uv": {
								"north": {"uv": [50, 23], "uv_size": [-2, 2]},
								"east": {"uv": [50, 23], "uv_size": [-2, 2]},
								"south": {"uv": [50, 23], "uv_size": [-2, 2]},
								"west": {"uv": [50, 23], "uv_size": [-2, 2]},
								"up": {"uv": [48, 25], "uv_size": [2, -2]},
								"down": {"uv": [48, 25], "uv_size": [2, -2]}
							}
						},
						{
							"origin": [2.947, 16.7, -27.95],
							"size": [0.3, 0.3, 0.6],
							"inflate": 0.001,
							"pivot": [1.36, 21.6, -40.1],
							"rotation": [0, 0, 45],
							"uv": {
								"north": {"uv": [50, 23], "uv_size": [-2, 2]},
								"east": {"uv": [50, 23], "uv_size": [-2, 2]},
								"south": {"uv": [50, 23], "uv_size": [-2, 2]},
								"west": {"uv": [50, 23], "uv_size": [-2, 2]},
								"up": {"uv": [48, 25], "uv_size": [2, -2]},
								"down": {"uv": [48, 25], "uv_size": [2, -2]}
							}
						},
						{
							"origin": [-0.77, 16.8, -27.95],
							"size": [1.7, 0.3, 0.6],
							"inflate": 0.001,
							"uv": {
								"north": {"uv": [63, 89], "uv_size": [-2, -1]},
								"east": {"uv": [63, 86], "uv_size": [-3, 1]},
								"south": {"uv": [63, 89], "uv_size": [-2, -1]},
								"west": {"uv": [63, 86], "uv_size": [-3, 1]},
								"up": {"uv": [60, 87], "uv_size": [3, -1]},
								"down": {"uv": [60, 86], "uv_size": [2, 1]}
							}
						},
						{
							"origin": [2.947, 16.7, -29.25],
							"size": [0.3, 0.3, 0.6],
							"inflate": 0.001,
							"pivot": [1.36, 21.6, -41.4],
							"rotation": [0, 0, 45],
							"uv": {
								"north": {"uv": [50, 23], "uv_size": [-2, 2]},
								"east": {"uv": [50, 23], "uv_size": [-2, 2]},
								"south": {"uv": [50, 23], "uv_size": [-2, 2]},
								"west": {"uv": [50, 23], "uv_size": [-2, 2]},
								"up": {"uv": [48, 25], "uv_size": [2, -2]},
								"down": {"uv": [48, 25], "uv_size": [2, -2]}
							}
						},
						{
							"origin": [-0.77, 16.8, -29.25],
							"size": [1.7, 0.3, 0.6],
							"inflate": 0.001,
							"uv": {
								"north": {"uv": [63, 89], "uv_size": [-2, -1]},
								"east": {"uv": [63, 86], "uv_size": [-3, 1]},
								"south": {"uv": [63, 89], "uv_size": [-2, -1]},
								"west": {"uv": [63, 86], "uv_size": [-3, 1]},
								"up": {"uv": [60, 87], "uv_size": [3, -1]},
								"down": {"uv": [60, 86], "uv_size": [2, 1]}
							}
						},
						{
							"origin": [4.647, 16.7, -29.25],
							"size": [0.3, 0.3, 0.6],
							"inflate": 0.001,
							"pivot": [3.06, 21.6, -41.4],
							"rotation": [0, 0, 45],
							"uv": {
								"north": {"uv": [50, 23], "uv_size": [-2, 2]},
								"east": {"uv": [50, 23], "uv_size": [-2, 2]},
								"south": {"uv": [50, 23], "uv_size": [-2, 2]},
								"west": {"uv": [50, 23], "uv_size": [-2, 2]},
								"up": {"uv": [48, 25], "uv_size": [2, -2]},
								"down": {"uv": [48, 25], "uv_size": [2, -2]}
							}
						},
						{
							"origin": [2.947, 16.7, -30.55],
							"size": [0.3, 0.3, 0.6],
							"inflate": 0.001,
							"pivot": [1.36, 21.6, -42.7],
							"rotation": [0, 0, 45],
							"uv": {
								"north": {"uv": [50, 23], "uv_size": [-2, 2]},
								"east": {"uv": [50, 23], "uv_size": [-2, 2]},
								"south": {"uv": [50, 23], "uv_size": [-2, 2]},
								"west": {"uv": [50, 23], "uv_size": [-2, 2]},
								"up": {"uv": [48, 25], "uv_size": [2, -2]},
								"down": {"uv": [48, 25], "uv_size": [2, -2]}
							}
						},
						{
							"origin": [-0.77, 16.8, -30.55],
							"size": [1.7, 0.3, 0.6],
							"inflate": 0.001,
							"uv": {
								"north": {"uv": [63, 89], "uv_size": [-2, -1]},
								"east": {"uv": [63, 86], "uv_size": [-3, 1]},
								"south": {"uv": [63, 89], "uv_size": [-2, -1]},
								"west": {"uv": [63, 86], "uv_size": [-3, 1]},
								"up": {"uv": [60, 87], "uv_size": [3, -1]},
								"down": {"uv": [60, 86], "uv_size": [2, 1]}
							}
						},
						{
							"origin": [4.647, 16.7, -30.55],
							"size": [0.3, 0.3, 0.6],
							"inflate": 0.001,
							"pivot": [3.06, 21.6, -42.7],
							"rotation": [0, 0, 45],
							"uv": {
								"north": {"uv": [50, 23], "uv_size": [-2, 2]},
								"east": {"uv": [50, 23], "uv_size": [-2, 2]},
								"south": {"uv": [50, 23], "uv_size": [-2, 2]},
								"west": {"uv": [50, 23], "uv_size": [-2, 2]},
								"up": {"uv": [48, 25], "uv_size": [2, -2]},
								"down": {"uv": [48, 25], "uv_size": [2, -2]}
							}
						}
					]
				},
				{
					"name": "bone2",
					"parent": "handguard",
					"pivot": [-1.15, 22.2, -40.1],
					"cubes": [
						{
							"origin": [-0.77, 26.2, -30.55],
							"size": [1.7, 0.6, 11.81],
							"inflate": 0.001,
							"uv": {
								"north": {"uv": [63, 89], "uv_size": [-2, -1]},
								"east": {"uv": [56, 97], "uv_size": [2, 1]},
								"south": {"uv": [63, 89], "uv_size": [-2, -1]},
								"west": {"uv": [56, 97], "uv_size": [2, 1]},
								"up": {"uv": [60, 86], "uv_size": [2, 1]},
								"down": {"uv": [58, 98], "uv_size": [-2, -1]}
							}
						},
						{
							"origin": [4.647, 26.9, -21.45],
							"size": [0.3, 0.3, 0.6],
							"inflate": 0.001,
							"pivot": [3.06, 22.3, -33.6],
							"rotation": [0, 0, -45],
							"uv": {
								"north": {"uv": [50, 25], "uv_size": [-2, -2]},
								"east": {"uv": [50, 25], "uv_size": [-2, -2]},
								"south": {"uv": [50, 25], "uv_size": [-2, -2]},
								"west": {"uv": [50, 25], "uv_size": [-2, -2]},
								"up": {"uv": [48, 23], "uv_size": [2, 2]},
								"down": {"uv": [48, 23], "uv_size": [2, 2]}
							}
						},
						{
							"origin": [2.947, 26.9, -21.45],
							"size": [0.3, 0.3, 0.6],
							"inflate": 0.001,
							"pivot": [1.36, 22.3, -33.6],
							"rotation": [0, 0, -45],
							"uv": {
								"north": {"uv": [50, 25], "uv_size": [-2, -2]},
								"east": {"uv": [50, 25], "uv_size": [-2, -2]},
								"south": {"uv": [50, 25], "uv_size": [-2, -2]},
								"west": {"uv": [50, 25], "uv_size": [-2, -2]},
								"up": {"uv": [48, 23], "uv_size": [2, 2]},
								"down": {"uv": [48, 23], "uv_size": [2, 2]}
							}
						},
						{
							"origin": [-0.77, 26.8, -21.45],
							"size": [1.7, 0.3, 0.6],
							"inflate": 0.001,
							"uv": {
								"north": {"uv": [63, 89], "uv_size": [-2, -1]},
								"east": {"uv": [63, 87], "uv_size": [-3, -1]},
								"south": {"uv": [63, 89], "uv_size": [-2, -1]},
								"west": {"uv": [63, 87], "uv_size": [-3, -1]},
								"up": {"uv": [60, 86], "uv_size": [2, 1]},
								"down": {"uv": [60, 86], "uv_size": [3, 1]}
							}
						},
						{
							"origin": [-0.77, 26.8, -20.15],
							"size": [1.7, 0.3, 0.6],
							"inflate": 0.001,
							"uv": {
								"north": {"uv": [63, 89], "uv_size": [-2, -1]},
								"east": {"uv": [63, 87], "uv_size": [-3, -1]},
								"south": {"uv": [63, 89], "uv_size": [-2, -1]},
								"west": {"uv": [63, 87], "uv_size": [-3, -1]},
								"up": {"uv": [61, 88], "uv_size": [2, 1]},
								"down": {"uv": [60, 86], "uv_size": [3, 1]}
							}
						},
						{
							"origin": [4.647, 26.9, -20.15],
							"size": [0.3, 0.3, 0.6],
							"inflate": 0.001,
							"pivot": [3.06, 22.3, -32.3],
							"rotation": [0, 0, -45],
							"uv": {
								"north": {"uv": [50, 25], "uv_size": [-2, -2]},
								"east": {"uv": [50, 25], "uv_size": [-2, -2]},
								"south": {"uv": [50, 25], "uv_size": [-2, -2]},
								"west": {"uv": [50, 25], "uv_size": [-2, -2]},
								"up": {"uv": [48, 23], "uv_size": [2, 2]},
								"down": {"uv": [48, 23], "uv_size": [2, 2]}
							}
						},
						{
							"origin": [2.947, 26.9, -20.15],
							"size": [0.3, 0.3, 0.6],
							"inflate": 0.001,
							"pivot": [1.36, 22.3, -32.3],
							"rotation": [0, 0, -45],
							"uv": {
								"north": {"uv": [50, 25], "uv_size": [-2, -2]},
								"east": {"uv": [50, 25], "uv_size": [-2, -2]},
								"south": {"uv": [50, 25], "uv_size": [-2, -2]},
								"west": {"uv": [50, 25], "uv_size": [-2, -2]},
								"up": {"uv": [48, 23], "uv_size": [2, 2]},
								"down": {"uv": [48, 23], "uv_size": [2, 2]}
							}
						},
						{
							"origin": [4.647, 26.9, -22.75],
							"size": [0.3, 0.3, 0.6],
							"inflate": 0.001,
							"pivot": [3.06, 22.3, -34.9],
							"rotation": [0, 0, -45],
							"uv": {
								"north": {"uv": [50, 25], "uv_size": [-2, -2]},
								"east": {"uv": [50, 25], "uv_size": [-2, -2]},
								"south": {"uv": [50, 25], "uv_size": [-2, -2]},
								"west": {"uv": [50, 25], "uv_size": [-2, -2]},
								"up": {"uv": [48, 23], "uv_size": [2, 2]},
								"down": {"uv": [48, 23], "uv_size": [2, 2]}
							}
						},
						{
							"origin": [2.947, 26.9, -22.75],
							"size": [0.3, 0.3, 0.6],
							"inflate": 0.001,
							"pivot": [1.36, 22.3, -34.9],
							"rotation": [0, 0, -45],
							"uv": {
								"north": {"uv": [50, 25], "uv_size": [-2, -2]},
								"east": {"uv": [50, 25], "uv_size": [-2, -2]},
								"south": {"uv": [50, 25], "uv_size": [-2, -2]},
								"west": {"uv": [50, 25], "uv_size": [-2, -2]},
								"up": {"uv": [48, 23], "uv_size": [2, 2]},
								"down": {"uv": [48, 23], "uv_size": [2, 2]}
							}
						},
						{
							"origin": [-0.77, 26.8, -22.75],
							"size": [1.7, 0.3, 0.6],
							"inflate": 0.001,
							"uv": {
								"north": {"uv": [63, 89], "uv_size": [-2, -1]},
								"east": {"uv": [63, 87], "uv_size": [-3, -1]},
								"south": {"uv": [63, 89], "uv_size": [-2, -1]},
								"west": {"uv": [63, 87], "uv_size": [-3, -1]},
								"up": {"uv": [60, 86], "uv_size": [2, 1]},
								"down": {"uv": [60, 86], "uv_size": [3, 1]}
							}
						},
						{
							"origin": [4.647, 26.9, -24.05],
							"size": [0.3, 0.3, 0.6],
							"inflate": 0.001,
							"pivot": [3.06, 22.3, -36.2],
							"rotation": [0, 0, -45],
							"uv": {
								"north": {"uv": [50, 25], "uv_size": [-2, -2]},
								"east": {"uv": [50, 25], "uv_size": [-2, -2]},
								"south": {"uv": [50, 25], "uv_size": [-2, -2]},
								"west": {"uv": [50, 25], "uv_size": [-2, -2]},
								"up": {"uv": [48, 23], "uv_size": [2, 2]},
								"down": {"uv": [48, 23], "uv_size": [2, 2]}
							}
						},
						{
							"origin": [2.947, 26.9, -24.05],
							"size": [0.3, 0.3, 0.6],
							"inflate": 0.001,
							"pivot": [1.36, 22.3, -36.2],
							"rotation": [0, 0, -45],
							"uv": {
								"north": {"uv": [50, 25], "uv_size": [-2, -2]},
								"east": {"uv": [50, 25], "uv_size": [-2, -2]},
								"south": {"uv": [50, 25], "uv_size": [-2, -2]},
								"west": {"uv": [50, 25], "uv_size": [-2, -2]},
								"up": {"uv": [48, 23], "uv_size": [2, 2]},
								"down": {"uv": [48, 23], "uv_size": [2, 2]}
							}
						},
						{
							"origin": [-0.77, 26.8, -24.05],
							"size": [1.7, 0.3, 0.6],
							"inflate": 0.001,
							"uv": {
								"north": {"uv": [63, 89], "uv_size": [-2, -1]},
								"east": {"uv": [63, 87], "uv_size": [-3, -1]},
								"south": {"uv": [63, 89], "uv_size": [-2, -1]},
								"west": {"uv": [63, 87], "uv_size": [-3, -1]},
								"up": {"uv": [60, 86], "uv_size": [2, 1]},
								"down": {"uv": [60, 86], "uv_size": [3, 1]}
							}
						},
						{
							"origin": [4.647, 26.9, -25.35],
							"size": [0.3, 0.3, 0.6],
							"inflate": 0.001,
							"pivot": [3.06, 22.3, -37.5],
							"rotation": [0, 0, -45],
							"uv": {
								"north": {"uv": [50, 25], "uv_size": [-2, -2]},
								"east": {"uv": [50, 25], "uv_size": [-2, -2]},
								"south": {"uv": [50, 25], "uv_size": [-2, -2]},
								"west": {"uv": [50, 25], "uv_size": [-2, -2]},
								"up": {"uv": [48, 23], "uv_size": [2, 2]},
								"down": {"uv": [48, 23], "uv_size": [2, 2]}
							}
						},
						{
							"origin": [2.947, 26.9, -25.35],
							"size": [0.3, 0.3, 0.6],
							"inflate": 0.001,
							"pivot": [1.36, 22.3, -37.5],
							"rotation": [0, 0, -45],
							"uv": {
								"north": {"uv": [50, 25], "uv_size": [-2, -2]},
								"east": {"uv": [50, 25], "uv_size": [-2, -2]},
								"south": {"uv": [50, 25], "uv_size": [-2, -2]},
								"west": {"uv": [50, 25], "uv_size": [-2, -2]},
								"up": {"uv": [48, 23], "uv_size": [2, 2]},
								"down": {"uv": [48, 23], "uv_size": [2, 2]}
							}
						},
						{
							"origin": [-0.77, 26.8, -25.35],
							"size": [1.7, 0.3, 0.6],
							"inflate": 0.001,
							"uv": {
								"north": {"uv": [63, 89], "uv_size": [-2, -1]},
								"east": {"uv": [63, 87], "uv_size": [-3, -1]},
								"south": {"uv": [63, 89], "uv_size": [-2, -1]},
								"west": {"uv": [63, 87], "uv_size": [-3, -1]},
								"up": {"uv": [60, 86], "uv_size": [2, 1]},
								"down": {"uv": [60, 86], "uv_size": [3, 1]}
							}
						},
						{
							"origin": [4.647, 26.9, -26.65],
							"size": [0.3, 0.3, 0.6],
							"inflate": 0.001,
							"pivot": [3.06, 22.3, -38.8],
							"rotation": [0, 0, -45],
							"uv": {
								"north": {"uv": [50, 25], "uv_size": [-2, -2]},
								"east": {"uv": [50, 25], "uv_size": [-2, -2]},
								"south": {"uv": [50, 25], "uv_size": [-2, -2]},
								"west": {"uv": [50, 25], "uv_size": [-2, -2]},
								"up": {"uv": [48, 23], "uv_size": [2, 2]},
								"down": {"uv": [48, 23], "uv_size": [2, 2]}
							}
						},
						{
							"origin": [2.947, 26.9, -26.65],
							"size": [0.3, 0.3, 0.6],
							"inflate": 0.001,
							"pivot": [1.36, 22.3, -38.8],
							"rotation": [0, 0, -45],
							"uv": {
								"north": {"uv": [50, 25], "uv_size": [-2, -2]},
								"east": {"uv": [50, 25], "uv_size": [-2, -2]},
								"south": {"uv": [50, 25], "uv_size": [-2, -2]},
								"west": {"uv": [50, 25], "uv_size": [-2, -2]},
								"up": {"uv": [48, 23], "uv_size": [2, 2]},
								"down": {"uv": [48, 23], "uv_size": [2, 2]}
							}
						},
						{
							"origin": [-0.77, 26.8, -26.65],
							"size": [1.7, 0.3, 0.6],
							"inflate": 0.001,
							"uv": {
								"north": {"uv": [63, 89], "uv_size": [-2, -1]},
								"east": {"uv": [63, 87], "uv_size": [-3, -1]},
								"south": {"uv": [63, 87], "uv_size": [-3, -1]},
								"west": {"uv": [63, 87], "uv_size": [-3, -1]},
								"up": {"uv": [61, 88], "uv_size": [2, 1]},
								"down": {"uv": [60, 86], "uv_size": [3, 1]}
							}
						},
						{
							"origin": [4.647, 26.9, -27.95],
							"size": [0.3, 0.3, 0.6],
							"inflate": 0.001,
							"pivot": [3.06, 22.3, -40.1],
							"rotation": [0, 0, -45],
							"uv": {
								"north": {"uv": [50, 25], "uv_size": [-2, -2]},
								"east": {"uv": [50, 25], "uv_size": [-2, -2]},
								"south": {"uv": [50, 25], "uv_size": [-2, -2]},
								"west": {"uv": [50, 25], "uv_size": [-2, -2]},
								"up": {"uv": [48, 23], "uv_size": [2, 2]},
								"down": {"uv": [48, 23], "uv_size": [2, 2]}
							}
						},
						{
							"origin": [2.947, 26.9, -27.95],
							"size": [0.3, 0.3, 0.6],
							"inflate": 0.001,
							"pivot": [1.36, 22.3, -40.1],
							"rotation": [0, 0, -45],
							"uv": {
								"north": {"uv": [50, 25], "uv_size": [-2, -2]},
								"east": {"uv": [50, 25], "uv_size": [-2, -2]},
								"south": {"uv": [50, 25], "uv_size": [-2, -2]},
								"west": {"uv": [50, 25], "uv_size": [-2, -2]},
								"up": {"uv": [48, 23], "uv_size": [2, 2]},
								"down": {"uv": [48, 23], "uv_size": [2, 2]}
							}
						},
						{
							"origin": [-0.77, 26.8, -27.95],
							"size": [1.7, 0.3, 0.6],
							"inflate": 0.001,
							"uv": {
								"north": {"uv": [63, 89], "uv_size": [-2, -1]},
								"east": {"uv": [63, 87], "uv_size": [-3, -1]},
								"south": {"uv": [63, 89], "uv_size": [-2, -1]},
								"west": {"uv": [63, 87], "uv_size": [-3, -1]},
								"up": {"uv": [60, 86], "uv_size": [2, 1]},
								"down": {"uv": [60, 86], "uv_size": [3, 1]}
							}
						},
						{
							"origin": [2.947, 26.9, -29.25],
							"size": [0.3, 0.3, 0.6],
							"inflate": 0.001,
							"pivot": [1.36, 22.3, -41.4],
							"rotation": [0, 0, -45],
							"uv": {
								"north": {"uv": [50, 25], "uv_size": [-2, -2]},
								"east": {"uv": [50, 25], "uv_size": [-2, -2]},
								"south": {"uv": [50, 25], "uv_size": [-2, -2]},
								"west": {"uv": [50, 25], "uv_size": [-2, -2]},
								"up": {"uv": [48, 23], "uv_size": [2, 2]},
								"down": {"uv": [48, 23], "uv_size": [2, 2]}
							}
						},
						{
							"origin": [-0.77, 26.8, -29.25],
							"size": [1.7, 0.3, 0.6],
							"inflate": 0.001,
							"uv": {
								"north": {"uv": [63, 89], "uv_size": [-2, -1]},
								"east": {"uv": [63, 87], "uv_size": [-3, -1]},
								"south": {"uv": [63, 89], "uv_size": [-2, -1]},
								"west": {"uv": [63, 87], "uv_size": [-3, -1]},
								"up": {"uv": [60, 86], "uv_size": [2, 1]},
								"down": {"uv": [60, 86], "uv_size": [3, 1]}
							}
						},
						{
							"origin": [4.647, 26.9, -29.25],
							"size": [0.3, 0.3, 0.6],
							"inflate": 0.001,
							"pivot": [3.06, 22.3, -41.4],
							"rotation": [0, 0, -45],
							"uv": {
								"north": {"uv": [50, 25], "uv_size": [-2, -2]},
								"east": {"uv": [50, 25], "uv_size": [-2, -2]},
								"south": {"uv": [50, 25], "uv_size": [-2, -2]},
								"west": {"uv": [50, 25], "uv_size": [-2, -2]},
								"up": {"uv": [48, 23], "uv_size": [2, 2]},
								"down": {"uv": [48, 23], "uv_size": [2, 2]}
							}
						},
						{
							"origin": [2.947, 26.9, -30.55],
							"size": [0.3, 0.3, 0.6],
							"inflate": 0.001,
							"pivot": [1.36, 22.3, -42.7],
							"rotation": [0, 0, -45],
							"uv": {
								"north": {"uv": [50, 25], "uv_size": [-2, -2]},
								"east": {"uv": [50, 25], "uv_size": [-2, -2]},
								"south": {"uv": [50, 25], "uv_size": [-2, -2]},
								"west": {"uv": [50, 25], "uv_size": [-2, -2]},
								"up": {"uv": [48, 23], "uv_size": [2, 2]},
								"down": {"uv": [48, 23], "uv_size": [2, 2]}
							}
						},
						{
							"origin": [-0.77, 26.8, -30.55],
							"size": [1.7, 0.3, 0.6],
							"inflate": 0.001,
							"uv": {
								"north": {"uv": [63, 89], "uv_size": [-2, -1]},
								"east": {"uv": [63, 87], "uv_size": [-3, -1]},
								"south": {"uv": [63, 89], "uv_size": [-2, -1]},
								"west": {"uv": [63, 87], "uv_size": [-3, -1]},
								"up": {"uv": [60, 86], "uv_size": [2, 1]},
								"down": {"uv": [60, 86], "uv_size": [3, 1]}
							}
						},
						{
							"origin": [4.647, 26.9, -30.55],
							"size": [0.3, 0.3, 0.6],
							"inflate": 0.001,
							"pivot": [3.06, 22.3, -42.7],
							"rotation": [0, 0, -45],
							"uv": {
								"north": {"uv": [50, 25], "uv_size": [-2, -2]},
								"east": {"uv": [50, 25], "uv_size": [-2, -2]},
								"south": {"uv": [50, 25], "uv_size": [-2, -2]},
								"west": {"uv": [50, 25], "uv_size": [-2, -2]},
								"up": {"uv": [48, 23], "uv_size": [2, 2]},
								"down": {"uv": [48, 23], "uv_size": [2, 2]}
							}
						}
					]
				},
				{
					"name": "_ca_handguard",
					"parent": "main",
					"pivot": [-0.1, 22.75, -30.925],
					"cubes": [
						{"origin": [-0.35, 24.05, -23.125], "size": [1, 1, 1], "uv": [32, 4]}
					]
				}
			]
		}
	]
}