{
	"format_version": "1.12.0",
	"minecraft:geometry": [
		{
			"description": {
				"identifier": "geometry.unknown",
				"texture_width": 64,
				"texture_height": 64,
				"visible_bounds_width": 8,
				"visible_bounds_height": 4,
				"visible_bounds_offset": [0, 1, 0]
			},
			"bones": [
				{
					"name": "main",
					"pivot": [0, 20, 0]
				},
				{
					"name": "gun",
					"parent": "main",
					"pivot": [1, 11, -1]
				},
				{
					"name": "handguard",
					"parent": "gun",
					"pivot": [2.35, 23.05, -65.45],
					"cubes": [
						{
							"origin": [-0.9, 26.25, -19.85],
							"size": [1.8, 0.9, 1.8],
							"inflate": 0.002,
							"uv": {
								"north": {"uv": [41, 38], "uv_size": [2, 1]},
								"east": {"uv": [41, 39], "uv_size": [2, 1]},
								"south": {"uv": [41, 40], "uv_size": [2, 1]},
								"west": {"uv": [41, 41], "uv_size": [2, 1]},
								"up": {"uv": [30, 30], "uv_size": [2, 2]},
								"down": {"uv": [32, 24], "uv_size": [2, -2]}
							}
						},
						{
							"origin": [1.35, 25.6, -19.85],
							"size": [0.8, 2.1, 1.8],
							"inflate": 0.001,
							"pivot": [2.35, 25.55, -42.85],
							"rotation": [0, 0, -37],
							"uv": {
								"north": {"uv": [41, 30], "uv_size": [1, 2]},
								"east": {"uv": [30, 26], "uv_size": [2, 2]},
								"south": {"uv": [41, 32], "uv_size": [1, 2]},
								"west": {"uv": [30, 28], "uv_size": [2, 2]},
								"up": {"uv": [41, 34], "uv_size": [1, 2]},
								"down": {"uv": [41, 38], "uv_size": [1, -2]}
							}
						},
						{
							"origin": [-2.15, 25.6, -19.85],
							"size": [0.8, 2.1, 1.8],
							"inflate": 0.001,
							"pivot": [-2.35, 25.55, -42.85],
							"rotation": [0, 0, 37],
							"uv": {
								"north": {"uv": [38, 41], "uv_size": [1, 2]},
								"east": {"uv": [32, 24], "uv_size": [2, 2]},
								"south": {"uv": [42, 22], "uv_size": [1, 2]},
								"west": {"uv": [32, 26], "uv_size": [2, 2]},
								"up": {"uv": [42, 24], "uv_size": [1, 2]},
								"down": {"uv": [42, 28], "uv_size": [1, -2]}
							}
						},
						{
							"origin": [1.36158, 21.31937, -19.851],
							"size": [0.8, 2.1, 1.8],
							"inflate": 0.001,
							"pivot": [2.36158, 23.46937, -42.851],
							"rotation": [0, 0, 37],
							"uv": {
								"north": {"uv": [37, 42], "uv_size": [1, 2]},
								"east": {"uv": [34, 26], "uv_size": [2, 2]},
								"south": {"uv": [41, 42], "uv_size": [1, 2]},
								"west": {"uv": [34, 28], "uv_size": [2, 2]},
								"up": {"uv": [42, 42], "uv_size": [1, 2]},
								"down": {"uv": [43, 24], "uv_size": [1, -2]}
							}
						},
						{
							"origin": [-0.88842, 21.86937, -19.851],
							"size": [1.8, 0.9, 1.8],
							"inflate": 0.002,
							"uv": {
								"north": {"uv": [35, 42], "uv_size": [2, 1]},
								"east": {"uv": [42, 36], "uv_size": [2, 1]},
								"south": {"uv": [42, 37], "uv_size": [2, 1]},
								"west": {"uv": [39, 42], "uv_size": [2, 1]},
								"up": {"uv": [34, 22], "uv_size": [2, 2]},
								"down": {"uv": [34, 26], "uv_size": [2, -2]}
							}
						},
						{
							"origin": [-0.91158, 21.96937, -45.249],
							"size": [1.8, 1.3, 1.8],
							"inflate": 0.002,
							"uv": {
								"north": {"uv": [33, 44], "uv_size": [2, 1]},
								"east": {"uv": [44, 33], "uv_size": [2, 1]},
								"south": {"uv": [44, 34], "uv_size": [2, 1]},
								"west": {"uv": [44, 35], "uv_size": [2, 1]},
								"up": {"uv": [36, 32], "uv_size": [2, 2]},
								"down": {"uv": [34, 38], "uv_size": [2, -2]}
							}
						},
						{
							"origin": [-0.9, 25.85, -45.25],
							"size": [1.8, 1.3, 1.8],
							"inflate": 0.002,
							"uv": {
								"north": {"uv": [44, 30], "uv_size": [2, 1]},
								"east": {"uv": [31, 44], "uv_size": [2, 1]},
								"south": {"uv": [44, 31], "uv_size": [2, 1]},
								"west": {"uv": [44, 32], "uv_size": [2, 1]},
								"up": {"uv": [36, 30], "uv_size": [2, 2]},
								"down": {"uv": [32, 38], "uv_size": [2, -2]}
							}
						},
						{
							"origin": [-2.13842, 21.31937, -19.851],
							"size": [0.8, 2.1, 1.8],
							"inflate": 0.001,
							"pivot": [-2.33842, 23.46937, -42.851],
							"rotation": [0, 0, -37],
							"uv": {
								"north": {"uv": [42, 32], "uv_size": [1, 2]},
								"east": {"uv": [32, 30], "uv_size": [2, 2]},
								"south": {"uv": [33, 42], "uv_size": [1, 2]},
								"west": {"uv": [32, 32], "uv_size": [2, 2]},
								"up": {"uv": [34, 42], "uv_size": [1, 2]},
								"down": {"uv": [42, 36], "uv_size": [1, -2]}
							}
						},
						{
							"origin": [1.35, 23.55, -19.85],
							"size": [0.8, 1.9, 1.8],
							"uv": {
								"north": {"uv": [41, 24], "uv_size": [1, 2]},
								"east": {"uv": [30, 22], "uv_size": [2, 2]},
								"south": {"uv": [41, 26], "uv_size": [1, 2]},
								"west": {"uv": [30, 24], "uv_size": [2, 2]},
								"up": {"uv": [41, 28], "uv_size": [1, 2]},
								"down": {"uv": [30, 43], "uv_size": [1, -2]}
							}
						},
						{
							"origin": [-2.15, 23.55, -19.85],
							"size": [0.8, 1.9, 1.8],
							"uv": {
								"north": {"uv": [42, 28], "uv_size": [1, 2]},
								"east": {"uv": [32, 28], "uv_size": [2, 2]},
								"south": {"uv": [42, 30], "uv_size": [1, 2]},
								"west": {"uv": [30, 32], "uv_size": [2, 2]},
								"up": {"uv": [31, 42], "uv_size": [1, 2]},
								"down": {"uv": [32, 44], "uv_size": [1, -2]}
							}
						},
						{
							"origin": [0.95, 25.6, -45.25],
							"size": [1.2, 2.1, 1.8],
							"inflate": 0.001,
							"pivot": [2.35, 25.55, -68.25],
							"rotation": [0, 0, -37],
							"uv": {
								"north": {"uv": [44, 22], "uv_size": [1, 2]},
								"east": {"uv": [36, 28], "uv_size": [2, 2]},
								"south": {"uv": [44, 24], "uv_size": [1, 2]},
								"west": {"uv": [30, 36], "uv_size": [2, 2]},
								"up": {"uv": [44, 26], "uv_size": [1, 2]},
								"down": {"uv": [44, 30], "uv_size": [1, -2]}
							}
						},
						{
							"origin": [1.05, 23.65, -45.25],
							"size": [1.1, 1.8, 1.8],
							"uv": {
								"north": {"uv": [39, 43], "uv_size": [1, 2]},
								"east": {"uv": [36, 24], "uv_size": [2, 2]},
								"south": {"uv": [40, 43], "uv_size": [1, 2]},
								"west": {"uv": [36, 26], "uv_size": [2, 2]},
								"up": {"uv": [43, 40], "uv_size": [1, 2]},
								"down": {"uv": [43, 44], "uv_size": [1, -2]}
							}
						},
						{
							"origin": [0.93842, 21.41937, -45.249],
							"size": [1.2, 2.1, 1.8],
							"inflate": 0.001,
							"pivot": [2.33842, 23.56937, -68.249],
							"rotation": [0, 0, 37],
							"uv": {
								"north": {"uv": [44, 42], "uv_size": [1, 2]},
								"east": {"uv": [36, 34], "uv_size": [2, 2]},
								"south": {"uv": [43, 44], "uv_size": [1, 2]},
								"west": {"uv": [36, 36], "uv_size": [2, 2]},
								"up": {"uv": [44, 44], "uv_size": [1, 2]},
								"down": {"uv": [45, 24], "uv_size": [1, -2]}
							}
						},
						{
							"origin": [-2.16158, 21.41937, -45.249],
							"size": [1.2, 2.1, 1.8],
							"inflate": 0.001,
							"pivot": [-2.36158, 23.56937, -68.249],
							"rotation": [0, 0, -37],
							"uv": {
								"north": {"uv": [35, 43], "uv_size": [1, 2]},
								"east": {"uv": [34, 34], "uv_size": [2, 2]},
								"south": {"uv": [36, 43], "uv_size": [1, 2]},
								"west": {"uv": [36, 22], "uv_size": [2, 2]},
								"up": {"uv": [38, 43], "uv_size": [1, 2]},
								"down": {"uv": [43, 40], "uv_size": [1, -2]}
							}
						},
						{
							"origin": [-2.15, 23.65, -45.25],
							"size": [1.1, 1.8, 1.8],
							"uv": {
								"north": {"uv": [30, 43], "uv_size": [1, 2]},
								"east": {"uv": [32, 34], "uv_size": [2, 2]},
								"south": {"uv": [43, 30], "uv_size": [1, 2]},
								"west": {"uv": [34, 32], "uv_size": [2, 2]},
								"up": {"uv": [43, 32], "uv_size": [1, 2]},
								"down": {"uv": [43, 36], "uv_size": [1, -2]}
							}
						},
						{
							"origin": [-2.15, 25.6, -45.25],
							"size": [1.2, 2.1, 1.8],
							"inflate": 0.001,
							"pivot": [-2.35, 25.55, -68.25],
							"rotation": [0, 0, 37],
							"uv": {
								"north": {"uv": [43, 24], "uv_size": [1, 2]},
								"east": {"uv": [30, 34], "uv_size": [2, 2]},
								"south": {"uv": [43, 26], "uv_size": [1, 2]},
								"west": {"uv": [34, 30], "uv_size": [2, 2]},
								"up": {"uv": [27, 43], "uv_size": [1, 2]},
								"down": {"uv": [43, 30], "uv_size": [1, -2]}
							}
						}
					]
				},
				{
					"name": "bone5",
					"parent": "handguard",
					"pivot": [1.35, 25.45, -23.85],
					"cubes": [
						{
							"origin": [2.25, 23.525, -42.95],
							"size": [0.1, 0.775, 0.5],
							"uv": {
								"north": {"uv": [52, 46], "uv_size": [1, 1]},
								"east": {"uv": [47, 52], "uv_size": [1, 1]},
								"south": {"uv": [52, 47], "uv_size": [1, 1]},
								"west": {"uv": [48, 52], "uv_size": [1, 1]},
								"up": {"uv": [52, 48], "uv_size": [1, 1]},
								"down": {"uv": [49, 53], "uv_size": [1, -1]}
							}
						},
						{
							"origin": [2.25, 23.525, -40.85],
							"size": [0.1, 0.775, 0.5],
							"uv": {
								"north": {"uv": [52, 46], "uv_size": [1, 1]},
								"east": {"uv": [47, 52], "uv_size": [1, 1]},
								"south": {"uv": [52, 47], "uv_size": [1, 1]},
								"west": {"uv": [48, 52], "uv_size": [1, 1]},
								"up": {"uv": [52, 48], "uv_size": [1, 1]},
								"down": {"uv": [49, 53], "uv_size": [1, -1]}
							}
						},
						{
							"origin": [2.25, 23.525, -36.65],
							"size": [0.1, 0.775, 0.5],
							"uv": {
								"north": {"uv": [52, 46], "uv_size": [1, 1]},
								"east": {"uv": [47, 52], "uv_size": [1, 1]},
								"south": {"uv": [52, 47], "uv_size": [1, 1]},
								"west": {"uv": [48, 52], "uv_size": [1, 1]},
								"up": {"uv": [52, 48], "uv_size": [1, 1]},
								"down": {"uv": [49, 53], "uv_size": [1, -1]}
							}
						},
						{
							"origin": [2.25, 23.525, -38.75],
							"size": [0.1, 0.775, 0.5],
							"uv": {
								"north": {"uv": [52, 46], "uv_size": [1, 1]},
								"east": {"uv": [47, 52], "uv_size": [1, 1]},
								"south": {"uv": [52, 47], "uv_size": [1, 1]},
								"west": {"uv": [48, 52], "uv_size": [1, 1]},
								"up": {"uv": [52, 48], "uv_size": [1, 1]},
								"down": {"uv": [49, 53], "uv_size": [1, -1]}
							}
						},
						{
							"origin": [2.25, 23.525, -32.45],
							"size": [0.1, 0.775, 0.5],
							"uv": {
								"north": {"uv": [52, 46], "uv_size": [1, 1]},
								"east": {"uv": [47, 52], "uv_size": [1, 1]},
								"south": {"uv": [52, 47], "uv_size": [1, 1]},
								"west": {"uv": [48, 52], "uv_size": [1, 1]},
								"up": {"uv": [52, 48], "uv_size": [1, 1]},
								"down": {"uv": [49, 53], "uv_size": [1, -1]}
							}
						},
						{
							"origin": [2.25, 23.525, -34.55],
							"size": [0.1, 0.775, 0.5],
							"uv": {
								"north": {"uv": [52, 46], "uv_size": [1, 1]},
								"east": {"uv": [47, 52], "uv_size": [1, 1]},
								"south": {"uv": [52, 47], "uv_size": [1, 1]},
								"west": {"uv": [48, 52], "uv_size": [1, 1]},
								"up": {"uv": [52, 48], "uv_size": [1, 1]},
								"down": {"uv": [49, 53], "uv_size": [1, -1]}
							}
						},
						{
							"origin": [2.25, 23.525, -28.25],
							"size": [0.1, 0.775, 0.5],
							"uv": {
								"north": {"uv": [52, 46], "uv_size": [1, 1]},
								"east": {"uv": [47, 52], "uv_size": [1, 1]},
								"south": {"uv": [52, 47], "uv_size": [1, 1]},
								"west": {"uv": [48, 52], "uv_size": [1, 1]},
								"up": {"uv": [52, 48], "uv_size": [1, 1]},
								"down": {"uv": [49, 53], "uv_size": [1, -1]}
							}
						},
						{
							"origin": [2.25, 23.525, -30.35],
							"size": [0.1, 0.775, 0.5],
							"uv": {
								"north": {"uv": [52, 46], "uv_size": [1, 1]},
								"east": {"uv": [47, 52], "uv_size": [1, 1]},
								"south": {"uv": [52, 47], "uv_size": [1, 1]},
								"west": {"uv": [48, 52], "uv_size": [1, 1]},
								"up": {"uv": [52, 48], "uv_size": [1, 1]},
								"down": {"uv": [49, 53], "uv_size": [1, -1]}
							}
						},
						{
							"origin": [2.25, 23.525, -24.05],
							"size": [0.1, 0.775, 0.5],
							"uv": {
								"north": {"uv": [52, 46], "uv_size": [1, 1]},
								"east": {"uv": [47, 52], "uv_size": [1, 1]},
								"south": {"uv": [52, 47], "uv_size": [1, 1]},
								"west": {"uv": [48, 52], "uv_size": [1, 1]},
								"up": {"uv": [52, 48], "uv_size": [1, 1]},
								"down": {"uv": [49, 53], "uv_size": [1, -1]}
							}
						},
						{
							"origin": [2.25, 23.525, -26.15],
							"size": [0.1, 0.775, 0.5],
							"uv": {
								"north": {"uv": [52, 46], "uv_size": [1, 1]},
								"east": {"uv": [47, 52], "uv_size": [1, 1]},
								"south": {"uv": [52, 47], "uv_size": [1, 1]},
								"west": {"uv": [48, 52], "uv_size": [1, 1]},
								"up": {"uv": [52, 48], "uv_size": [1, 1]},
								"down": {"uv": [49, 53], "uv_size": [1, -1]}
							}
						},
						{
							"origin": [2.25, 23.525, -21.95],
							"size": [0.1, 0.775, 0.5],
							"uv": {
								"north": {"uv": [52, 46], "uv_size": [1, 1]},
								"east": {"uv": [47, 52], "uv_size": [1, 1]},
								"south": {"uv": [52, 47], "uv_size": [1, 1]},
								"west": {"uv": [48, 52], "uv_size": [1, 1]},
								"up": {"uv": [52, 48], "uv_size": [1, 1]},
								"down": {"uv": [49, 53], "uv_size": [1, -1]}
							}
						},
						{
							"origin": [1.35, 23.55, -44.85],
							"size": [0.9, 2, 25],
							"uv": {
								"north": {"uv": [38, 22], "uv_size": [1, 3]},
								"east": {"uv": [0, 0], "uv_size": [25, 3]},
								"south": {"uv": [38, 25], "uv_size": [1, 3]},
								"west": {"uv": [0, 3], "uv_size": [25, 3]},
								"up": {"uv": [25, 2], "uv_size": [1, 25]},
								"down": {"uv": [0, 51], "uv_size": [1, -25]}
							}
						},
						{
							"origin": [2.25, 24.6, -44.85],
							"size": [0.1, 0.2, 25],
							"uv": {
								"north": {"uv": [9, 52], "uv_size": [1, 1]},
								"east": {"uv": [27, 8], "uv_size": [25, 1]},
								"south": {"uv": [52, 9], "uv_size": [1, 1]},
								"west": {"uv": [27, 9], "uv_size": [25, 1]},
								"up": {"uv": [14, 26], "uv_size": [1, 25]},
								"down": {"uv": [15, 51], "uv_size": [1, -25]}
							}
						},
						{
							"origin": [2.25, 24.3, -44.85],
							"size": [0.1, 0.2, 25],
							"uv": {
								"north": {"uv": [10, 52], "uv_size": [1, 1]},
								"east": {"uv": [27, 10], "uv_size": [25, 1]},
								"south": {"uv": [52, 10], "uv_size": [1, 1]},
								"west": {"uv": [27, 11], "uv_size": [25, 1]},
								"up": {"uv": [16, 26], "uv_size": [1, 25]},
								"down": {"uv": [17, 51], "uv_size": [1, -25]}
							}
						},
						{
							"origin": [2.25, 24.8, -42.95],
							"size": [0.1, 0.75, 0.5],
							"uv": {
								"north": {"uv": [11, 52], "uv_size": [1, 1]},
								"east": {"uv": [52, 11], "uv_size": [1, 1]},
								"south": {"uv": [12, 52], "uv_size": [1, 1]},
								"west": {"uv": [52, 12], "uv_size": [1, 1]},
								"up": {"uv": [13, 52], "uv_size": [1, 1]},
								"down": {"uv": [52, 14], "uv_size": [1, -1]}
							}
						},
						{
							"origin": [2.25, 24.8, -40.85],
							"size": [0.1, 0.75, 0.5],
							"uv": {
								"north": {"uv": [14, 52], "uv_size": [1, 1]},
								"east": {"uv": [52, 14], "uv_size": [1, 1]},
								"south": {"uv": [15, 52], "uv_size": [1, 1]},
								"west": {"uv": [52, 15], "uv_size": [1, 1]},
								"up": {"uv": [16, 52], "uv_size": [1, 1]},
								"down": {"uv": [52, 17], "uv_size": [1, -1]}
							}
						},
						{
							"origin": [2.25, 24.8, -38.75],
							"size": [0.1, 0.75, 0.5],
							"uv": {
								"north": {"uv": [17, 52], "uv_size": [1, 1]},
								"east": {"uv": [52, 17], "uv_size": [1, 1]},
								"south": {"uv": [18, 52], "uv_size": [1, 1]},
								"west": {"uv": [19, 52], "uv_size": [1, 1]},
								"up": {"uv": [20, 52], "uv_size": [1, 1]},
								"down": {"uv": [21, 53], "uv_size": [1, -1]}
							}
						},
						{
							"origin": [2.25, 24.8, -36.65],
							"size": [0.1, 0.75, 0.5],
							"uv": {
								"north": {"uv": [22, 52], "uv_size": [1, 1]},
								"east": {"uv": [52, 22], "uv_size": [1, 1]},
								"south": {"uv": [23, 52], "uv_size": [1, 1]},
								"west": {"uv": [52, 23], "uv_size": [1, 1]},
								"up": {"uv": [24, 52], "uv_size": [1, 1]},
								"down": {"uv": [52, 25], "uv_size": [1, -1]}
							}
						},
						{
							"origin": [2.25, 24.8, -34.55],
							"size": [0.1, 0.75, 0.5],
							"uv": {
								"north": {"uv": [25, 52], "uv_size": [1, 1]},
								"east": {"uv": [52, 25], "uv_size": [1, 1]},
								"south": {"uv": [52, 26], "uv_size": [1, 1]},
								"west": {"uv": [27, 52], "uv_size": [1, 1]},
								"up": {"uv": [52, 27], "uv_size": [1, 1]},
								"down": {"uv": [28, 53], "uv_size": [1, -1]}
							}
						},
						{
							"origin": [2.25, 24.8, -32.45],
							"size": [0.1, 0.75, 0.5],
							"uv": {
								"north": {"uv": [52, 28], "uv_size": [1, 1]},
								"east": {"uv": [29, 52], "uv_size": [1, 1]},
								"south": {"uv": [52, 29], "uv_size": [1, 1]},
								"west": {"uv": [30, 52], "uv_size": [1, 1]},
								"up": {"uv": [52, 30], "uv_size": [1, 1]},
								"down": {"uv": [31, 53], "uv_size": [1, -1]}
							}
						},
						{
							"origin": [2.25, 24.8, -30.35],
							"size": [0.1, 0.75, 0.5],
							"uv": {
								"north": {"uv": [52, 31], "uv_size": [1, 1]},
								"east": {"uv": [32, 52], "uv_size": [1, 1]},
								"south": {"uv": [52, 32], "uv_size": [1, 1]},
								"west": {"uv": [33, 52], "uv_size": [1, 1]},
								"up": {"uv": [52, 33], "uv_size": [1, 1]},
								"down": {"uv": [34, 53], "uv_size": [1, -1]}
							}
						},
						{
							"origin": [2.25, 24.8, -28.25],
							"size": [0.1, 0.75, 0.5],
							"uv": {
								"north": {"uv": [52, 34], "uv_size": [1, 1]},
								"east": {"uv": [35, 52], "uv_size": [1, 1]},
								"south": {"uv": [52, 35], "uv_size": [1, 1]},
								"west": {"uv": [36, 52], "uv_size": [1, 1]},
								"up": {"uv": [52, 36], "uv_size": [1, 1]},
								"down": {"uv": [37, 53], "uv_size": [1, -1]}
							}
						},
						{
							"origin": [2.25, 24.8, -26.15],
							"size": [0.1, 0.75, 0.5],
							"uv": {
								"north": {"uv": [52, 37], "uv_size": [1, 1]},
								"east": {"uv": [38, 52], "uv_size": [1, 1]},
								"south": {"uv": [52, 38], "uv_size": [1, 1]},
								"west": {"uv": [39, 52], "uv_size": [1, 1]},
								"up": {"uv": [52, 39], "uv_size": [1, 1]},
								"down": {"uv": [40, 53], "uv_size": [1, -1]}
							}
						},
						{
							"origin": [2.25, 24.8, -24.05],
							"size": [0.1, 0.75, 0.5],
							"uv": {
								"north": {"uv": [52, 40], "uv_size": [1, 1]},
								"east": {"uv": [41, 52], "uv_size": [1, 1]},
								"south": {"uv": [52, 41], "uv_size": [1, 1]},
								"west": {"uv": [42, 52], "uv_size": [1, 1]},
								"up": {"uv": [52, 42], "uv_size": [1, 1]},
								"down": {"uv": [43, 53], "uv_size": [1, -1]}
							}
						},
						{
							"origin": [2.25, 24.8, -21.95],
							"size": [0.1, 0.75, 0.5],
							"uv": {
								"north": {"uv": [52, 43], "uv_size": [1, 1]},
								"east": {"uv": [44, 52], "uv_size": [1, 1]},
								"south": {"uv": [52, 44], "uv_size": [1, 1]},
								"west": {"uv": [45, 52], "uv_size": [1, 1]},
								"up": {"uv": [52, 45], "uv_size": [1, 1]},
								"down": {"uv": [46, 53], "uv_size": [1, -1]}
							}
						}
					]
				},
				{
					"name": "bone6",
					"parent": "handguard",
					"pivot": [-1.35, 25.45, -23.85],
					"cubes": [
						{
							"origin": [-2.35, 23.55, -21.95],
							"size": [0.1, 0.75, 0.5],
							"uv": {
								"north": {"uv": [53, 28], "uv_size": [1, 1]},
								"east": {"uv": [29, 53], "uv_size": [1, 1]},
								"south": {"uv": [53, 29], "uv_size": [1, 1]},
								"west": {"uv": [30, 53], "uv_size": [1, 1]},
								"up": {"uv": [53, 30], "uv_size": [1, 1]},
								"down": {"uv": [31, 54], "uv_size": [1, -1]}
							}
						},
						{
							"origin": [-2.25, 23.55, -44.85],
							"size": [0.9, 2, 25],
							"uv": {
								"north": {"uv": [38, 28], "uv_size": [1, 3]},
								"east": {"uv": [0, 6], "uv_size": [25, 3]},
								"south": {"uv": [30, 38], "uv_size": [1, 3]},
								"west": {"uv": [0, 9], "uv_size": [25, 3]},
								"up": {"uv": [18, 26], "uv_size": [1, 25]},
								"down": {"uv": [19, 51], "uv_size": [1, -25]}
							}
						},
						{
							"origin": [-2.35, 24.6, -44.85],
							"size": [0.1, 0.2, 25],
							"uv": {
								"north": {"uv": [8, 54], "uv_size": [1, 1]},
								"east": {"uv": [27, 12], "uv_size": [25, 1]},
								"south": {"uv": [54, 8], "uv_size": [1, 1]},
								"west": {"uv": [27, 13], "uv_size": [25, 1]},
								"up": {"uv": [20, 26], "uv_size": [1, 25]},
								"down": {"uv": [21, 51], "uv_size": [1, -25]}
							}
						},
						{
							"origin": [-2.35, 24.3, -44.85],
							"size": [0.1, 0.2, 25],
							"uv": {
								"north": {"uv": [9, 54], "uv_size": [1, 1]},
								"east": {"uv": [27, 14], "uv_size": [25, 1]},
								"south": {"uv": [54, 9], "uv_size": [1, 1]},
								"west": {"uv": [27, 15], "uv_size": [25, 1]},
								"up": {"uv": [22, 26], "uv_size": [1, 25]},
								"down": {"uv": [23, 51], "uv_size": [1, -25]}
							}
						},
						{
							"origin": [-2.35, 24.8, -21.95],
							"size": [0.1, 0.75, 0.5],
							"uv": {
								"north": {"uv": [40, 54], "uv_size": [1, 1]},
								"east": {"uv": [54, 40], "uv_size": [1, 1]},
								"south": {"uv": [41, 54], "uv_size": [1, 1]},
								"west": {"uv": [54, 41], "uv_size": [1, 1]},
								"up": {"uv": [42, 54], "uv_size": [1, 1]},
								"down": {"uv": [54, 43], "uv_size": [1, -1]}
							}
						},
						{
							"origin": [-2.35, 24.8, -24.05],
							"size": [0.1, 0.75, 0.5],
							"uv": {
								"north": {"uv": [40, 54], "uv_size": [1, 1]},
								"east": {"uv": [54, 40], "uv_size": [1, 1]},
								"south": {"uv": [41, 54], "uv_size": [1, 1]},
								"west": {"uv": [54, 41], "uv_size": [1, 1]},
								"up": {"uv": [42, 54], "uv_size": [1, 1]},
								"down": {"uv": [54, 43], "uv_size": [1, -1]}
							}
						},
						{
							"origin": [-2.35, 23.55, -24.05],
							"size": [0.1, 0.75, 0.5],
							"uv": {
								"north": {"uv": [53, 28], "uv_size": [1, 1]},
								"east": {"uv": [29, 53], "uv_size": [1, 1]},
								"south": {"uv": [53, 29], "uv_size": [1, 1]},
								"west": {"uv": [30, 53], "uv_size": [1, 1]},
								"up": {"uv": [53, 30], "uv_size": [1, 1]},
								"down": {"uv": [31, 54], "uv_size": [1, -1]}
							}
						},
						{
							"origin": [-2.35, 24.8, -28.25],
							"size": [0.1, 0.75, 0.5],
							"uv": {
								"north": {"uv": [40, 54], "uv_size": [1, 1]},
								"east": {"uv": [54, 40], "uv_size": [1, 1]},
								"south": {"uv": [41, 54], "uv_size": [1, 1]},
								"west": {"uv": [54, 41], "uv_size": [1, 1]},
								"up": {"uv": [42, 54], "uv_size": [1, 1]},
								"down": {"uv": [54, 43], "uv_size": [1, -1]}
							}
						},
						{
							"origin": [-2.35, 23.55, -28.25],
							"size": [0.1, 0.75, 0.5],
							"uv": {
								"north": {"uv": [53, 28], "uv_size": [1, 1]},
								"east": {"uv": [29, 53], "uv_size": [1, 1]},
								"south": {"uv": [53, 29], "uv_size": [1, 1]},
								"west": {"uv": [30, 53], "uv_size": [1, 1]},
								"up": {"uv": [53, 30], "uv_size": [1, 1]},
								"down": {"uv": [31, 54], "uv_size": [1, -1]}
							}
						},
						{
							"origin": [-2.35, 24.8, -26.15],
							"size": [0.1, 0.75, 0.5],
							"uv": {
								"north": {"uv": [40, 54], "uv_size": [1, 1]},
								"east": {"uv": [54, 40], "uv_size": [1, 1]},
								"south": {"uv": [41, 54], "uv_size": [1, 1]},
								"west": {"uv": [54, 41], "uv_size": [1, 1]},
								"up": {"uv": [42, 54], "uv_size": [1, 1]},
								"down": {"uv": [54, 43], "uv_size": [1, -1]}
							}
						},
						{
							"origin": [-2.35, 23.55, -26.15],
							"size": [0.1, 0.75, 0.5],
							"uv": {
								"north": {"uv": [53, 28], "uv_size": [1, 1]},
								"east": {"uv": [29, 53], "uv_size": [1, 1]},
								"south": {"uv": [53, 29], "uv_size": [1, 1]},
								"west": {"uv": [30, 53], "uv_size": [1, 1]},
								"up": {"uv": [53, 30], "uv_size": [1, 1]},
								"down": {"uv": [31, 54], "uv_size": [1, -1]}
							}
						},
						{
							"origin": [-2.35, 24.8, -32.45],
							"size": [0.1, 0.75, 0.5],
							"uv": {
								"north": {"uv": [40, 54], "uv_size": [1, 1]},
								"east": {"uv": [54, 40], "uv_size": [1, 1]},
								"south": {"uv": [41, 54], "uv_size": [1, 1]},
								"west": {"uv": [54, 41], "uv_size": [1, 1]},
								"up": {"uv": [42, 54], "uv_size": [1, 1]},
								"down": {"uv": [54, 43], "uv_size": [1, -1]}
							}
						},
						{
							"origin": [-2.35, 23.55, -32.45],
							"size": [0.1, 0.75, 0.5],
							"uv": {
								"north": {"uv": [53, 28], "uv_size": [1, 1]},
								"east": {"uv": [29, 53], "uv_size": [1, 1]},
								"south": {"uv": [53, 29], "uv_size": [1, 1]},
								"west": {"uv": [30, 53], "uv_size": [1, 1]},
								"up": {"uv": [53, 30], "uv_size": [1, 1]},
								"down": {"uv": [31, 54], "uv_size": [1, -1]}
							}
						},
						{
							"origin": [-2.35, 24.8, -30.35],
							"size": [0.1, 0.75, 0.5],
							"uv": {
								"north": {"uv": [40, 54], "uv_size": [1, 1]},
								"east": {"uv": [54, 40], "uv_size": [1, 1]},
								"south": {"uv": [41, 54], "uv_size": [1, 1]},
								"west": {"uv": [54, 41], "uv_size": [1, 1]},
								"up": {"uv": [42, 54], "uv_size": [1, 1]},
								"down": {"uv": [54, 43], "uv_size": [1, -1]}
							}
						},
						{
							"origin": [-2.35, 23.55, -30.35],
							"size": [0.1, 0.75, 0.5],
							"uv": {
								"north": {"uv": [53, 28], "uv_size": [1, 1]},
								"east": {"uv": [29, 53], "uv_size": [1, 1]},
								"south": {"uv": [53, 29], "uv_size": [1, 1]},
								"west": {"uv": [30, 53], "uv_size": [1, 1]},
								"up": {"uv": [53, 30], "uv_size": [1, 1]},
								"down": {"uv": [31, 54], "uv_size": [1, -1]}
							}
						},
						{
							"origin": [-2.35, 24.8, -36.65],
							"size": [0.1, 0.75, 0.5],
							"uv": {
								"north": {"uv": [40, 54], "uv_size": [1, 1]},
								"east": {"uv": [54, 40], "uv_size": [1, 1]},
								"south": {"uv": [41, 54], "uv_size": [1, 1]},
								"west": {"uv": [54, 41], "uv_size": [1, 1]},
								"up": {"uv": [42, 54], "uv_size": [1, 1]},
								"down": {"uv": [54, 43], "uv_size": [1, -1]}
							}
						},
						{
							"origin": [-2.35, 23.55, -36.65],
							"size": [0.1, 0.75, 0.5],
							"uv": {
								"north": {"uv": [53, 28], "uv_size": [1, 1]},
								"east": {"uv": [29, 53], "uv_size": [1, 1]},
								"south": {"uv": [53, 29], "uv_size": [1, 1]},
								"west": {"uv": [30, 53], "uv_size": [1, 1]},
								"up": {"uv": [53, 30], "uv_size": [1, 1]},
								"down": {"uv": [31, 54], "uv_size": [1, -1]}
							}
						},
						{
							"origin": [-2.35, 24.8, -34.55],
							"size": [0.1, 0.75, 0.5],
							"uv": {
								"north": {"uv": [40, 54], "uv_size": [1, 1]},
								"east": {"uv": [54, 40], "uv_size": [1, 1]},
								"south": {"uv": [41, 54], "uv_size": [1, 1]},
								"west": {"uv": [54, 41], "uv_size": [1, 1]},
								"up": {"uv": [42, 54], "uv_size": [1, 1]},
								"down": {"uv": [54, 43], "uv_size": [1, -1]}
							}
						},
						{
							"origin": [-2.35, 23.55, -34.55],
							"size": [0.1, 0.75, 0.5],
							"uv": {
								"north": {"uv": [53, 28], "uv_size": [1, 1]},
								"east": {"uv": [29, 53], "uv_size": [1, 1]},
								"south": {"uv": [53, 29], "uv_size": [1, 1]},
								"west": {"uv": [30, 53], "uv_size": [1, 1]},
								"up": {"uv": [53, 30], "uv_size": [1, 1]},
								"down": {"uv": [31, 54], "uv_size": [1, -1]}
							}
						},
						{
							"origin": [-2.35, 24.8, -40.85],
							"size": [0.1, 0.75, 0.5],
							"uv": {
								"north": {"uv": [40, 54], "uv_size": [1, 1]},
								"east": {"uv": [54, 40], "uv_size": [1, 1]},
								"south": {"uv": [41, 54], "uv_size": [1, 1]},
								"west": {"uv": [54, 41], "uv_size": [1, 1]},
								"up": {"uv": [42, 54], "uv_size": [1, 1]},
								"down": {"uv": [54, 43], "uv_size": [1, -1]}
							}
						},
						{
							"origin": [-2.35, 23.55, -40.85],
							"size": [0.1, 0.75, 0.5],
							"uv": {
								"north": {"uv": [53, 28], "uv_size": [1, 1]},
								"east": {"uv": [29, 53], "uv_size": [1, 1]},
								"south": {"uv": [53, 29], "uv_size": [1, 1]},
								"west": {"uv": [30, 53], "uv_size": [1, 1]},
								"up": {"uv": [53, 30], "uv_size": [1, 1]},
								"down": {"uv": [31, 54], "uv_size": [1, -1]}
							}
						},
						{
							"origin": [-2.35, 24.8, -38.75],
							"size": [0.1, 0.75, 0.5],
							"uv": {
								"north": {"uv": [40, 54], "uv_size": [1, 1]},
								"east": {"uv": [54, 40], "uv_size": [1, 1]},
								"south": {"uv": [41, 54], "uv_size": [1, 1]},
								"west": {"uv": [54, 41], "uv_size": [1, 1]},
								"up": {"uv": [42, 54], "uv_size": [1, 1]},
								"down": {"uv": [54, 43], "uv_size": [1, -1]}
							}
						},
						{
							"origin": [-2.35, 23.55, -38.75],
							"size": [0.1, 0.75, 0.5],
							"uv": {
								"north": {"uv": [53, 28], "uv_size": [1, 1]},
								"east": {"uv": [29, 53], "uv_size": [1, 1]},
								"south": {"uv": [53, 29], "uv_size": [1, 1]},
								"west": {"uv": [30, 53], "uv_size": [1, 1]},
								"up": {"uv": [53, 30], "uv_size": [1, 1]},
								"down": {"uv": [31, 54], "uv_size": [1, -1]}
							}
						},
						{
							"origin": [-2.35, 24.8, -42.95],
							"size": [0.1, 0.75, 0.5],
							"uv": {
								"north": {"uv": [40, 54], "uv_size": [1, 1]},
								"east": {"uv": [54, 40], "uv_size": [1, 1]},
								"south": {"uv": [41, 54], "uv_size": [1, 1]},
								"west": {"uv": [54, 41], "uv_size": [1, 1]},
								"up": {"uv": [42, 54], "uv_size": [1, 1]},
								"down": {"uv": [54, 43], "uv_size": [1, -1]}
							}
						},
						{
							"origin": [-2.35, 23.55, -42.95],
							"size": [0.1, 0.75, 0.5],
							"uv": {
								"north": {"uv": [53, 28], "uv_size": [1, 1]},
								"east": {"uv": [29, 53], "uv_size": [1, 1]},
								"south": {"uv": [53, 29], "uv_size": [1, 1]},
								"west": {"uv": [30, 53], "uv_size": [1, 1]},
								"up": {"uv": [53, 30], "uv_size": [1, 1]},
								"down": {"uv": [31, 54], "uv_size": [1, -1]}
							}
						}
					]
				},
				{
					"name": "bone7",
					"parent": "handguard",
					"pivot": [-0.7, 27.25, -42.8],
					"cubes": [
						{
							"origin": [-0.7, 26.25, -44.85],
							"size": [1.4, 1, 25],
							"inflate": 0.002,
							"uv": {
								"north": {"uv": [8, 52], "uv_size": [1, 1]},
								"east": {"uv": [27, 6], "uv_size": [25, 1]},
								"south": {"uv": [52, 8], "uv_size": [1, 1]},
								"west": {"uv": [27, 7], "uv_size": [25, 1]},
								"up": {"uv": [12, 26], "uv_size": [1, 25]},
								"down": {"uv": [13, 51], "uv_size": [1, -25]}
							}
						},
						{
							"origin": [0.7, 26.25, -44.85],
							"size": [0.3, 1.1, 25],
							"inflate": 0.002,
							"uv": {
								"north": {"uv": [49, 50], "uv_size": [1, 1]},
								"east": {"uv": [27, 4], "uv_size": [25, 1]},
								"south": {"uv": [50, 50], "uv_size": [1, 1]},
								"west": {"uv": [27, 4], "uv_size": [25, 1]},
								"up": {"uv": [1, 26], "uv_size": [1, 25]},
								"down": {"uv": [2, 51], "uv_size": [1, -25]}
							}
						},
						{
							"origin": [-1, 26.25, -44.85],
							"size": [0.3, 1.1, 25],
							"inflate": 0.002,
							"uv": {
								"north": {"uv": [7, 52], "uv_size": [1, 1]},
								"east": {"uv": [27, 4], "uv_size": [25, 1]},
								"south": {"uv": [52, 7], "uv_size": [1, 1]},
								"west": {"uv": [27, 4], "uv_size": [25, 1]},
								"up": {"uv": [10, 26], "uv_size": [1, 25]},
								"down": {"uv": [11, 51], "uv_size": [1, -25]}
							}
						},
						{
							"origin": [0.7, 21.75, -44.85],
							"size": [0.3, 1.1, 25],
							"inflate": 0.002,
							"uv": {
								"north": {"uv": [49, 51], "uv_size": [1, -1]},
								"east": {"uv": [27, 4], "uv_size": [25, 1]},
								"south": {"uv": [50, 51], "uv_size": [1, -1]},
								"west": {"uv": [27, 4], "uv_size": [25, 1]},
								"up": {"uv": [2, 26], "uv_size": [1, 25]},
								"down": {"uv": [1, 51], "uv_size": [1, -25]}
							}
						},
						{
							"origin": [-1, 21.75, -44.85],
							"size": [0.3, 1.1, 25],
							"inflate": 0.002,
							"uv": {
								"north": {"uv": [7, 53], "uv_size": [1, -1]},
								"east": {"uv": [27, 4], "uv_size": [25, 1]},
								"south": {"uv": [52, 8], "uv_size": [1, -1]},
								"west": {"uv": [27, 4], "uv_size": [25, 1]},
								"up": {"uv": [11, 26], "uv_size": [1, 25]},
								"down": {"uv": [10, 51], "uv_size": [1, -25]}
							}
						}
					]
				},
				{
					"name": "bone8",
					"parent": "handguard",
					"pivot": [-0.7, 21.25, -42.8],
					"cubes": [
						{
							"origin": [-0.72154, 21.78962, -44.849],
							"size": [1.5, 1, 25],
							"inflate": 0.002,
							"uv": {
								"north": {"uv": [43, 54], "uv_size": [1, 1]},
								"east": {"uv": [27, 16], "uv_size": [25, 1]},
								"south": {"uv": [54, 43], "uv_size": [1, 1]},
								"west": {"uv": [27, 17], "uv_size": [25, 1]},
								"up": {"uv": [24, 26], "uv_size": [1, 25]},
								"down": {"uv": [27, 43], "uv_size": [1, -25]}
							}
						}
					]
				},
				{
					"name": "bone",
					"parent": "handguard",
					"pivot": [2.35, 25.55, -45.15],
					"cubes": [
						{
							"origin": [1.35, 25.55, -44.85],
							"size": [0.9, 2.2, 25],
							"inflate": 0.001,
							"pivot": [2.35, 25.55, -67.35],
							"rotation": [0, 0, -37],
							"uv": {
								"north": {"uv": [41, 44], "uv_size": [1, 2]},
								"east": {"uv": [0, 12], "uv_size": [25, 2]},
								"south": {"uv": [42, 44], "uv_size": [1, 2]},
								"west": {"uv": [0, 14], "uv_size": [25, 2]},
								"up": {"uv": [3, 26], "uv_size": [1, 25]},
								"down": {"uv": [4, 51], "uv_size": [1, -25]}
							}
						},
						{
							"origin": [1.35, 25.55, -42.95],
							"size": [1, 2.2, 0.5],
							"inflate": 0.001,
							"pivot": [2.35, 25.55, -65.45],
							"rotation": [0, 0, -37],
							"uv": {
								"north": {"uv": [31, 38], "uv_size": [1, 2]},
								"east": {"uv": [38, 31], "uv_size": [1, 2]},
								"south": {"uv": [32, 38], "uv_size": [1, 2]},
								"west": {"uv": [33, 38], "uv_size": [1, 2]},
								"up": {"uv": [0, 51], "uv_size": [1, 1]},
								"down": {"uv": [51, 1], "uv_size": [1, -1]}
							}
						},
						{
							"origin": [1.35, 25.55, -40.85],
							"size": [1, 2.2, 0.5],
							"inflate": 0.001,
							"pivot": [2.35, 25.55, -64.05],
							"rotation": [0, 0, -37],
							"uv": {
								"north": {"uv": [38, 33], "uv_size": [1, 2]},
								"east": {"uv": [34, 38], "uv_size": [1, 2]},
								"south": {"uv": [35, 38], "uv_size": [1, 2]},
								"west": {"uv": [38, 35], "uv_size": [1, 2]},
								"up": {"uv": [1, 51], "uv_size": [1, 1]},
								"down": {"uv": [51, 2], "uv_size": [1, -1]}
							}
						},
						{
							"origin": [1.35, 25.55, -38.75],
							"size": [1, 2.2, 0.5],
							"inflate": 0.001,
							"pivot": [2.35, 25.55, -65.85],
							"rotation": [0, 0, -37],
							"uv": {
								"north": {"uv": [36, 38], "uv_size": [1, 2]},
								"east": {"uv": [37, 38], "uv_size": [1, 2]},
								"south": {"uv": [38, 37], "uv_size": [1, 2]},
								"west": {"uv": [39, 22], "uv_size": [1, 2]},
								"up": {"uv": [2, 51], "uv_size": [1, 1]},
								"down": {"uv": [51, 3], "uv_size": [1, -1]}
							}
						},
						{
							"origin": [1.35, 25.55, -36.65],
							"size": [1, 2.2, 0.5],
							"inflate": 0.001,
							"pivot": [2.35, 25.55, -59.85],
							"rotation": [0, 0, -37],
							"uv": {
								"north": {"uv": [39, 32], "uv_size": [1, 2]},
								"east": {"uv": [39, 34], "uv_size": [1, 2]},
								"south": {"uv": [39, 36], "uv_size": [1, 2]},
								"west": {"uv": [38, 39], "uv_size": [1, 2]},
								"up": {"uv": [4, 51], "uv_size": [1, 1]},
								"down": {"uv": [5, 52], "uv_size": [1, -1]}
							}
						},
						{
							"origin": [1.35, 25.55, -34.55],
							"size": [1, 2.2, 0.5],
							"inflate": 0.001,
							"pivot": [2.35, 25.55, -61.65],
							"rotation": [0, 0, -37],
							"uv": {
								"north": {"uv": [39, 24], "uv_size": [1, 2]},
								"east": {"uv": [39, 26], "uv_size": [1, 2]},
								"south": {"uv": [39, 28], "uv_size": [1, 2]},
								"west": {"uv": [39, 30], "uv_size": [1, 2]},
								"up": {"uv": [3, 51], "uv_size": [1, 1]},
								"down": {"uv": [51, 4], "uv_size": [1, -1]}
							}
						},
						{
							"origin": [1.35, 25.55, -32.45],
							"size": [1, 2.2, 0.5],
							"inflate": 0.001,
							"pivot": [2.35, 25.55, -55.65],
							"rotation": [0, 0, -37],
							"uv": {
								"north": {"uv": [40, 28], "uv_size": [1, 2]},
								"east": {"uv": [40, 30], "uv_size": [1, 2]},
								"south": {"uv": [31, 40], "uv_size": [1, 2]},
								"west": {"uv": [32, 40], "uv_size": [1, 2]},
								"up": {"uv": [8, 51], "uv_size": [1, 1]},
								"down": {"uv": [9, 52], "uv_size": [1, -1]}
							}
						},
						{
							"origin": [1.35, 25.55, -30.35],
							"size": [1, 2.2, 0.5],
							"inflate": 0.001,
							"pivot": [2.35, 25.55, -57.45],
							"rotation": [0, 0, -37],
							"uv": {
								"north": {"uv": [39, 38], "uv_size": [1, 2]},
								"east": {"uv": [40, 22], "uv_size": [1, 2]},
								"south": {"uv": [40, 24], "uv_size": [1, 2]},
								"west": {"uv": [40, 26], "uv_size": [1, 2]},
								"up": {"uv": [6, 51], "uv_size": [1, 1]},
								"down": {"uv": [7, 52], "uv_size": [1, -1]}
							}
						},
						{
							"origin": [1.35, 25.55, -28.25],
							"size": [1, 2.2, 0.5],
							"inflate": 0.001,
							"pivot": [2.35, 25.55, -51.45],
							"rotation": [0, 0, -37],
							"uv": {
								"north": {"uv": [35, 40], "uv_size": [1, 2]},
								"east": {"uv": [36, 40], "uv_size": [1, 2]},
								"south": {"uv": [40, 36], "uv_size": [1, 2]},
								"west": {"uv": [37, 40], "uv_size": [1, 2]},
								"up": {"uv": [12, 51], "uv_size": [1, 1]},
								"down": {"uv": [13, 52], "uv_size": [1, -1]}
							}
						},
						{
							"origin": [1.35, 25.55, -26.15],
							"size": [1, 2.2, 0.5],
							"inflate": 0.001,
							"pivot": [2.35, 25.55, -53.25],
							"rotation": [0, 0, -37],
							"uv": {
								"north": {"uv": [40, 32], "uv_size": [1, 2]},
								"east": {"uv": [33, 40], "uv_size": [1, 2]},
								"south": {"uv": [34, 40], "uv_size": [1, 2]},
								"west": {"uv": [40, 34], "uv_size": [1, 2]},
								"up": {"uv": [10, 51], "uv_size": [1, 1]},
								"down": {"uv": [11, 52], "uv_size": [1, -1]}
							}
						},
						{
							"origin": [1.35, 25.55, -24.05],
							"size": [1, 2.2, 0.5],
							"inflate": 0.001,
							"pivot": [2.35, 25.55, -47.25],
							"rotation": [0, 0, -37],
							"uv": {
								"north": {"uv": [40, 38], "uv_size": [1, 2]},
								"east": {"uv": [39, 40], "uv_size": [1, 2]},
								"south": {"uv": [40, 40], "uv_size": [1, 2]},
								"west": {"uv": [41, 22], "uv_size": [1, 2]},
								"up": {"uv": [14, 51], "uv_size": [1, 1]},
								"down": {"uv": [15, 52], "uv_size": [1, -1]}
							}
						},
						{
							"origin": [1.35, 25.55, -21.95],
							"size": [1, 2.2, 0.5],
							"inflate": 0.001,
							"pivot": [2.35, 25.55, -45.15],
							"rotation": [0, 0, -37],
							"uv": {
								"north": {"uv": [44, 36], "uv_size": [1, 2]},
								"east": {"uv": [37, 44], "uv_size": [1, 2]},
								"south": {"uv": [44, 38], "uv_size": [1, 2]},
								"west": {"uv": [44, 40], "uv_size": [1, 2]},
								"up": {"uv": [16, 51], "uv_size": [1, 1]},
								"down": {"uv": [17, 52], "uv_size": [1, -1]}
							}
						}
					]
				},
				{
					"name": "bone4",
					"parent": "handguard",
					"pivot": [-2.35, 25.55, -45.15],
					"cubes": [
						{
							"origin": [-2.25, 25.55, -44.85],
							"size": [0.9, 2.2, 25],
							"inflate": 0.001,
							"pivot": [-2.35, 25.55, -67.35],
							"rotation": [0, 0, 37],
							"uv": {
								"north": {"uv": [49, 28], "uv_size": [1, 2]},
								"east": {"uv": [0, 24], "uv_size": [25, 2]},
								"south": {"uv": [29, 49], "uv_size": [1, 2]},
								"west": {"uv": [25, 0], "uv_size": [25, 2]},
								"up": {"uv": [8, 26], "uv_size": [1, 25]},
								"down": {"uv": [9, 51], "uv_size": [1, -25]}
							}
						},
						{
							"origin": [-2.35, 25.55, -42.95],
							"size": [1, 2.2, 0.5],
							"inflate": 0.001,
							"pivot": [-2.35, 25.55, -65.45],
							"rotation": [0, 0, 37],
							"uv": {
								"north": {"uv": [30, 49], "uv_size": [1, 2]},
								"east": {"uv": [49, 30], "uv_size": [1, 2]},
								"south": {"uv": [31, 49], "uv_size": [1, 2]},
								"west": {"uv": [32, 49], "uv_size": [1, 2]},
								"up": {"uv": [51, 46], "uv_size": [1, 1]},
								"down": {"uv": [51, 48], "uv_size": [1, -1]}
							}
						},
						{
							"origin": [-2.35, 25.55, -40.85],
							"size": [1, 2.2, 0.5],
							"inflate": 0.001,
							"pivot": [-2.35, 25.55, -64.05],
							"rotation": [0, 0, 37],
							"uv": {
								"north": {"uv": [49, 32], "uv_size": [1, 2]},
								"east": {"uv": [33, 49], "uv_size": [1, 2]},
								"south": {"uv": [34, 49], "uv_size": [1, 2]},
								"west": {"uv": [49, 34], "uv_size": [1, 2]},
								"up": {"uv": [51, 48], "uv_size": [1, 1]},
								"down": {"uv": [49, 52], "uv_size": [1, -1]}
							}
						},
						{
							"origin": [-2.35, 25.55, -38.75],
							"size": [1, 2.2, 0.5],
							"inflate": 0.001,
							"pivot": [-2.35, 25.55, -65.85],
							"rotation": [0, 0, 37],
							"uv": {
								"north": {"uv": [35, 49], "uv_size": [1, 2]},
								"east": {"uv": [36, 49], "uv_size": [1, 2]},
								"south": {"uv": [49, 36], "uv_size": [1, 2]},
								"west": {"uv": [38, 49], "uv_size": [1, 2]},
								"up": {"uv": [51, 49], "uv_size": [1, 1]},
								"down": {"uv": [50, 52], "uv_size": [1, -1]}
							}
						},
						{
							"origin": [-2.35, 25.55, -36.65],
							"size": [1, 2.2, 0.5],
							"inflate": 0.001,
							"pivot": [-2.35, 25.55, -59.85],
							"rotation": [0, 0, 37],
							"uv": {
								"north": {"uv": [49, 38], "uv_size": [1, 2]},
								"east": {"uv": [39, 49], "uv_size": [1, 2]},
								"south": {"uv": [40, 49], "uv_size": [1, 2]},
								"west": {"uv": [49, 40], "uv_size": [1, 2]},
								"up": {"uv": [51, 50], "uv_size": [1, 1]},
								"down": {"uv": [51, 52], "uv_size": [1, -1]}
							}
						},
						{
							"origin": [-2.35, 25.55, -34.55],
							"size": [1, 2.2, 0.5],
							"inflate": 0.001,
							"pivot": [-2.35, 25.55, -61.65],
							"rotation": [0, 0, 37],
							"uv": {
								"north": {"uv": [49, 42], "uv_size": [1, 2]},
								"east": {"uv": [49, 44], "uv_size": [1, 2]},
								"south": {"uv": [49, 46], "uv_size": [1, 2]},
								"west": {"uv": [49, 48], "uv_size": [1, 2]},
								"up": {"uv": [0, 52], "uv_size": [1, 1]},
								"down": {"uv": [52, 1], "uv_size": [1, -1]}
							}
						},
						{
							"origin": [-2.35, 25.55, -32.45],
							"size": [1, 2.2, 0.5],
							"inflate": 0.001,
							"pivot": [-2.35, 25.55, -55.65],
							"rotation": [0, 0, 37],
							"uv": {
								"north": {"uv": [50, 0], "uv_size": [1, 2]},
								"east": {"uv": [50, 22], "uv_size": [1, 2]},
								"south": {"uv": [50, 24], "uv_size": [1, 2]},
								"west": {"uv": [50, 26], "uv_size": [1, 2]},
								"up": {"uv": [1, 52], "uv_size": [1, 1]},
								"down": {"uv": [52, 2], "uv_size": [1, -1]}
							}
						},
						{
							"origin": [-2.35, 25.55, -30.35],
							"size": [1, 2.2, 0.5],
							"inflate": 0.001,
							"pivot": [-2.35, 25.55, -57.45],
							"rotation": [0, 0, 37],
							"uv": {
								"north": {"uv": [50, 28], "uv_size": [1, 2]},
								"east": {"uv": [50, 30], "uv_size": [1, 2]},
								"south": {"uv": [50, 32], "uv_size": [1, 2]},
								"west": {"uv": [50, 34], "uv_size": [1, 2]},
								"up": {"uv": [2, 52], "uv_size": [1, 1]},
								"down": {"uv": [52, 3], "uv_size": [1, -1]}
							}
						},
						{
							"origin": [-2.35, 25.55, -28.25],
							"size": [1, 2.2, 0.5],
							"inflate": 0.001,
							"pivot": [-2.35, 25.55, -51.45],
							"rotation": [0, 0, 37],
							"uv": {
								"north": {"uv": [50, 36], "uv_size": [1, 2]},
								"east": {"uv": [37, 50], "uv_size": [1, 2]},
								"south": {"uv": [50, 38], "uv_size": [1, 2]},
								"west": {"uv": [50, 40], "uv_size": [1, 2]},
								"up": {"uv": [3, 52], "uv_size": [1, 1]},
								"down": {"uv": [52, 4], "uv_size": [1, -1]}
							}
						},
						{
							"origin": [-2.35, 25.55, -26.15],
							"size": [1, 2.2, 0.5],
							"inflate": 0.001,
							"pivot": [-2.35, 25.55, -53.25],
							"rotation": [0, 0, 37],
							"uv": {
								"north": {"uv": [41, 50], "uv_size": [1, 2]},
								"east": {"uv": [42, 50], "uv_size": [1, 2]},
								"south": {"uv": [50, 42], "uv_size": [1, 2]},
								"west": {"uv": [43, 50], "uv_size": [1, 2]},
								"up": {"uv": [4, 52], "uv_size": [1, 1]},
								"down": {"uv": [52, 5], "uv_size": [1, -1]}
							}
						},
						{
							"origin": [-2.35, 25.55, -24.05],
							"size": [1, 2.2, 0.5],
							"inflate": 0.001,
							"pivot": [-2.35, 25.55, -47.25],
							"rotation": [0, 0, 37],
							"uv": {
								"north": {"uv": [44, 50], "uv_size": [1, 2]},
								"east": {"uv": [50, 44], "uv_size": [1, 2]},
								"south": {"uv": [45, 50], "uv_size": [1, 2]},
								"west": {"uv": [46, 50], "uv_size": [1, 2]},
								"up": {"uv": [5, 52], "uv_size": [1, 1]},
								"down": {"uv": [52, 6], "uv_size": [1, -1]}
							}
						},
						{
							"origin": [-2.35, 25.55, -21.95],
							"size": [1, 2.2, 0.5],
							"inflate": 0.001,
							"pivot": [-2.35, 25.55, -45.15],
							"rotation": [0, 0, 37],
							"uv": {
								"north": {"uv": [50, 46], "uv_size": [1, 2]},
								"east": {"uv": [47, 50], "uv_size": [1, 2]},
								"south": {"uv": [48, 50], "uv_size": [1, 2]},
								"west": {"uv": [50, 48], "uv_size": [1, 2]},
								"up": {"uv": [6, 52], "uv_size": [1, 1]},
								"down": {"uv": [52, 7], "uv_size": [1, -1]}
							}
						}
					]
				},
				{
					"name": "bone2",
					"parent": "handguard",
					"pivot": [2.35, 23.05, -45.15],
					"cubes": [
						{
							"origin": [1.32846, 21.28962, -44.849],
							"size": [0.9, 2.2, 25],
							"inflate": 0.001,
							"pivot": [2.32846, 23.48962, -67.349],
							"rotation": [0, 0, 37],
							"uv": {
								"north": {"uv": [45, 24], "uv_size": [1, 2]},
								"east": {"uv": [0, 16], "uv_size": [25, 2]},
								"south": {"uv": [45, 26], "uv_size": [1, 2]},
								"west": {"uv": [0, 18], "uv_size": [25, 2]},
								"up": {"uv": [26, 4], "uv_size": [1, 25]},
								"down": {"uv": [5, 51], "uv_size": [1, -25]}
							}
						},
						{
							"origin": [1.3486, 21.2498, -42.949],
							"size": [1, 2.275, 0.5],
							"inflate": 0.001,
							"pivot": [2.3486, 23.5248, -65.449],
							"rotation": [0, 0, 37],
							"uv": {
								"north": {"uv": [27, 45], "uv_size": [1, 2]},
								"east": {"uv": [28, 45], "uv_size": [1, 2]},
								"south": {"uv": [45, 28], "uv_size": [1, 2]},
								"west": {"uv": [30, 45], "uv_size": [1, 2]},
								"up": {"uv": [18, 51], "uv_size": [1, 1]},
								"down": {"uv": [19, 52], "uv_size": [1, -1]}
							}
						},
						{
							"origin": [1.3486, 21.2498, -40.849],
							"size": [1, 2.275, 0.5],
							"inflate": 0.001,
							"pivot": [2.3486, 23.5248, -63.349],
							"rotation": [0, 0, 37],
							"uv": {
								"north": {"uv": [27, 45], "uv_size": [1, 2]},
								"east": {"uv": [28, 45], "uv_size": [1, 2]},
								"south": {"uv": [45, 28], "uv_size": [1, 2]},
								"west": {"uv": [30, 45], "uv_size": [1, 2]},
								"up": {"uv": [18, 51], "uv_size": [1, 1]},
								"down": {"uv": [19, 52], "uv_size": [1, -1]}
							}
						},
						{
							"origin": [1.3486, 21.2498, -36.649],
							"size": [1, 2.275, 0.5],
							"inflate": 0.001,
							"pivot": [2.3486, 23.5248, -59.149],
							"rotation": [0, 0, 37],
							"uv": {
								"north": {"uv": [27, 45], "uv_size": [1, 2]},
								"east": {"uv": [28, 45], "uv_size": [1, 2]},
								"south": {"uv": [45, 28], "uv_size": [1, 2]},
								"west": {"uv": [30, 45], "uv_size": [1, 2]},
								"up": {"uv": [18, 51], "uv_size": [1, 1]},
								"down": {"uv": [19, 52], "uv_size": [1, -1]}
							}
						},
						{
							"origin": [1.3486, 21.2498, -38.749],
							"size": [1, 2.275, 0.5],
							"inflate": 0.001,
							"pivot": [2.3486, 23.5248, -61.249],
							"rotation": [0, 0, 37],
							"uv": {
								"north": {"uv": [27, 45], "uv_size": [1, 2]},
								"east": {"uv": [28, 45], "uv_size": [1, 2]},
								"south": {"uv": [45, 28], "uv_size": [1, 2]},
								"west": {"uv": [30, 45], "uv_size": [1, 2]},
								"up": {"uv": [18, 51], "uv_size": [1, 1]},
								"down": {"uv": [19, 52], "uv_size": [1, -1]}
							}
						},
						{
							"origin": [1.3486, 21.2498, -32.449],
							"size": [1, 2.275, 0.5],
							"inflate": 0.001,
							"pivot": [2.3486, 23.5248, -54.949],
							"rotation": [0, 0, 37],
							"uv": {
								"north": {"uv": [27, 45], "uv_size": [1, 2]},
								"east": {"uv": [28, 45], "uv_size": [1, 2]},
								"south": {"uv": [45, 28], "uv_size": [1, 2]},
								"west": {"uv": [30, 45], "uv_size": [1, 2]},
								"up": {"uv": [18, 51], "uv_size": [1, 1]},
								"down": {"uv": [19, 52], "uv_size": [1, -1]}
							}
						},
						{
							"origin": [1.3486, 21.2498, -34.549],
							"size": [1, 2.275, 0.5],
							"inflate": 0.001,
							"pivot": [2.3486, 23.5248, -57.049],
							"rotation": [0, 0, 37],
							"uv": {
								"north": {"uv": [27, 45], "uv_size": [1, 2]},
								"east": {"uv": [28, 45], "uv_size": [1, 2]},
								"south": {"uv": [45, 28], "uv_size": [1, 2]},
								"west": {"uv": [30, 45], "uv_size": [1, 2]},
								"up": {"uv": [18, 51], "uv_size": [1, 1]},
								"down": {"uv": [19, 52], "uv_size": [1, -1]}
							}
						},
						{
							"origin": [1.3486, 21.2498, -28.249],
							"size": [1, 2.275, 0.5],
							"inflate": 0.001,
							"pivot": [2.3486, 23.5248, -50.749],
							"rotation": [0, 0, 37],
							"uv": {
								"north": {"uv": [27, 45], "uv_size": [1, 2]},
								"east": {"uv": [28, 45], "uv_size": [1, 2]},
								"south": {"uv": [45, 28], "uv_size": [1, 2]},
								"west": {"uv": [30, 45], "uv_size": [1, 2]},
								"up": {"uv": [18, 51], "uv_size": [1, 1]},
								"down": {"uv": [19, 52], "uv_size": [1, -1]}
							}
						},
						{
							"origin": [1.3486, 21.2498, -30.349],
							"size": [1, 2.275, 0.5],
							"inflate": 0.001,
							"pivot": [2.3486, 23.5248, -52.849],
							"rotation": [0, 0, 37],
							"uv": {
								"north": {"uv": [27, 45], "uv_size": [1, 2]},
								"east": {"uv": [28, 45], "uv_size": [1, 2]},
								"south": {"uv": [45, 28], "uv_size": [1, 2]},
								"west": {"uv": [30, 45], "uv_size": [1, 2]},
								"up": {"uv": [18, 51], "uv_size": [1, 1]},
								"down": {"uv": [19, 52], "uv_size": [1, -1]}
							}
						},
						{
							"origin": [1.3486, 21.2498, -24.049],
							"size": [1, 2.275, 0.5],
							"inflate": 0.001,
							"pivot": [2.3486, 23.5248, -46.549],
							"rotation": [0, 0, 37],
							"uv": {
								"north": {"uv": [27, 45], "uv_size": [1, 2]},
								"east": {"uv": [28, 45], "uv_size": [1, 2]},
								"south": {"uv": [45, 28], "uv_size": [1, 2]},
								"west": {"uv": [30, 45], "uv_size": [1, 2]},
								"up": {"uv": [18, 51], "uv_size": [1, 1]},
								"down": {"uv": [19, 52], "uv_size": [1, -1]}
							}
						},
						{
							"origin": [1.3486, 21.2498, -26.149],
							"size": [1, 2.275, 0.5],
							"inflate": 0.001,
							"pivot": [2.3486, 23.5248, -48.649],
							"rotation": [0, 0, 37],
							"uv": {
								"north": {"uv": [27, 45], "uv_size": [1, 2]},
								"east": {"uv": [28, 45], "uv_size": [1, 2]},
								"south": {"uv": [45, 28], "uv_size": [1, 2]},
								"west": {"uv": [30, 45], "uv_size": [1, 2]},
								"up": {"uv": [18, 51], "uv_size": [1, 1]},
								"down": {"uv": [19, 52], "uv_size": [1, -1]}
							}
						},
						{
							"origin": [1.3486, 21.2498, -21.949],
							"size": [1, 2.275, 0.5],
							"inflate": 0.001,
							"pivot": [2.3486, 23.5248, -44.449],
							"rotation": [0, 0, 37],
							"uv": {
								"north": {"uv": [27, 45], "uv_size": [1, 2]},
								"east": {"uv": [28, 45], "uv_size": [1, 2]},
								"south": {"uv": [45, 28], "uv_size": [1, 2]},
								"west": {"uv": [30, 45], "uv_size": [1, 2]},
								"up": {"uv": [18, 51], "uv_size": [1, 1]},
								"down": {"uv": [19, 52], "uv_size": [1, -1]}
							}
						}
					]
				},
				{
					"name": "bone3",
					"parent": "handguard",
					"pivot": [-2.35, 23.05, -45.15],
					"cubes": [
						{
							"origin": [-2.22846, 21.28962, -44.851],
							"size": [0.9, 2.2, 25],
							"inflate": 0.001,
							"pivot": [-2.32846, 23.48962, -67.351],
							"rotation": [0, 0, -37],
							"uv": {
								"north": {"uv": [30, 47], "uv_size": [1, 2]},
								"east": {"uv": [0, 20], "uv_size": [25, 2]},
								"south": {"uv": [47, 30], "uv_size": [1, 2]},
								"west": {"uv": [0, 22], "uv_size": [25, 2]},
								"up": {"uv": [6, 26], "uv_size": [1, 25]},
								"down": {"uv": [7, 51], "uv_size": [1, -25]}
							}
						},
						{
							"origin": [-2.3486, 21.3498, -21.951],
							"size": [1, 2.2, 0.5],
							"inflate": 0.001,
							"pivot": [-2.3486, 23.5498, -45.151],
							"rotation": [0, 0, -37],
							"uv": {
								"north": {"uv": [49, 24], "uv_size": [1, 2]},
								"east": {"uv": [49, 26], "uv_size": [1, 2]},
								"south": {"uv": [27, 49], "uv_size": [1, 2]},
								"west": {"uv": [28, 49], "uv_size": [1, 2]},
								"up": {"uv": [51, 44], "uv_size": [1, 1]},
								"down": {"uv": [51, 46], "uv_size": [1, -1]}
							}
						},
						{
							"origin": [-2.3486, 21.3498, -24.051],
							"size": [1, 2.2, 0.5],
							"inflate": 0.001,
							"pivot": [-2.3486, 23.5498, -47.251],
							"rotation": [0, 0, -37],
							"uv": {
								"north": {"uv": [49, 24], "uv_size": [1, 2]},
								"east": {"uv": [49, 26], "uv_size": [1, 2]},
								"south": {"uv": [27, 49], "uv_size": [1, 2]},
								"west": {"uv": [28, 49], "uv_size": [1, 2]},
								"up": {"uv": [51, 44], "uv_size": [1, 1]},
								"down": {"uv": [51, 46], "uv_size": [1, -1]}
							}
						},
						{
							"origin": [-2.3486, 21.3498, -26.151],
							"size": [1, 2.2, 0.5],
							"inflate": 0.001,
							"pivot": [-2.3486, 23.5498, -49.351],
							"rotation": [0, 0, -37],
							"uv": {
								"north": {"uv": [49, 24], "uv_size": [1, 2]},
								"east": {"uv": [49, 26], "uv_size": [1, 2]},
								"south": {"uv": [27, 49], "uv_size": [1, 2]},
								"west": {"uv": [28, 49], "uv_size": [1, 2]},
								"up": {"uv": [51, 44], "uv_size": [1, 1]},
								"down": {"uv": [51, 46], "uv_size": [1, -1]}
							}
						},
						{
							"origin": [-2.3486, 21.3498, -30.351],
							"size": [1, 2.2, 0.5],
							"inflate": 0.001,
							"pivot": [-2.3486, 23.5498, -53.551],
							"rotation": [0, 0, -37],
							"uv": {
								"north": {"uv": [49, 24], "uv_size": [1, 2]},
								"east": {"uv": [49, 26], "uv_size": [1, 2]},
								"south": {"uv": [27, 49], "uv_size": [1, 2]},
								"west": {"uv": [28, 49], "uv_size": [1, 2]},
								"up": {"uv": [51, 44], "uv_size": [1, 1]},
								"down": {"uv": [51, 46], "uv_size": [1, -1]}
							}
						},
						{
							"origin": [-2.3486, 21.3498, -28.251],
							"size": [1, 2.2, 0.5],
							"inflate": 0.001,
							"pivot": [-2.3486, 23.5498, -51.451],
							"rotation": [0, 0, -37],
							"uv": {
								"north": {"uv": [49, 24], "uv_size": [1, 2]},
								"east": {"uv": [49, 26], "uv_size": [1, 2]},
								"south": {"uv": [27, 49], "uv_size": [1, 2]},
								"west": {"uv": [28, 49], "uv_size": [1, 2]},
								"up": {"uv": [51, 44], "uv_size": [1, 1]},
								"down": {"uv": [51, 46], "uv_size": [1, -1]}
							}
						},
						{
							"origin": [-2.3486, 21.3498, -34.551],
							"size": [1, 2.2, 0.5],
							"inflate": 0.001,
							"pivot": [-2.3486, 23.5498, -57.751],
							"rotation": [0, 0, -37],
							"uv": {
								"north": {"uv": [49, 24], "uv_size": [1, 2]},
								"east": {"uv": [49, 26], "uv_size": [1, 2]},
								"south": {"uv": [27, 49], "uv_size": [1, 2]},
								"west": {"uv": [28, 49], "uv_size": [1, 2]},
								"up": {"uv": [51, 44], "uv_size": [1, 1]},
								"down": {"uv": [51, 46], "uv_size": [1, -1]}
							}
						},
						{
							"origin": [-2.3486, 21.3498, -32.451],
							"size": [1, 2.2, 0.5],
							"inflate": 0.001,
							"pivot": [-2.3486, 23.5498, -55.651],
							"rotation": [0, 0, -37],
							"uv": {
								"north": {"uv": [49, 24], "uv_size": [1, 2]},
								"east": {"uv": [49, 26], "uv_size": [1, 2]},
								"south": {"uv": [27, 49], "uv_size": [1, 2]},
								"west": {"uv": [28, 49], "uv_size": [1, 2]},
								"up": {"uv": [51, 44], "uv_size": [1, 1]},
								"down": {"uv": [51, 46], "uv_size": [1, -1]}
							}
						},
						{
							"origin": [-2.3486, 21.3498, -38.751],
							"size": [1, 2.2, 0.5],
							"inflate": 0.001,
							"pivot": [-2.3486, 23.5498, -61.951],
							"rotation": [0, 0, -37],
							"uv": {
								"north": {"uv": [49, 24], "uv_size": [1, 2]},
								"east": {"uv": [49, 26], "uv_size": [1, 2]},
								"south": {"uv": [27, 49], "uv_size": [1, 2]},
								"west": {"uv": [28, 49], "uv_size": [1, 2]},
								"up": {"uv": [51, 44], "uv_size": [1, 1]},
								"down": {"uv": [51, 46], "uv_size": [1, -1]}
							}
						},
						{
							"origin": [-2.3486, 21.3498, -36.651],
							"size": [1, 2.2, 0.5],
							"inflate": 0.001,
							"pivot": [-2.3486, 23.5498, -59.851],
							"rotation": [0, 0, -37],
							"uv": {
								"north": {"uv": [49, 24], "uv_size": [1, 2]},
								"east": {"uv": [49, 26], "uv_size": [1, 2]},
								"south": {"uv": [27, 49], "uv_size": [1, 2]},
								"west": {"uv": [28, 49], "uv_size": [1, 2]},
								"up": {"uv": [51, 44], "uv_size": [1, 1]},
								"down": {"uv": [51, 46], "uv_size": [1, -1]}
							}
						},
						{
							"origin": [-2.3486, 21.3498, -42.951],
							"size": [1, 2.2, 0.5],
							"inflate": 0.001,
							"pivot": [-2.3486, 23.5498, -66.151],
							"rotation": [0, 0, -37],
							"uv": {
								"north": {"uv": [49, 24], "uv_size": [1, 2]},
								"east": {"uv": [49, 26], "uv_size": [1, 2]},
								"south": {"uv": [27, 49], "uv_size": [1, 2]},
								"west": {"uv": [28, 49], "uv_size": [1, 2]},
								"up": {"uv": [51, 44], "uv_size": [1, 1]},
								"down": {"uv": [51, 46], "uv_size": [1, -1]}
							}
						},
						{
							"origin": [-2.3486, 21.3498, -40.851],
							"size": [1, 2.2, 0.5],
							"inflate": 0.001,
							"pivot": [-2.3486, 23.5498, -64.051],
							"rotation": [0, 0, -37],
							"uv": {
								"north": {"uv": [49, 24], "uv_size": [1, 2]},
								"east": {"uv": [49, 26], "uv_size": [1, 2]},
								"south": {"uv": [27, 49], "uv_size": [1, 2]},
								"west": {"uv": [28, 49], "uv_size": [1, 2]},
								"up": {"uv": [51, 44], "uv_size": [1, 1]},
								"down": {"uv": [51, 46], "uv_size": [1, -1]}
							}
						}
					]
				},
				{
					"name": "bone12",
					"parent": "handguard",
					"pivot": [3.3, 24.8, -43.65],
					"rotation": [0, 0, -90]
				},
				{
					"name": "bone13",
					"parent": "handguard",
					"pivot": [-3.3, 24.8, -43.65],
					"rotation": [0, 0, 90]
				},
				{
					"name": "stock",
					"parent": "gun",
					"pivot": [1, 11, -1]
				},
				{
					"name": "bone14",
					"parent": "stock",
					"pivot": [-1.78, 19.15, 20.15],
					"rotation": [-27, 0, 0]
				},
				{
					"name": "bone15",
					"parent": "stock",
					"pivot": [-1.78, 16.85, 24.85],
					"rotation": [-69, 0, 0]
				},
				{
					"name": "_ca_handguard",
					"parent": "main",
					"pivot": [-0.2, 24.85, -23.925],
					"cubes": [
						{
							"origin": [-0.5, 23.85, -18.925],
							"size": [1, 1, 1],
							"uv": {
								"north": {"uv": [41.5, 98], "uv_size": [0.5, 0.5]},
								"east": {"uv": [41.5, 98], "uv_size": [0.5, 0.5]},
								"south": {"uv": [41.5, 98], "uv_size": [0.5, 0.5]},
								"west": {"uv": [41.5, 98], "uv_size": [0.5, 0.5]},
								"up": {"uv": [42, 98.5], "uv_size": [-0.5, -0.5]},
								"down": {"uv": [42, 98.5], "uv_size": [-0.5, -0.5]}
							}
						}
					]
				}
			]
		}
	]
}