{
	"format_version": "1.12.0",
	"minecraft:geometry": [
		{
			"description": {
				"identifier": "geometry.unknown",
				"texture_width": 64,
				"texture_height": 64,
				"visible_bounds_width": 12,
				"visible_bounds_height": 4,
				"visible_bounds_offset": [0, 1, 0]
			},
			"bones": [
				{
					"name": "main",
					"pivot": [0, 20, 0]
				},
				{
					"name": "gun",
					"parent": "main",
					"pivot": [1, 11, -1]
				},
				{
					"name": "handguard",
					"parent": "gun",
					"pivot": [-0.1, -0.8, -6],
					"cubes": [
						{
							"origin": [-0.65, 24.5, -35.9],
							"size": [1.3, 3.9, 1.6],
							"uv": {
								"north": {"uv": [25, 39], "uv_size": [1, 4]},
								"east": {"uv": [20, 38], "uv_size": [2, 4]},
								"south": {"uv": [39, 40], "uv_size": [1, 4]},
								"west": {"uv": [22, 38], "uv_size": [2, 4]},
								"up": {"uv": [22, 42], "uv_size": [1, 2]},
								"down": {"uv": [23, 44], "uv_size": [1, -2]}
							}
						},
						{
							"origin": [1.75, 27.6, -36.1],
							"size": [1.1, 1.1, 0.2],
							"pivot": [2.95, 24.7, 17.9],
							"rotation": [0, 0, -45],
							"uv": {
								"north": {"uv": [50, 49], "uv_size": [1, 1]},
								"east": {"uv": [50, 50], "uv_size": [1, 1]},
								"south": {"uv": [0, 51], "uv_size": [1, 1]},
								"west": {"uv": [51, 0], "uv_size": [1, 1]},
								"up": {"uv": [1, 51], "uv_size": [1, 1]},
								"down": {"uv": [51, 2], "uv_size": [1, -1]}
							}
						},
						{
							"origin": [-0.35, 27.9, -32.9],
							"size": [0.7, 0.4, 17.9],
							"uv": {
								"north": {"uv": [55, 34], "uv_size": [1, 1]},
								"east": {"uv": [36, 8], "uv_size": [18, 1]},
								"south": {"uv": [35, 55], "uv_size": [1, 1]},
								"west": {"uv": [36, 9], "uv_size": [18, 1]},
								"up": {"uv": [36, 28], "uv_size": [1, 18]},
								"down": {"uv": [26, 55], "uv_size": [1, -18]}
							}
						},
						{
							"origin": [-4.1, 28.5, -34.3],
							"size": [1, 0.5, 1.4],
							"pivot": [-2.45, 24.4, 21.3],
							"rotation": [0, 0, 55],
							"uv": {
								"north": {"uv": [55, 45], "uv_size": [1, 1]},
								"east": {"uv": [46, 55], "uv_size": [1, 1]},
								"south": {"uv": [55, 46], "uv_size": [1, 1]},
								"west": {"uv": [47, 55], "uv_size": [1, 1]},
								"up": {"uv": [55, 47], "uv_size": [1, 1]},
								"down": {"uv": [48, 56], "uv_size": [1, -1]}
							}
						},
						{
							"origin": [-0.33, 26.1, -34.3],
							"size": [0.7, 2.3, 1.4],
							"uv": {
								"north": {"uv": [41, 48], "uv_size": [1, 2]},
								"east": {"uv": [48, 41], "uv_size": [1, 2]},
								"south": {"uv": [48, 43], "uv_size": [1, 2]},
								"west": {"uv": [44, 48], "uv_size": [1, 2]},
								"up": {"uv": [55, 48], "uv_size": [1, 1]},
								"down": {"uv": [49, 56], "uv_size": [1, -1]}
							}
						},
						{
							"origin": [3.1417, 28.50995, -34.3],
							"size": [1, 0.5, 1.4],
							"pivot": [2.4917, 24.40995, 21.3],
							"rotation": [0, 0, -55],
							"uv": {
								"north": {"uv": [55, 49], "uv_size": [1, 1]},
								"east": {"uv": [50, 55], "uv_size": [1, 1]},
								"south": {"uv": [55, 50], "uv_size": [1, 1]},
								"west": {"uv": [51, 55], "uv_size": [1, 1]},
								"up": {"uv": [55, 51], "uv_size": [1, 1]},
								"down": {"uv": [52, 56], "uv_size": [1, -1]}
							}
						},
						{
							"origin": [-0.90358, 26.28085, -34.3],
							"size": [0.7, 1.3, 1.4],
							"uv": {
								"north": {"uv": [55, 52], "uv_size": [1, 1]},
								"east": {"uv": [53, 55], "uv_size": [1, 1]},
								"south": {"uv": [55, 53], "uv_size": [1, 1]},
								"west": {"uv": [54, 55], "uv_size": [1, 1]},
								"up": {"uv": [55, 54], "uv_size": [1, 1]},
								"down": {"uv": [55, 56], "uv_size": [1, -1]}
							}
						},
						{
							"origin": [0.24527, 26.2709, -34.3],
							"size": [0.7, 1.3, 1.4],
							"uv": {
								"north": {"uv": [0, 56], "uv_size": [1, 1]},
								"east": {"uv": [56, 0], "uv_size": [1, 1]},
								"south": {"uv": [1, 56], "uv_size": [1, 1]},
								"west": {"uv": [56, 1], "uv_size": [1, 1]},
								"up": {"uv": [2, 56], "uv_size": [1, 1]},
								"down": {"uv": [56, 3], "uv_size": [1, -1]}
							}
						}
					]
				},
				{
					"name": "lefthg",
					"parent": "handguard",
					"pivot": [2.3, 24.4, -18.8],
					"rotation": [0, 0, 4.00076]
				},
				{
					"name": "bone7",
					"parent": "lefthg",
					"pivot": [1.35, 25.35, -17.5],
					"rotation": [0, 0, -15],
					"cubes": [
						{
							"origin": [-0.08994, 22.97345, -34.30682],
							"size": [1.4, 1.52, 19.2],
							"pivot": [1.25, 24.44723, -33.51132],
							"rotation": [0, 0, 24],
							"uv": {
								"north": {"uv": [20, 42], "uv_size": [1, 2]},
								"east": {"uv": [4, 0], "uv_size": [19, 2]},
								"south": {"uv": [21, 42], "uv_size": [1, 2]},
								"west": {"uv": [0, 6], "uv_size": [19, 2]},
								"up": {"uv": [0, 30], "uv_size": [1, 19]},
								"down": {"uv": [1, 49], "uv_size": [1, -19]}
							}
						},
						{
							"origin": [0.02698, 22.378, -34.30682],
							"size": [0.8, 0.82, 19.2],
							"pivot": [0.65, 23.24723, -46.31132],
							"rotation": [0, 0, 59],
							"uv": {
								"north": {"uv": [50, 45], "uv_size": [1, 1]},
								"east": {"uv": [30, 20], "uv_size": [19, 1]},
								"south": {"uv": [46, 50], "uv_size": [1, 1]},
								"west": {"uv": [30, 21], "uv_size": [19, 1]},
								"up": {"uv": [2, 30], "uv_size": [1, 19]},
								"down": {"uv": [3, 49], "uv_size": [1, -19]}
							}
						},
						{
							"origin": [-0.6791, 22.65236, -34.30682],
							"size": [0.67, 1.4, 19.2],
							"uv": {
								"north": {"uv": [50, 46], "uv_size": [1, 1]},
								"east": {"uv": [30, 22], "uv_size": [19, 1]},
								"south": {"uv": [47, 50], "uv_size": [1, 1]},
								"west": {"uv": [30, 23], "uv_size": [19, 1]},
								"up": {"uv": [30, 24], "uv_size": [1, 19]},
								"down": {"uv": [31, 43], "uv_size": [1, -19]}
							}
						}
					]
				},
				{
					"name": "bone8",
					"parent": "lefthg",
					"pivot": [1.25, 25.45, -15.1],
					"rotation": [0, 0, -4],
					"cubes": [
						{
							"origin": [-0.04011, 24.45897, -34.29704],
							"size": [1.5, 2.2, 18.1],
							"uv": {
								"north": {"uv": [40, 12], "uv_size": [2, 2]},
								"east": {"uv": [4, 12], "uv_size": [18, 2]},
								"south": {"uv": [40, 14], "uv_size": [2, 2]},
								"west": {"uv": [4, 14], "uv_size": [18, 2]},
								"up": {"uv": [4, 16], "uv_size": [2, 18]},
								"down": {"uv": [6, 34], "uv_size": [2, -18]}
							}
						},
						{
							"origin": [0.85989, 26.65897, -34.29704],
							"size": [0.6, 0.6, 18.1],
							"pivot": [1.45, 26.65, -33.4],
							"rotation": [0, 0, -48],
							"uv": {
								"north": {"uv": [50, 47], "uv_size": [1, 1]},
								"east": {"uv": [34, 26], "uv_size": [18, 1]},
								"south": {"uv": [50, 48], "uv_size": [1, 1]},
								"west": {"uv": [34, 27], "uv_size": [18, 1]},
								"up": {"uv": [4, 34], "uv_size": [1, 18]},
								"down": {"uv": [5, 52], "uv_size": [1, -18]}
							}
						}
					]
				},
				{
					"name": "righthg",
					"parent": "handguard",
					"pivot": [-2.3, 24.4, -18.8],
					"rotation": [0, 0, -4.00076]
				},
				{
					"name": "bone3",
					"parent": "righthg",
					"pivot": [-1.35, 25.35, -17.5],
					"rotation": [0, 0, 15],
					"cubes": [
						{
							"origin": [-1.31006, 22.97345, -34.30682],
							"size": [1.4, 1.52, 19.2],
							"pivot": [-1.25, 24.44723, -33.51132],
							"rotation": [0, 0, -24],
							"uv": {
								"north": {"uv": [21, 42], "uv_size": [-1, 2]},
								"east": {"uv": [19, 6], "uv_size": [-19, 2]},
								"south": {"uv": [22, 42], "uv_size": [-1, 2]},
								"west": {"uv": [23, 0], "uv_size": [-19, 2]},
								"up": {"uv": [1, 30], "uv_size": [-1, 19]},
								"down": {"uv": [2, 49], "uv_size": [-1, -19]}
							}
						},
						{
							"origin": [-0.82698, 22.378, -34.30682],
							"size": [0.8, 0.82, 19.2],
							"pivot": [-0.65, 23.24723, -46.31132],
							"rotation": [0, 0, -59],
							"uv": {
								"north": {"uv": [51, 45], "uv_size": [-1, 1]},
								"east": {"uv": [49, 21], "uv_size": [-19, 1]},
								"south": {"uv": [47, 50], "uv_size": [-1, 1]},
								"west": {"uv": [49, 20], "uv_size": [-19, 1]},
								"up": {"uv": [3, 30], "uv_size": [-1, 19]},
								"down": {"uv": [4, 49], "uv_size": [-1, -19]}
							}
						},
						{
							"origin": [0.0091, 22.65236, -34.30682],
							"size": [0.67, 1.4, 19.2],
							"uv": {
								"north": {"uv": [51, 46], "uv_size": [-1, 1]},
								"east": {"uv": [49, 23], "uv_size": [-19, 1]},
								"south": {"uv": [48, 50], "uv_size": [-1, 1]},
								"west": {"uv": [49, 22], "uv_size": [-19, 1]},
								"up": {"uv": [31, 24], "uv_size": [-1, 19]},
								"down": {"uv": [32, 43], "uv_size": [-1, -19]}
							}
						}
					]
				},
				{
					"name": "bone4",
					"parent": "righthg",
					"pivot": [-1.25, 25.45, -15.1],
					"rotation": [0, 0, 4],
					"cubes": [
						{
							"origin": [-1.45989, 24.45897, -34.29704],
							"size": [1.5, 2.2, 18.1],
							"uv": {
								"north": {"uv": [42, 12], "uv_size": [-2, 2]},
								"east": {"uv": [22, 14], "uv_size": [-18, 2]},
								"south": {"uv": [42, 14], "uv_size": [-2, 2]},
								"west": {"uv": [22, 12], "uv_size": [-18, 2]},
								"up": {"uv": [6, 16], "uv_size": [-2, 18]},
								"down": {"uv": [8, 34], "uv_size": [-2, -18]}
							}
						},
						{
							"origin": [-1.45989, 26.65897, -34.29704],
							"size": [0.6, 0.6, 18.1],
							"pivot": [-1.45, 26.65, -33.4],
							"rotation": [0, 0, 48],
							"uv": {
								"north": {"uv": [51, 47], "uv_size": [-1, 1]},
								"east": {"uv": [52, 27], "uv_size": [-18, 1]},
								"south": {"uv": [51, 48], "uv_size": [-1, 1]},
								"west": {"uv": [52, 26], "uv_size": [-18, 1]},
								"up": {"uv": [5, 34], "uv_size": [-1, 18]},
								"down": {"uv": [6, 52], "uv_size": [-1, -18]}
							}
						}
					]
				},
				{
					"name": "bone",
					"parent": "handguard",
					"pivot": [2.95, 24.7, 17.9]
				},
				{
					"name": "gun2",
					"parent": "bone",
					"pivot": [-2.745, 27.9, -36.5],
					"rotation": [0, 0, -180],
					"cubes": [
						{
							"origin": [-7.45, 30.1, -34.2],
							"size": [0.6, 1.8, 17.96],
							"inflate": 0.001,
							"uv": {
								"north": {"uv": [45, 48], "uv_size": [1, 2]},
								"east": {"uv": [19, 2], "uv_size": [18, 2]},
								"south": {"uv": [48, 45], "uv_size": [1, 2]},
								"west": {"uv": [19, 4], "uv_size": [18, 2]},
								"up": {"uv": [10, 38], "uv_size": [1, 18]},
								"down": {"uv": [11, 56], "uv_size": [1, -18]}
							}
						}
					]
				},
				{
					"name": "gun7",
					"parent": "bone",
					"pivot": [2.745, 27.9, -36.5],
					"rotation": [0, 0, 180],
					"cubes": [
						{
							"origin": [6.85, 30.1, -34.2],
							"size": [0.6, 1.8, 17.96],
							"inflate": 0.001,
							"uv": {
								"north": {"uv": [46, 48], "uv_size": [-1, 2]},
								"east": {"uv": [37, 4], "uv_size": [-18, 2]},
								"south": {"uv": [49, 45], "uv_size": [-1, 2]},
								"west": {"uv": [37, 2], "uv_size": [-18, 2]},
								"up": {"uv": [11, 38], "uv_size": [-1, 18]},
								"down": {"uv": [12, 56], "uv_size": [-1, -18]}
							}
						}
					]
				},
				{
					"name": "gun3",
					"parent": "bone",
					"pivot": [2.745, 27.9, -36.5],
					"rotation": [0, 0, 180],
					"cubes": [
						{
							"origin": [3.15, 30.1, -34.2],
							"size": [0.4, 1.8, 17.96],
							"inflate": 0.001,
							"uv": {
								"north": {"uv": [42, 41], "uv_size": [1, 2]},
								"east": {"uv": [8, 16], "uv_size": [18, 2]},
								"south": {"uv": [43, 12], "uv_size": [1, 2]},
								"west": {"uv": [8, 18], "uv_size": [18, 2]},
								"up": {"uv": [6, 34], "uv_size": [1, 18]},
								"down": {"uv": [7, 52], "uv_size": [1, -18]}
							}
						},
						{
							"origin": [2.95, 30.1, -30.7],
							"size": [0.2, 1.7, 0.6],
							"inflate": 0.001,
							"uv": {
								"north": {"uv": [43, 14], "uv_size": [1, 2]},
								"east": {"uv": [25, 43], "uv_size": [1, 2]},
								"south": {"uv": [30, 43], "uv_size": [1, 2]},
								"west": {"uv": [31, 43], "uv_size": [1, 2]},
								"up": {"uv": [2, 51], "uv_size": [1, 1]},
								"down": {"uv": [3, 52], "uv_size": [1, -1]}
							}
						},
						{
							"origin": [4.58713, 29.05213, -30.7],
							"size": [0.2, 0.2, 0.6],
							"pivot": [2.745, 27.7, -25.9],
							"rotation": [0, 0, -45],
							"uv": {
								"north": {"uv": [51, 12], "uv_size": [1, 1]},
								"east": {"uv": [51, 13], "uv_size": [1, 1]},
								"south": {"uv": [51, 14], "uv_size": [1, 1]},
								"west": {"uv": [51, 15], "uv_size": [1, 1]},
								"up": {"uv": [51, 16], "uv_size": [1, 1]},
								"down": {"uv": [51, 18], "uv_size": [1, -1]}
							}
						},
						{
							"origin": [4.58713, 30.75213, -30.7],
							"size": [0.2, 0.2, 0.6],
							"pivot": [2.745, 29.4, -25.9],
							"rotation": [0, 0, -45],
							"uv": {
								"north": {"uv": [18, 51], "uv_size": [1, 1]},
								"east": {"uv": [51, 18], "uv_size": [1, 1]},
								"south": {"uv": [19, 51], "uv_size": [1, 1]},
								"west": {"uv": [51, 19], "uv_size": [1, 1]},
								"up": {"uv": [51, 20], "uv_size": [1, 1]},
								"down": {"uv": [51, 22], "uv_size": [1, -1]}
							}
						},
						{
							"origin": [2.95, 30.1, -32],
							"size": [0.2, 1.7, 0.6],
							"inflate": 0.001,
							"uv": {
								"north": {"uv": [43, 36], "uv_size": [1, 2]},
								"east": {"uv": [38, 43], "uv_size": [1, 2]},
								"south": {"uv": [43, 39], "uv_size": [1, 2]},
								"west": {"uv": [43, 41], "uv_size": [1, 2]},
								"up": {"uv": [51, 22], "uv_size": [1, 1]},
								"down": {"uv": [51, 24], "uv_size": [1, -1]}
							}
						},
						{
							"origin": [4.58713, 29.05213, -32],
							"size": [0.2, 0.2, 0.6],
							"pivot": [2.745, 27.7, -27.2],
							"rotation": [0, 0, -45],
							"uv": {
								"north": {"uv": [51, 24], "uv_size": [1, 1]},
								"east": {"uv": [25, 51], "uv_size": [1, 1]},
								"south": {"uv": [51, 25], "uv_size": [1, 1]},
								"west": {"uv": [30, 51], "uv_size": [1, 1]},
								"up": {"uv": [31, 51], "uv_size": [1, 1]},
								"down": {"uv": [51, 35], "uv_size": [1, -1]}
							}
						},
						{
							"origin": [4.58713, 30.75213, -32],
							"size": [0.2, 0.2, 0.6],
							"pivot": [2.745, 29.4, -27.2],
							"rotation": [0, 0, -45],
							"uv": {
								"north": {"uv": [51, 35], "uv_size": [1, 1]},
								"east": {"uv": [36, 51], "uv_size": [1, 1]},
								"south": {"uv": [51, 36], "uv_size": [1, 1]},
								"west": {"uv": [37, 51], "uv_size": [1, 1]},
								"up": {"uv": [51, 37], "uv_size": [1, 1]},
								"down": {"uv": [38, 52], "uv_size": [1, -1]}
							}
						},
						{
							"origin": [2.95, 30.1, -33.3],
							"size": [0.2, 1.7, 0.6],
							"inflate": 0.001,
							"uv": {
								"north": {"uv": [42, 43], "uv_size": [1, 2]},
								"east": {"uv": [43, 43], "uv_size": [1, 2]},
								"south": {"uv": [44, 0], "uv_size": [1, 2]},
								"west": {"uv": [44, 12], "uv_size": [1, 2]},
								"up": {"uv": [51, 38], "uv_size": [1, 1]},
								"down": {"uv": [39, 52], "uv_size": [1, -1]}
							}
						},
						{
							"origin": [4.58713, 29.05213, -33.3],
							"size": [0.2, 0.2, 0.6],
							"pivot": [2.745, 27.7, -28.5],
							"rotation": [0, 0, -45],
							"uv": {
								"north": {"uv": [51, 39], "uv_size": [1, 1]},
								"east": {"uv": [40, 51], "uv_size": [1, 1]},
								"south": {"uv": [51, 40], "uv_size": [1, 1]},
								"west": {"uv": [41, 51], "uv_size": [1, 1]},
								"up": {"uv": [51, 41], "uv_size": [1, 1]},
								"down": {"uv": [42, 52], "uv_size": [1, -1]}
							}
						},
						{
							"origin": [4.58713, 30.75213, -33.3],
							"size": [0.2, 0.2, 0.6],
							"pivot": [2.745, 29.4, -28.5],
							"rotation": [0, 0, -45],
							"uv": {
								"north": {"uv": [51, 42], "uv_size": [1, 1]},
								"east": {"uv": [43, 51], "uv_size": [1, 1]},
								"south": {"uv": [51, 43], "uv_size": [1, 1]},
								"west": {"uv": [44, 51], "uv_size": [1, 1]},
								"up": {"uv": [51, 44], "uv_size": [1, 1]},
								"down": {"uv": [45, 52], "uv_size": [1, -1]}
							}
						},
						{
							"origin": [2.95, 30.1, -28.1],
							"size": [0.2, 1.7, 0.6],
							"inflate": 0.001,
							"uv": {
								"north": {"uv": [44, 14], "uv_size": [1, 2]},
								"east": {"uv": [20, 44], "uv_size": [1, 2]},
								"south": {"uv": [21, 44], "uv_size": [1, 2]},
								"west": {"uv": [22, 44], "uv_size": [1, 2]},
								"up": {"uv": [51, 45], "uv_size": [1, 1]},
								"down": {"uv": [46, 52], "uv_size": [1, -1]}
							}
						},
						{
							"origin": [4.58713, 29.05213, -28.1],
							"size": [0.2, 0.2, 0.6],
							"pivot": [2.745, 27.7, -23.3],
							"rotation": [0, 0, -45],
							"uv": {
								"north": {"uv": [51, 46], "uv_size": [1, 1]},
								"east": {"uv": [47, 51], "uv_size": [1, 1]},
								"south": {"uv": [51, 47], "uv_size": [1, 1]},
								"west": {"uv": [48, 51], "uv_size": [1, 1]},
								"up": {"uv": [51, 48], "uv_size": [1, 1]},
								"down": {"uv": [49, 52], "uv_size": [1, -1]}
							}
						},
						{
							"origin": [4.58713, 30.75213, -28.1],
							"size": [0.2, 0.2, 0.6],
							"pivot": [2.745, 29.4, -23.3],
							"rotation": [0, 0, -45],
							"uv": {
								"north": {"uv": [51, 49], "uv_size": [1, 1]},
								"east": {"uv": [50, 51], "uv_size": [1, 1]},
								"south": {"uv": [51, 50], "uv_size": [1, 1]},
								"west": {"uv": [51, 51], "uv_size": [1, 1]},
								"up": {"uv": [0, 52], "uv_size": [1, 1]},
								"down": {"uv": [52, 1], "uv_size": [1, -1]}
							}
						},
						{
							"origin": [2.95, 30.1, -29.4],
							"size": [0.2, 1.7, 0.6],
							"inflate": 0.001,
							"uv": {
								"north": {"uv": [23, 44], "uv_size": [1, 2]},
								"east": {"uv": [24, 44], "uv_size": [1, 2]},
								"south": {"uv": [28, 44], "uv_size": [1, 2]},
								"west": {"uv": [29, 44], "uv_size": [1, 2]},
								"up": {"uv": [1, 52], "uv_size": [1, 1]},
								"down": {"uv": [52, 2], "uv_size": [1, -1]}
							}
						},
						{
							"origin": [4.58713, 29.05213, -29.4],
							"size": [0.2, 0.2, 0.6],
							"pivot": [2.745, 27.7, -24.6],
							"rotation": [0, 0, -45],
							"uv": {
								"north": {"uv": [2, 52], "uv_size": [1, 1]},
								"east": {"uv": [3, 52], "uv_size": [1, 1]},
								"south": {"uv": [4, 52], "uv_size": [1, 1]},
								"west": {"uv": [5, 52], "uv_size": [1, 1]},
								"up": {"uv": [6, 52], "uv_size": [1, 1]},
								"down": {"uv": [7, 53], "uv_size": [1, -1]}
							}
						},
						{
							"origin": [4.58713, 30.75213, -29.4],
							"size": [0.2, 0.2, 0.6],
							"pivot": [2.745, 29.4, -24.6],
							"rotation": [0, 0, -45],
							"uv": {
								"north": {"uv": [52, 12], "uv_size": [1, 1]},
								"east": {"uv": [52, 13], "uv_size": [1, 1]},
								"south": {"uv": [52, 14], "uv_size": [1, 1]},
								"west": {"uv": [52, 15], "uv_size": [1, 1]},
								"up": {"uv": [16, 52], "uv_size": [1, 1]},
								"down": {"uv": [52, 17], "uv_size": [1, -1]}
							}
						},
						{
							"origin": [2.95, 30.1, -25.5],
							"size": [0.2, 1.7, 0.6],
							"inflate": 0.001,
							"uv": {
								"north": {"uv": [32, 44], "uv_size": [1, 2]},
								"east": {"uv": [33, 44], "uv_size": [1, 2]},
								"south": {"uv": [44, 36], "uv_size": [1, 2]},
								"west": {"uv": [44, 38], "uv_size": [1, 2]},
								"up": {"uv": [17, 52], "uv_size": [1, 1]},
								"down": {"uv": [52, 18], "uv_size": [1, -1]}
							}
						},
						{
							"origin": [4.58713, 29.05213, -25.5],
							"size": [0.2, 0.2, 0.6],
							"pivot": [2.745, 27.7, -20.7],
							"rotation": [0, 0, -45],
							"uv": {
								"north": {"uv": [18, 52], "uv_size": [1, 1]},
								"east": {"uv": [52, 18], "uv_size": [1, 1]},
								"south": {"uv": [19, 52], "uv_size": [1, 1]},
								"west": {"uv": [52, 19], "uv_size": [1, 1]},
								"up": {"uv": [20, 52], "uv_size": [1, 1]},
								"down": {"uv": [52, 21], "uv_size": [1, -1]}
							}
						},
						{
							"origin": [4.58713, 30.75213, -25.5],
							"size": [0.2, 0.2, 0.6],
							"pivot": [2.745, 29.4, -20.7],
							"rotation": [0, 0, -45],
							"uv": {
								"north": {"uv": [21, 52], "uv_size": [1, 1]},
								"east": {"uv": [52, 21], "uv_size": [1, 1]},
								"south": {"uv": [22, 52], "uv_size": [1, 1]},
								"west": {"uv": [52, 22], "uv_size": [1, 1]},
								"up": {"uv": [23, 52], "uv_size": [1, 1]},
								"down": {"uv": [52, 24], "uv_size": [1, -1]}
							}
						},
						{
							"origin": [2.95, 30.1, -26.8],
							"size": [0.2, 1.7, 0.6],
							"inflate": 0.001,
							"uv": {
								"north": {"uv": [39, 44], "uv_size": [1, 2]},
								"east": {"uv": [40, 44], "uv_size": [1, 2]},
								"south": {"uv": [44, 40], "uv_size": [1, 2]},
								"west": {"uv": [41, 44], "uv_size": [1, 2]},
								"up": {"uv": [24, 52], "uv_size": [1, 1]},
								"down": {"uv": [52, 25], "uv_size": [1, -1]}
							}
						},
						{
							"origin": [4.58713, 29.05213, -26.8],
							"size": [0.2, 0.2, 0.6],
							"pivot": [2.745, 27.7, -22],
							"rotation": [0, 0, -45],
							"uv": {
								"north": {"uv": [25, 52], "uv_size": [1, 1]},
								"east": {"uv": [52, 25], "uv_size": [1, 1]},
								"south": {"uv": [52, 26], "uv_size": [1, 1]},
								"west": {"uv": [52, 27], "uv_size": [1, 1]},
								"up": {"uv": [28, 52], "uv_size": [1, 1]},
								"down": {"uv": [29, 53], "uv_size": [1, -1]}
							}
						},
						{
							"origin": [4.58713, 30.75213, -26.8],
							"size": [0.2, 0.2, 0.6],
							"pivot": [2.745, 29.4, -22],
							"rotation": [0, 0, -45],
							"uv": {
								"north": {"uv": [30, 52], "uv_size": [1, 1]},
								"east": {"uv": [31, 52], "uv_size": [1, 1]},
								"south": {"uv": [32, 52], "uv_size": [1, 1]},
								"west": {"uv": [52, 32], "uv_size": [1, 1]},
								"up": {"uv": [33, 52], "uv_size": [1, 1]},
								"down": {"uv": [52, 34], "uv_size": [1, -1]}
							}
						},
						{
							"origin": [2.95, 30.1, -22.9],
							"size": [0.2, 1.7, 0.6],
							"inflate": 0.001,
							"uv": {
								"north": {"uv": [44, 42], "uv_size": [1, 2]},
								"east": {"uv": [44, 44], "uv_size": [1, 2]},
								"south": {"uv": [45, 0], "uv_size": [1, 2]},
								"west": {"uv": [45, 12], "uv_size": [1, 2]},
								"up": {"uv": [34, 52], "uv_size": [1, 1]},
								"down": {"uv": [52, 35], "uv_size": [1, -1]}
							}
						},
						{
							"origin": [4.58713, 29.05213, -22.9],
							"size": [0.2, 0.2, 0.6],
							"pivot": [2.745, 27.7, -18.1],
							"rotation": [0, 0, -45],
							"uv": {
								"north": {"uv": [35, 52], "uv_size": [1, 1]},
								"east": {"uv": [52, 35], "uv_size": [1, 1]},
								"south": {"uv": [36, 52], "uv_size": [1, 1]},
								"west": {"uv": [52, 36], "uv_size": [1, 1]},
								"up": {"uv": [37, 52], "uv_size": [1, 1]},
								"down": {"uv": [52, 38], "uv_size": [1, -1]}
							}
						},
						{
							"origin": [4.58713, 30.75213, -22.9],
							"size": [0.2, 0.2, 0.6],
							"pivot": [2.745, 29.4, -18.1],
							"rotation": [0, 0, -45],
							"uv": {
								"north": {"uv": [38, 52], "uv_size": [1, 1]},
								"east": {"uv": [52, 38], "uv_size": [1, 1]},
								"south": {"uv": [39, 52], "uv_size": [1, 1]},
								"west": {"uv": [52, 39], "uv_size": [1, 1]},
								"up": {"uv": [40, 52], "uv_size": [1, 1]},
								"down": {"uv": [52, 41], "uv_size": [1, -1]}
							}
						},
						{
							"origin": [2.95, 30.1, -24.2],
							"size": [0.2, 1.7, 0.6],
							"inflate": 0.001,
							"uv": {
								"north": {"uv": [45, 14], "uv_size": [1, 2]},
								"east": {"uv": [45, 16], "uv_size": [1, 2]},
								"south": {"uv": [25, 45], "uv_size": [1, 2]},
								"west": {"uv": [30, 45], "uv_size": [1, 2]},
								"up": {"uv": [41, 52], "uv_size": [1, 1]},
								"down": {"uv": [52, 42], "uv_size": [1, -1]}
							}
						},
						{
							"origin": [4.58713, 29.05213, -24.2],
							"size": [0.2, 0.2, 0.6],
							"pivot": [2.745, 27.7, -19.4],
							"rotation": [0, 0, -45],
							"uv": {
								"north": {"uv": [42, 52], "uv_size": [1, 1]},
								"east": {"uv": [52, 42], "uv_size": [1, 1]},
								"south": {"uv": [43, 52], "uv_size": [1, 1]},
								"west": {"uv": [52, 43], "uv_size": [1, 1]},
								"up": {"uv": [44, 52], "uv_size": [1, 1]},
								"down": {"uv": [52, 45], "uv_size": [1, -1]}
							}
						},
						{
							"origin": [4.58713, 30.75213, -24.2],
							"size": [0.2, 0.2, 0.6],
							"pivot": [2.745, 29.4, -19.4],
							"rotation": [0, 0, -45],
							"uv": {
								"north": {"uv": [45, 52], "uv_size": [1, 1]},
								"east": {"uv": [52, 45], "uv_size": [1, 1]},
								"south": {"uv": [46, 52], "uv_size": [1, 1]},
								"west": {"uv": [52, 46], "uv_size": [1, 1]},
								"up": {"uv": [47, 52], "uv_size": [1, 1]},
								"down": {"uv": [52, 48], "uv_size": [1, -1]}
							}
						},
						{
							"origin": [2.95, 30.1, -20.3],
							"size": [0.2, 1.7, 0.6],
							"inflate": 0.001,
							"uv": {
								"north": {"uv": [31, 45], "uv_size": [1, 2]},
								"east": {"uv": [45, 36], "uv_size": [1, 2]},
								"south": {"uv": [38, 45], "uv_size": [1, 2]},
								"west": {"uv": [45, 38], "uv_size": [1, 2]},
								"up": {"uv": [48, 52], "uv_size": [1, 1]},
								"down": {"uv": [52, 49], "uv_size": [1, -1]}
							}
						},
						{
							"origin": [4.58713, 29.05213, -20.3],
							"size": [0.2, 0.2, 0.6],
							"pivot": [2.745, 27.7, -15.5],
							"rotation": [0, 0, -45],
							"uv": {
								"north": {"uv": [49, 52], "uv_size": [1, 1]},
								"east": {"uv": [52, 49], "uv_size": [1, 1]},
								"south": {"uv": [50, 52], "uv_size": [1, 1]},
								"west": {"uv": [52, 50], "uv_size": [1, 1]},
								"up": {"uv": [51, 52], "uv_size": [1, 1]},
								"down": {"uv": [52, 52], "uv_size": [1, -1]}
							}
						},
						{
							"origin": [4.58713, 30.75213, -20.3],
							"size": [0.2, 0.2, 0.6],
							"pivot": [2.745, 29.4, -15.5],
							"rotation": [0, 0, -45],
							"uv": {
								"north": {"uv": [52, 52], "uv_size": [1, 1]},
								"east": {"uv": [0, 53], "uv_size": [1, 1]},
								"south": {"uv": [53, 0], "uv_size": [1, 1]},
								"west": {"uv": [1, 53], "uv_size": [1, 1]},
								"up": {"uv": [53, 1], "uv_size": [1, 1]},
								"down": {"uv": [2, 54], "uv_size": [1, -1]}
							}
						},
						{
							"origin": [2.95, 30.1, -19],
							"size": [0.2, 1.7, 0.6],
							"inflate": 0.001,
							"uv": {
								"north": {"uv": [45, 40], "uv_size": [1, 2]},
								"east": {"uv": [42, 45], "uv_size": [1, 2]},
								"south": {"uv": [45, 42], "uv_size": [1, 2]},
								"west": {"uv": [43, 45], "uv_size": [1, 2]},
								"up": {"uv": [3, 53], "uv_size": [1, 1]},
								"down": {"uv": [4, 54], "uv_size": [1, -1]}
							}
						},
						{
							"origin": [4.58713, 30.75213, -19],
							"size": [0.2, 0.2, 0.6],
							"pivot": [2.745, 29.4, -14.2],
							"rotation": [0, 0, -45],
							"uv": {
								"north": {"uv": [5, 53], "uv_size": [1, 1]},
								"east": {"uv": [6, 53], "uv_size": [1, 1]},
								"south": {"uv": [7, 53], "uv_size": [1, 1]},
								"west": {"uv": [53, 12], "uv_size": [1, 1]},
								"up": {"uv": [53, 13], "uv_size": [1, 1]},
								"down": {"uv": [53, 15], "uv_size": [1, -1]}
							}
						},
						{
							"origin": [4.58713, 29.05213, -19],
							"size": [0.2, 0.2, 0.6],
							"pivot": [2.745, 27.7, -14.2],
							"rotation": [0, 0, -45],
							"uv": {
								"north": {"uv": [53, 15], "uv_size": [1, 1]},
								"east": {"uv": [16, 53], "uv_size": [1, 1]},
								"south": {"uv": [53, 16], "uv_size": [1, 1]},
								"west": {"uv": [17, 53], "uv_size": [1, 1]},
								"up": {"uv": [53, 17], "uv_size": [1, 1]},
								"down": {"uv": [18, 54], "uv_size": [1, -1]}
							}
						},
						{
							"origin": [2.95, 30.1, -17.7],
							"size": [0.2, 1.7, 0.6],
							"inflate": 0.001,
							"uv": {
								"north": {"uv": [45, 44], "uv_size": [1, 2]},
								"east": {"uv": [46, 0], "uv_size": [1, 2]},
								"south": {"uv": [46, 12], "uv_size": [1, 2]},
								"west": {"uv": [46, 14], "uv_size": [1, 2]},
								"up": {"uv": [53, 18], "uv_size": [1, 1]},
								"down": {"uv": [19, 54], "uv_size": [1, -1]}
							}
						},
						{
							"origin": [4.58713, 30.75213, -17.7],
							"size": [0.2, 0.2, 0.6],
							"pivot": [2.745, 29.4, -12.9],
							"rotation": [0, 0, -45],
							"uv": {
								"north": {"uv": [53, 19], "uv_size": [1, 1]},
								"east": {"uv": [20, 53], "uv_size": [1, 1]},
								"south": {"uv": [53, 20], "uv_size": [1, 1]},
								"west": {"uv": [21, 53], "uv_size": [1, 1]},
								"up": {"uv": [53, 21], "uv_size": [1, 1]},
								"down": {"uv": [22, 54], "uv_size": [1, -1]}
							}
						},
						{
							"origin": [4.58713, 29.05213, -17.7],
							"size": [0.2, 0.2, 0.6],
							"pivot": [2.745, 27.7, -12.9],
							"rotation": [0, 0, -45],
							"uv": {
								"north": {"uv": [53, 22], "uv_size": [1, 1]},
								"east": {"uv": [23, 53], "uv_size": [1, 1]},
								"south": {"uv": [53, 23], "uv_size": [1, 1]},
								"west": {"uv": [24, 53], "uv_size": [1, 1]},
								"up": {"uv": [53, 24], "uv_size": [1, 1]},
								"down": {"uv": [25, 54], "uv_size": [1, -1]}
							}
						},
						{
							"origin": [2.95, 30.1, -21.6],
							"size": [0.2, 1.7, 0.6],
							"inflate": 0.001,
							"uv": {
								"north": {"uv": [46, 16], "uv_size": [1, 2]},
								"east": {"uv": [20, 46], "uv_size": [1, 2]},
								"south": {"uv": [21, 46], "uv_size": [1, 2]},
								"west": {"uv": [22, 46], "uv_size": [1, 2]},
								"up": {"uv": [53, 25], "uv_size": [1, 1]},
								"down": {"uv": [53, 27], "uv_size": [1, -1]}
							}
						},
						{
							"origin": [4.58713, 29.05213, -21.6],
							"size": [0.2, 0.2, 0.6],
							"pivot": [2.745, 27.7, -16.8],
							"rotation": [0, 0, -45],
							"uv": {
								"north": {"uv": [53, 27], "uv_size": [1, 1]},
								"east": {"uv": [28, 53], "uv_size": [1, 1]},
								"south": {"uv": [29, 53], "uv_size": [1, 1]},
								"west": {"uv": [30, 53], "uv_size": [1, 1]},
								"up": {"uv": [31, 53], "uv_size": [1, 1]},
								"down": {"uv": [32, 54], "uv_size": [1, -1]}
							}
						},
						{
							"origin": [4.58713, 30.75213, -21.6],
							"size": [0.2, 0.2, 0.6],
							"pivot": [2.745, 29.4, -16.8],
							"rotation": [0, 0, -45],
							"uv": {
								"north": {"uv": [53, 32], "uv_size": [1, 1]},
								"east": {"uv": [33, 53], "uv_size": [1, 1]},
								"south": {"uv": [53, 33], "uv_size": [1, 1]},
								"west": {"uv": [34, 53], "uv_size": [1, 1]},
								"up": {"uv": [53, 34], "uv_size": [1, 1]},
								"down": {"uv": [35, 54], "uv_size": [1, -1]}
							}
						}
					]
				},
				{
					"name": "gun6",
					"parent": "bone",
					"pivot": [-2.745, 27.9, -36.5],
					"rotation": [0, 0, -180],
					"cubes": [
						{
							"origin": [-3.55, 30.1, -34.2],
							"size": [0.4, 1.8, 17.96],
							"inflate": 0.001,
							"uv": {
								"north": {"uv": [43, 41], "uv_size": [-1, 2]},
								"east": {"uv": [26, 18], "uv_size": [-18, 2]},
								"south": {"uv": [44, 12], "uv_size": [-1, 2]},
								"west": {"uv": [26, 16], "uv_size": [-18, 2]},
								"up": {"uv": [7, 34], "uv_size": [-1, 18]},
								"down": {"uv": [8, 52], "uv_size": [-1, -18]}
							}
						},
						{
							"origin": [-3.15, 30.1, -30.7],
							"size": [0.2, 1.7, 0.6],
							"inflate": 0.001,
							"uv": {
								"north": {"uv": [44, 14], "uv_size": [-1, 2]},
								"east": {"uv": [32, 43], "uv_size": [-1, 2]},
								"south": {"uv": [31, 43], "uv_size": [-1, 2]},
								"west": {"uv": [26, 43], "uv_size": [-1, 2]},
								"up": {"uv": [3, 51], "uv_size": [-1, 1]},
								"down": {"uv": [4, 52], "uv_size": [-1, -1]}
							}
						},
						{
							"origin": [-4.78713, 29.05213, -30.7],
							"size": [0.2, 0.2, 0.6],
							"pivot": [-2.745, 27.7, -25.9],
							"rotation": [0, 0, 45],
							"uv": {
								"north": {"uv": [52, 12], "uv_size": [-1, 1]},
								"east": {"uv": [52, 15], "uv_size": [-1, 1]},
								"south": {"uv": [52, 14], "uv_size": [-1, 1]},
								"west": {"uv": [52, 13], "uv_size": [-1, 1]},
								"up": {"uv": [52, 16], "uv_size": [-1, 1]},
								"down": {"uv": [52, 18], "uv_size": [-1, -1]}
							}
						},
						{
							"origin": [-4.78713, 30.75213, -30.7],
							"size": [0.2, 0.2, 0.6],
							"pivot": [-2.745, 29.4, -25.9],
							"rotation": [0, 0, 45],
							"uv": {
								"north": {"uv": [19, 51], "uv_size": [-1, 1]},
								"east": {"uv": [52, 19], "uv_size": [-1, 1]},
								"south": {"uv": [20, 51], "uv_size": [-1, 1]},
								"west": {"uv": [52, 18], "uv_size": [-1, 1]},
								"up": {"uv": [52, 20], "uv_size": [-1, 1]},
								"down": {"uv": [52, 22], "uv_size": [-1, -1]}
							}
						},
						{
							"origin": [-3.15, 30.1, -32],
							"size": [0.2, 1.7, 0.6],
							"inflate": 0.001,
							"uv": {
								"north": {"uv": [44, 36], "uv_size": [-1, 2]},
								"east": {"uv": [44, 41], "uv_size": [-1, 2]},
								"south": {"uv": [44, 39], "uv_size": [-1, 2]},
								"west": {"uv": [39, 43], "uv_size": [-1, 2]},
								"up": {"uv": [52, 22], "uv_size": [-1, 1]},
								"down": {"uv": [52, 24], "uv_size": [-1, -1]}
							}
						},
						{
							"origin": [-4.78713, 29.05213, -32],
							"size": [0.2, 0.2, 0.6],
							"pivot": [-2.745, 27.7, -27.2],
							"rotation": [0, 0, 45],
							"uv": {
								"north": {"uv": [52, 24], "uv_size": [-1, 1]},
								"east": {"uv": [31, 51], "uv_size": [-1, 1]},
								"south": {"uv": [52, 25], "uv_size": [-1, 1]},
								"west": {"uv": [26, 51], "uv_size": [-1, 1]},
								"up": {"uv": [32, 51], "uv_size": [-1, 1]},
								"down": {"uv": [52, 35], "uv_size": [-1, -1]}
							}
						},
						{
							"origin": [-4.78713, 30.75213, -32],
							"size": [0.2, 0.2, 0.6],
							"pivot": [-2.745, 29.4, -27.2],
							"rotation": [0, 0, 45],
							"uv": {
								"north": {"uv": [52, 35], "uv_size": [-1, 1]},
								"east": {"uv": [38, 51], "uv_size": [-1, 1]},
								"south": {"uv": [52, 36], "uv_size": [-1, 1]},
								"west": {"uv": [37, 51], "uv_size": [-1, 1]},
								"up": {"uv": [52, 37], "uv_size": [-1, 1]},
								"down": {"uv": [39, 52], "uv_size": [-1, -1]}
							}
						},
						{
							"origin": [-3.15, 30.1, -33.3],
							"size": [0.2, 1.7, 0.6],
							"inflate": 0.001,
							"uv": {
								"north": {"uv": [43, 43], "uv_size": [-1, 2]},
								"east": {"uv": [45, 12], "uv_size": [-1, 2]},
								"south": {"uv": [45, 0], "uv_size": [-1, 2]},
								"west": {"uv": [44, 43], "uv_size": [-1, 2]},
								"up": {"uv": [52, 38], "uv_size": [-1, 1]},
								"down": {"uv": [40, 52], "uv_size": [-1, -1]}
							}
						},
						{
							"origin": [-4.78713, 29.05213, -33.3],
							"size": [0.2, 0.2, 0.6],
							"pivot": [-2.745, 27.7, -28.5],
							"rotation": [0, 0, 45],
							"uv": {
								"north": {"uv": [52, 39], "uv_size": [-1, 1]},
								"east": {"uv": [42, 51], "uv_size": [-1, 1]},
								"south": {"uv": [52, 40], "uv_size": [-1, 1]},
								"west": {"uv": [41, 51], "uv_size": [-1, 1]},
								"up": {"uv": [52, 41], "uv_size": [-1, 1]},
								"down": {"uv": [43, 52], "uv_size": [-1, -1]}
							}
						},
						{
							"origin": [-4.78713, 30.75213, -33.3],
							"size": [0.2, 0.2, 0.6],
							"pivot": [-2.745, 29.4, -28.5],
							"rotation": [0, 0, 45],
							"uv": {
								"north": {"uv": [52, 42], "uv_size": [-1, 1]},
								"east": {"uv": [45, 51], "uv_size": [-1, 1]},
								"south": {"uv": [52, 43], "uv_size": [-1, 1]},
								"west": {"uv": [44, 51], "uv_size": [-1, 1]},
								"up": {"uv": [52, 44], "uv_size": [-1, 1]},
								"down": {"uv": [46, 52], "uv_size": [-1, -1]}
							}
						},
						{
							"origin": [-3.15, 30.1, -28.1],
							"size": [0.2, 1.7, 0.6],
							"inflate": 0.001,
							"uv": {
								"north": {"uv": [45, 14], "uv_size": [-1, 2]},
								"east": {"uv": [23, 44], "uv_size": [-1, 2]},
								"south": {"uv": [22, 44], "uv_size": [-1, 2]},
								"west": {"uv": [21, 44], "uv_size": [-1, 2]},
								"up": {"uv": [52, 45], "uv_size": [-1, 1]},
								"down": {"uv": [47, 52], "uv_size": [-1, -1]}
							}
						},
						{
							"origin": [-4.78713, 29.05213, -28.1],
							"size": [0.2, 0.2, 0.6],
							"pivot": [-2.745, 27.7, -23.3],
							"rotation": [0, 0, 45],
							"uv": {
								"north": {"uv": [52, 46], "uv_size": [-1, 1]},
								"east": {"uv": [49, 51], "uv_size": [-1, 1]},
								"south": {"uv": [52, 47], "uv_size": [-1, 1]},
								"west": {"uv": [48, 51], "uv_size": [-1, 1]},
								"up": {"uv": [52, 48], "uv_size": [-1, 1]},
								"down": {"uv": [50, 52], "uv_size": [-1, -1]}
							}
						},
						{
							"origin": [-4.78713, 30.75213, -28.1],
							"size": [0.2, 0.2, 0.6],
							"pivot": [-2.745, 29.4, -23.3],
							"rotation": [0, 0, 45],
							"uv": {
								"north": {"uv": [52, 49], "uv_size": [-1, 1]},
								"east": {"uv": [52, 51], "uv_size": [-1, 1]},
								"south": {"uv": [52, 50], "uv_size": [-1, 1]},
								"west": {"uv": [51, 51], "uv_size": [-1, 1]},
								"up": {"uv": [1, 52], "uv_size": [-1, 1]},
								"down": {"uv": [53, 1], "uv_size": [-1, -1]}
							}
						},
						{
							"origin": [-3.15, 30.1, -29.4],
							"size": [0.2, 1.7, 0.6],
							"inflate": 0.001,
							"uv": {
								"north": {"uv": [24, 44], "uv_size": [-1, 2]},
								"east": {"uv": [30, 44], "uv_size": [-1, 2]},
								"south": {"uv": [29, 44], "uv_size": [-1, 2]},
								"west": {"uv": [25, 44], "uv_size": [-1, 2]},
								"up": {"uv": [2, 52], "uv_size": [-1, 1]},
								"down": {"uv": [53, 2], "uv_size": [-1, -1]}
							}
						},
						{
							"origin": [-4.78713, 29.05213, -29.4],
							"size": [0.2, 0.2, 0.6],
							"pivot": [-2.745, 27.7, -24.6],
							"rotation": [0, 0, 45],
							"uv": {
								"north": {"uv": [3, 52], "uv_size": [-1, 1]},
								"east": {"uv": [6, 52], "uv_size": [-1, 1]},
								"south": {"uv": [5, 52], "uv_size": [-1, 1]},
								"west": {"uv": [4, 52], "uv_size": [-1, 1]},
								"up": {"uv": [7, 52], "uv_size": [-1, 1]},
								"down": {"uv": [8, 53], "uv_size": [-1, -1]}
							}
						},
						{
							"origin": [-4.78713, 30.75213, -29.4],
							"size": [0.2, 0.2, 0.6],
							"pivot": [-2.745, 29.4, -24.6],
							"rotation": [0, 0, 45],
							"uv": {
								"north": {"uv": [53, 12], "uv_size": [-1, 1]},
								"east": {"uv": [53, 15], "uv_size": [-1, 1]},
								"south": {"uv": [53, 14], "uv_size": [-1, 1]},
								"west": {"uv": [53, 13], "uv_size": [-1, 1]},
								"up": {"uv": [17, 52], "uv_size": [-1, 1]},
								"down": {"uv": [53, 17], "uv_size": [-1, -1]}
							}
						},
						{
							"origin": [-3.15, 30.1, -25.5],
							"size": [0.2, 1.7, 0.6],
							"inflate": 0.001,
							"uv": {
								"north": {"uv": [33, 44], "uv_size": [-1, 2]},
								"east": {"uv": [45, 38], "uv_size": [-1, 2]},
								"south": {"uv": [45, 36], "uv_size": [-1, 2]},
								"west": {"uv": [34, 44], "uv_size": [-1, 2]},
								"up": {"uv": [18, 52], "uv_size": [-1, 1]},
								"down": {"uv": [53, 18], "uv_size": [-1, -1]}
							}
						},
						{
							"origin": [-4.78713, 29.05213, -25.5],
							"size": [0.2, 0.2, 0.6],
							"pivot": [-2.745, 27.7, -20.7],
							"rotation": [0, 0, 45],
							"uv": {
								"north": {"uv": [19, 52], "uv_size": [-1, 1]},
								"east": {"uv": [53, 19], "uv_size": [-1, 1]},
								"south": {"uv": [20, 52], "uv_size": [-1, 1]},
								"west": {"uv": [53, 18], "uv_size": [-1, 1]},
								"up": {"uv": [21, 52], "uv_size": [-1, 1]},
								"down": {"uv": [53, 21], "uv_size": [-1, -1]}
							}
						},
						{
							"origin": [-4.78713, 30.75213, -25.5],
							"size": [0.2, 0.2, 0.6],
							"pivot": [-2.745, 29.4, -20.7],
							"rotation": [0, 0, 45],
							"uv": {
								"north": {"uv": [22, 52], "uv_size": [-1, 1]},
								"east": {"uv": [53, 22], "uv_size": [-1, 1]},
								"south": {"uv": [23, 52], "uv_size": [-1, 1]},
								"west": {"uv": [53, 21], "uv_size": [-1, 1]},
								"up": {"uv": [24, 52], "uv_size": [-1, 1]},
								"down": {"uv": [53, 24], "uv_size": [-1, -1]}
							}
						},
						{
							"origin": [-3.15, 30.1, -26.8],
							"size": [0.2, 1.7, 0.6],
							"inflate": 0.001,
							"uv": {
								"north": {"uv": [40, 44], "uv_size": [-1, 2]},
								"east": {"uv": [42, 44], "uv_size": [-1, 2]},
								"south": {"uv": [45, 40], "uv_size": [-1, 2]},
								"west": {"uv": [41, 44], "uv_size": [-1, 2]},
								"up": {"uv": [25, 52], "uv_size": [-1, 1]},
								"down": {"uv": [53, 25], "uv_size": [-1, -1]}
							}
						},
						{
							"origin": [-4.78713, 29.05213, -26.8],
							"size": [0.2, 0.2, 0.6],
							"pivot": [-2.745, 27.7, -22],
							"rotation": [0, 0, 45],
							"uv": {
								"north": {"uv": [26, 52], "uv_size": [-1, 1]},
								"east": {"uv": [53, 27], "uv_size": [-1, 1]},
								"south": {"uv": [53, 26], "uv_size": [-1, 1]},
								"west": {"uv": [53, 25], "uv_size": [-1, 1]},
								"up": {"uv": [29, 52], "uv_size": [-1, 1]},
								"down": {"uv": [30, 53], "uv_size": [-1, -1]}
							}
						},
						{
							"origin": [-4.78713, 30.75213, -26.8],
							"size": [0.2, 0.2, 0.6],
							"pivot": [-2.745, 29.4, -22],
							"rotation": [0, 0, 45],
							"uv": {
								"north": {"uv": [31, 52], "uv_size": [-1, 1]},
								"east": {"uv": [53, 32], "uv_size": [-1, 1]},
								"south": {"uv": [33, 52], "uv_size": [-1, 1]},
								"west": {"uv": [32, 52], "uv_size": [-1, 1]},
								"up": {"uv": [34, 52], "uv_size": [-1, 1]},
								"down": {"uv": [53, 34], "uv_size": [-1, -1]}
							}
						},
						{
							"origin": [-3.15, 30.1, -22.9],
							"size": [0.2, 1.7, 0.6],
							"inflate": 0.001,
							"uv": {
								"north": {"uv": [45, 42], "uv_size": [-1, 2]},
								"east": {"uv": [46, 12], "uv_size": [-1, 2]},
								"south": {"uv": [46, 0], "uv_size": [-1, 2]},
								"west": {"uv": [45, 44], "uv_size": [-1, 2]},
								"up": {"uv": [35, 52], "uv_size": [-1, 1]},
								"down": {"uv": [53, 35], "uv_size": [-1, -1]}
							}
						},
						{
							"origin": [-4.78713, 29.05213, -22.9],
							"size": [0.2, 0.2, 0.6],
							"pivot": [-2.745, 27.7, -18.1],
							"rotation": [0, 0, 45],
							"uv": {
								"north": {"uv": [36, 52], "uv_size": [-1, 1]},
								"east": {"uv": [53, 36], "uv_size": [-1, 1]},
								"south": {"uv": [37, 52], "uv_size": [-1, 1]},
								"west": {"uv": [53, 35], "uv_size": [-1, 1]},
								"up": {"uv": [38, 52], "uv_size": [-1, 1]},
								"down": {"uv": [53, 38], "uv_size": [-1, -1]}
							}
						},
						{
							"origin": [-4.78713, 30.75213, -22.9],
							"size": [0.2, 0.2, 0.6],
							"pivot": [-2.745, 29.4, -18.1],
							"rotation": [0, 0, 45],
							"uv": {
								"north": {"uv": [39, 52], "uv_size": [-1, 1]},
								"east": {"uv": [53, 39], "uv_size": [-1, 1]},
								"south": {"uv": [40, 52], "uv_size": [-1, 1]},
								"west": {"uv": [53, 38], "uv_size": [-1, 1]},
								"up": {"uv": [41, 52], "uv_size": [-1, 1]},
								"down": {"uv": [53, 41], "uv_size": [-1, -1]}
							}
						},
						{
							"origin": [-3.15, 30.1, -24.2],
							"size": [0.2, 1.7, 0.6],
							"inflate": 0.001,
							"uv": {
								"north": {"uv": [46, 14], "uv_size": [-1, 2]},
								"east": {"uv": [31, 45], "uv_size": [-1, 2]},
								"south": {"uv": [26, 45], "uv_size": [-1, 2]},
								"west": {"uv": [46, 16], "uv_size": [-1, 2]},
								"up": {"uv": [42, 52], "uv_size": [-1, 1]},
								"down": {"uv": [53, 42], "uv_size": [-1, -1]}
							}
						},
						{
							"origin": [-4.78713, 29.05213, -24.2],
							"size": [0.2, 0.2, 0.6],
							"pivot": [-2.745, 27.7, -19.4],
							"rotation": [0, 0, 45],
							"uv": {
								"north": {"uv": [43, 52], "uv_size": [-1, 1]},
								"east": {"uv": [53, 43], "uv_size": [-1, 1]},
								"south": {"uv": [44, 52], "uv_size": [-1, 1]},
								"west": {"uv": [53, 42], "uv_size": [-1, 1]},
								"up": {"uv": [45, 52], "uv_size": [-1, 1]},
								"down": {"uv": [53, 45], "uv_size": [-1, -1]}
							}
						},
						{
							"origin": [-4.78713, 30.75213, -24.2],
							"size": [0.2, 0.2, 0.6],
							"pivot": [-2.745, 29.4, -19.4],
							"rotation": [0, 0, 45],
							"uv": {
								"north": {"uv": [46, 52], "uv_size": [-1, 1]},
								"east": {"uv": [53, 46], "uv_size": [-1, 1]},
								"south": {"uv": [47, 52], "uv_size": [-1, 1]},
								"west": {"uv": [53, 45], "uv_size": [-1, 1]},
								"up": {"uv": [48, 52], "uv_size": [-1, 1]},
								"down": {"uv": [53, 48], "uv_size": [-1, -1]}
							}
						},
						{
							"origin": [-3.15, 30.1, -20.3],
							"size": [0.2, 1.7, 0.6],
							"inflate": 0.001,
							"uv": {
								"north": {"uv": [32, 45], "uv_size": [-1, 2]},
								"east": {"uv": [46, 38], "uv_size": [-1, 2]},
								"south": {"uv": [39, 45], "uv_size": [-1, 2]},
								"west": {"uv": [46, 36], "uv_size": [-1, 2]},
								"up": {"uv": [49, 52], "uv_size": [-1, 1]},
								"down": {"uv": [53, 49], "uv_size": [-1, -1]}
							}
						},
						{
							"origin": [-4.78713, 29.05213, -20.3],
							"size": [0.2, 0.2, 0.6],
							"pivot": [-2.745, 27.7, -15.5],
							"rotation": [0, 0, 45],
							"uv": {
								"north": {"uv": [50, 52], "uv_size": [-1, 1]},
								"east": {"uv": [53, 50], "uv_size": [-1, 1]},
								"south": {"uv": [51, 52], "uv_size": [-1, 1]},
								"west": {"uv": [53, 49], "uv_size": [-1, 1]},
								"up": {"uv": [52, 52], "uv_size": [-1, 1]},
								"down": {"uv": [53, 52], "uv_size": [-1, -1]}
							}
						},
						{
							"origin": [-4.78713, 30.75213, -20.3],
							"size": [0.2, 0.2, 0.6],
							"pivot": [-2.745, 29.4, -15.5],
							"rotation": [0, 0, 45],
							"uv": {
								"north": {"uv": [53, 52], "uv_size": [-1, 1]},
								"east": {"uv": [2, 53], "uv_size": [-1, 1]},
								"south": {"uv": [54, 0], "uv_size": [-1, 1]},
								"west": {"uv": [1, 53], "uv_size": [-1, 1]},
								"up": {"uv": [54, 1], "uv_size": [-1, 1]},
								"down": {"uv": [3, 54], "uv_size": [-1, -1]}
							}
						},
						{
							"origin": [-3.15, 30.1, -19],
							"size": [0.2, 1.7, 0.6],
							"inflate": 0.001,
							"uv": {
								"north": {"uv": [46, 40], "uv_size": [-1, 2]},
								"east": {"uv": [44, 45], "uv_size": [-1, 2]},
								"south": {"uv": [46, 42], "uv_size": [-1, 2]},
								"west": {"uv": [43, 45], "uv_size": [-1, 2]},
								"up": {"uv": [4, 53], "uv_size": [-1, 1]},
								"down": {"uv": [5, 54], "uv_size": [-1, -1]}
							}
						},
						{
							"origin": [-4.78713, 30.75213, -19],
							"size": [0.2, 0.2, 0.6],
							"pivot": [-2.745, 29.4, -14.2],
							"rotation": [0, 0, 45],
							"uv": {
								"north": {"uv": [6, 53], "uv_size": [-1, 1]},
								"east": {"uv": [54, 12], "uv_size": [-1, 1]},
								"south": {"uv": [8, 53], "uv_size": [-1, 1]},
								"west": {"uv": [7, 53], "uv_size": [-1, 1]},
								"up": {"uv": [54, 13], "uv_size": [-1, 1]},
								"down": {"uv": [54, 15], "uv_size": [-1, -1]}
							}
						},
						{
							"origin": [-4.78713, 29.05213, -19],
							"size": [0.2, 0.2, 0.6],
							"pivot": [-2.745, 27.7, -14.2],
							"rotation": [0, 0, 45],
							"uv": {
								"north": {"uv": [54, 15], "uv_size": [-1, 1]},
								"east": {"uv": [18, 53], "uv_size": [-1, 1]},
								"south": {"uv": [54, 16], "uv_size": [-1, 1]},
								"west": {"uv": [17, 53], "uv_size": [-1, 1]},
								"up": {"uv": [54, 17], "uv_size": [-1, 1]},
								"down": {"uv": [19, 54], "uv_size": [-1, -1]}
							}
						},
						{
							"origin": [-3.15, 30.1, -17.7],
							"size": [0.2, 1.7, 0.6],
							"inflate": 0.001,
							"uv": {
								"north": {"uv": [46, 44], "uv_size": [-1, 2]},
								"east": {"uv": [47, 14], "uv_size": [-1, 2]},
								"south": {"uv": [47, 12], "uv_size": [-1, 2]},
								"west": {"uv": [47, 0], "uv_size": [-1, 2]},
								"up": {"uv": [54, 18], "uv_size": [-1, 1]},
								"down": {"uv": [20, 54], "uv_size": [-1, -1]}
							}
						},
						{
							"origin": [-4.78713, 30.75213, -17.7],
							"size": [0.2, 0.2, 0.6],
							"pivot": [-2.745, 29.4, -12.9],
							"rotation": [0, 0, 45],
							"uv": {
								"north": {"uv": [54, 19], "uv_size": [-1, 1]},
								"east": {"uv": [22, 53], "uv_size": [-1, 1]},
								"south": {"uv": [54, 20], "uv_size": [-1, 1]},
								"west": {"uv": [21, 53], "uv_size": [-1, 1]},
								"up": {"uv": [54, 21], "uv_size": [-1, 1]},
								"down": {"uv": [23, 54], "uv_size": [-1, -1]}
							}
						},
						{
							"origin": [-4.78713, 29.05213, -17.7],
							"size": [0.2, 0.2, 0.6],
							"pivot": [-2.745, 27.7, -12.9],
							"rotation": [0, 0, 45],
							"uv": {
								"north": {"uv": [54, 22], "uv_size": [-1, 1]},
								"east": {"uv": [25, 53], "uv_size": [-1, 1]},
								"south": {"uv": [54, 23], "uv_size": [-1, 1]},
								"west": {"uv": [24, 53], "uv_size": [-1, 1]},
								"up": {"uv": [54, 24], "uv_size": [-1, 1]},
								"down": {"uv": [26, 54], "uv_size": [-1, -1]}
							}
						},
						{
							"origin": [-3.15, 30.1, -21.6],
							"size": [0.2, 1.7, 0.6],
							"inflate": 0.001,
							"uv": {
								"north": {"uv": [47, 16], "uv_size": [-1, 2]},
								"east": {"uv": [23, 46], "uv_size": [-1, 2]},
								"south": {"uv": [22, 46], "uv_size": [-1, 2]},
								"west": {"uv": [21, 46], "uv_size": [-1, 2]},
								"up": {"uv": [54, 25], "uv_size": [-1, 1]},
								"down": {"uv": [54, 27], "uv_size": [-1, -1]}
							}
						},
						{
							"origin": [-4.78713, 29.05213, -21.6],
							"size": [0.2, 0.2, 0.6],
							"pivot": [-2.745, 27.7, -16.8],
							"rotation": [0, 0, 45],
							"uv": {
								"north": {"uv": [54, 27], "uv_size": [-1, 1]},
								"east": {"uv": [31, 53], "uv_size": [-1, 1]},
								"south": {"uv": [30, 53], "uv_size": [-1, 1]},
								"west": {"uv": [29, 53], "uv_size": [-1, 1]},
								"up": {"uv": [32, 53], "uv_size": [-1, 1]},
								"down": {"uv": [33, 54], "uv_size": [-1, -1]}
							}
						},
						{
							"origin": [-4.78713, 30.75213, -21.6],
							"size": [0.2, 0.2, 0.6],
							"pivot": [-2.745, 29.4, -16.8],
							"rotation": [0, 0, 45],
							"uv": {
								"north": {"uv": [54, 32], "uv_size": [-1, 1]},
								"east": {"uv": [35, 53], "uv_size": [-1, 1]},
								"south": {"uv": [54, 33], "uv_size": [-1, 1]},
								"west": {"uv": [34, 53], "uv_size": [-1, 1]},
								"up": {"uv": [54, 34], "uv_size": [-1, 1]},
								"down": {"uv": [36, 54], "uv_size": [-1, -1]}
							}
						}
					]
				},
				{
					"name": "bone2",
					"parent": "handguard",
					"pivot": [-2.95, 24.7, 17.9]
				},
				{
					"name": "gun5",
					"parent": "bone2",
					"pivot": [2.745, 27.9, -36.5],
					"rotation": [0, 0, 180]
				},
				{
					"name": "gun4",
					"parent": "handguard",
					"pivot": [2.845, 21.8, -36.5],
					"rotation": [0, 0, -90],
					"cubes": [
						{
							"origin": [3.25, 23.8, -34.2],
							"size": [0.6, 1.7, 18.06],
							"inflate": 0.001,
							"uv": {
								"north": {"uv": [23, 46], "uv_size": [1, 2]},
								"east": {"uv": [18, 8], "uv_size": [18, 2]},
								"south": {"uv": [24, 46], "uv_size": [1, 2]},
								"west": {"uv": [18, 10], "uv_size": [18, 2]},
								"up": {"uv": [34, 28], "uv_size": [1, 18]},
								"down": {"uv": [35, 46], "uv_size": [1, -18]}
							}
						},
						{
							"origin": [3.05, 23.8, -30.7],
							"size": [0.2, 1.7, 0.6],
							"inflate": 0.001,
							"uv": {
								"north": {"uv": [28, 46], "uv_size": [1, 2]},
								"east": {"uv": [29, 46], "uv_size": [1, 2]},
								"south": {"uv": [32, 46], "uv_size": [1, 2]},
								"west": {"uv": [33, 46], "uv_size": [1, 2]},
								"up": {"uv": [53, 35], "uv_size": [1, 1]},
								"down": {"uv": [36, 54], "uv_size": [1, -1]}
							}
						},
						{
							"origin": [4.475, 22.84, -30.7],
							"size": [0.2, 0.2, 0.6],
							"pivot": [2.845, 21.7, -25.9],
							"rotation": [0, 0, -45],
							"uv": {
								"north": {"uv": [53, 36], "uv_size": [1, 1]},
								"east": {"uv": [37, 53], "uv_size": [1, 1]},
								"south": {"uv": [53, 37], "uv_size": [1, 1]},
								"west": {"uv": [38, 53], "uv_size": [1, 1]},
								"up": {"uv": [53, 38], "uv_size": [1, 1]},
								"down": {"uv": [39, 54], "uv_size": [1, -1]}
							}
						},
						{
							"origin": [4.475, 24.54, -30.7],
							"size": [0.2, 0.2, 0.6],
							"pivot": [2.845, 23.4, -25.9],
							"rotation": [0, 0, -45],
							"uv": {
								"north": {"uv": [53, 39], "uv_size": [1, 1]},
								"east": {"uv": [40, 53], "uv_size": [1, 1]},
								"south": {"uv": [53, 40], "uv_size": [1, 1]},
								"west": {"uv": [41, 53], "uv_size": [1, 1]},
								"up": {"uv": [53, 41], "uv_size": [1, 1]},
								"down": {"uv": [42, 54], "uv_size": [1, -1]}
							}
						},
						{
							"origin": [3.05, 23.8, -32],
							"size": [0.2, 1.7, 0.6],
							"inflate": 0.001,
							"uv": {
								"north": {"uv": [34, 46], "uv_size": [1, 2]},
								"east": {"uv": [35, 46], "uv_size": [1, 2]},
								"south": {"uv": [36, 46], "uv_size": [1, 2]},
								"west": {"uv": [46, 36], "uv_size": [1, 2]},
								"up": {"uv": [53, 42], "uv_size": [1, 1]},
								"down": {"uv": [43, 54], "uv_size": [1, -1]}
							}
						},
						{
							"origin": [4.475, 22.84, -32],
							"size": [0.2, 0.2, 0.6],
							"pivot": [2.845, 21.7, -27.2],
							"rotation": [0, 0, -45],
							"uv": {
								"north": {"uv": [53, 43], "uv_size": [1, 1]},
								"east": {"uv": [44, 53], "uv_size": [1, 1]},
								"south": {"uv": [53, 44], "uv_size": [1, 1]},
								"west": {"uv": [45, 53], "uv_size": [1, 1]},
								"up": {"uv": [53, 45], "uv_size": [1, 1]},
								"down": {"uv": [46, 54], "uv_size": [1, -1]}
							}
						},
						{
							"origin": [4.475, 24.54, -32],
							"size": [0.2, 0.2, 0.6],
							"pivot": [2.845, 23.4, -27.2],
							"rotation": [0, 0, -45],
							"uv": {
								"north": {"uv": [53, 46], "uv_size": [1, 1]},
								"east": {"uv": [47, 53], "uv_size": [1, 1]},
								"south": {"uv": [53, 47], "uv_size": [1, 1]},
								"west": {"uv": [48, 53], "uv_size": [1, 1]},
								"up": {"uv": [53, 48], "uv_size": [1, 1]},
								"down": {"uv": [49, 54], "uv_size": [1, -1]}
							}
						},
						{
							"origin": [3.05, 23.8, -33.3],
							"size": [0.2, 1.7, 0.6],
							"inflate": 0.001,
							"uv": {
								"north": {"uv": [37, 46], "uv_size": [1, 2]},
								"east": {"uv": [46, 38], "uv_size": [1, 2]},
								"south": {"uv": [39, 46], "uv_size": [1, 2]},
								"west": {"uv": [40, 46], "uv_size": [1, 2]},
								"up": {"uv": [53, 49], "uv_size": [1, 1]},
								"down": {"uv": [50, 54], "uv_size": [1, -1]}
							}
						},
						{
							"origin": [4.475, 22.84, -33.3],
							"size": [0.2, 0.2, 0.6],
							"pivot": [2.845, 21.7, -28.5],
							"rotation": [0, 0, -45],
							"uv": {
								"north": {"uv": [53, 50], "uv_size": [1, 1]},
								"east": {"uv": [51, 53], "uv_size": [1, 1]},
								"south": {"uv": [53, 51], "uv_size": [1, 1]},
								"west": {"uv": [52, 53], "uv_size": [1, 1]},
								"up": {"uv": [53, 52], "uv_size": [1, 1]},
								"down": {"uv": [53, 54], "uv_size": [1, -1]}
							}
						},
						{
							"origin": [4.475, 24.54, -33.3],
							"size": [0.2, 0.2, 0.6],
							"pivot": [2.845, 23.4, -28.5],
							"rotation": [0, 0, -45],
							"uv": {
								"north": {"uv": [0, 54], "uv_size": [1, 1]},
								"east": {"uv": [54, 0], "uv_size": [1, 1]},
								"south": {"uv": [1, 54], "uv_size": [1, 1]},
								"west": {"uv": [54, 1], "uv_size": [1, 1]},
								"up": {"uv": [2, 54], "uv_size": [1, 1]},
								"down": {"uv": [3, 55], "uv_size": [1, -1]}
							}
						},
						{
							"origin": [3.05, 23.8, -28.1],
							"size": [0.2, 1.7, 0.6],
							"inflate": 0.001,
							"uv": {
								"north": {"uv": [46, 40], "uv_size": [1, 2]},
								"east": {"uv": [41, 46], "uv_size": [1, 2]},
								"south": {"uv": [46, 42], "uv_size": [1, 2]},
								"west": {"uv": [44, 46], "uv_size": [1, 2]},
								"up": {"uv": [4, 54], "uv_size": [1, 1]},
								"down": {"uv": [5, 55], "uv_size": [1, -1]}
							}
						},
						{
							"origin": [4.475, 22.84, -28.1],
							"size": [0.2, 0.2, 0.6],
							"pivot": [2.845, 21.7, -23.3],
							"rotation": [0, 0, -45],
							"uv": {
								"north": {"uv": [6, 54], "uv_size": [1, 1]},
								"east": {"uv": [7, 54], "uv_size": [1, 1]},
								"south": {"uv": [54, 8], "uv_size": [1, 1]},
								"west": {"uv": [54, 9], "uv_size": [1, 1]},
								"up": {"uv": [54, 10], "uv_size": [1, 1]},
								"down": {"uv": [54, 12], "uv_size": [1, -1]}
							}
						},
						{
							"origin": [4.475, 24.54, -28.1],
							"size": [0.2, 0.2, 0.6],
							"pivot": [2.845, 23.4, -23.3],
							"rotation": [0, 0, -45],
							"uv": {
								"north": {"uv": [54, 12], "uv_size": [1, 1]},
								"east": {"uv": [54, 13], "uv_size": [1, 1]},
								"south": {"uv": [54, 14], "uv_size": [1, 1]},
								"west": {"uv": [54, 15], "uv_size": [1, 1]},
								"up": {"uv": [16, 54], "uv_size": [1, 1]},
								"down": {"uv": [54, 17], "uv_size": [1, -1]}
							}
						},
						{
							"origin": [3.05, 23.8, -29.4],
							"size": [0.2, 1.7, 0.6],
							"inflate": 0.001,
							"uv": {
								"north": {"uv": [46, 44], "uv_size": [1, 2]},
								"east": {"uv": [45, 46], "uv_size": [1, 2]},
								"south": {"uv": [46, 46], "uv_size": [1, 2]},
								"west": {"uv": [47, 0], "uv_size": [1, 2]},
								"up": {"uv": [17, 54], "uv_size": [1, 1]},
								"down": {"uv": [54, 18], "uv_size": [1, -1]}
							}
						},
						{
							"origin": [4.475, 22.84, -29.4],
							"size": [0.2, 0.2, 0.6],
							"pivot": [2.845, 21.7, -24.6],
							"rotation": [0, 0, -45],
							"uv": {
								"north": {"uv": [18, 54], "uv_size": [1, 1]},
								"east": {"uv": [54, 18], "uv_size": [1, 1]},
								"south": {"uv": [19, 54], "uv_size": [1, 1]},
								"west": {"uv": [54, 19], "uv_size": [1, 1]},
								"up": {"uv": [20, 54], "uv_size": [1, 1]},
								"down": {"uv": [54, 21], "uv_size": [1, -1]}
							}
						},
						{
							"origin": [4.475, 24.54, -29.4],
							"size": [0.2, 0.2, 0.6],
							"pivot": [2.845, 23.4, -24.6],
							"rotation": [0, 0, -45],
							"uv": {
								"north": {"uv": [21, 54], "uv_size": [1, 1]},
								"east": {"uv": [54, 21], "uv_size": [1, 1]},
								"south": {"uv": [22, 54], "uv_size": [1, 1]},
								"west": {"uv": [54, 22], "uv_size": [1, 1]},
								"up": {"uv": [23, 54], "uv_size": [1, 1]},
								"down": {"uv": [54, 24], "uv_size": [1, -1]}
							}
						},
						{
							"origin": [3.05, 23.8, -25.5],
							"size": [0.2, 1.7, 0.6],
							"inflate": 0.001,
							"uv": {
								"north": {"uv": [47, 12], "uv_size": [1, 2]},
								"east": {"uv": [47, 14], "uv_size": [1, 2]},
								"south": {"uv": [47, 16], "uv_size": [1, 2]},
								"west": {"uv": [47, 18], "uv_size": [1, 2]},
								"up": {"uv": [24, 54], "uv_size": [1, 1]},
								"down": {"uv": [54, 25], "uv_size": [1, -1]}
							}
						},
						{
							"origin": [4.475, 22.84, -25.5],
							"size": [0.2, 0.2, 0.6],
							"pivot": [2.845, 21.7, -20.7],
							"rotation": [0, 0, -45],
							"uv": {
								"north": {"uv": [25, 54], "uv_size": [1, 1]},
								"east": {"uv": [54, 25], "uv_size": [1, 1]},
								"south": {"uv": [54, 26], "uv_size": [1, 1]},
								"west": {"uv": [54, 27], "uv_size": [1, 1]},
								"up": {"uv": [28, 54], "uv_size": [1, 1]},
								"down": {"uv": [29, 55], "uv_size": [1, -1]}
							}
						},
						{
							"origin": [4.475, 24.54, -25.5],
							"size": [0.2, 0.2, 0.6],
							"pivot": [2.845, 23.4, -20.7],
							"rotation": [0, 0, -45],
							"uv": {
								"north": {"uv": [30, 54], "uv_size": [1, 1]},
								"east": {"uv": [31, 54], "uv_size": [1, 1]},
								"south": {"uv": [32, 54], "uv_size": [1, 1]},
								"west": {"uv": [54, 32], "uv_size": [1, 1]},
								"up": {"uv": [33, 54], "uv_size": [1, 1]},
								"down": {"uv": [54, 34], "uv_size": [1, -1]}
							}
						},
						{
							"origin": [3.05, 23.8, -26.8],
							"size": [0.2, 1.7, 0.6],
							"inflate": 0.001,
							"uv": {
								"north": {"uv": [25, 47], "uv_size": [1, 2]},
								"east": {"uv": [30, 47], "uv_size": [1, 2]},
								"south": {"uv": [31, 47], "uv_size": [1, 2]},
								"west": {"uv": [47, 36], "uv_size": [1, 2]},
								"up": {"uv": [34, 54], "uv_size": [1, 1]},
								"down": {"uv": [54, 35], "uv_size": [1, -1]}
							}
						},
						{
							"origin": [4.475, 22.84, -26.8],
							"size": [0.2, 0.2, 0.6],
							"pivot": [2.845, 21.7, -22],
							"rotation": [0, 0, -45],
							"uv": {
								"north": {"uv": [35, 54], "uv_size": [1, 1]},
								"east": {"uv": [54, 35], "uv_size": [1, 1]},
								"south": {"uv": [36, 54], "uv_size": [1, 1]},
								"west": {"uv": [54, 36], "uv_size": [1, 1]},
								"up": {"uv": [37, 54], "uv_size": [1, 1]},
								"down": {"uv": [54, 38], "uv_size": [1, -1]}
							}
						},
						{
							"origin": [4.475, 24.54, -26.8],
							"size": [0.2, 0.2, 0.6],
							"pivot": [2.845, 23.4, -22],
							"rotation": [0, 0, -45],
							"uv": {
								"north": {"uv": [38, 54], "uv_size": [1, 1]},
								"east": {"uv": [54, 38], "uv_size": [1, 1]},
								"south": {"uv": [39, 54], "uv_size": [1, 1]},
								"west": {"uv": [54, 39], "uv_size": [1, 1]},
								"up": {"uv": [40, 54], "uv_size": [1, 1]},
								"down": {"uv": [54, 41], "uv_size": [1, -1]}
							}
						},
						{
							"origin": [3.05, 23.8, -22.9],
							"size": [0.2, 1.7, 0.6],
							"inflate": 0.001,
							"uv": {
								"north": {"uv": [38, 47], "uv_size": [1, 2]},
								"east": {"uv": [47, 38], "uv_size": [1, 2]},
								"south": {"uv": [47, 40], "uv_size": [1, 2]},
								"west": {"uv": [42, 47], "uv_size": [1, 2]},
								"up": {"uv": [41, 54], "uv_size": [1, 1]},
								"down": {"uv": [54, 42], "uv_size": [1, -1]}
							}
						},
						{
							"origin": [4.475, 22.84, -22.9],
							"size": [0.2, 0.2, 0.6],
							"pivot": [2.845, 21.7, -18.1],
							"rotation": [0, 0, -45],
							"uv": {
								"north": {"uv": [42, 54], "uv_size": [1, 1]},
								"east": {"uv": [54, 42], "uv_size": [1, 1]},
								"south": {"uv": [43, 54], "uv_size": [1, 1]},
								"west": {"uv": [54, 43], "uv_size": [1, 1]},
								"up": {"uv": [44, 54], "uv_size": [1, 1]},
								"down": {"uv": [54, 45], "uv_size": [1, -1]}
							}
						},
						{
							"origin": [4.475, 24.54, -22.9],
							"size": [0.2, 0.2, 0.6],
							"pivot": [2.845, 23.4, -18.1],
							"rotation": [0, 0, -45],
							"uv": {
								"north": {"uv": [45, 54], "uv_size": [1, 1]},
								"east": {"uv": [54, 45], "uv_size": [1, 1]},
								"south": {"uv": [46, 54], "uv_size": [1, 1]},
								"west": {"uv": [54, 46], "uv_size": [1, 1]},
								"up": {"uv": [47, 54], "uv_size": [1, 1]},
								"down": {"uv": [54, 48], "uv_size": [1, -1]}
							}
						},
						{
							"origin": [3.05, 23.8, -24.2],
							"size": [0.2, 1.7, 0.6],
							"inflate": 0.001,
							"uv": {
								"north": {"uv": [47, 42], "uv_size": [1, 2]},
								"east": {"uv": [43, 47], "uv_size": [1, 2]},
								"south": {"uv": [47, 44], "uv_size": [1, 2]},
								"west": {"uv": [47, 46], "uv_size": [1, 2]},
								"up": {"uv": [48, 54], "uv_size": [1, 1]},
								"down": {"uv": [54, 49], "uv_size": [1, -1]}
							}
						},
						{
							"origin": [4.475, 22.84, -24.2],
							"size": [0.2, 0.2, 0.6],
							"pivot": [2.845, 21.7, -19.4],
							"rotation": [0, 0, -45],
							"uv": {
								"north": {"uv": [49, 54], "uv_size": [1, 1]},
								"east": {"uv": [54, 49], "uv_size": [1, 1]},
								"south": {"uv": [50, 54], "uv_size": [1, 1]},
								"west": {"uv": [54, 50], "uv_size": [1, 1]},
								"up": {"uv": [51, 54], "uv_size": [1, 1]},
								"down": {"uv": [54, 52], "uv_size": [1, -1]}
							}
						},
						{
							"origin": [4.475, 24.54, -24.2],
							"size": [0.2, 0.2, 0.6],
							"pivot": [2.845, 23.4, -19.4],
							"rotation": [0, 0, -45],
							"uv": {
								"north": {"uv": [52, 54], "uv_size": [1, 1]},
								"east": {"uv": [54, 52], "uv_size": [1, 1]},
								"south": {"uv": [53, 54], "uv_size": [1, 1]},
								"west": {"uv": [54, 53], "uv_size": [1, 1]},
								"up": {"uv": [54, 54], "uv_size": [1, 1]},
								"down": {"uv": [0, 56], "uv_size": [1, -1]}
							}
						},
						{
							"origin": [3.05, 23.8, -20.3],
							"size": [0.2, 1.7, 0.6],
							"inflate": 0.001,
							"uv": {
								"north": {"uv": [48, 0], "uv_size": [1, 2]},
								"east": {"uv": [48, 12], "uv_size": [1, 2]},
								"south": {"uv": [48, 14], "uv_size": [1, 2]},
								"west": {"uv": [48, 16], "uv_size": [1, 2]},
								"up": {"uv": [55, 0], "uv_size": [1, 1]},
								"down": {"uv": [1, 56], "uv_size": [1, -1]}
							}
						},
						{
							"origin": [4.475, 22.84, -20.3],
							"size": [0.2, 0.2, 0.6],
							"pivot": [2.845, 21.7, -15.5],
							"rotation": [0, 0, -45],
							"uv": {
								"north": {"uv": [55, 1], "uv_size": [1, 1]},
								"east": {"uv": [2, 55], "uv_size": [1, 1]},
								"south": {"uv": [55, 2], "uv_size": [1, 1]},
								"west": {"uv": [3, 55], "uv_size": [1, 1]},
								"up": {"uv": [55, 3], "uv_size": [1, 1]},
								"down": {"uv": [4, 56], "uv_size": [1, -1]}
							}
						},
						{
							"origin": [4.475, 24.54, -20.3],
							"size": [0.2, 0.2, 0.6],
							"pivot": [2.845, 23.4, -15.5],
							"rotation": [0, 0, -45],
							"uv": {
								"north": {"uv": [55, 4], "uv_size": [1, 1]},
								"east": {"uv": [5, 55], "uv_size": [1, 1]},
								"south": {"uv": [55, 5], "uv_size": [1, 1]},
								"west": {"uv": [6, 55], "uv_size": [1, 1]},
								"up": {"uv": [55, 6], "uv_size": [1, 1]},
								"down": {"uv": [7, 56], "uv_size": [1, -1]}
							}
						},
						{
							"origin": [3.05, 23.8, -19],
							"size": [0.2, 1.7, 0.6],
							"inflate": 0.001,
							"uv": {
								"north": {"uv": [48, 18], "uv_size": [1, 2]},
								"east": {"uv": [20, 48], "uv_size": [1, 2]},
								"south": {"uv": [21, 48], "uv_size": [1, 2]},
								"west": {"uv": [22, 48], "uv_size": [1, 2]},
								"up": {"uv": [55, 7], "uv_size": [1, 1]},
								"down": {"uv": [55, 9], "uv_size": [1, -1]}
							}
						},
						{
							"origin": [4.475, 24.54, -19],
							"size": [0.2, 0.2, 0.6],
							"pivot": [2.845, 23.4, -14.2],
							"rotation": [0, 0, -45],
							"uv": {
								"north": {"uv": [55, 9], "uv_size": [1, 1]},
								"east": {"uv": [55, 10], "uv_size": [1, 1]},
								"south": {"uv": [55, 11], "uv_size": [1, 1]},
								"west": {"uv": [55, 12], "uv_size": [1, 1]},
								"up": {"uv": [55, 13], "uv_size": [1, 1]},
								"down": {"uv": [55, 15], "uv_size": [1, -1]}
							}
						},
						{
							"origin": [4.475, 22.84, -19],
							"size": [0.2, 0.2, 0.6],
							"pivot": [2.845, 21.7, -14.2],
							"rotation": [0, 0, -45],
							"uv": {
								"north": {"uv": [55, 15], "uv_size": [1, 1]},
								"east": {"uv": [16, 55], "uv_size": [1, 1]},
								"south": {"uv": [55, 16], "uv_size": [1, 1]},
								"west": {"uv": [17, 55], "uv_size": [1, 1]},
								"up": {"uv": [55, 17], "uv_size": [1, 1]},
								"down": {"uv": [18, 56], "uv_size": [1, -1]}
							}
						},
						{
							"origin": [3.05, 23.8, -17.7],
							"size": [0.2, 1.7, 0.6],
							"inflate": 0.001,
							"uv": {
								"north": {"uv": [23, 48], "uv_size": [1, 2]},
								"east": {"uv": [24, 48], "uv_size": [1, 2]},
								"south": {"uv": [28, 48], "uv_size": [1, 2]},
								"west": {"uv": [29, 48], "uv_size": [1, 2]},
								"up": {"uv": [55, 18], "uv_size": [1, 1]},
								"down": {"uv": [19, 56], "uv_size": [1, -1]}
							}
						},
						{
							"origin": [4.475, 24.54, -17.7],
							"size": [0.2, 0.2, 0.6],
							"pivot": [2.845, 23.4, -12.9],
							"rotation": [0, 0, -45],
							"uv": {
								"north": {"uv": [55, 19], "uv_size": [1, 1]},
								"east": {"uv": [20, 55], "uv_size": [1, 1]},
								"south": {"uv": [55, 20], "uv_size": [1, 1]},
								"west": {"uv": [21, 55], "uv_size": [1, 1]},
								"up": {"uv": [55, 21], "uv_size": [1, 1]},
								"down": {"uv": [22, 56], "uv_size": [1, -1]}
							}
						},
						{
							"origin": [4.475, 22.84, -17.7],
							"size": [0.2, 0.2, 0.6],
							"pivot": [2.845, 21.7, -12.9],
							"rotation": [0, 0, -45],
							"uv": {
								"north": {"uv": [55, 22], "uv_size": [1, 1]},
								"east": {"uv": [23, 55], "uv_size": [1, 1]},
								"south": {"uv": [55, 23], "uv_size": [1, 1]},
								"west": {"uv": [24, 55], "uv_size": [1, 1]},
								"up": {"uv": [55, 24], "uv_size": [1, 1]},
								"down": {"uv": [25, 56], "uv_size": [1, -1]}
							}
						},
						{
							"origin": [3.05, 23.8, -21.6],
							"size": [0.2, 1.7, 0.6],
							"inflate": 0.001,
							"uv": {
								"north": {"uv": [32, 48], "uv_size": [1, 2]},
								"east": {"uv": [33, 48], "uv_size": [1, 2]},
								"south": {"uv": [34, 48], "uv_size": [1, 2]},
								"west": {"uv": [35, 48], "uv_size": [1, 2]},
								"up": {"uv": [55, 25], "uv_size": [1, 1]},
								"down": {"uv": [26, 56], "uv_size": [1, -1]}
							}
						},
						{
							"origin": [4.475, 22.84, -21.6],
							"size": [0.2, 0.2, 0.6],
							"pivot": [2.845, 21.7, -16.8],
							"rotation": [0, 0, -45],
							"uv": {
								"north": {"uv": [55, 26], "uv_size": [1, 1]},
								"east": {"uv": [27, 55], "uv_size": [1, 1]},
								"south": {"uv": [55, 27], "uv_size": [1, 1]},
								"west": {"uv": [28, 55], "uv_size": [1, 1]},
								"up": {"uv": [29, 55], "uv_size": [1, 1]},
								"down": {"uv": [30, 56], "uv_size": [1, -1]}
							}
						},
						{
							"origin": [4.475, 24.54, -21.6],
							"size": [0.2, 0.2, 0.6],
							"pivot": [2.845, 23.4, -16.8],
							"rotation": [0, 0, -45],
							"uv": {
								"north": {"uv": [31, 55], "uv_size": [1, 1]},
								"east": {"uv": [32, 55], "uv_size": [1, 1]},
								"south": {"uv": [55, 32], "uv_size": [1, 1]},
								"west": {"uv": [33, 55], "uv_size": [1, 1]},
								"up": {"uv": [55, 33], "uv_size": [1, 1]},
								"down": {"uv": [34, 56], "uv_size": [1, -1]}
							}
						}
					]
				},
				{
					"name": "bone21",
					"parent": "handguard",
					"pivot": [0.88968, 28.07848, 9.8],
					"rotation": [0, 0, -5],
					"cubes": [
						{
							"origin": [-0.70507, 26.05332, -32.9],
							"size": [1.7, 0.8, 17.9],
							"pivot": [0.99493, 26.05332, -15],
							"rotation": [0, 0, 17],
							"uv": {
								"north": {"uv": [41, 39], "uv_size": [2, 1]},
								"east": {"uv": [36, 10], "uv_size": [18, 1]},
								"south": {"uv": [36, 48], "uv_size": [2, 1]},
								"west": {"uv": [36, 11], "uv_size": [18, 1]},
								"up": {"uv": [8, 20], "uv_size": [2, 18]},
								"down": {"uv": [10, 38], "uv_size": [2, -18]}
							}
						},
						{
							"origin": [-0.47118, 26.81837, -32.9],
							"size": [1.7, 0.5, 17.9],
							"uv": {
								"north": {"uv": [48, 36], "uv_size": [2, 1]},
								"east": {"uv": [37, 2], "uv_size": [18, 1]},
								"south": {"uv": [48, 37], "uv_size": [2, 1]},
								"west": {"uv": [37, 3], "uv_size": [18, 1]},
								"up": {"uv": [12, 20], "uv_size": [2, 18]},
								"down": {"uv": [14, 38], "uv_size": [2, -18]}
							}
						},
						{
							"origin": [-3.62118, 28.01837, -32.9],
							"size": [0.9, 0.7, 4.7],
							"pivot": [-2.07118, 24.21837, 4],
							"rotation": [0, 0, 55],
							"uv": {
								"north": {"uv": [55, 35], "uv_size": [1, 1]},
								"east": {"uv": [38, 36], "uv_size": [5, 1]},
								"south": {"uv": [36, 55], "uv_size": [1, 1]},
								"west": {"uv": [38, 37], "uv_size": [5, 1]},
								"up": {"uv": [38, 38], "uv_size": [1, 5]},
								"down": {"uv": [24, 44], "uv_size": [1, -5]}
							}
						},
						{
							"origin": [-3.62118, 28.01837, -17.7],
							"size": [0.9, 0.7, 2.7],
							"pivot": [-2.07118, 24.21837, 17.2],
							"rotation": [0, 0, 55],
							"uv": {
								"north": {"uv": [55, 36], "uv_size": [1, 1]},
								"east": {"uv": [40, 40], "uv_size": [3, 1]},
								"south": {"uv": [37, 55], "uv_size": [1, 1]},
								"west": {"uv": [41, 0], "uv_size": [3, 1]},
								"up": {"uv": [28, 41], "uv_size": [1, 3]},
								"down": {"uv": [29, 44], "uv_size": [1, -3]}
							}
						},
						{
							"origin": [-3.02118, 28.01837, -28.2],
							"size": [0.3, 0.7, 10.5],
							"pivot": [-2.07118, 24.21837, 14.5],
							"rotation": [0, 0, 55],
							"uv": {
								"north": {"uv": [55, 37], "uv_size": [1, 1]},
								"east": {"uv": [38, 34], "uv_size": [11, 1]},
								"south": {"uv": [38, 55], "uv_size": [1, 1]},
								"west": {"uv": [38, 35], "uv_size": [11, 1]},
								"up": {"uv": [18, 38], "uv_size": [1, 11]},
								"down": {"uv": [19, 49], "uv_size": [1, -11]}
							}
						},
						{
							"origin": [0.27597, 27.36915, -32.9],
							"size": [0.45, 0.7, 14.2],
							"pivot": [0.72597, 28.06915, 9.8],
							"rotation": [0, 0, 38],
							"uv": {
								"north": {"uv": [55, 38], "uv_size": [1, 1]},
								"east": {"uv": [38, 32], "uv_size": [14, 1]},
								"south": {"uv": [39, 55], "uv_size": [1, 1]},
								"west": {"uv": [38, 33], "uv_size": [14, 1]},
								"up": {"uv": [16, 38], "uv_size": [1, 14]},
								"down": {"uv": [17, 52], "uv_size": [1, -14]}
							}
						},
						{
							"origin": [0.27597, 27.36915, -18.7],
							"size": [0.15, 0.7, 1],
							"pivot": [0.72597, 28.06915, 10.8],
							"rotation": [0, 0, 38],
							"uv": {
								"north": {"uv": [55, 39], "uv_size": [1, 1]},
								"east": {"uv": [40, 55], "uv_size": [1, 1]},
								"south": {"uv": [55, 40], "uv_size": [1, 1]},
								"west": {"uv": [41, 55], "uv_size": [1, 1]},
								"up": {"uv": [55, 41], "uv_size": [1, 1]},
								"down": {"uv": [42, 56], "uv_size": [1, -1]}
							}
						},
						{
							"origin": [0.27597, 27.36915, -17.7],
							"size": [0.45, 0.7, 2.7],
							"pivot": [0.72597, 28.06915, 13.4],
							"rotation": [0, 0, 38],
							"uv": {
								"north": {"uv": [55, 42], "uv_size": [1, 1]},
								"east": {"uv": [41, 1], "uv_size": [3, 1]},
								"south": {"uv": [43, 55], "uv_size": [1, 1]},
								"west": {"uv": [41, 38], "uv_size": [3, 1]},
								"up": {"uv": [40, 41], "uv_size": [1, 3]},
								"down": {"uv": [41, 44], "uv_size": [1, -3]}
							}
						}
					]
				},
				{
					"name": "bone22",
					"parent": "handguard",
					"pivot": [-1.15864, 26.06266, -15],
					"rotation": [0, 0, 5],
					"cubes": [
						{
							"origin": [-0.88968, 27.37848, -32.9],
							"size": [0.45, 0.7, 17.9],
							"pivot": [-0.88968, 28.07848, 9.8],
							"rotation": [0, 0, -38],
							"uv": {
								"north": {"uv": [55, 43], "uv_size": [1, 1]},
								"east": {"uv": [37, 4], "uv_size": [18, 1]},
								"south": {"uv": [44, 55], "uv_size": [1, 1]},
								"west": {"uv": [37, 5], "uv_size": [18, 1]},
								"up": {"uv": [27, 37], "uv_size": [1, 18]},
								"down": {"uv": [37, 46], "uv_size": [1, -18]}
							}
						},
						{
							"origin": [2.55746, 28.0277, -32.9],
							"size": [0.9, 0.7, 17.9],
							"pivot": [1.90746, 24.2277, 4],
							"rotation": [0, 0, -55],
							"uv": {
								"north": {"uv": [55, 44], "uv_size": [1, 1]},
								"east": {"uv": [37, 6], "uv_size": [18, 1]},
								"south": {"uv": [45, 55], "uv_size": [1, 1]},
								"west": {"uv": [37, 7], "uv_size": [18, 1]},
								"up": {"uv": [8, 38], "uv_size": [1, 18]},
								"down": {"uv": [9, 56], "uv_size": [1, -18]}
							}
						},
						{
							"origin": [-1.39254, 26.8277, -32.9],
							"size": [1.7, 0.5, 17.9],
							"uv": {
								"north": {"uv": [48, 38], "uv_size": [2, 1]},
								"east": {"uv": [38, 28], "uv_size": [18, 1]},
								"south": {"uv": [39, 48], "uv_size": [2, 1]},
								"west": {"uv": [38, 29], "uv_size": [18, 1]},
								"up": {"uv": [16, 20], "uv_size": [2, 18]},
								"down": {"uv": [18, 38], "uv_size": [2, -18]}
							}
						},
						{
							"origin": [-1.15864, 26.06266, -32.9],
							"size": [1.7, 0.8, 17.9],
							"pivot": [-1.15864, 26.06266, -15],
							"rotation": [0, 0, -17],
							"uv": {
								"north": {"uv": [48, 39], "uv_size": [2, 1]},
								"east": {"uv": [38, 30], "uv_size": [18, 1]},
								"south": {"uv": [48, 40], "uv_size": [2, 1]},
								"west": {"uv": [38, 31], "uv_size": [18, 1]},
								"up": {"uv": [20, 20], "uv_size": [2, 18]},
								"down": {"uv": [22, 38], "uv_size": [2, -18]}
							}
						}
					]
				},
				{
					"name": "_ca_handguard",
					"parent": "main",
					"pivot": [-0.2, 23.45, -30.025],
					"cubes": [
						{"origin": [-0.5, 22.95, -23.725], "size": [1, 1, 1], "uv": [0, 0]}
					]
				}
			]
		}
	]
}