{
	"format_version": "1.12.0",
	"minecraft:geometry": [
		{
			"description": {
				"identifier": "geometry.unknown",
				"texture_width": 256,
				"texture_height": 256,
				"visible_bounds_width": 11,
				"visible_bounds_height": 4,
				"visible_bounds_offset": [0, 1, 0]
			},
			"bones": [
				{
					"name": "main",
					"pivot": [0, 20, 0]
				},
				{
					"name": "_ca_handguardsig",
					"parent": "main",
					"pivot": [-0.2, 21.35, -25.425],
					"cubes": [
						{"origin": [-0.5, 20.85, -20.425], "size": [1, 1, 1], "uv": [27, 69]}
					]
				},
				{
					"name": "handguard",
					"parent": "main",
					"pivot": [-1.6, 21.5, -24.75],
					"cubes": [
						{
							"origin": [-1.95, 22.4, -38.55],
							"size": [0.4, 1.9, 19.1],
							"uv": {
								"north": {"uv": [15.1, 193], "uv_size": [0.8, 1.5]},
								"east": {"uv": [32, 185.3], "uv_size": [-19.1, 1.9]},
								"south": {"uv": [15.1, 193], "uv_size": [0.8, 1.5]},
								"west": {"uv": [0, 0], "uv_size": [8, 6]},
								"up": {"uv": [8, 6], "uv_size": [-8, -6]},
								"down": {"uv": [8, 6], "uv_size": [-8, -6]}
							}
						},
						{
							"origin": [-1.95, 24.3, -38.55],
							"size": [0.4, 1, 19.1],
							"uv": {
								"north": {"uv": [15.1, 193], "uv_size": [0.8, 1.5]},
								"east": {"uv": [32.1, 183], "uv_size": [-19.1, 1]},
								"south": {"uv": [15.1, 193], "uv_size": [0.8, 1.5]},
								"west": {"uv": [20, 8], "uv_size": [17, 4]},
								"up": {"uv": [13, 58], "uv_size": [1, 17]},
								"down": {"uv": [26, 77], "uv_size": [1, -17]}
							}
						},
						{
							"origin": [1.25, 22.4, -38.55],
							"size": [0.8, 1.9, 19.1],
							"uv": {
								"north": {"uv": [15.1, 193], "uv_size": [0.8, 1.5]},
								"east": {"uv": [0, 0], "uv_size": [8, 6]},
								"south": {"uv": [15.1, 193], "uv_size": [0.8, 1.5]},
								"west": {"uv": [12.9, 185.3], "uv_size": [19.1, 1.9]},
								"up": {"uv": [8, 6], "uv_size": [-8, -6]},
								"down": {"uv": [8, 6], "uv_size": [-8, -6]}
							}
						},
						{
							"origin": [2.05, 22.5, -34.25],
							"size": [0.1, 2.7, 0.3],
							"uv": {
								"north": {"uv": [23, 129], "uv_size": [1, 3]},
								"east": {"uv": [23, 129], "uv_size": [1, 3]},
								"south": {"uv": [23, 129], "uv_size": [1, 3]},
								"west": {"uv": [23, 129], "uv_size": [1, 3]},
								"up": {"uv": [24, 132], "uv_size": [-1, -3]},
								"down": {"uv": [24, 132], "uv_size": [-1, -3]}
							}
						},
						{
							"origin": [2.05, 22.5, -33.25],
							"size": [0.1, 2.7, 0.3],
							"uv": {
								"north": {"uv": [23, 129], "uv_size": [1, 3]},
								"east": {"uv": [23, 129], "uv_size": [1, 3]},
								"south": {"uv": [23, 129], "uv_size": [1, 3]},
								"west": {"uv": [23, 129], "uv_size": [1, 3]},
								"up": {"uv": [24, 132], "uv_size": [-1, -3]},
								"down": {"uv": [24, 132], "uv_size": [-1, -3]}
							}
						},
						{
							"origin": [2.05, 22.5, -32.25],
							"size": [0.1, 2.7, 0.3],
							"uv": {
								"north": {"uv": [23, 129], "uv_size": [1, 3]},
								"east": {"uv": [23, 129], "uv_size": [1, 3]},
								"south": {"uv": [23, 129], "uv_size": [1, 3]},
								"west": {"uv": [23, 129], "uv_size": [1, 3]},
								"up": {"uv": [24, 132], "uv_size": [-1, -3]},
								"down": {"uv": [24, 132], "uv_size": [-1, -3]}
							}
						},
						{
							"origin": [2.05, 22.5, -31.25],
							"size": [0.1, 2.7, 0.3],
							"uv": {
								"north": {"uv": [23, 129], "uv_size": [1, 3]},
								"east": {"uv": [23, 129], "uv_size": [1, 3]},
								"south": {"uv": [23, 129], "uv_size": [1, 3]},
								"west": {"uv": [23, 129], "uv_size": [1, 3]},
								"up": {"uv": [24, 132], "uv_size": [-1, -3]},
								"down": {"uv": [24, 132], "uv_size": [-1, -3]}
							}
						},
						{
							"origin": [2.05, 22.5, -30.25],
							"size": [0.1, 2.7, 0.3],
							"uv": {
								"north": {"uv": [23, 129], "uv_size": [1, 3]},
								"east": {"uv": [23, 129], "uv_size": [1, 3]},
								"south": {"uv": [23, 129], "uv_size": [1, 3]},
								"west": {"uv": [23, 129], "uv_size": [1, 3]},
								"up": {"uv": [24, 132], "uv_size": [-1, -3]},
								"down": {"uv": [24, 132], "uv_size": [-1, -3]}
							}
						},
						{
							"origin": [2.05, 22.5, -29.25],
							"size": [0.1, 2.7, 0.3],
							"uv": {
								"north": {"uv": [23, 129], "uv_size": [1, 3]},
								"east": {"uv": [23, 129], "uv_size": [1, 3]},
								"south": {"uv": [23, 129], "uv_size": [1, 3]},
								"west": {"uv": [23, 129], "uv_size": [1, 3]},
								"up": {"uv": [24, 132], "uv_size": [-1, -3]},
								"down": {"uv": [24, 132], "uv_size": [-1, -3]}
							}
						},
						{
							"origin": [2.05, 22.5, -28.25],
							"size": [0.1, 2.7, 0.3],
							"uv": {
								"north": {"uv": [23, 129], "uv_size": [1, 3]},
								"east": {"uv": [23, 129], "uv_size": [1, 3]},
								"south": {"uv": [23, 129], "uv_size": [1, 3]},
								"west": {"uv": [23, 129], "uv_size": [1, 3]},
								"up": {"uv": [24, 132], "uv_size": [-1, -3]},
								"down": {"uv": [24, 132], "uv_size": [-1, -3]}
							}
						},
						{
							"origin": [2.05, 22.5, -27.25],
							"size": [0.1, 2.7, 0.3],
							"uv": {
								"north": {"uv": [23, 129], "uv_size": [1, 3]},
								"east": {"uv": [23, 129], "uv_size": [1, 3]},
								"south": {"uv": [23, 129], "uv_size": [1, 3]},
								"west": {"uv": [23, 129], "uv_size": [1, 3]},
								"up": {"uv": [24, 132], "uv_size": [-1, -3]},
								"down": {"uv": [24, 132], "uv_size": [-1, -3]}
							}
						},
						{
							"origin": [2.05, 22.5, -26.25],
							"size": [0.1, 2.7, 0.3],
							"uv": {
								"north": {"uv": [23, 129], "uv_size": [1, 3]},
								"east": {"uv": [23, 129], "uv_size": [1, 3]},
								"south": {"uv": [23, 129], "uv_size": [1, 3]},
								"west": {"uv": [23, 129], "uv_size": [1, 3]},
								"up": {"uv": [24, 132], "uv_size": [-1, -3]},
								"down": {"uv": [24, 132], "uv_size": [-1, -3]}
							}
						},
						{
							"origin": [2.05, 22.5, -25.25],
							"size": [0.1, 2.7, 0.3],
							"uv": {
								"north": {"uv": [23, 129], "uv_size": [1, 3]},
								"east": {"uv": [23, 129], "uv_size": [1, 3]},
								"south": {"uv": [23, 129], "uv_size": [1, 3]},
								"west": {"uv": [23, 129], "uv_size": [1, 3]},
								"up": {"uv": [24, 132], "uv_size": [-1, -3]},
								"down": {"uv": [24, 132], "uv_size": [-1, -3]}
							}
						},
						{
							"origin": [-2.05, 22.5, -25.25],
							"size": [0.1, 2.7, 0.3],
							"uv": {
								"north": {"uv": [23, 129], "uv_size": [1, 3]},
								"east": {"uv": [23, 129], "uv_size": [1, 3]},
								"south": {"uv": [23, 129], "uv_size": [1, 3]},
								"west": {"uv": [23, 129], "uv_size": [1, 3]},
								"up": {"uv": [24, 132], "uv_size": [-1, -3]},
								"down": {"uv": [24, 132], "uv_size": [-1, -3]}
							}
						},
						{
							"origin": [-2.05, 22.5, -26.25],
							"size": [0.1, 2.7, 0.3],
							"uv": {
								"north": {"uv": [23, 129], "uv_size": [1, 3]},
								"east": {"uv": [23, 129], "uv_size": [1, 3]},
								"south": {"uv": [23, 129], "uv_size": [1, 3]},
								"west": {"uv": [23, 129], "uv_size": [1, 3]},
								"up": {"uv": [24, 132], "uv_size": [-1, -3]},
								"down": {"uv": [24, 132], "uv_size": [-1, -3]}
							}
						},
						{
							"origin": [-2.05, 22.5, -27.25],
							"size": [0.1, 2.7, 0.3],
							"uv": {
								"north": {"uv": [23, 129], "uv_size": [1, 3]},
								"east": {"uv": [23, 129], "uv_size": [1, 3]},
								"south": {"uv": [23, 129], "uv_size": [1, 3]},
								"west": {"uv": [23, 129], "uv_size": [1, 3]},
								"up": {"uv": [24, 132], "uv_size": [-1, -3]},
								"down": {"uv": [24, 132], "uv_size": [-1, -3]}
							}
						},
						{
							"origin": [-2.05, 22.5, -28.25],
							"size": [0.1, 2.7, 0.3],
							"uv": {
								"north": {"uv": [23, 129], "uv_size": [1, 3]},
								"east": {"uv": [23, 129], "uv_size": [1, 3]},
								"south": {"uv": [23, 129], "uv_size": [1, 3]},
								"west": {"uv": [23, 129], "uv_size": [1, 3]},
								"up": {"uv": [24, 132], "uv_size": [-1, -3]},
								"down": {"uv": [24, 132], "uv_size": [-1, -3]}
							}
						},
						{
							"origin": [-2.05, 22.5, -29.25],
							"size": [0.1, 2.7, 0.3],
							"uv": {
								"north": {"uv": [23, 129], "uv_size": [1, 3]},
								"east": {"uv": [23, 129], "uv_size": [1, 3]},
								"south": {"uv": [23, 129], "uv_size": [1, 3]},
								"west": {"uv": [23, 129], "uv_size": [1, 3]},
								"up": {"uv": [24, 132], "uv_size": [-1, -3]},
								"down": {"uv": [24, 132], "uv_size": [-1, -3]}
							}
						},
						{
							"origin": [-2.05, 22.5, -30.25],
							"size": [0.1, 2.7, 0.3],
							"uv": {
								"north": {"uv": [23, 129], "uv_size": [1, 3]},
								"east": {"uv": [23, 129], "uv_size": [1, 3]},
								"south": {"uv": [23, 129], "uv_size": [1, 3]},
								"west": {"uv": [23, 129], "uv_size": [1, 3]},
								"up": {"uv": [24, 132], "uv_size": [-1, -3]},
								"down": {"uv": [24, 132], "uv_size": [-1, -3]}
							}
						},
						{
							"origin": [-2.05, 22.5, -31.25],
							"size": [0.1, 2.7, 0.3],
							"uv": {
								"north": {"uv": [23, 129], "uv_size": [1, 3]},
								"east": {"uv": [23, 129], "uv_size": [1, 3]},
								"south": {"uv": [23, 129], "uv_size": [1, 3]},
								"west": {"uv": [23, 129], "uv_size": [1, 3]},
								"up": {"uv": [24, 132], "uv_size": [-1, -3]},
								"down": {"uv": [24, 132], "uv_size": [-1, -3]}
							}
						},
						{
							"origin": [-2.05, 22.5, -32.25],
							"size": [0.1, 2.7, 0.3],
							"uv": {
								"north": {"uv": [23, 129], "uv_size": [1, 3]},
								"east": {"uv": [23, 129], "uv_size": [1, 3]},
								"south": {"uv": [23, 129], "uv_size": [1, 3]},
								"west": {"uv": [23, 129], "uv_size": [1, 3]},
								"up": {"uv": [24, 132], "uv_size": [-1, -3]},
								"down": {"uv": [24, 132], "uv_size": [-1, -3]}
							}
						},
						{
							"origin": [-2.05, 22.5, -33.25],
							"size": [0.1, 2.7, 0.3],
							"uv": {
								"north": {"uv": [23, 129], "uv_size": [1, 3]},
								"east": {"uv": [23, 129], "uv_size": [1, 3]},
								"south": {"uv": [23, 129], "uv_size": [1, 3]},
								"west": {"uv": [23, 129], "uv_size": [1, 3]},
								"up": {"uv": [24, 132], "uv_size": [-1, -3]},
								"down": {"uv": [24, 132], "uv_size": [-1, -3]}
							}
						},
						{
							"origin": [-2.05, 22.5, -34.25],
							"size": [0.1, 2.7, 0.3],
							"uv": {
								"north": {"uv": [23, 129], "uv_size": [1, 3]},
								"east": {"uv": [23, 129], "uv_size": [1, 3]},
								"south": {"uv": [23, 129], "uv_size": [1, 3]},
								"west": {"uv": [23, 129], "uv_size": [1, 3]},
								"up": {"uv": [24, 132], "uv_size": [-1, -3]},
								"down": {"uv": [24, 132], "uv_size": [-1, -3]}
							}
						},
						{
							"origin": [-2.05, 22.5, -35.25],
							"size": [0.1, 2.7, 0.3],
							"uv": {
								"north": {"uv": [23, 129], "uv_size": [1, 3]},
								"east": {"uv": [23, 129], "uv_size": [1, 3]},
								"south": {"uv": [23, 129], "uv_size": [1, 3]},
								"west": {"uv": [23, 129], "uv_size": [1, 3]},
								"up": {"uv": [24, 132], "uv_size": [-1, -3]},
								"down": {"uv": [24, 132], "uv_size": [-1, -3]}
							}
						},
						{
							"origin": [-2.05, 22.5, -36.25],
							"size": [0.1, 2.7, 0.3],
							"uv": {
								"north": {"uv": [23, 129], "uv_size": [1, 3]},
								"east": {"uv": [23, 129], "uv_size": [1, 3]},
								"south": {"uv": [23, 129], "uv_size": [1, 3]},
								"west": {"uv": [23, 129], "uv_size": [1, 3]},
								"up": {"uv": [24, 132], "uv_size": [-1, -3]},
								"down": {"uv": [24, 132], "uv_size": [-1, -3]}
							}
						},
						{
							"origin": [2.05, 22.5, -36.25],
							"size": [0.1, 2.7, 0.3],
							"uv": {
								"north": {"uv": [23, 129], "uv_size": [1, 3]},
								"east": {"uv": [23, 129], "uv_size": [1, 3]},
								"south": {"uv": [23, 129], "uv_size": [1, 3]},
								"west": {"uv": [23, 129], "uv_size": [1, 3]},
								"up": {"uv": [24, 132], "uv_size": [-1, -3]},
								"down": {"uv": [24, 132], "uv_size": [-1, -3]}
							}
						},
						{
							"origin": [2.05, 22.5, -35.25],
							"size": [0.1, 2.7, 0.3],
							"uv": {
								"north": {"uv": [23, 129], "uv_size": [1, 3]},
								"east": {"uv": [23, 129], "uv_size": [1, 3]},
								"south": {"uv": [23, 129], "uv_size": [1, 3]},
								"west": {"uv": [23, 129], "uv_size": [1, 3]},
								"up": {"uv": [24, 132], "uv_size": [-1, -3]},
								"down": {"uv": [24, 132], "uv_size": [-1, -3]}
							}
						},
						{
							"origin": [1.25, 25.3, -38.55],
							"size": [0.8, 1.5, 19.1],
							"pivot": [2, 25.3, -42.45],
							"rotation": [0, 0, -20],
							"uv": {
								"north": {"uv": [15.1, 193], "uv_size": [0.8, 1.5]},
								"east": {"uv": [20, 4], "uv_size": [17, 4]},
								"south": {"uv": [15.1, 193], "uv_size": [0.8, 1.5]},
								"west": {"uv": [13, 180], "uv_size": [19.1, 1.5]},
								"up": {"uv": [13, 58], "uv_size": [1, 17]},
								"down": {"uv": [26, 77], "uv_size": [1, -17]}
							}
						},
						{
							"origin": [1.25, 24.3, -38.55],
							"size": [0.8, 1, 19.1],
							"uv": {
								"north": {"uv": [15.1, 193], "uv_size": [0.8, 1.5]},
								"east": {"uv": [20, 4], "uv_size": [17, 4]},
								"south": {"uv": [15.1, 193], "uv_size": [0.8, 1.5]},
								"west": {"uv": [15.1, 193], "uv_size": [0.8, 1.5]},
								"up": {"uv": [13, 58], "uv_size": [1, 17]},
								"down": {"uv": [26, 77], "uv_size": [1, -17]}
							}
						},
						{
							"origin": [1.95, 26.85, -38.55],
							"size": [0.3, 1, 19.1],
							"pivot": [2.05, 25.85, -27.2],
							"rotation": [0, 0, -43],
							"uv": {
								"north": {"uv": [15.1, 193], "uv_size": [0.8, 1.5]},
								"east": {"uv": [0, 0], "uv_size": [8, 6]},
								"south": {"uv": [15.1, 193], "uv_size": [0.8, 1.5]},
								"west": {"uv": [32.1, 180], "uv_size": [-19.1, 1]},
								"up": {"uv": [8, 6], "uv_size": [-8, -6]},
								"down": {"uv": [8, 6], "uv_size": [-8, -6]}
							}
						},
						{
							"origin": [-2.15, 26.85, -38.55],
							"size": [0.3, 1, 19.1],
							"pivot": [-1.95, 25.85, -27.2],
							"rotation": [0, 0, 43],
							"uv": {
								"north": {"uv": [15.1, 193], "uv_size": [0.8, 1.5]},
								"east": {"uv": [13, 180], "uv_size": [19.1, 1]},
								"south": {"uv": [15.1, 193], "uv_size": [0.8, 1.5]},
								"west": {"uv": [8, 0], "uv_size": [-8, 6]},
								"up": {"uv": [0, 6], "uv_size": [8, -6]},
								"down": {"uv": [0, 6], "uv_size": [8, -6]}
							}
						},
						{
							"origin": [-1.95, 25.3, -38.55],
							"size": [0.4, 1.5, 19.1],
							"pivot": [-1.9, 25.3, -42.45],
							"rotation": [0, 0, 20],
							"uv": {
								"north": {"uv": [15.1, 193], "uv_size": [0.8, 1.5]},
								"east": {"uv": [32.1, 180], "uv_size": [-19.1, 1.5]},
								"south": {"uv": [15.1, 193], "uv_size": [0.8, 1.5]},
								"west": {"uv": [37, 4], "uv_size": [-17, 4]},
								"up": {"uv": [14, 58], "uv_size": [-1, 17]},
								"down": {"uv": [27, 77], "uv_size": [-1, -17]}
							}
						},
						{
							"origin": [0.33573, 27.46, -38.5],
							"size": [0.5, 0.6, 19.1],
							"pivot": [0.83, 27.45, -19.5],
							"rotation": [0, 0, -65],
							"uv": {
								"north": {"uv": [61, 17], "uv_size": [17, 1]},
								"east": {"uv": [61, 17], "uv_size": [17, 1]},
								"south": {"uv": [61, 17], "uv_size": [17, 1]},
								"west": {"uv": [13, 180], "uv_size": [19.1, 0.6]},
								"up": {"uv": [78, 18], "uv_size": [-17, -1]},
								"down": {"uv": [78, 18], "uv_size": [-17, -1]}
							}
						},
						{
							"origin": [-0.73573, 27.46, -38.5],
							"size": [0.5, 0.6, 19.1],
							"pivot": [-0.73, 27.45, -19.5],
							"rotation": [0, 0, 65],
							"uv": {
								"north": {"uv": [61, 17], "uv_size": [17, 1]},
								"east": {"uv": [32.1, 180], "uv_size": [-19.1, 0.6]},
								"south": {"uv": [61, 17], "uv_size": [17, 1]},
								"west": {"uv": [61, 17], "uv_size": [17, 1]},
								"up": {"uv": [78, 18], "uv_size": [-17, -1]},
								"down": {"uv": [78, 18], "uv_size": [-17, -1]}
							}
						},
						{
							"origin": [-0.18, 26.95, -38.5],
							"size": [0.46, 0.76, 19.1],
							"uv": {
								"north": {"uv": [61, 17], "uv_size": [17, 1]},
								"east": {"uv": [61, 17], "uv_size": [17, 1]},
								"south": {"uv": [61, 17], "uv_size": [17, 1]},
								"west": {"uv": [61, 17], "uv_size": [17, 1]},
								"up": {"uv": [11.46, 199.1], "uv_size": [-0.46, -19.1]},
								"down": {"uv": [78, 18], "uv_size": [-17, -1]}
							}
						},
						{
							"origin": [-0.75, 27.05, -36.8],
							"size": [1.6, 0.4, 17.4],
							"uv": {
								"north": {"uv": [61, 17], "uv_size": [17, 1]},
								"east": {"uv": [61, 17], "uv_size": [17, 1]},
								"south": {"uv": [61, 17], "uv_size": [17, 1]},
								"west": {"uv": [61, 17], "uv_size": [17, 1]},
								"up": {"uv": [78, 18], "uv_size": [-17, -1]},
								"down": {"uv": [78, 18], "uv_size": [-17, -1]}
							}
						},
						{
							"origin": [0.05, 20.55, -39.8],
							"size": [0.5, 0.4, 1.5],
							"pivot": [0.15, 19.95, -47.3],
							"rotation": [0, 0, -20],
							"uv": {
								"north": {"uv": [158, 15], "uv_size": [1, 1]},
								"east": {"uv": [158, 15], "uv_size": [1, 1]},
								"south": {"uv": [158, 15], "uv_size": [1, 1]},
								"west": {"uv": [158, 15], "uv_size": [1, 1]},
								"up": {"uv": [159, 16], "uv_size": [-1, -1]},
								"down": {"uv": [159, 16], "uv_size": [-1, -1]}
							}
						},
						{
							"origin": [-0.35, 20.45, -39.9],
							"size": [0.7, 1, 0.4],
							"uv": {
								"north": {"uv": [158, 15], "uv_size": [1, 1]},
								"east": {"uv": [158, 15], "uv_size": [1, 1]},
								"south": {"uv": [158, 15], "uv_size": [1, 1]},
								"west": {"uv": [158, 15], "uv_size": [1, 1]},
								"up": {"uv": [159, 16], "uv_size": [-1, -1]},
								"down": {"uv": [159, 16], "uv_size": [-1, -1]}
							}
						},
						{
							"origin": [-1.05, 21.95, -39.9],
							"size": [2.1, 4.5, 1],
							"uv": {
								"north": {"uv": [28, 70], "uv_size": [2, 5]},
								"east": {"uv": [14, 79], "uv_size": [1, 5]},
								"south": {"uv": [34, 70], "uv_size": [2, 5]},
								"west": {"uv": [15, 79], "uv_size": [1, 5]},
								"up": {"uv": [14, 84], "uv_size": [2, 1]},
								"down": {"uv": [84, 15], "uv_size": [2, -1]}
							}
						},
						{
							"origin": [1.05, 22.75, -39.9],
							"size": [0.4, 3.7, 1],
							"uv": {
								"north": {"uv": [4.3, 105.2], "uv_size": [0.4, 3.7]},
								"east": {"uv": [72, 81], "uv_size": [1, 3]},
								"south": {"uv": [81, 73], "uv_size": [1, 3]},
								"west": {"uv": [4, 105.2], "uv_size": [1, 3.7]},
								"up": {"uv": [90, 92], "uv_size": [1, 1]},
								"down": {"uv": [92, 91], "uv_size": [1, -1]}
							}
						},
						{
							"origin": [-1.45, 22.75, -39.9],
							"size": [0.4, 3.7, 1],
							"uv": {
								"north": {"uv": [79, 81], "uv_size": [1, 3]},
								"east": {"uv": [4.3, 105.2], "uv_size": [0.4, 3.7]},
								"south": {"uv": [81, 81], "uv_size": [1, 3]},
								"west": {"uv": [82, 3], "uv_size": [1, 3]},
								"up": {"uv": [91, 92], "uv_size": [1, 1]},
								"down": {"uv": [92, 92], "uv_size": [1, -1]}
							}
						},
						{
							"origin": [1.25, 21.9, -39.9],
							"size": [0.4, 1.4, 0.9],
							"pivot": [1.25, 22.35, -63.1],
							"rotation": [0, 0, -154],
							"uv": {
								"north": {"uv": [4.3, 106.1], "uv_size": [0.4, 1.4]},
								"east": {"uv": [4, 105.2], "uv_size": [0.9, 1.4]},
								"south": {"uv": [0, 93], "uv_size": [1, 1]},
								"west": {"uv": [0, 93], "uv_size": [1, 1]},
								"up": {"uv": [1, 94], "uv_size": [-1, -1]},
								"down": {"uv": [1, 94], "uv_size": [-1, -1]}
							}
						},
						{
							"origin": [-0.99, 22.15, -39.9],
							"size": [0.4, 1.44, 1],
							"pivot": [-0.95, 22.55, -63.1],
							"rotation": [0, 0, 154],
							"uv": {
								"north": {"uv": [4.3, 106.1], "uv_size": [0.4, 1.4]},
								"east": {"uv": [3, 93], "uv_size": [1, 1]},
								"south": {"uv": [93, 3], "uv_size": [1, 1]},
								"west": {"uv": [4, 105.2], "uv_size": [0.9, 1.4]},
								"up": {"uv": [93, 4], "uv_size": [1, 1]},
								"down": {"uv": [5, 94], "uv_size": [1, -1]}
							}
						},
						{
							"origin": [-0.85, 21.65, -39.9],
							"size": [1.7, 0.3, 1],
							"uv": {
								"north": {"uv": [4.3, 106.1], "uv_size": [0.4, 1.4]},
								"east": {"uv": [93, 5], "uv_size": [1, 1]},
								"south": {"uv": [84, 16], "uv_size": [2, 1]},
								"west": {"uv": [6, 93], "uv_size": [1, 1]},
								"up": {"uv": [84, 17], "uv_size": [2, 1]},
								"down": {"uv": [84, 19], "uv_size": [2, -1]}
							}
						},
						{
							"origin": [-0.82, 21.45, -39.9],
							"size": [1.65, 0.2, 1],
							"uv": {
								"north": {"uv": [4, 108], "uv_size": [0.85, 0.2]},
								"east": {"uv": [93, 6], "uv_size": [1, 1]},
								"south": {"uv": [84, 20], "uv_size": [2, 1]},
								"west": {"uv": [7, 93], "uv_size": [1, 1]},
								"up": {"uv": [84, 21], "uv_size": [2, 1]},
								"down": {"uv": [4.85, 106.2], "uv_size": [-0.85, -1]}
							}
						},
						{
							"origin": [1.25, 26.25, -39.9],
							"size": [0.5, 1, 1],
							"pivot": [1.35, 25.95, -63.2],
							"rotation": [0, 0, -42],
							"uv": {
								"north": {"uv": [93, 7], "uv_size": [1, 1]},
								"east": {"uv": [8, 93], "uv_size": [1, 1]},
								"south": {"uv": [93, 8], "uv_size": [1, 1]},
								"west": {"uv": [4, 105.2], "uv_size": [1, 1]},
								"up": {"uv": [93, 9], "uv_size": [1, 1]},
								"down": {"uv": [10, 94], "uv_size": [1, -1]}
							}
						},
						{
							"origin": [-0.75, 26.75, -39.9],
							"size": [1.5, 0.43, 1],
							"uv": {
								"north": {"uv": [86, 28], "uv_size": [-2, -1]},
								"east": {"uv": [86, 28], "uv_size": [-2, -1]},
								"south": {"uv": [86, 28], "uv_size": [-2, -1]},
								"west": {"uv": [86, 28], "uv_size": [-2, -1]},
								"up": {"uv": [4.9, 106.2], "uv_size": [-0.9, -1]},
								"down": {"uv": [84, 27], "uv_size": [2, 1]}
							}
						},
						{
							"origin": [-1.35, 22.75, -40.3],
							"size": [2.7, 3.6, 0.4],
							"uv": {
								"north": {"uv": [72, 39], "uv_size": [2.7, 3.6]},
								"east": {"uv": [4.3, 105.2], "uv_size": [0.4, 3.7]},
								"south": {"uv": [36, 73], "uv_size": [3, 3]},
								"west": {"uv": [4.3, 105.2], "uv_size": [0.4, 3.7]},
								"up": {"uv": [82, 6], "uv_size": [3, 1]},
								"down": {"uv": [82, 13], "uv_size": [3, -1]}
							}
						},
						{
							"origin": [-0.95, 26.35, -40.3],
							"size": [1.9, 0.4, 1],
							"uv": {
								"north": {"uv": [74, 30], "uv_size": [1.9, 0.4]},
								"east": {"uv": [79, 76], "uv_size": [1, 4]},
								"south": {"uv": [74, 43], "uv_size": [2, 4]},
								"west": {"uv": [77, 79], "uv_size": [1, 4]},
								"up": {"uv": [84, 28], "uv_size": [2, 1]},
								"down": {"uv": [84, 30], "uv_size": [2, -1]}
							}
						},
						{
							"origin": [-1.65, 26.45, -39.9],
							"size": [0.5, 1, 1],
							"pivot": [-1.55, 26.15, -63.2],
							"rotation": [0, 0, 42],
							"uv": {
								"north": {"uv": [15, 93], "uv_size": [1, 1]},
								"east": {"uv": [4, 105.2], "uv_size": [0.9, 1]},
								"south": {"uv": [15, 93], "uv_size": [1, 1]},
								"west": {"uv": [15, 93], "uv_size": [1, 1]},
								"up": {"uv": [16, 94], "uv_size": [-1, -1]},
								"down": {"uv": [16, 94], "uv_size": [-1, -1]}
							}
						},
						{
							"origin": [1.36453, 21.94665, -40.3],
							"size": [0.35, 0.85, 0.9],
							"pivot": [1.26453, 22.34665, -63.5],
							"rotation": [0, 0, -154],
							"uv": {
								"north": {"uv": [4.3, 106.1], "uv_size": [0.4, 1.4]},
								"east": {"uv": [4, 105.2], "uv_size": [1, 1]},
								"south": {"uv": [93, 18], "uv_size": [1, 1]},
								"west": {"uv": [19, 93], "uv_size": [1, 1]},
								"up": {"uv": [93, 19], "uv_size": [1, 1]},
								"down": {"uv": [20, 94], "uv_size": [1, -1]}
							}
						},
						{
							"origin": [-0.79013, 22.16583, -40.3],
							"size": [0.375, 0.87, 0.9],
							"pivot": [-0.81513, 22.56583, -63.5],
							"rotation": [0, 0, 154],
							"uv": {
								"north": {"uv": [4.3, 106.1], "uv_size": [0.4, 1.4]},
								"east": {"uv": [21, 93], "uv_size": [1, 1]},
								"south": {"uv": [93, 21], "uv_size": [1, 1]},
								"west": {"uv": [4, 105.2], "uv_size": [1, 1]},
								"up": {"uv": [93, 22], "uv_size": [1, 1]},
								"down": {"uv": [23, 94], "uv_size": [1, -1]}
							}
						},
						{
							"origin": [-0.975, 21.975, -40.3],
							"size": [1.95, 0.775, 1],
							"uv": {
								"north": {"uv": [4.3, 106.1], "uv_size": [0.4, 1.4]},
								"east": {"uv": [93, 24], "uv_size": [1, 1]},
								"south": {"uv": [84, 34], "uv_size": [2, 1]},
								"west": {"uv": [25, 93], "uv_size": [1, 1]},
								"up": {"uv": [84, 35], "uv_size": [2, 1]},
								"down": {"uv": [4.9, 106.2], "uv_size": [-0.9, -1]}
							}
						},
						{
							"origin": [-1.55, 26.45, -40.3],
							"size": [0.4, 1, 0.4],
							"pivot": [-1.55, 26.15, -63.6],
							"rotation": [0, 0, 42],
							"uv": {
								"north": {"uv": [4.3, 106.1], "uv_size": [0.4, 1.4]},
								"east": {"uv": [4, 105.2], "uv_size": [1, 1]},
								"south": {"uv": [93, 26], "uv_size": [1, 1]},
								"west": {"uv": [27, 93], "uv_size": [1, 1]},
								"up": {"uv": [93, 27], "uv_size": [1, 1]},
								"down": {"uv": [28, 94], "uv_size": [1, -1]}
							}
						},
						{
							"origin": [-0.65, 26.75, -40.3],
							"size": [1.4, 0.36, 0.4],
							"uv": {
								"north": {"uv": [4.3, 106.1], "uv_size": [0.4, 1.4]},
								"east": {"uv": [29, 93], "uv_size": [1, 1]},
								"south": {"uv": [93, 29], "uv_size": [1, 1]},
								"west": {"uv": [30, 93], "uv_size": [1, 1]},
								"up": {"uv": [4.9, 106.2], "uv_size": [-0.9, -1]},
								"down": {"uv": [31, 94], "uv_size": [1, -1]}
							}
						},
						{
							"origin": [1.28, 26.23, -40.3],
							"size": [0.35, 1, 1],
							"pivot": [1.35, 25.95, -63.6],
							"rotation": [0, 0, -40],
							"uv": {
								"north": {"uv": [4.3, 106.1], "uv_size": [0.4, 1.4]},
								"east": {"uv": [32, 93], "uv_size": [1, 1]},
								"south": {"uv": [93, 32], "uv_size": [1, 1]},
								"west": {"uv": [4, 105.2], "uv_size": [1, 1]},
								"up": {"uv": [93, 33], "uv_size": [1, 1]},
								"down": {"uv": [34, 94], "uv_size": [1, -1]}
							}
						},
						{
							"origin": [-1.85, 26.35, -38.95],
							"size": [0.5, 1.33, 0.4],
							"pivot": [-1.75, 26.05, -62.3],
							"rotation": [0, 0, 44],
							"uv": {
								"north": {"uv": [14, 107], "uv_size": [0.4, 1.3]},
								"east": {"uv": [14, 107], "uv_size": [0.4, 1.3]},
								"south": {"uv": [14, 107], "uv_size": [0.4, 1.3]},
								"west": {"uv": [14, 107], "uv_size": [0.4, 1.3]},
								"up": {"uv": [14.4, 108.3], "uv_size": [-0.4, -1.3]},
								"down": {"uv": [14.4, 108.3], "uv_size": [-0.4, -1.3]}
							}
						},
						{
							"origin": [-0.69, 26.9, -38.95],
							"size": [1.47, 0.4, 0.4],
							"uv": {
								"north": {"uv": [14, 107], "uv_size": [0.4, 1.3]},
								"east": {"uv": [14, 107], "uv_size": [0.4, 1.3]},
								"south": {"uv": [14, 107], "uv_size": [0.4, 1.3]},
								"west": {"uv": [14, 107], "uv_size": [0.4, 1.3]},
								"up": {"uv": [14.4, 108.3], "uv_size": [-0.4, -1.3]},
								"down": {"uv": [14.4, 108.3], "uv_size": [-0.4, -1.3]}
							}
						},
						{
							"origin": [1.45, 26.15, -38.95],
							"size": [0.5, 1.3, 0.4],
							"pivot": [1.55, 25.85, -62.3],
							"rotation": [0, 0, -42],
							"uv": {
								"north": {"uv": [14, 107], "uv_size": [0.4, 1.3]},
								"east": {"uv": [14, 107], "uv_size": [0.4, 1.3]},
								"south": {"uv": [14, 107], "uv_size": [0.4, 1.3]},
								"west": {"uv": [14, 107], "uv_size": [0.4, 1.3]},
								"up": {"uv": [14.4, 108.3], "uv_size": [-0.4, -1.3]},
								"down": {"uv": [14.4, 108.3], "uv_size": [-0.4, -1.3]}
							}
						},
						{
							"origin": [-1.65, 23.3, -38.95],
							"size": [3.3, 3, 0.4],
							"uv": {
								"north": {"uv": [14, 107], "uv_size": [0.4, 1.3]},
								"east": {"uv": [14, 107], "uv_size": [0.4, 1.3]},
								"south": {"uv": [14, 107], "uv_size": [0.4, 1.3]},
								"west": {"uv": [14, 107], "uv_size": [0.4, 1.3]},
								"up": {"uv": [14.4, 108.3], "uv_size": [-0.4, -1.3]},
								"down": {"uv": [14.4, 108.3], "uv_size": [-0.4, -1.3]}
							}
						},
						{
							"origin": [1.64429, 23.4, -38.95],
							"size": [0.5, 1.6, 0.4],
							"pivot": [1.65, 23.35, -38.8],
							"rotation": [0, 0, -158],
							"uv": {
								"north": {"uv": [14, 107], "uv_size": [0.4, 1.3]},
								"east": {"uv": [14, 107], "uv_size": [0.4, 1.3]},
								"south": {"uv": [14, 107], "uv_size": [0.4, 1.3]},
								"west": {"uv": [14, 107], "uv_size": [0.4, 1.3]},
								"up": {"uv": [14.4, 108.3], "uv_size": [-0.4, -1.3]},
								"down": {"uv": [14.4, 108.3], "uv_size": [-0.4, -1.3]}
							}
						},
						{
							"origin": [-1.15, 20.95, -39],
							"size": [2.3, 1.8, 0.4],
							"uv": {
								"north": {"uv": [14, 107], "uv_size": [0.4, 1.3]},
								"east": {"uv": [14, 107], "uv_size": [0.4, 1.3]},
								"south": {"uv": [14, 107], "uv_size": [0.4, 1.3]},
								"west": {"uv": [14, 107], "uv_size": [0.4, 1.3]},
								"up": {"uv": [14.4, 108.3], "uv_size": [-0.4, -1.3]},
								"down": {"uv": [14.4, 108.3], "uv_size": [-0.4, -1.3]}
							}
						},
						{
							"origin": [-2.14429, 23.4, -38.95],
							"size": [0.5, 1.6, 0.4],
							"pivot": [-1.65, 23.35, -38.8],
							"rotation": [0, 0, 158],
							"uv": {
								"north": {"uv": [14, 107], "uv_size": [0.4, 1.3]},
								"east": {"uv": [14, 107], "uv_size": [0.4, 1.3]},
								"south": {"uv": [14, 107], "uv_size": [0.4, 1.3]},
								"west": {"uv": [14, 107], "uv_size": [0.4, 1.3]},
								"up": {"uv": [14.4, 108.3], "uv_size": [-0.4, -1.3]},
								"down": {"uv": [14.4, 108.3], "uv_size": [-0.4, -1.3]}
							}
						},
						{
							"origin": [-0.8, 24.9, -41.05],
							"size": [1.6, 1.6, 1.6],
							"inflate": -0.3,
							"pivot": [0, 25.9, -69.65],
							"rotation": [0, 0, -20],
							"uv": {
								"north": {"uv": [9, 138], "uv_size": [2, 2]},
								"east": {"uv": [138, 14], "uv_size": [2, 2]},
								"south": {"uv": [28, 138], "uv_size": [2, 2]},
								"west": {"uv": [138, 31], "uv_size": [2, 2]},
								"up": {"uv": [138, 33], "uv_size": [2, 2]},
								"down": {"uv": [42, 140], "uv_size": [2, -2]}
							}
						},
						{
							"origin": [-1, 24.7, -41.45],
							"size": [2, 2, 1],
							"inflate": -0.3,
							"pivot": [0, 25.9, -70.15],
							"rotation": [0, 0, -20],
							"uv": {
								"north": {"uv": [138, 46], "uv_size": [2, 2]},
								"east": {"uv": [142, 149], "uv_size": [1, 2]},
								"south": {"uv": [138, 48], "uv_size": [2, 2]},
								"west": {"uv": [149, 149], "uv_size": [1, 2]},
								"up": {"uv": [0, 150], "uv_size": [2, 1]},
								"down": {"uv": [150, 1], "uv_size": [2, -1]}
							}
						},
						{
							"origin": [-1.05, 27.3, -38.55],
							"size": [0.6, 1.7, 1.9],
							"pivot": [-0.1, 28.3, -47.85],
							"rotation": [0, 0, -90],
							"uv": {
								"north": {"uv": [134, 148], "uv_size": [1, 2]},
								"east": {"uv": [61, 16], "uv_size": [25, 2]},
								"south": {"uv": [139, 148], "uv_size": [1, 2]},
								"west": {"uv": [66, 33], "uv_size": [1.9, 1.7]},
								"up": {"uv": [34, 97], "uv_size": [1, 25]},
								"down": {"uv": [35, 122], "uv_size": [1, -25]}
							}
						},
						{
							"origin": [-0.65, 27.5, -37.25],
							"size": [0.2, 1.7, 0.6],
							"pivot": [-0.1, 28.5, -45.45],
							"rotation": [0, 0, -90],
							"uv": {
								"north": {"uv": [149, 57], "uv_size": [1, 2]},
								"east": {"uv": [58, 149], "uv_size": [1, 2]},
								"south": {"uv": [59, 149], "uv_size": [1, 2]},
								"west": {"uv": [147.8, 59], "uv_size": [1, 2]},
								"up": {"uv": [13, 158], "uv_size": [1, 1]},
								"down": {"uv": [158, 14], "uv_size": [1, -1]}
							}
						},
						{
							"origin": [-0.65, 27.5, -38.55],
							"size": [0.2, 1.7, 0.6],
							"pivot": [-0.1, 28.5, -46.75],
							"rotation": [0, 0, -90],
							"uv": {
								"north": {"uv": [149, 53], "uv_size": [1, 2]},
								"east": {"uv": [149, 55], "uv_size": [1, 2]},
								"south": {"uv": [56, 149], "uv_size": [1, 2]},
								"west": {"uv": [57, 149], "uv_size": [1, 2]},
								"up": {"uv": [9, 158], "uv_size": [1, 1]},
								"down": {"uv": [158, 10], "uv_size": [1, -1]}
							}
						},
						{
							"origin": [0.25, 28.05, -37.25],
							"size": [0.2, 0.2, 0.6],
							"pivot": [0.8, 28.7, -46.15],
							"rotation": [0, 0, -47],
							"uv": {
								"north": {"uv": [14, 158], "uv_size": [1, 1]},
								"east": {"uv": [158, 14], "uv_size": [1, 1]},
								"south": {"uv": [15, 158], "uv_size": [1, 1]},
								"west": {"uv": [158, 15], "uv_size": [1, 1]},
								"up": {"uv": [16, 158], "uv_size": [1, 1]},
								"down": {"uv": [158, 17], "uv_size": [1, -1]}
							}
						},
						{
							"origin": [0.25, 28.05, -38.55],
							"size": [0.2, 0.2, 0.6],
							"pivot": [0.8, 28.7, -47.45],
							"rotation": [0, 0, -47],
							"uv": {
								"north": {"uv": [10, 158], "uv_size": [1, 1]},
								"east": {"uv": [158, 10], "uv_size": [1, 1]},
								"south": {"uv": [11, 158], "uv_size": [1, 1]},
								"west": {"uv": [158, 11], "uv_size": [1, 1]},
								"up": {"uv": [12, 158], "uv_size": [1, 1]},
								"down": {"uv": [158, 13], "uv_size": [1, -1]}
							}
						}
					]
				},
				{
					"name": "bone44",
					"parent": "handguard",
					"pivot": [-0.1, 20.5, -21.05],
					"rotation": [-2, 0, 0],
					"cubes": [
						{
							"origin": [-0.65, 19.7, -20.95],
							"size": [0.2, 1.4, 1.5],
							"pivot": [-0.1, 20.5, -29.15],
							"rotation": [0, 0, -90],
							"uv": {
								"north": {"uv": [158, 15], "uv_size": [1, 1]},
								"east": {"uv": [147.8, 59], "uv_size": [1, 2]},
								"south": {"uv": [158, 15], "uv_size": [1, 1]},
								"west": {"uv": [158, 15], "uv_size": [1, 1]},
								"up": {"uv": [159, 16], "uv_size": [-1, -1]},
								"down": {"uv": [159, 16], "uv_size": [-1, -1]}
							}
						},
						{
							"origin": [-0.75, 20.45, -38.6],
							"size": [1.5, 0.4, 19.5],
							"uv": {
								"north": {"uv": [0, 0], "uv_size": [8, 6]},
								"east": {"uv": [0, 0], "uv_size": [8, 6]},
								"south": {"uv": [0, 0], "uv_size": [8, 6]},
								"west": {"uv": [0, 0], "uv_size": [8, 6]},
								"up": {"uv": [8, 6], "uv_size": [-8, -6]},
								"down": {"uv": [8, 6], "uv_size": [-8, -6]}
							}
						},
						{
							"origin": [-0.05, 19.6, -38.55],
							"size": [0.4, 1.6, 19.1],
							"pivot": [0.1, 20.3, -21.25],
							"rotation": [0, 0, -90],
							"uv": {
								"north": {"uv": [62, 79], "uv_size": [-1, -17]},
								"east": {"uv": [66, 33], "uv_size": [25, 2]},
								"south": {"uv": [37, 87], "uv_size": [1, 1]},
								"west": {"uv": [63, 12], "uv_size": [17, 1]},
								"up": {"uv": [15.4, 124.1], "uv_size": [-0.4, -19.1]},
								"down": {"uv": [15, 124.1], "uv_size": [0.4, -19.1]}
							}
						},
						{
							"origin": [-0.65, 19.6, -38.55],
							"size": [0.2, 1.6, 1.3],
							"pivot": [-0.1, 20.5, -46.75],
							"rotation": [0, 0, -90],
							"uv": {
								"north": {"uv": [158, 15], "uv_size": [1, 1]},
								"east": {"uv": [147.8, 59], "uv_size": [1, 2]},
								"south": {"uv": [158, 15], "uv_size": [1, 1]},
								"west": {"uv": [158, 15], "uv_size": [1, 1]},
								"up": {"uv": [159, 16], "uv_size": [-1, -1]},
								"down": {"uv": [159, 16], "uv_size": [-1, -1]}
							}
						},
						{
							"origin": [-1.45, 20.15, -37.85],
							"size": [0.2, 0.2, 0.6],
							"pivot": [-0.9, 20.8, -46.75],
							"rotation": [0, 0, -47],
							"uv": {
								"north": {"uv": [158, 15], "uv_size": [1, 1]},
								"east": {"uv": [158, 15], "uv_size": [1, 1]},
								"south": {"uv": [158, 15], "uv_size": [1, 1]},
								"west": {"uv": [158, 15], "uv_size": [1, 1]},
								"up": {"uv": [159, 16], "uv_size": [-1, -1]},
								"down": {"uv": [159, 16], "uv_size": [-1, -1]}
							}
						},
						{
							"origin": [0.15, 20.15, -37.75],
							"size": [0.2, 0.2, 0.5],
							"pivot": [0.7, 20.8, -46.55],
							"rotation": [0, 0, -47],
							"uv": {
								"north": {"uv": [158, 15], "uv_size": [1, 1]},
								"east": {"uv": [158, 15], "uv_size": [1, 1]},
								"south": {"uv": [158, 15], "uv_size": [1, 1]},
								"west": {"uv": [158, 15], "uv_size": [1, 1]},
								"up": {"uv": [159, 16], "uv_size": [-1, -1]},
								"down": {"uv": [159, 16], "uv_size": [-1, -1]}
							}
						},
						{
							"origin": [-0.65, 19.6, -34.35],
							"size": [0.2, 1.6, 0.6],
							"pivot": [-0.1, 20.5, -43.45],
							"rotation": [0, 0, -90],
							"uv": {
								"north": {"uv": [158, 15], "uv_size": [1, 1]},
								"east": {"uv": [147.8, 59], "uv_size": [1, 2]},
								"south": {"uv": [158, 15], "uv_size": [1, 1]},
								"west": {"uv": [158, 15], "uv_size": [1, 1]},
								"up": {"uv": [159, 16], "uv_size": [-1, -1]},
								"down": {"uv": [159, 16], "uv_size": [-1, -1]}
							}
						},
						{
							"origin": [-0.65, 19.6, -33.05],
							"size": [0.2, 1.6, 0.6],
							"pivot": [-0.1, 20.5, -42.15],
							"rotation": [0, 0, -90],
							"uv": {
								"north": {"uv": [158, 15], "uv_size": [1, 1]},
								"east": {"uv": [147.8, 59], "uv_size": [1, 2]},
								"south": {"uv": [158, 15], "uv_size": [1, 1]},
								"west": {"uv": [158, 15], "uv_size": [1, 1]},
								"up": {"uv": [159, 16], "uv_size": [-1, -1]},
								"down": {"uv": [159, 16], "uv_size": [-1, -1]}
							}
						},
						{
							"origin": [-1.45, 20.15, -34.35],
							"size": [0.2, 0.2, 0.6],
							"pivot": [-0.9, 20.8, -43.25],
							"rotation": [0, 0, -47],
							"uv": {
								"north": {"uv": [158, 15], "uv_size": [1, 1]},
								"east": {"uv": [158, 15], "uv_size": [1, 1]},
								"south": {"uv": [158, 15], "uv_size": [1, 1]},
								"west": {"uv": [158, 15], "uv_size": [1, 1]},
								"up": {"uv": [159, 16], "uv_size": [-1, -1]},
								"down": {"uv": [159, 16], "uv_size": [-1, -1]}
							}
						},
						{
							"origin": [-1.45, 20.15, -33.05],
							"size": [0.2, 0.2, 0.6],
							"pivot": [-0.9, 20.8, -41.95],
							"rotation": [0, 0, -47],
							"uv": {
								"north": {"uv": [158, 15], "uv_size": [1, 1]},
								"east": {"uv": [158, 15], "uv_size": [1, 1]},
								"south": {"uv": [158, 15], "uv_size": [1, 1]},
								"west": {"uv": [158, 15], "uv_size": [1, 1]},
								"up": {"uv": [159, 16], "uv_size": [-1, -1]},
								"down": {"uv": [159, 16], "uv_size": [-1, -1]}
							}
						},
						{
							"origin": [0.15, 20.15, -33.05],
							"size": [0.2, 0.2, 0.6],
							"pivot": [0.7, 20.8, -41.95],
							"rotation": [0, 0, -47],
							"uv": {
								"north": {"uv": [158, 15], "uv_size": [1, 1]},
								"east": {"uv": [158, 15], "uv_size": [1, 1]},
								"south": {"uv": [158, 15], "uv_size": [1, 1]},
								"west": {"uv": [158, 15], "uv_size": [1, 1]},
								"up": {"uv": [159, 16], "uv_size": [-1, -1]},
								"down": {"uv": [159, 16], "uv_size": [-1, -1]}
							}
						},
						{
							"origin": [0.15, 20.15, -34.35],
							"size": [0.2, 0.2, 0.6],
							"pivot": [0.7, 20.8, -43.25],
							"rotation": [0, 0, -47],
							"uv": {
								"north": {"uv": [158, 15], "uv_size": [1, 1]},
								"east": {"uv": [158, 15], "uv_size": [1, 1]},
								"south": {"uv": [158, 15], "uv_size": [1, 1]},
								"west": {"uv": [158, 15], "uv_size": [1, 1]},
								"up": {"uv": [159, 16], "uv_size": [-1, -1]},
								"down": {"uv": [159, 16], "uv_size": [-1, -1]}
							}
						},
						{
							"origin": [-0.65, 19.6, -35.65],
							"size": [0.2, 1.6, 0.6],
							"pivot": [-0.1, 20.5, -44.75],
							"rotation": [0, 0, -90],
							"uv": {
								"north": {"uv": [158, 15], "uv_size": [1, 1]},
								"east": {"uv": [147.8, 59], "uv_size": [1, 2]},
								"south": {"uv": [158, 15], "uv_size": [1, 1]},
								"west": {"uv": [158, 15], "uv_size": [1, 1]},
								"up": {"uv": [159, 16], "uv_size": [-1, -1]},
								"down": {"uv": [159, 16], "uv_size": [-1, -1]}
							}
						},
						{
							"origin": [0.15, 20.15, -35.65],
							"size": [0.2, 0.2, 0.6],
							"pivot": [0.7, 20.8, -44.55],
							"rotation": [0, 0, -47],
							"uv": {
								"north": {"uv": [158, 15], "uv_size": [1, 1]},
								"east": {"uv": [158, 15], "uv_size": [1, 1]},
								"south": {"uv": [158, 15], "uv_size": [1, 1]},
								"west": {"uv": [158, 15], "uv_size": [1, 1]},
								"up": {"uv": [159, 16], "uv_size": [-1, -1]},
								"down": {"uv": [159, 16], "uv_size": [-1, -1]}
							}
						},
						{
							"origin": [-1.45, 20.15, -35.65],
							"size": [0.2, 0.2, 0.6],
							"pivot": [-0.9, 20.8, -44.55],
							"rotation": [0, 0, -47],
							"uv": {
								"north": {"uv": [158, 15], "uv_size": [1, 1]},
								"east": {"uv": [158, 15], "uv_size": [1, 1]},
								"south": {"uv": [158, 15], "uv_size": [1, 1]},
								"west": {"uv": [158, 15], "uv_size": [1, 1]},
								"up": {"uv": [159, 16], "uv_size": [-1, -1]},
								"down": {"uv": [159, 16], "uv_size": [-1, -1]}
							}
						},
						{
							"origin": [-0.65, 19.6, -36.75],
							"size": [0.2, 1.6, 0.6],
							"pivot": [-0.1, 20.5, -45.85],
							"rotation": [0, 0, -90],
							"uv": {
								"north": {"uv": [158, 15], "uv_size": [1, 1]},
								"east": {"uv": [147.8, 59], "uv_size": [1, 2]},
								"south": {"uv": [158, 15], "uv_size": [1, 1]},
								"west": {"uv": [158, 15], "uv_size": [1, 1]},
								"up": {"uv": [159, 16], "uv_size": [-1, -1]},
								"down": {"uv": [159, 16], "uv_size": [-1, -1]}
							}
						},
						{
							"origin": [0.15, 20.15, -36.75],
							"size": [0.2, 0.2, 0.6],
							"pivot": [0.7, 20.8, -45.65],
							"rotation": [0, 0, -47],
							"uv": {
								"north": {"uv": [158, 15], "uv_size": [1, 1]},
								"east": {"uv": [158, 15], "uv_size": [1, 1]},
								"south": {"uv": [158, 15], "uv_size": [1, 1]},
								"west": {"uv": [158, 15], "uv_size": [1, 1]},
								"up": {"uv": [159, 16], "uv_size": [-1, -1]},
								"down": {"uv": [159, 16], "uv_size": [-1, -1]}
							}
						},
						{
							"origin": [-1.45, 20.15, -36.75],
							"size": [0.2, 0.2, 0.6],
							"pivot": [-0.9, 20.8, -45.65],
							"rotation": [0, 0, -47],
							"uv": {
								"north": {"uv": [158, 15], "uv_size": [1, 1]},
								"east": {"uv": [158, 15], "uv_size": [1, 1]},
								"south": {"uv": [158, 15], "uv_size": [1, 1]},
								"west": {"uv": [158, 15], "uv_size": [1, 1]},
								"up": {"uv": [159, 16], "uv_size": [-1, -1]},
								"down": {"uv": [159, 16], "uv_size": [-1, -1]}
							}
						},
						{
							"origin": [0.15, 20.15, -31.75],
							"size": [0.2, 0.2, 0.6],
							"pivot": [0.7, 20.8, -40.65],
							"rotation": [0, 0, -47],
							"uv": {
								"north": {"uv": [158, 15], "uv_size": [1, 1]},
								"east": {"uv": [158, 15], "uv_size": [1, 1]},
								"south": {"uv": [158, 15], "uv_size": [1, 1]},
								"west": {"uv": [158, 15], "uv_size": [1, 1]},
								"up": {"uv": [159, 16], "uv_size": [-1, -1]},
								"down": {"uv": [159, 16], "uv_size": [-1, -1]}
							}
						},
						{
							"origin": [-0.65, 19.6, -31.75],
							"size": [0.2, 1.6, 0.6],
							"pivot": [-0.1, 20.5, -40.85],
							"rotation": [0, 0, -90],
							"uv": {
								"north": {"uv": [158, 15], "uv_size": [1, 1]},
								"east": {"uv": [147.8, 59], "uv_size": [1, 2]},
								"south": {"uv": [158, 15], "uv_size": [1, 1]},
								"west": {"uv": [158, 15], "uv_size": [1, 1]},
								"up": {"uv": [159, 16], "uv_size": [-1, -1]},
								"down": {"uv": [159, 16], "uv_size": [-1, -1]}
							}
						},
						{
							"origin": [-1.45, 20.15, -31.75],
							"size": [0.2, 0.2, 0.6],
							"pivot": [-0.9, 20.8, -40.65],
							"rotation": [0, 0, -47],
							"uv": {
								"north": {"uv": [158, 15], "uv_size": [1, 1]},
								"east": {"uv": [158, 15], "uv_size": [1, 1]},
								"south": {"uv": [158, 15], "uv_size": [1, 1]},
								"west": {"uv": [158, 15], "uv_size": [1, 1]},
								"up": {"uv": [159, 16], "uv_size": [-1, -1]},
								"down": {"uv": [159, 16], "uv_size": [-1, -1]}
							}
						},
						{
							"origin": [0.15, 20.15, -30.45],
							"size": [0.2, 0.2, 0.6],
							"pivot": [0.7, 20.8, -39.35],
							"rotation": [0, 0, -47],
							"uv": {
								"north": {"uv": [158, 15], "uv_size": [1, 1]},
								"east": {"uv": [158, 15], "uv_size": [1, 1]},
								"south": {"uv": [158, 15], "uv_size": [1, 1]},
								"west": {"uv": [158, 15], "uv_size": [1, 1]},
								"up": {"uv": [159, 16], "uv_size": [-1, -1]},
								"down": {"uv": [159, 16], "uv_size": [-1, -1]}
							}
						},
						{
							"origin": [-0.65, 19.6, -30.45],
							"size": [0.2, 1.6, 0.6],
							"pivot": [-0.1, 20.5, -39.55],
							"rotation": [0, 0, -90],
							"uv": {
								"north": {"uv": [158, 15], "uv_size": [1, 1]},
								"east": {"uv": [147.8, 59], "uv_size": [1, 2]},
								"south": {"uv": [158, 15], "uv_size": [1, 1]},
								"west": {"uv": [158, 15], "uv_size": [1, 1]},
								"up": {"uv": [159, 16], "uv_size": [-1, -1]},
								"down": {"uv": [159, 16], "uv_size": [-1, -1]}
							}
						},
						{
							"origin": [-1.45, 20.15, -30.45],
							"size": [0.2, 0.2, 0.6],
							"pivot": [-0.9, 20.8, -39.35],
							"rotation": [0, 0, -47],
							"uv": {
								"north": {"uv": [158, 15], "uv_size": [1, 1]},
								"east": {"uv": [158, 15], "uv_size": [1, 1]},
								"south": {"uv": [158, 15], "uv_size": [1, 1]},
								"west": {"uv": [158, 15], "uv_size": [1, 1]},
								"up": {"uv": [159, 16], "uv_size": [-1, -1]},
								"down": {"uv": [159, 16], "uv_size": [-1, -1]}
							}
						},
						{
							"origin": [0.15, 20.15, -29.15],
							"size": [0.2, 0.2, 0.6],
							"pivot": [0.7, 20.8, -38.05],
							"rotation": [0, 0, -47],
							"uv": {
								"north": {"uv": [158, 15], "uv_size": [1, 1]},
								"east": {"uv": [158, 15], "uv_size": [1, 1]},
								"south": {"uv": [158, 15], "uv_size": [1, 1]},
								"west": {"uv": [158, 15], "uv_size": [1, 1]},
								"up": {"uv": [159, 16], "uv_size": [-1, -1]},
								"down": {"uv": [159, 16], "uv_size": [-1, -1]}
							}
						},
						{
							"origin": [-0.65, 19.6, -29.15],
							"size": [0.2, 1.6, 0.6],
							"pivot": [-0.1, 20.5, -38.25],
							"rotation": [0, 0, -90],
							"uv": {
								"north": {"uv": [158, 15], "uv_size": [1, 1]},
								"east": {"uv": [147.8, 59], "uv_size": [1, 2]},
								"south": {"uv": [158, 15], "uv_size": [1, 1]},
								"west": {"uv": [158, 15], "uv_size": [1, 1]},
								"up": {"uv": [159, 16], "uv_size": [-1, -1]},
								"down": {"uv": [159, 16], "uv_size": [-1, -1]}
							}
						},
						{
							"origin": [-1.45, 20.15, -29.15],
							"size": [0.2, 0.2, 0.6],
							"pivot": [-0.9, 20.8, -38.05],
							"rotation": [0, 0, -47],
							"uv": {
								"north": {"uv": [158, 15], "uv_size": [1, 1]},
								"east": {"uv": [158, 15], "uv_size": [1, 1]},
								"south": {"uv": [158, 15], "uv_size": [1, 1]},
								"west": {"uv": [158, 15], "uv_size": [1, 1]},
								"up": {"uv": [159, 16], "uv_size": [-1, -1]},
								"down": {"uv": [159, 16], "uv_size": [-1, -1]}
							}
						},
						{
							"origin": [0.15, 20.15, -27.85],
							"size": [0.2, 0.2, 0.6],
							"pivot": [0.7, 20.8, -36.75],
							"rotation": [0, 0, -47],
							"uv": {
								"north": {"uv": [158, 15], "uv_size": [1, 1]},
								"east": {"uv": [158, 15], "uv_size": [1, 1]},
								"south": {"uv": [158, 15], "uv_size": [1, 1]},
								"west": {"uv": [158, 15], "uv_size": [1, 1]},
								"up": {"uv": [159, 16], "uv_size": [-1, -1]},
								"down": {"uv": [159, 16], "uv_size": [-1, -1]}
							}
						},
						{
							"origin": [-0.65, 19.6, -27.85],
							"size": [0.2, 1.6, 0.6],
							"pivot": [-0.1, 20.5, -36.95],
							"rotation": [0, 0, -90],
							"uv": {
								"north": {"uv": [158, 15], "uv_size": [1, 1]},
								"east": {"uv": [147.8, 59], "uv_size": [1, 2]},
								"south": {"uv": [158, 15], "uv_size": [1, 1]},
								"west": {"uv": [158, 15], "uv_size": [1, 1]},
								"up": {"uv": [159, 16], "uv_size": [-1, -1]},
								"down": {"uv": [159, 16], "uv_size": [-1, -1]}
							}
						},
						{
							"origin": [-1.45, 20.15, -27.85],
							"size": [0.2, 0.2, 0.6],
							"pivot": [-0.9, 20.8, -36.75],
							"rotation": [0, 0, -47],
							"uv": {
								"north": {"uv": [158, 15], "uv_size": [1, 1]},
								"east": {"uv": [158, 15], "uv_size": [1, 1]},
								"south": {"uv": [158, 15], "uv_size": [1, 1]},
								"west": {"uv": [158, 15], "uv_size": [1, 1]},
								"up": {"uv": [159, 16], "uv_size": [-1, -1]},
								"down": {"uv": [159, 16], "uv_size": [-1, -1]}
							}
						},
						{
							"origin": [0.15, 20.15, -26.55],
							"size": [0.2, 0.2, 0.6],
							"pivot": [0.7, 20.8, -35.45],
							"rotation": [0, 0, -47],
							"uv": {
								"north": {"uv": [158, 15], "uv_size": [1, 1]},
								"east": {"uv": [158, 15], "uv_size": [1, 1]},
								"south": {"uv": [158, 15], "uv_size": [1, 1]},
								"west": {"uv": [158, 15], "uv_size": [1, 1]},
								"up": {"uv": [159, 16], "uv_size": [-1, -1]},
								"down": {"uv": [159, 16], "uv_size": [-1, -1]}
							}
						},
						{
							"origin": [-0.65, 19.6, -26.55],
							"size": [0.2, 1.6, 0.6],
							"pivot": [-0.1, 20.5, -35.65],
							"rotation": [0, 0, -90],
							"uv": {
								"north": {"uv": [158, 15], "uv_size": [1, 1]},
								"east": {"uv": [147.8, 59], "uv_size": [1, 2]},
								"south": {"uv": [158, 15], "uv_size": [1, 1]},
								"west": {"uv": [158, 15], "uv_size": [1, 1]},
								"up": {"uv": [159, 16], "uv_size": [-1, -1]},
								"down": {"uv": [159, 16], "uv_size": [-1, -1]}
							}
						},
						{
							"origin": [-1.45, 20.15, -26.55],
							"size": [0.2, 0.2, 0.6],
							"pivot": [-0.9, 20.8, -35.45],
							"rotation": [0, 0, -47],
							"uv": {
								"north": {"uv": [158, 15], "uv_size": [1, 1]},
								"east": {"uv": [158, 15], "uv_size": [1, 1]},
								"south": {"uv": [158, 15], "uv_size": [1, 1]},
								"west": {"uv": [158, 15], "uv_size": [1, 1]},
								"up": {"uv": [159, 16], "uv_size": [-1, -1]},
								"down": {"uv": [159, 16], "uv_size": [-1, -1]}
							}
						},
						{
							"origin": [0.15, 20.15, -25.25],
							"size": [0.2, 0.2, 0.6],
							"pivot": [0.7, 20.8, -34.15],
							"rotation": [0, 0, -47],
							"uv": {
								"north": {"uv": [158, 15], "uv_size": [1, 1]},
								"east": {"uv": [158, 15], "uv_size": [1, 1]},
								"south": {"uv": [158, 15], "uv_size": [1, 1]},
								"west": {"uv": [158, 15], "uv_size": [1, 1]},
								"up": {"uv": [159, 16], "uv_size": [-1, -1]},
								"down": {"uv": [159, 16], "uv_size": [-1, -1]}
							}
						},
						{
							"origin": [-0.65, 19.6, -25.25],
							"size": [0.2, 1.6, 0.6],
							"pivot": [-0.1, 20.5, -34.35],
							"rotation": [0, 0, -90],
							"uv": {
								"north": {"uv": [158, 15], "uv_size": [1, 1]},
								"east": {"uv": [147.8, 59], "uv_size": [1, 2]},
								"south": {"uv": [158, 15], "uv_size": [1, 1]},
								"west": {"uv": [158, 15], "uv_size": [1, 1]},
								"up": {"uv": [159, 16], "uv_size": [-1, -1]},
								"down": {"uv": [159, 16], "uv_size": [-1, -1]}
							}
						},
						{
							"origin": [-1.45, 20.15, -25.25],
							"size": [0.2, 0.2, 0.6],
							"pivot": [-0.9, 20.8, -34.15],
							"rotation": [0, 0, -47],
							"uv": {
								"north": {"uv": [158, 15], "uv_size": [1, 1]},
								"east": {"uv": [158, 15], "uv_size": [1, 1]},
								"south": {"uv": [158, 15], "uv_size": [1, 1]},
								"west": {"uv": [158, 15], "uv_size": [1, 1]},
								"up": {"uv": [159, 16], "uv_size": [-1, -1]},
								"down": {"uv": [159, 16], "uv_size": [-1, -1]}
							}
						},
						{
							"origin": [-0.65, 19.6, -23.95],
							"size": [0.2, 1.6, 3],
							"pivot": [-0.1, 20.5, -30.65],
							"rotation": [0, 0, -90],
							"uv": {
								"north": {"uv": [158, 15], "uv_size": [1, 1]},
								"east": {"uv": [147.8, 59], "uv_size": [1, 2]},
								"south": {"uv": [158, 15], "uv_size": [1, 1]},
								"west": {"uv": [158, 15], "uv_size": [1, 1]},
								"up": {"uv": [159, 16], "uv_size": [-1, -1]},
								"down": {"uv": [159, 16], "uv_size": [-1, -1]}
							}
						}
					]
				},
				{
					"name": "bone45",
					"parent": "handguard",
					"pivot": [2.15, 22.95, -43.3],
					"rotation": [0, 0, 10],
					"cubes": [
						{
							"origin": [2.05, 23.4, -22.2],
							"size": [0.4, 2.3, 2.7],
							"pivot": [2.15, 22.95, -43.3],
							"rotation": [0, 0, -158],
							"uv": {
								"north": {"uv": [0, 0], "uv_size": [8, 6]},
								"east": {"uv": [12.8, 192.8], "uv_size": [2.7, 2.3]},
								"south": {"uv": [15.1, 193], "uv_size": [0.8, 1.5]},
								"west": {"uv": [0, 0], "uv_size": [8, 6]},
								"up": {"uv": [8, 6], "uv_size": [-8, -6]},
								"down": {"uv": [8, 6], "uv_size": [-8, -6]}
							}
						}
					]
				},
				{
					"name": "bone46",
					"parent": "bone45",
					"pivot": [2.15, 21.25, -23.1],
					"rotation": [-2, 0, 0],
					"cubes": [
						{
							"origin": [2.15, 23.4, -38.5],
							"size": [0.3, 2.3, 16.3],
							"pivot": [2.15, 22.95, -45.3],
							"rotation": [0, 0, -158],
							"uv": {
								"north": {"uv": [15.1, 193], "uv_size": [0.8, 1.5]},
								"east": {"uv": [13, 191.3], "uv_size": [16.3, -2.3]},
								"south": {"uv": [0, 0], "uv_size": [8, 6]},
								"west": {"uv": [0, 0], "uv_size": [8, 6]},
								"up": {"uv": [8, 6], "uv_size": [-8, -6]},
								"down": {"uv": [8, 6], "uv_size": [-8, -6]}
							}
						}
					]
				},
				{
					"name": "bone47",
					"parent": "bone45",
					"pivot": [4.05, 21.35, -24.5],
					"cubes": [
						{
							"origin": [1.2526, 20.18367, -38.53998],
							"size": [0.3, 0.3, 16.3],
							"pivot": [1.25, 20.45, -22.2],
							"rotation": [1.15, -0.4, -158],
							"uv": {
								"north": {"uv": [0, 0], "uv_size": [8, 6]},
								"east": {"uv": [13, 180], "uv_size": [16.3, 0.5]},
								"south": {"uv": [0, 0], "uv_size": [8, 6]},
								"west": {"uv": [0, 0], "uv_size": [8, 6]},
								"up": {"uv": [8, 6], "uv_size": [-8, -6]},
								"down": {"uv": [11.1, 200], "uv_size": [0.3, -16.3]}
							}
						},
						{
							"origin": [0.305, 22.58107, -23.6],
							"size": [0.4, 0.2, 1],
							"pivot": [1.05, 21.95, -22.5],
							"rotation": [-45, 0, -158],
							"uv": {
								"north": {"uv": [19.8, 181], "uv_size": [0.4, 0.8]},
								"east": {"uv": [19.8, 181], "uv_size": [0.4, 0.8]},
								"south": {"uv": [19.8, 181], "uv_size": [0.4, 0.8]},
								"west": {"uv": [19.8, 181], "uv_size": [0.4, 0.8]},
								"up": {"uv": [20.2, 181.8], "uv_size": [-0.4, -0.8]},
								"down": {"uv": [20.2, 181.8], "uv_size": [-0.4, -0.8]}
							}
						},
						{
							"origin": [0.305, 22.78107, -23.3],
							"size": [0.4, 0.3, 0.7],
							"pivot": [1.05, 21.95, -22.5],
							"rotation": [-45, 0, -158],
							"uv": {
								"north": {"uv": [19.8, 181], "uv_size": [0.4, 0.8]},
								"east": {"uv": [19.8, 181], "uv_size": [0.4, 0.8]},
								"south": {"uv": [19.8, 181], "uv_size": [0.4, 0.8]},
								"west": {"uv": [19.8, 181], "uv_size": [0.4, 0.8]},
								"up": {"uv": [20.2, 181.8], "uv_size": [-0.4, -0.8]},
								"down": {"uv": [20.2, 181.8], "uv_size": [-0.4, -0.8]}
							}
						},
						{
							"origin": [0.305, 22.78107, -23.4],
							"size": [0.4, 0.2, 0.1],
							"pivot": [1.05, 21.95, -22.5],
							"rotation": [-45, 0, -158],
							"uv": {
								"north": {"uv": [19.8, 181], "uv_size": [0.4, 0.8]},
								"east": {"uv": [19.8, 181], "uv_size": [0.4, 0.8]},
								"south": {"uv": [19.8, 181], "uv_size": [0.4, 0.8]},
								"west": {"uv": [19.8, 181], "uv_size": [0.4, 0.8]},
								"up": {"uv": [20.2, 181.8], "uv_size": [-0.4, -0.8]},
								"down": {"uv": [20.2, 181.8], "uv_size": [-0.4, -0.8]}
							}
						},
						{
							"origin": [0.305, 21.28107, -22.2],
							"size": [0.4, 0.8, 0.4],
							"pivot": [1.05, 21.95, -22.5],
							"rotation": [-45, 0, -158],
							"uv": {
								"north": {"uv": [19.8, 181], "uv_size": [0.4, 0.8]},
								"east": {"uv": [19.8, 181], "uv_size": [0.4, 0.8]},
								"south": {"uv": [19.8, 181], "uv_size": [0.4, 0.8]},
								"west": {"uv": [19.8, 181], "uv_size": [0.4, 0.8]},
								"up": {"uv": [20.2, 181.8], "uv_size": [-0.4, -0.8]},
								"down": {"uv": [20.2, 181.8], "uv_size": [-0.4, -0.8]}
							}
						},
						{
							"origin": [0.15, 20.88835, -38.5],
							"size": [0.3, 0.5, 16.3],
							"pivot": [0.95, 21.85, -24.5],
							"rotation": [0, -0.4, -158],
							"uv": {
								"north": {"uv": [15.1, 193], "uv_size": [0.8, 1.5]},
								"east": {"uv": [13, 180], "uv_size": [16.3, 0.5]},
								"south": {"uv": [0, 0], "uv_size": [8, 6]},
								"west": {"uv": [0, 0], "uv_size": [8, 6]},
								"up": {"uv": [11.1, 200], "uv_size": [0.3, -16.3]},
								"down": {"uv": [8, 6], "uv_size": [-8, -6]}
							}
						}
					]
				},
				{
					"name": "bone48",
					"parent": "handguard",
					"pivot": [-2.05, 22.95, -43.3],
					"rotation": [0, 0, -10],
					"cubes": [
						{
							"origin": [-2.35, 23.4, -22.2],
							"size": [0.4, 2.3, 2.7],
							"pivot": [-2.05, 22.95, -43.3],
							"rotation": [0, 0, 158],
							"uv": {
								"north": {"uv": [8, 0], "uv_size": [-8, 6]},
								"east": {"uv": [8, 0], "uv_size": [-8, 6]},
								"south": {"uv": [15.1, 193], "uv_size": [0.8, 1.5]},
								"west": {"uv": [15.5, 192.8], "uv_size": [-2.7, 2.3]},
								"up": {"uv": [0, 6], "uv_size": [8, -6]},
								"down": {"uv": [0, 6], "uv_size": [8, -6]}
							}
						}
					]
				},
				{
					"name": "bone49",
					"parent": "bone48",
					"pivot": [-2.05, 21.25, -23.1],
					"rotation": [-2, 0, 0],
					"cubes": [
						{
							"origin": [-2.35, 23.4, -38.6],
							"size": [0.3, 2.3, 16.4],
							"pivot": [-2.05, 22.95, -45.3],
							"rotation": [0, 0, 158],
							"uv": {
								"north": {"uv": [15.1, 193], "uv_size": [0.8, 1.5]},
								"east": {"uv": [8, 0], "uv_size": [-8, 6]},
								"south": {"uv": [8, 0], "uv_size": [-8, 6]},
								"west": {"uv": [29.3, 191.3], "uv_size": [-16.3, -2.3]},
								"up": {"uv": [0, 6], "uv_size": [8, -6]},
								"down": {"uv": [0, 6], "uv_size": [8, -6]}
							}
						}
					]
				},
				{
					"name": "bone50",
					"parent": "bone48",
					"pivot": [-3.95, 21.35, -24.5],
					"cubes": [
						{
							"origin": [-1.4526, 20.18367, -38.63998],
							"size": [0.3, 0.3, 16.4],
							"pivot": [-1.15, 20.45, -22.2],
							"rotation": [1.15, 0.4, 158],
							"uv": {
								"north": {"uv": [8, 0], "uv_size": [-8, 6]},
								"east": {"uv": [8, 0], "uv_size": [-8, 6]},
								"south": {"uv": [8, 0], "uv_size": [-8, 6]},
								"west": {"uv": [29.3, 180], "uv_size": [-16.3, 0.5]},
								"up": {"uv": [0, 6], "uv_size": [8, -6]},
								"down": {"uv": [11.1, 200], "uv_size": [0.3, -16.3]}
							}
						},
						{
							"origin": [-0.605, 22.58107, -23.6],
							"size": [0.4, 0.2, 1],
							"pivot": [-0.95, 21.95, -22.5],
							"rotation": [-45, 0, 158],
							"uv": {
								"north": {"uv": [19.8, 181], "uv_size": [0.4, 0.8]},
								"east": {"uv": [19.8, 181], "uv_size": [0.4, 0.8]},
								"south": {"uv": [19.8, 181], "uv_size": [0.4, 0.8]},
								"west": {"uv": [19.8, 181], "uv_size": [0.4, 0.8]},
								"up": {"uv": [20.2, 181.8], "uv_size": [-0.4, -0.8]},
								"down": {"uv": [20.2, 181.8], "uv_size": [-0.4, -0.8]}
							}
						},
						{
							"origin": [-0.605, 22.78107, -23.3],
							"size": [0.4, 0.3, 0.7],
							"pivot": [-0.95, 21.95, -22.5],
							"rotation": [-45, 0, 158],
							"uv": {
								"north": {"uv": [19.8, 181], "uv_size": [0.4, 0.8]},
								"east": {"uv": [19.8, 181], "uv_size": [0.4, 0.8]},
								"south": {"uv": [19.8, 181], "uv_size": [0.4, 0.8]},
								"west": {"uv": [19.8, 181], "uv_size": [0.4, 0.8]},
								"up": {"uv": [20.2, 181.8], "uv_size": [-0.4, -0.8]},
								"down": {"uv": [20.2, 181.8], "uv_size": [-0.4, -0.8]}
							}
						},
						{
							"origin": [-0.605, 22.78107, -23.4],
							"size": [0.4, 0.2, 0.1],
							"pivot": [-0.95, 21.95, -22.5],
							"rotation": [-45, 0, 158],
							"uv": {
								"north": {"uv": [19.8, 181], "uv_size": [0.4, 0.8]},
								"east": {"uv": [19.8, 181], "uv_size": [0.4, 0.8]},
								"south": {"uv": [19.8, 181], "uv_size": [0.4, 0.8]},
								"west": {"uv": [19.8, 181], "uv_size": [0.4, 0.8]},
								"up": {"uv": [20.2, 181.8], "uv_size": [-0.4, -0.8]},
								"down": {"uv": [20.2, 181.8], "uv_size": [-0.4, -0.8]}
							}
						},
						{
							"origin": [-0.605, 21.28107, -22.2],
							"size": [0.4, 0.8, 0.4],
							"pivot": [-0.95, 21.95, -22.5],
							"rotation": [-45, 0, 158],
							"uv": {
								"north": {"uv": [19.8, 181], "uv_size": [0.4, 0.8]},
								"east": {"uv": [19.8, 181], "uv_size": [0.4, 0.8]},
								"south": {"uv": [19.8, 181], "uv_size": [0.4, 0.8]},
								"west": {"uv": [19.8, 181], "uv_size": [0.4, 0.8]},
								"up": {"uv": [20.2, 181.8], "uv_size": [-0.4, -0.8]},
								"down": {"uv": [20.2, 181.8], "uv_size": [-0.4, -0.8]}
							}
						},
						{
							"origin": [-0.35, 20.88835, -38.6],
							"size": [0.3, 0.5, 16.4],
							"pivot": [-0.85, 21.85, -24.5],
							"rotation": [0, 0.4, 158],
							"uv": {
								"north": {"uv": [15.1, 193], "uv_size": [0.8, 1.5]},
								"east": {"uv": [8, 0], "uv_size": [-8, 6]},
								"south": {"uv": [8, 0], "uv_size": [-8, 6]},
								"west": {"uv": [29.3, 180], "uv_size": [-16.3, 0.5]},
								"up": {"uv": [11.1, 200], "uv_size": [0.3, -16.3]},
								"down": {"uv": [0, 6], "uv_size": [8, -6]}
							}
						}
					]
				},
				{
					"name": "bone51",
					"parent": "handguard",
					"pivot": [-0.65, 21.55, -24.5],
					"cubes": [
						{
							"origin": [-2.325, 22.48107, -23.4],
							"size": [0.4, 0.2, 0.1],
							"pivot": [-1.55, 21.65, -22.5],
							"rotation": [-45, 0, 158],
							"uv": {
								"north": {"uv": [0, 0], "uv_size": [8, 6]},
								"east": {"uv": [0, 0], "uv_size": [8, 6]},
								"south": {"uv": [0, 0], "uv_size": [8, 6]},
								"west": {"uv": [0, 0], "uv_size": [8, 6]},
								"up": {"uv": [8, 6], "uv_size": [-8, -6]},
								"down": {"uv": [8, 6], "uv_size": [-8, -6]}
							}
						},
						{
							"origin": [-2.325, 20.94, -22.2],
							"size": [0.4, 0.1, 0.2],
							"pivot": [-1.55, 21.65, -22.5],
							"rotation": [-45, 0, 158],
							"uv": {
								"north": {"uv": [46, 83], "uv_size": [1, 2]},
								"east": {"uv": [45, 13], "uv_size": [16, 2]},
								"south": {"uv": [49, 83], "uv_size": [1, 2]},
								"west": {"uv": [45, 15], "uv_size": [16, 2]},
								"up": {"uv": [51, 63], "uv_size": [1, 16]},
								"down": {"uv": [52, 79], "uv_size": [1, -16]}
							}
						}
					]
				}
			]
		}
	]
}