{
	"format_version": "1.12.0",
	"minecraft:geometry": [
		{
			"description": {
				"identifier": "geometry.unknown",
				"texture_width": 64,
				"texture_height": 64,
				"visible_bounds_width": 8,
				"visible_bounds_height": 4,
				"visible_bounds_offset": [0, 1, 0]
			},
			"bones": [
				{
					"name": "main",
					"pivot": [0, 20, 0]
				},
				{
					"name": "gun",
					"parent": "main",
					"pivot": [1, 11, -1]
				},
				{
					"name": "handguard",
					"parent": "gun",
					"pivot": [1.45, 21.9, -39.4],
					"cubes": [
						{
							"origin": [1.75, 21.5, -45.7],
							"size": [0.5, 2.3, 15.4],
							"inflate": 0.001,
							"uv": {
								"north": {"uv": [21, 45], "uv_size": [1, 2]},
								"east": {"uv": [4, 0], "uv_size": [15, 2]},
								"south": {"uv": [22, 45], "uv_size": [1, 2]},
								"west": {"uv": [4, 2], "uv_size": [15, 2]},
								"up": {"uv": [4, 22], "uv_size": [1, 15]},
								"down": {"uv": [5, 37], "uv_size": [1, -15]}
							}
						},
						{
							"origin": [-0.51635, 26.95306, -45.7],
							"size": [1.03, 0.4, 15.4],
							"inflate": 0.001,
							"uv": {
								"north": {"uv": [18, 48], "uv_size": [1, 1]},
								"east": {"uv": [19, 13], "uv_size": [15, 1]},
								"south": {"uv": [20, 48], "uv_size": [1, 1]},
								"west": {"uv": [19, 14], "uv_size": [15, 1]},
								"up": {"uv": [6, 22], "uv_size": [1, 15]},
								"down": {"uv": [7, 37], "uv_size": [1, -15]}
							}
						},
						{
							"origin": [-0.51635, 26.35306, -46],
							"size": [1.03, 1, 0.3],
							"inflate": 0.001,
							"uv": {
								"north": {"uv": [21, 48], "uv_size": [1, 1]},
								"east": {"uv": [48, 23], "uv_size": [1, 1]},
								"south": {"uv": [24, 48], "uv_size": [1, 1]},
								"west": {"uv": [48, 24], "uv_size": [1, 1]},
								"up": {"uv": [25, 48], "uv_size": [1, 1]},
								"down": {"uv": [48, 26], "uv_size": [1, -1]}
							}
						},
						{
							"origin": [-0.51635, 26.95306, -30.3],
							"size": [1.03, 0.4, 0.3],
							"inflate": 0.001,
							"uv": {
								"north": {"uv": [27, 48], "uv_size": [1, 1]},
								"east": {"uv": [28, 48], "uv_size": [1, 1]},
								"south": {"uv": [48, 28], "uv_size": [1, 1]},
								"west": {"uv": [29, 48], "uv_size": [1, 1]},
								"up": {"uv": [30, 48], "uv_size": [1, 1]},
								"down": {"uv": [48, 32], "uv_size": [1, -1]}
							}
						},
						{
							"origin": [1.83, 24, -45.7],
							"size": [0.4, 0.7, 2.7],
							"inflate": 0.001,
							"uv": {
								"north": {"uv": [32, 48], "uv_size": [1, 1]},
								"east": {"uv": [43, 28], "uv_size": [3, 1]},
								"south": {"uv": [48, 32], "uv_size": [1, 1]},
								"west": {"uv": [43, 40], "uv_size": [3, 1]},
								"up": {"uv": [44, 14], "uv_size": [1, 3]},
								"down": {"uv": [17, 47], "uv_size": [1, -3]}
							}
						},
						{
							"origin": [1.8, 24.22592, -42.98],
							"size": [0.4, 0.4, 0.14],
							"inflate": 0.001,
							"pivot": [2.02827, 24.37592, -43.05963],
							"rotation": [-46.0287, 0, 0],
							"uv": {
								"north": {"uv": [33, 48], "uv_size": [1, 1]},
								"east": {"uv": [48, 34], "uv_size": [1, 1]},
								"south": {"uv": [48, 35], "uv_size": [1, 1]},
								"west": {"uv": [38, 48], "uv_size": [1, 1]},
								"up": {"uv": [48, 38], "uv_size": [1, 1]},
								"down": {"uv": [39, 49], "uv_size": [1, -1]}
							}
						},
						{
							"origin": [1.8, 24.32592, -43.08],
							"size": [0.4, 0.2, 0.14],
							"inflate": 0.001,
							"pivot": [2.02827, 24.37592, -43.05963],
							"rotation": [-46.0287, 0, 0],
							"uv": {
								"north": {"uv": [48, 39], "uv_size": [1, 1]},
								"east": {"uv": [40, 48], "uv_size": [1, 1]},
								"south": {"uv": [48, 40], "uv_size": [1, 1]},
								"west": {"uv": [41, 48], "uv_size": [1, 1]},
								"up": {"uv": [48, 41], "uv_size": [1, 1]},
								"down": {"uv": [42, 49], "uv_size": [1, -1]}
							}
						},
						{
							"origin": [1.8, 24.32592, -41.06],
							"size": [0.4, 0.2, 0.14],
							"inflate": 0.001,
							"pivot": [2.02827, 24.37592, -40.94037],
							"rotation": [46.0287, 0, 0],
							"uv": {
								"north": {"uv": [48, 42], "uv_size": [1, 1]},
								"east": {"uv": [48, 43], "uv_size": [1, 1]},
								"south": {"uv": [48, 44], "uv_size": [1, 1]},
								"west": {"uv": [48, 45], "uv_size": [1, 1]},
								"up": {"uv": [46, 48], "uv_size": [1, 1]},
								"down": {"uv": [47, 49], "uv_size": [1, -1]}
							}
						},
						{
							"origin": [1.8, 24.22592, -41.16],
							"size": [0.4, 0.4, 0.14],
							"inflate": 0.001,
							"pivot": [2.02827, 24.37592, -40.94037],
							"rotation": [46.0287, 0, 0],
							"uv": {
								"north": {"uv": [48, 48], "uv_size": [1, 1]},
								"east": {"uv": [0, 49], "uv_size": [1, 1]},
								"south": {"uv": [1, 49], "uv_size": [1, 1]},
								"west": {"uv": [49, 1], "uv_size": [1, 1]},
								"up": {"uv": [49, 2], "uv_size": [1, 1]},
								"down": {"uv": [4, 50], "uv_size": [1, -1]}
							}
						},
						{
							"origin": [1.8, 24.32592, -37.06],
							"size": [0.4, 0.2, 0.14],
							"inflate": 0.001,
							"pivot": [2.02827, 24.37592, -36.94037],
							"rotation": [46.0287, 0, 0],
							"uv": {
								"north": {"uv": [49, 4], "uv_size": [1, 1]},
								"east": {"uv": [5, 49], "uv_size": [1, 1]},
								"south": {"uv": [49, 5], "uv_size": [1, 1]},
								"west": {"uv": [7, 49], "uv_size": [1, 1]},
								"up": {"uv": [49, 7], "uv_size": [1, 1]},
								"down": {"uv": [8, 50], "uv_size": [1, -1]}
							}
						},
						{
							"origin": [1.8, 24.22592, -37.16],
							"size": [0.4, 0.4, 0.14],
							"inflate": 0.001,
							"pivot": [2.02827, 24.37592, -36.94037],
							"rotation": [46.0287, 0, 0],
							"uv": {
								"north": {"uv": [49, 8], "uv_size": [1, 1]},
								"east": {"uv": [10, 49], "uv_size": [1, 1]},
								"south": {"uv": [49, 10], "uv_size": [1, 1]},
								"west": {"uv": [11, 49], "uv_size": [1, 1]},
								"up": {"uv": [49, 11], "uv_size": [1, 1]},
								"down": {"uv": [13, 50], "uv_size": [1, -1]}
							}
						},
						{
							"origin": [1.8, 24.22592, -38.98],
							"size": [0.4, 0.4, 0.14],
							"inflate": 0.001,
							"pivot": [2.02827, 24.37592, -39.05963],
							"rotation": [-46.0287, 0, 0],
							"uv": {
								"north": {"uv": [49, 13], "uv_size": [1, 1]},
								"east": {"uv": [14, 49], "uv_size": [1, 1]},
								"south": {"uv": [49, 14], "uv_size": [1, 1]},
								"west": {"uv": [49, 15], "uv_size": [1, 1]},
								"up": {"uv": [49, 16], "uv_size": [1, 1]},
								"down": {"uv": [17, 50], "uv_size": [1, -1]}
							}
						},
						{
							"origin": [1.8, 24.32592, -39.08],
							"size": [0.4, 0.2, 0.14],
							"inflate": 0.001,
							"pivot": [2.02827, 24.37592, -39.05963],
							"rotation": [-46.0287, 0, 0],
							"uv": {
								"north": {"uv": [49, 17], "uv_size": [1, 1]},
								"east": {"uv": [18, 49], "uv_size": [1, 1]},
								"south": {"uv": [49, 18], "uv_size": [1, 1]},
								"west": {"uv": [19, 49], "uv_size": [1, 1]},
								"up": {"uv": [49, 19], "uv_size": [1, 1]},
								"down": {"uv": [20, 50], "uv_size": [1, -1]}
							}
						},
						{
							"origin": [1.8, 24.32592, -33.06],
							"size": [0.4, 0.2, 0.14],
							"inflate": 0.001,
							"pivot": [2.02827, 24.37592, -32.94037],
							"rotation": [46.0287, 0, 0],
							"uv": {
								"north": {"uv": [49, 20], "uv_size": [1, 1]},
								"east": {"uv": [21, 49], "uv_size": [1, 1]},
								"south": {"uv": [49, 21], "uv_size": [1, 1]},
								"west": {"uv": [22, 49], "uv_size": [1, 1]},
								"up": {"uv": [49, 22], "uv_size": [1, 1]},
								"down": {"uv": [23, 50], "uv_size": [1, -1]}
							}
						},
						{
							"origin": [1.8, 24.22592, -33.16],
							"size": [0.4, 0.4, 0.14],
							"inflate": 0.001,
							"pivot": [2.02827, 24.37592, -32.94037],
							"rotation": [46.0287, 0, 0],
							"uv": {
								"north": {"uv": [49, 23], "uv_size": [1, 1]},
								"east": {"uv": [24, 49], "uv_size": [1, 1]},
								"south": {"uv": [49, 24], "uv_size": [1, 1]},
								"west": {"uv": [25, 49], "uv_size": [1, 1]},
								"up": {"uv": [49, 25], "uv_size": [1, 1]},
								"down": {"uv": [26, 50], "uv_size": [1, -1]}
							}
						},
						{
							"origin": [1.8, 24.22592, -34.98],
							"size": [0.4, 0.4, 0.14],
							"inflate": 0.001,
							"pivot": [2.02827, 24.37592, -35.05963],
							"rotation": [-46.0287, 0, 0],
							"uv": {
								"north": {"uv": [49, 26], "uv_size": [1, 1]},
								"east": {"uv": [27, 49], "uv_size": [1, 1]},
								"south": {"uv": [49, 27], "uv_size": [1, 1]},
								"west": {"uv": [28, 49], "uv_size": [1, 1]},
								"up": {"uv": [49, 28], "uv_size": [1, 1]},
								"down": {"uv": [29, 50], "uv_size": [1, -1]}
							}
						},
						{
							"origin": [1.8, 24.32592, -35.08],
							"size": [0.4, 0.2, 0.14],
							"inflate": 0.001,
							"pivot": [2.02827, 24.37592, -35.05963],
							"rotation": [-46.0287, 0, 0],
							"uv": {
								"north": {"uv": [49, 29], "uv_size": [1, 1]},
								"east": {"uv": [30, 49], "uv_size": [1, 1]},
								"south": {"uv": [49, 30], "uv_size": [1, 1]},
								"west": {"uv": [31, 49], "uv_size": [1, 1]},
								"up": {"uv": [49, 31], "uv_size": [1, 1]},
								"down": {"uv": [32, 50], "uv_size": [1, -1]}
							}
						},
						{
							"origin": [1.83, 24, -41],
							"size": [0.4, 0.7, 2],
							"inflate": 0.001,
							"uv": {
								"north": {"uv": [49, 32], "uv_size": [1, 1]},
								"east": {"uv": [25, 45], "uv_size": [2, 1]},
								"south": {"uv": [33, 49], "uv_size": [1, 1]},
								"west": {"uv": [30, 45], "uv_size": [2, 1]},
								"up": {"uv": [27, 45], "uv_size": [1, 2]},
								"down": {"uv": [32, 47], "uv_size": [1, -2]}
							}
						},
						{
							"origin": [1.83, 24, -37],
							"size": [0.4, 0.7, 2],
							"inflate": 0.001,
							"uv": {
								"north": {"uv": [49, 33], "uv_size": [1, 1]},
								"east": {"uv": [45, 32], "uv_size": [2, 1]},
								"south": {"uv": [34, 49], "uv_size": [1, 1]},
								"west": {"uv": [45, 33], "uv_size": [2, 1]},
								"up": {"uv": [35, 45], "uv_size": [1, 2]},
								"down": {"uv": [36, 47], "uv_size": [1, -2]}
							}
						},
						{
							"origin": [1.83, 24.4, -39],
							"size": [0.4, 0.3, 2],
							"inflate": 0.001,
							"uv": {
								"north": {"uv": [49, 34], "uv_size": [1, 1]},
								"east": {"uv": [45, 34], "uv_size": [2, 1]},
								"south": {"uv": [35, 49], "uv_size": [1, 1]},
								"west": {"uv": [45, 36], "uv_size": [2, 1]},
								"up": {"uv": [37, 45], "uv_size": [1, 2]},
								"down": {"uv": [45, 39], "uv_size": [1, -2]}
							}
						},
						{
							"origin": [1.83, 24.4, -43],
							"size": [0.4, 0.3, 2],
							"inflate": 0.001,
							"uv": {
								"north": {"uv": [49, 35], "uv_size": [1, 1]},
								"east": {"uv": [38, 45], "uv_size": [2, 1]},
								"south": {"uv": [36, 49], "uv_size": [1, 1]},
								"west": {"uv": [45, 39], "uv_size": [2, 1]},
								"up": {"uv": [41, 45], "uv_size": [1, 2]},
								"down": {"uv": [42, 47], "uv_size": [1, -2]}
							}
						},
						{
							"origin": [1.83, 24.4, -35],
							"size": [0.4, 0.3, 2],
							"inflate": 0.001,
							"uv": {
								"north": {"uv": [49, 36], "uv_size": [1, 1]},
								"east": {"uv": [45, 42], "uv_size": [2, 1]},
								"south": {"uv": [37, 49], "uv_size": [1, 1]},
								"west": {"uv": [43, 45], "uv_size": [2, 1]},
								"up": {"uv": [45, 43], "uv_size": [1, 2]},
								"down": {"uv": [45, 47], "uv_size": [1, -2]}
							}
						},
						{
							"origin": [1.83, 24, -33],
							"size": [0.4, 0.7, 2.7],
							"inflate": 0.001,
							"uv": {
								"north": {"uv": [49, 37], "uv_size": [1, 1]},
								"east": {"uv": [44, 17], "uv_size": [3, 1]},
								"south": {"uv": [38, 49], "uv_size": [1, 1]},
								"west": {"uv": [18, 44], "uv_size": [3, 1]},
								"up": {"uv": [23, 44], "uv_size": [1, 3]},
								"down": {"uv": [24, 47], "uv_size": [1, -3]}
							}
						},
						{
							"origin": [-2.25, 21.5, -30.3],
							"size": [4.5, 2.3, 5.7],
							"inflate": 0.001,
							"uv": {
								"north": {"uv": [35, 32], "uv_size": [4, 2]},
								"east": {"uv": [34, 13], "uv_size": [6, 2]},
								"south": {"uv": [35, 34], "uv_size": [4, 2]},
								"west": {"uv": [34, 15], "uv_size": [6, 2]},
								"up": {"uv": [4, 16], "uv_size": [4, 6]},
								"down": {"uv": [8, 22], "uv_size": [4, -6]}
							}
						},
						{
							"origin": [-2.25, 21.5, -24.6],
							"size": [4.5, 1.7, 1.4],
							"inflate": 0.001,
							"uv": {
								"north": {"uv": [36, 0], "uv_size": [4, 2]},
								"east": {"uv": [46, 2], "uv_size": [1, 2]},
								"south": {"uv": [35, 36], "uv_size": [4, 2]},
								"west": {"uv": [4, 46], "uv_size": [1, 2]},
								"up": {"uv": [10, 40], "uv_size": [4, 1]},
								"down": {"uv": [40, 14], "uv_size": [4, -1]}
							}
						},
						{
							"origin": [-2.25, 23.2, -24.6],
							"size": [4.5, 1.5, 1.4],
							"inflate": 0.001,
							"pivot": [2.251, 23.199, -23.199],
							"rotation": [67, 0, 0],
							"uv": {
								"north": {"uv": [40, 14], "uv_size": [4, 1]},
								"east": {"uv": [49, 38], "uv_size": [1, 1]},
								"south": {"uv": [40, 15], "uv_size": [4, 1]},
								"west": {"uv": [39, 49], "uv_size": [1, 1]},
								"up": {"uv": [40, 16], "uv_size": [4, 1]},
								"down": {"uv": [40, 36], "uv_size": [4, -1]}
							}
						},
						{
							"origin": [-1.05, 17.398, -25.9],
							"size": [2.1, 1.5, 2.2],
							"inflate": 0.001,
							"pivot": [1.051, 18.899, -25.901],
							"rotation": [138, 0, 0],
							"uv": {
								"north": {"uv": [46, 4], "uv_size": [2, 1]},
								"east": {"uv": [5, 46], "uv_size": [2, 1]},
								"south": {"uv": [46, 5], "uv_size": [2, 1]},
								"west": {"uv": [7, 46], "uv_size": [2, 1]},
								"up": {"uv": [40, 36], "uv_size": [2, 2]},
								"down": {"uv": [40, 40], "uv_size": [2, -2]}
							}
						},
						{
							"origin": [-1.05, 18.9, -25.9],
							"size": [2.1, 1.5, 2.7],
							"inflate": 0.001,
							"uv": {
								"north": {"uv": [46, 9], "uv_size": [2, 1]},
								"east": {"uv": [44, 18], "uv_size": [3, 1]},
								"south": {"uv": [46, 10], "uv_size": [2, 1]},
								"west": {"uv": [44, 24], "uv_size": [3, 1]},
								"up": {"uv": [10, 37], "uv_size": [2, 3]},
								"down": {"uv": [37, 24], "uv_size": [2, -3]}
							}
						},
						{
							"origin": [3.36251, 19.85159, -64],
							"size": [0.9, 1.15, 2.7],
							"inflate": 0.001,
							"pivot": [2.63451, 19.45159, -43.6],
							"rotation": [180, 0, 147],
							"uv": {
								"north": {"uv": [34, 50], "uv_size": [1, 1]},
								"east": {"uv": [25, 44], "uv_size": [3, 1]},
								"south": {"uv": [50, 34], "uv_size": [1, 1]},
								"west": {"uv": [44, 25], "uv_size": [3, 1]},
								"up": {"uv": [28, 44], "uv_size": [1, 3]},
								"down": {"uv": [29, 47], "uv_size": [1, -3]}
							}
						},
						{
							"origin": [-0.35352, 19.39126, -28.602],
							"size": [2.16, 0.85, 2.7],
							"inflate": 0.001,
							"pivot": [1.80748, 19.39026, -25.901],
							"rotation": [180, 0, 102],
							"uv": {
								"north": {"uv": [46, 11], "uv_size": [2, 1]},
								"east": {"uv": [44, 29], "uv_size": [3, 1]},
								"south": {"uv": [46, 12], "uv_size": [2, 1]},
								"west": {"uv": [30, 44], "uv_size": [3, 1]},
								"up": {"uv": [35, 38], "uv_size": [2, 3]},
								"down": {"uv": [37, 41], "uv_size": [2, -3]}
							}
						},
						{
							"origin": [-0.35352, 19.39126, -25.902],
							"size": [0.76, 0.85, 6.3],
							"inflate": 0.001,
							"pivot": [1.80748, 19.39026, -25.901],
							"rotation": [180, 0, 102],
							"uv": {
								"north": {"uv": [35, 50], "uv_size": [1, 1]},
								"east": {"uv": [36, 2], "uv_size": [6, 1]},
								"south": {"uv": [50, 35], "uv_size": [1, 1]},
								"west": {"uv": [39, 3], "uv_size": [6, 1]},
								"up": {"uv": [21, 35], "uv_size": [1, 6]},
								"down": {"uv": [6, 45], "uv_size": [1, -6]}
							}
						},
						{
							"origin": [-0.35352, 19.39126, -32.202],
							"size": [0.66, 0.85, 2.3],
							"inflate": 0.001,
							"pivot": [1.80748, 19.39026, -32.201],
							"rotation": [180, 0, 102],
							"uv": {
								"north": {"uv": [36, 50], "uv_size": [1, 1]},
								"east": {"uv": [46, 13], "uv_size": [2, 1]},
								"south": {"uv": [50, 36], "uv_size": [1, 1]},
								"west": {"uv": [14, 46], "uv_size": [2, 1]},
								"up": {"uv": [16, 46], "uv_size": [1, 2]},
								"down": {"uv": [18, 48], "uv_size": [1, -2]}
							}
						},
						{
							"origin": [-0.35352, 19.39126, -34.502],
							"size": [0.56, 0.85, 1],
							"inflate": 0.001,
							"pivot": [1.80748, 19.39026, -34.501],
							"rotation": [180, 0, 102],
							"uv": {
								"north": {"uv": [37, 50], "uv_size": [1, 1]},
								"east": {"uv": [50, 37], "uv_size": [1, 1]},
								"south": {"uv": [38, 50], "uv_size": [1, 1]},
								"west": {"uv": [50, 38], "uv_size": [1, 1]},
								"up": {"uv": [39, 50], "uv_size": [1, 1]},
								"down": {"uv": [50, 40], "uv_size": [1, -1]}
							}
						},
						{
							"origin": [-0.35352, 19.39126, -35.502],
							"size": [0.46, 0.85, 10.2],
							"inflate": 0.001,
							"pivot": [1.80748, 19.39026, -35.501],
							"rotation": [180, 0, 102],
							"uv": {
								"north": {"uv": [40, 50], "uv_size": [1, 1]},
								"east": {"uv": [34, 17], "uv_size": [10, 1]},
								"south": {"uv": [50, 40], "uv_size": [1, 1]},
								"west": {"uv": [35, 9], "uv_size": [10, 1]},
								"up": {"uv": [3, 35], "uv_size": [1, 10]},
								"down": {"uv": [14, 45], "uv_size": [1, -10]}
							}
						},
						{
							"origin": [-1.80648, 19.39126, -28.602],
							"size": [2.16, 0.85, 2.7],
							"inflate": 0.001,
							"pivot": [-1.80748, 19.39026, -25.901],
							"rotation": [180, 0, -102],
							"uv": {
								"north": {"uv": [19, 46], "uv_size": [2, 1]},
								"east": {"uv": [44, 30], "uv_size": [3, 1]},
								"south": {"uv": [25, 46], "uv_size": [2, 1]},
								"west": {"uv": [44, 31], "uv_size": [3, 1]},
								"up": {"uv": [39, 4], "uv_size": [2, 3]},
								"down": {"uv": [7, 42], "uv_size": [2, -3]}
							}
						},
						{
							"origin": [-4.26251, 19.85159, -64],
							"size": [0.9, 1.15, 2.7],
							"inflate": 0.001,
							"pivot": [-2.63451, 19.45159, -43.6],
							"rotation": [180, 0, -147],
							"uv": {
								"north": {"uv": [51, 28], "uv_size": [1, 1]},
								"east": {"uv": [44, 35], "uv_size": [3, 1]},
								"south": {"uv": [29, 51], "uv_size": [1, 1]},
								"west": {"uv": [44, 41], "uv_size": [3, 1]},
								"up": {"uv": [33, 44], "uv_size": [1, 3]},
								"down": {"uv": [34, 47], "uv_size": [1, -3]}
							}
						},
						{
							"origin": [-2.25, 21.5, -46],
							"size": [4.5, 2.5, 0.3],
							"inflate": 0.001,
							"uv": {
								"north": {"uv": [6, 37], "uv_size": [4, 2]},
								"east": {"uv": [22, 47], "uv_size": [1, 2]},
								"south": {"uv": [37, 19], "uv_size": [4, 2]},
								"west": {"uv": [23, 47], "uv_size": [1, 2]},
								"up": {"uv": [43, 22], "uv_size": [4, 1]},
								"down": {"uv": [24, 44], "uv_size": [4, -1]}
							}
						},
						{
							"origin": [0.83, 24, -46],
							"size": [1.4, 0.7, 0.3],
							"inflate": 0.001,
							"uv": {
								"north": {"uv": [0, 52], "uv_size": [1, 1]},
								"east": {"uv": [52, 0], "uv_size": [1, 1]},
								"south": {"uv": [1, 52], "uv_size": [1, 1]},
								"west": {"uv": [52, 1], "uv_size": [1, 1]},
								"up": {"uv": [2, 52], "uv_size": [1, 1]},
								"down": {"uv": [52, 3], "uv_size": [1, -1]}
							}
						},
						{
							"origin": [1.34988, 21.0912, -46],
							"size": [1.4, 0.66, 0.3],
							"inflate": 0.001,
							"pivot": [1.46988, 23.6612, -45.1],
							"rotation": [0, 0, 14],
							"uv": {
								"north": {"uv": [3, 52], "uv_size": [1, 1]},
								"east": {"uv": [52, 3], "uv_size": [1, 1]},
								"south": {"uv": [4, 52], "uv_size": [1, 1]},
								"west": {"uv": [52, 4], "uv_size": [1, 1]},
								"up": {"uv": [5, 52], "uv_size": [1, 1]},
								"down": {"uv": [52, 6], "uv_size": [1, -1]}
							}
						},
						{
							"origin": [-2.74988, 21.0912, -46],
							"size": [1.4, 0.66, 0.3],
							"inflate": 0.001,
							"pivot": [-1.46988, 23.6612, -45.1],
							"rotation": [0, 0, -14],
							"uv": {
								"north": {"uv": [6, 52], "uv_size": [1, 1]},
								"east": {"uv": [52, 6], "uv_size": [1, 1]},
								"south": {"uv": [7, 52], "uv_size": [1, 1]},
								"west": {"uv": [52, 7], "uv_size": [1, 1]},
								"up": {"uv": [8, 52], "uv_size": [1, 1]},
								"down": {"uv": [52, 9], "uv_size": [1, -1]}
							}
						},
						{
							"origin": [1.34988, 20.9912, -40.7],
							"size": [1.4, 0.76, 17.1],
							"inflate": 0.001,
							"pivot": [1.46988, 23.6612, -44.8],
							"rotation": [0, 0, 14],
							"uv": {
								"north": {"uv": [9, 52], "uv_size": [1, 1]},
								"east": {"uv": [12, 18], "uv_size": [17, 1]},
								"south": {"uv": [52, 9], "uv_size": [1, 1]},
								"west": {"uv": [19, 0], "uv_size": [17, 1]},
								"up": {"uv": [2, 18], "uv_size": [1, 17]},
								"down": {"uv": [3, 35], "uv_size": [1, -17]}
							}
						},
						{
							"origin": [1.34988, 21.0912, -45.7],
							"size": [1.4, 0.66, 5],
							"inflate": 0.001,
							"pivot": [1.46988, 23.6612, -58.3],
							"rotation": [0, 0, 14],
							"uv": {
								"north": {"uv": [10, 52], "uv_size": [1, 1]},
								"east": {"uv": [39, 24], "uv_size": [5, 1]},
								"south": {"uv": [52, 10], "uv_size": [1, 1]},
								"west": {"uv": [39, 25], "uv_size": [5, 1]},
								"up": {"uv": [23, 39], "uv_size": [1, 5]},
								"down": {"uv": [39, 40], "uv_size": [1, -5]}
							}
						},
						{
							"origin": [-2.74988, 20.9912, -45.7],
							"size": [1.4, 0.76, 22.2],
							"inflate": 0.001,
							"pivot": [-1.46988, 23.6612, -44.8],
							"rotation": [0, 0, -14],
							"uv": {
								"north": {"uv": [11, 52], "uv_size": [1, 1]},
								"east": {"uv": [12, 16], "uv_size": [22, 1]},
								"south": {"uv": [52, 11], "uv_size": [1, 1]},
								"west": {"uv": [12, 17], "uv_size": [22, 1]},
								"up": {"uv": [0, 18], "uv_size": [1, 22]},
								"down": {"uv": [1, 40], "uv_size": [1, -22]}
							}
						},
						{
							"origin": [-0.32512, 19.8612, -69.1],
							"size": [0.8, 0.85, 15.3],
							"inflate": 0.001,
							"pivot": [1.18988, 19.4612, -46.3],
							"rotation": [0, -180, -41],
							"uv": {
								"north": {"uv": [12, 52], "uv_size": [1, 1]},
								"east": {"uv": [19, 15], "uv_size": [15, 1]},
								"south": {"uv": [52, 12], "uv_size": [1, 1]},
								"west": {"uv": [22, 19], "uv_size": [15, 1]},
								"up": {"uv": [8, 22], "uv_size": [1, 15]},
								"down": {"uv": [9, 37], "uv_size": [1, -15]}
							}
						},
						{
							"origin": [-0.10648, 19.39126, -35.502],
							"size": [0.46, 0.85, 10.2],
							"inflate": 0.001,
							"pivot": [-1.80748, 19.39026, -35.501],
							"rotation": [180, 0, -102],
							"uv": {
								"north": {"uv": [13, 52], "uv_size": [1, 1]},
								"east": {"uv": [35, 10], "uv_size": [10, 1]},
								"south": {"uv": [52, 13], "uv_size": [1, 1]},
								"west": {"uv": [35, 11], "uv_size": [10, 1]},
								"up": {"uv": [15, 35], "uv_size": [1, 10]},
								"down": {"uv": [16, 45], "uv_size": [1, -10]}
							}
						},
						{
							"origin": [-2.74988, 21.0912, -45.7],
							"size": [1.4, 0.66, 5],
							"inflate": 0.001,
							"pivot": [-1.46988, 23.6612, -58.3],
							"rotation": [0, 0, -14],
							"uv": {
								"north": {"uv": [14, 52], "uv_size": [1, 1]},
								"east": {"uv": [40, 0], "uv_size": [5, 1]},
								"south": {"uv": [52, 14], "uv_size": [1, 1]},
								"west": {"uv": [40, 1], "uv_size": [5, 1]},
								"up": {"uv": [0, 40], "uv_size": [1, 5]},
								"down": {"uv": [1, 45], "uv_size": [1, -5]}
							}
						},
						{
							"origin": [-2.74988, 20.9912, -40.7],
							"size": [1.4, 0.76, 17.1],
							"inflate": 0.001,
							"pivot": [-1.46988, 23.6612, -44.8],
							"rotation": [0, 0, -14],
							"uv": {
								"north": {"uv": [15, 52], "uv_size": [1, 1]},
								"east": {"uv": [19, 1], "uv_size": [17, 1]},
								"south": {"uv": [52, 15], "uv_size": [1, 1]},
								"west": {"uv": [19, 2], "uv_size": [17, 1]},
								"up": {"uv": [12, 19], "uv_size": [1, 17]},
								"down": {"uv": [13, 36], "uv_size": [1, -17]}
							}
						},
						{
							"origin": [-0.47488, 19.8612, -69],
							"size": [0.8, 0.85, 15.2],
							"inflate": 0.001,
							"pivot": [-1.18988, 19.4612, -46.3],
							"rotation": [0, 180, 41],
							"uv": {
								"north": {"uv": [16, 52], "uv_size": [1, 1]},
								"east": {"uv": [22, 20], "uv_size": [15, 1]},
								"south": {"uv": [52, 16], "uv_size": [1, 1]},
								"west": {"uv": [22, 21], "uv_size": [15, 1]},
								"up": {"uv": [10, 22], "uv_size": [1, 15]},
								"down": {"uv": [11, 37], "uv_size": [1, -15]}
							}
						},
						{
							"origin": [-0.30648, 19.39126, -32.202],
							"size": [0.66, 0.85, 2.3],
							"inflate": 0.001,
							"pivot": [-1.80748, 19.39026, -32.201],
							"rotation": [180, 0, -102],
							"uv": {
								"north": {"uv": [17, 52], "uv_size": [1, 1]},
								"east": {"uv": [47, 22], "uv_size": [2, 1]},
								"south": {"uv": [52, 17], "uv_size": [1, 1]},
								"west": {"uv": [24, 47], "uv_size": [2, 1]},
								"up": {"uv": [47, 24], "uv_size": [1, 2]},
								"down": {"uv": [26, 49], "uv_size": [1, -2]}
							}
						},
						{
							"origin": [-0.20648, 19.39126, -34.502],
							"size": [0.56, 0.85, 1],
							"inflate": 0.001,
							"pivot": [-1.80748, 19.39026, -34.501],
							"rotation": [180, 0, -102],
							"uv": {
								"north": {"uv": [18, 52], "uv_size": [1, 1]},
								"east": {"uv": [52, 18], "uv_size": [1, 1]},
								"south": {"uv": [19, 52], "uv_size": [1, 1]},
								"west": {"uv": [52, 19], "uv_size": [1, 1]},
								"up": {"uv": [20, 52], "uv_size": [1, 1]},
								"down": {"uv": [52, 21], "uv_size": [1, -1]}
							}
						},
						{
							"origin": [-0.40648, 19.39126, -25.902],
							"size": [0.76, 0.85, 6.3],
							"inflate": 0.001,
							"pivot": [-1.80748, 19.39026, -25.901],
							"rotation": [180, 0, -102],
							"uv": {
								"north": {"uv": [21, 52], "uv_size": [1, 1]},
								"east": {"uv": [39, 7], "uv_size": [6, 1]},
								"south": {"uv": [52, 21], "uv_size": [1, 1]},
								"west": {"uv": [39, 8], "uv_size": [6, 1]},
								"up": {"uv": [9, 39], "uv_size": [1, 6]},
								"down": {"uv": [22, 45], "uv_size": [1, -6]}
							}
						},
						{
							"origin": [-2.25, 20.4, -23.2],
							"size": [4.5, 2.8, 0.3],
							"inflate": 0.001,
							"uv": {
								"north": {"uv": [35, 3], "uv_size": [4, 3]},
								"east": {"uv": [0, 45], "uv_size": [1, 3]},
								"south": {"uv": [35, 6], "uv_size": [4, 3]},
								"west": {"uv": [1, 45], "uv_size": [1, 3]},
								"up": {"uv": [43, 26], "uv_size": [4, 1]},
								"down": {"uv": [43, 28], "uv_size": [4, -1]}
							}
						},
						{
							"origin": [1.385, 21.5, -58.3],
							"size": [0.96, 0.92, 0.3],
							"inflate": 0.001,
							"pivot": [0.83, 21.1, -40.6],
							"rotation": [180, 0, 10],
							"uv": {
								"north": {"uv": [22, 52], "uv_size": [1, 1]},
								"east": {"uv": [52, 22], "uv_size": [1, 1]},
								"south": {"uv": [23, 52], "uv_size": [1, 1]},
								"west": {"uv": [52, 23], "uv_size": [1, 1]},
								"up": {"uv": [24, 52], "uv_size": [1, 1]},
								"down": {"uv": [52, 25], "uv_size": [1, -1]}
							}
						},
						{
							"origin": [3.645, 20, -65.9],
							"size": [1.3, 1.15, 0.3],
							"inflate": 0.001,
							"pivot": [2.917, 19.6, -44.4],
							"rotation": [180, 0, 147],
							"uv": {
								"north": {"uv": [25, 52], "uv_size": [1, 1]},
								"east": {"uv": [52, 25], "uv_size": [1, 1]},
								"south": {"uv": [26, 52], "uv_size": [1, 1]},
								"west": {"uv": [52, 26], "uv_size": [1, 1]},
								"up": {"uv": [27, 52], "uv_size": [1, 1]},
								"down": {"uv": [52, 28], "uv_size": [1, -1]}
							}
						},
						{
							"origin": [-4.945, 20, -65.9],
							"size": [1.3, 1.15, 0.3],
							"inflate": 0.001,
							"pivot": [-2.917, 19.6, -44.4],
							"rotation": [180, 0, -147],
							"uv": {
								"north": {"uv": [28, 52], "uv_size": [1, 1]},
								"east": {"uv": [52, 28], "uv_size": [1, 1]},
								"south": {"uv": [29, 52], "uv_size": [1, 1]},
								"west": {"uv": [52, 29], "uv_size": [1, 1]},
								"up": {"uv": [30, 52], "uv_size": [1, 1]},
								"down": {"uv": [52, 31], "uv_size": [1, -1]}
							}
						},
						{
							"origin": [-2.345, 21.5, -58.3],
							"size": [0.96, 0.92, 0.3],
							"inflate": 0.001,
							"pivot": [-0.83, 21.1, -40.6],
							"rotation": [180, 0, -10],
							"uv": {
								"north": {"uv": [31, 52], "uv_size": [1, 1]},
								"east": {"uv": [52, 31], "uv_size": [1, 1]},
								"south": {"uv": [32, 52], "uv_size": [1, 1]},
								"west": {"uv": [52, 32], "uv_size": [1, 1]},
								"up": {"uv": [33, 52], "uv_size": [1, 1]},
								"down": {"uv": [52, 34], "uv_size": [1, -1]}
							}
						},
						{
							"origin": [-1.03297, 18.83056, -23.2],
							"size": [2.03, 1.1, 0.3],
							"inflate": 0.001,
							"uv": {
								"north": {"uv": [47, 26], "uv_size": [2, 1]},
								"east": {"uv": [34, 52], "uv_size": [1, 1]},
								"south": {"uv": [27, 47], "uv_size": [2, 1]},
								"west": {"uv": [52, 34], "uv_size": [1, 1]},
								"up": {"uv": [47, 27], "uv_size": [2, 1]},
								"down": {"uv": [29, 48], "uv_size": [2, -1]}
							}
						},
						{
							"origin": [-0.85, 24, -30.3],
							"size": [1.7, 2.8, 0.3],
							"inflate": 0.001,
							"uv": {
								"north": {"uv": [39, 21], "uv_size": [2, 3]},
								"east": {"uv": [3, 45], "uv_size": [1, 3]},
								"south": {"uv": [39, 32], "uv_size": [2, 3]},
								"west": {"uv": [45, 3], "uv_size": [1, 3]},
								"up": {"uv": [47, 29], "uv_size": [2, 1]},
								"down": {"uv": [47, 31], "uv_size": [2, -1]}
							}
						},
						{
							"origin": [0.83, 24, -30.3],
							"size": [1.4, 0.7, 0.3],
							"inflate": 0.001,
							"uv": {
								"north": {"uv": [53, 10], "uv_size": [1, 1]},
								"east": {"uv": [11, 53], "uv_size": [1, 1]},
								"south": {"uv": [53, 11], "uv_size": [1, 1]},
								"west": {"uv": [12, 53], "uv_size": [1, 1]},
								"up": {"uv": [53, 12], "uv_size": [1, 1]},
								"down": {"uv": [13, 54], "uv_size": [1, -1]}
							}
						},
						{
							"origin": [-2.23, 24, -41],
							"size": [0.4, 0.7, 2],
							"inflate": 0.001,
							"uv": {
								"north": {"uv": [53, 13], "uv_size": [1, 1]},
								"east": {"uv": [0, 48], "uv_size": [2, 1]},
								"south": {"uv": [14, 53], "uv_size": [1, 1]},
								"west": {"uv": [48, 0], "uv_size": [2, 1]},
								"up": {"uv": [48, 1], "uv_size": [1, 2]},
								"down": {"uv": [3, 50], "uv_size": [1, -2]}
							}
						},
						{
							"origin": [-2.23, 24, -46],
							"size": [3.1, 0.7, 0.3],
							"inflate": 0.001,
							"uv": {
								"north": {"uv": [45, 0], "uv_size": [3, 1]},
								"east": {"uv": [53, 14], "uv_size": [1, 1]},
								"south": {"uv": [45, 1], "uv_size": [3, 1]},
								"west": {"uv": [15, 53], "uv_size": [1, 1]},
								"up": {"uv": [4, 45], "uv_size": [3, 1]},
								"down": {"uv": [45, 7], "uv_size": [3, -1]}
							}
						},
						{
							"origin": [-2.23, 24.4, -43],
							"size": [0.4, 0.3, 2],
							"inflate": 0.001,
							"uv": {
								"north": {"uv": [53, 15], "uv_size": [1, 1]},
								"east": {"uv": [48, 3], "uv_size": [2, 1]},
								"south": {"uv": [16, 53], "uv_size": [1, 1]},
								"west": {"uv": [4, 48], "uv_size": [2, 1]},
								"up": {"uv": [48, 4], "uv_size": [1, 2]},
								"down": {"uv": [6, 50], "uv_size": [1, -2]}
							}
						},
						{
							"origin": [-2.2, 24.22592, -41.16],
							"size": [0.4, 0.4, 0.14],
							"inflate": 0.001,
							"pivot": [-2.02827, 24.37592, -40.94037],
							"rotation": [46.0287, 0, 0],
							"uv": {
								"north": {"uv": [53, 16], "uv_size": [1, 1]},
								"east": {"uv": [17, 53], "uv_size": [1, 1]},
								"south": {"uv": [53, 17], "uv_size": [1, 1]},
								"west": {"uv": [18, 53], "uv_size": [1, 1]},
								"up": {"uv": [53, 18], "uv_size": [1, 1]},
								"down": {"uv": [19, 54], "uv_size": [1, -1]}
							}
						},
						{
							"origin": [-2.2, 24.32592, -41.06],
							"size": [0.4, 0.2, 0.14],
							"inflate": 0.001,
							"pivot": [-2.02827, 24.37592, -40.94037],
							"rotation": [46.0287, 0, 0],
							"uv": {
								"north": {"uv": [53, 19], "uv_size": [1, 1]},
								"east": {"uv": [20, 53], "uv_size": [1, 1]},
								"south": {"uv": [53, 20], "uv_size": [1, 1]},
								"west": {"uv": [21, 53], "uv_size": [1, 1]},
								"up": {"uv": [53, 21], "uv_size": [1, 1]},
								"down": {"uv": [22, 54], "uv_size": [1, -1]}
							}
						},
						{
							"origin": [-2.2, 24.22592, -42.98],
							"size": [0.4, 0.4, 0.14],
							"inflate": 0.001,
							"pivot": [-2.02827, 24.37592, -43.05963],
							"rotation": [-46.0287, 0, 0],
							"uv": {
								"north": {"uv": [53, 22], "uv_size": [1, 1]},
								"east": {"uv": [23, 53], "uv_size": [1, 1]},
								"south": {"uv": [53, 23], "uv_size": [1, 1]},
								"west": {"uv": [24, 53], "uv_size": [1, 1]},
								"up": {"uv": [53, 24], "uv_size": [1, 1]},
								"down": {"uv": [25, 54], "uv_size": [1, -1]}
							}
						},
						{
							"origin": [-2.23, 24, -45.7],
							"size": [0.4, 0.7, 2.7],
							"inflate": 0.001,
							"uv": {
								"north": {"uv": [53, 25], "uv_size": [1, 1]},
								"east": {"uv": [45, 7], "uv_size": [3, 1]},
								"south": {"uv": [26, 53], "uv_size": [1, 1]},
								"west": {"uv": [45, 8], "uv_size": [3, 1]},
								"up": {"uv": [9, 45], "uv_size": [1, 3]},
								"down": {"uv": [45, 12], "uv_size": [1, -3]}
							}
						},
						{
							"origin": [-2.2, 24.32592, -43.08],
							"size": [0.4, 0.2, 0.14],
							"inflate": 0.001,
							"pivot": [-2.02827, 24.37592, -43.05963],
							"rotation": [-46.0287, 0, 0],
							"uv": {
								"north": {"uv": [53, 26], "uv_size": [1, 1]},
								"east": {"uv": [27, 53], "uv_size": [1, 1]},
								"south": {"uv": [53, 27], "uv_size": [1, 1]},
								"west": {"uv": [28, 53], "uv_size": [1, 1]},
								"up": {"uv": [53, 28], "uv_size": [1, 1]},
								"down": {"uv": [29, 54], "uv_size": [1, -1]}
							}
						},
						{
							"origin": [-2.23, 24.4, -39],
							"size": [0.4, 0.3, 2],
							"inflate": 0.001,
							"uv": {
								"north": {"uv": [53, 29], "uv_size": [1, 1]},
								"east": {"uv": [48, 6], "uv_size": [2, 1]},
								"south": {"uv": [30, 53], "uv_size": [1, 1]},
								"west": {"uv": [7, 48], "uv_size": [2, 1]},
								"up": {"uv": [48, 7], "uv_size": [1, 2]},
								"down": {"uv": [9, 50], "uv_size": [1, -2]}
							}
						},
						{
							"origin": [-2.2, 24.22592, -38.98],
							"size": [0.4, 0.4, 0.14],
							"inflate": 0.001,
							"pivot": [-2.02827, 24.37592, -39.05963],
							"rotation": [-46.0287, 0, 0],
							"uv": {
								"north": {"uv": [53, 30], "uv_size": [1, 1]},
								"east": {"uv": [31, 53], "uv_size": [1, 1]},
								"south": {"uv": [53, 31], "uv_size": [1, 1]},
								"west": {"uv": [32, 53], "uv_size": [1, 1]},
								"up": {"uv": [53, 32], "uv_size": [1, 1]},
								"down": {"uv": [33, 54], "uv_size": [1, -1]}
							}
						},
						{
							"origin": [-2.2, 24.32592, -39.08],
							"size": [0.4, 0.2, 0.14],
							"inflate": 0.001,
							"pivot": [-2.02827, 24.37592, -39.05963],
							"rotation": [-46.0287, 0, 0],
							"uv": {
								"north": {"uv": [53, 33], "uv_size": [1, 1]},
								"east": {"uv": [34, 53], "uv_size": [1, 1]},
								"south": {"uv": [53, 34], "uv_size": [1, 1]},
								"west": {"uv": [35, 53], "uv_size": [1, 1]},
								"up": {"uv": [53, 35], "uv_size": [1, 1]},
								"down": {"uv": [36, 54], "uv_size": [1, -1]}
							}
						},
						{
							"origin": [-2.23, 24, -37],
							"size": [0.4, 0.7, 2],
							"inflate": 0.001,
							"uv": {
								"north": {"uv": [53, 36], "uv_size": [1, 1]},
								"east": {"uv": [48, 9], "uv_size": [2, 1]},
								"south": {"uv": [37, 53], "uv_size": [1, 1]},
								"west": {"uv": [10, 48], "uv_size": [2, 1]},
								"up": {"uv": [48, 10], "uv_size": [1, 2]},
								"down": {"uv": [12, 50], "uv_size": [1, -2]}
							}
						},
						{
							"origin": [-2.2, 24.22592, -37.16],
							"size": [0.4, 0.4, 0.14],
							"inflate": 0.001,
							"pivot": [-2.02827, 24.37592, -36.94037],
							"rotation": [46.0287, 0, 0],
							"uv": {
								"north": {"uv": [53, 37], "uv_size": [1, 1]},
								"east": {"uv": [38, 53], "uv_size": [1, 1]},
								"south": {"uv": [53, 38], "uv_size": [1, 1]},
								"west": {"uv": [39, 53], "uv_size": [1, 1]},
								"up": {"uv": [53, 39], "uv_size": [1, 1]},
								"down": {"uv": [40, 54], "uv_size": [1, -1]}
							}
						},
						{
							"origin": [-2.2, 24.32592, -37.06],
							"size": [0.4, 0.2, 0.14],
							"inflate": 0.001,
							"pivot": [-2.02827, 24.37592, -36.94037],
							"rotation": [46.0287, 0, 0],
							"uv": {
								"north": {"uv": [53, 40], "uv_size": [1, 1]},
								"east": {"uv": [41, 53], "uv_size": [1, 1]},
								"south": {"uv": [53, 41], "uv_size": [1, 1]},
								"west": {"uv": [42, 53], "uv_size": [1, 1]},
								"up": {"uv": [53, 42], "uv_size": [1, 1]},
								"down": {"uv": [43, 54], "uv_size": [1, -1]}
							}
						},
						{
							"origin": [-2.2, 24.32592, -35.08],
							"size": [0.4, 0.2, 0.14],
							"inflate": 0.001,
							"pivot": [-2.02827, 24.37592, -35.05963],
							"rotation": [-46.0287, 0, 0],
							"uv": {
								"north": {"uv": [53, 43], "uv_size": [1, 1]},
								"east": {"uv": [44, 53], "uv_size": [1, 1]},
								"south": {"uv": [53, 44], "uv_size": [1, 1]},
								"west": {"uv": [45, 53], "uv_size": [1, 1]},
								"up": {"uv": [53, 45], "uv_size": [1, 1]},
								"down": {"uv": [46, 54], "uv_size": [1, -1]}
							}
						},
						{
							"origin": [-2.2, 24.22592, -34.98],
							"size": [0.4, 0.4, 0.14],
							"inflate": 0.001,
							"pivot": [-2.02827, 24.37592, -35.05963],
							"rotation": [-46.0287, 0, 0],
							"uv": {
								"north": {"uv": [53, 46], "uv_size": [1, 1]},
								"east": {"uv": [47, 53], "uv_size": [1, 1]},
								"south": {"uv": [53, 47], "uv_size": [1, 1]},
								"west": {"uv": [48, 53], "uv_size": [1, 1]},
								"up": {"uv": [53, 48], "uv_size": [1, 1]},
								"down": {"uv": [49, 54], "uv_size": [1, -1]}
							}
						},
						{
							"origin": [-2.23, 24.4, -35],
							"size": [0.4, 0.3, 2],
							"inflate": 0.001,
							"uv": {
								"north": {"uv": [53, 49], "uv_size": [1, 1]},
								"east": {"uv": [48, 12], "uv_size": [2, 1]},
								"south": {"uv": [50, 53], "uv_size": [1, 1]},
								"west": {"uv": [13, 48], "uv_size": [2, 1]},
								"up": {"uv": [48, 13], "uv_size": [1, 2]},
								"down": {"uv": [15, 50], "uv_size": [1, -2]}
							}
						},
						{
							"origin": [-2.2, 24.22592, -33.16],
							"size": [0.4, 0.4, 0.14],
							"inflate": 0.001,
							"pivot": [-2.02827, 24.37592, -32.94037],
							"rotation": [46.0287, 0, 0],
							"uv": {
								"north": {"uv": [53, 50], "uv_size": [1, 1]},
								"east": {"uv": [51, 53], "uv_size": [1, 1]},
								"south": {"uv": [53, 51], "uv_size": [1, 1]},
								"west": {"uv": [52, 53], "uv_size": [1, 1]},
								"up": {"uv": [53, 52], "uv_size": [1, 1]},
								"down": {"uv": [53, 54], "uv_size": [1, -1]}
							}
						},
						{
							"origin": [-2.23, 24, -33],
							"size": [0.4, 0.7, 2.7],
							"inflate": 0.001,
							"uv": {
								"north": {"uv": [0, 54], "uv_size": [1, 1]},
								"east": {"uv": [14, 45], "uv_size": [3, 1]},
								"south": {"uv": [54, 0], "uv_size": [1, 1]},
								"west": {"uv": [45, 14], "uv_size": [3, 1]},
								"up": {"uv": [10, 45], "uv_size": [1, 3]},
								"down": {"uv": [11, 48], "uv_size": [1, -3]}
							}
						},
						{
							"origin": [-2.2, 24.32592, -33.06],
							"size": [0.4, 0.2, 0.14],
							"inflate": 0.001,
							"pivot": [-2.02827, 24.37592, -32.94037],
							"rotation": [46.0287, 0, 0],
							"uv": {
								"north": {"uv": [1, 54], "uv_size": [1, 1]},
								"east": {"uv": [54, 1], "uv_size": [1, 1]},
								"south": {"uv": [2, 54], "uv_size": [1, 1]},
								"west": {"uv": [54, 2], "uv_size": [1, 1]},
								"up": {"uv": [3, 54], "uv_size": [1, 1]},
								"down": {"uv": [54, 4], "uv_size": [1, -1]}
							}
						},
						{
							"origin": [-2.23, 24, -30.3],
							"size": [1.4, 0.7, 0.3],
							"inflate": 0.001,
							"uv": {
								"north": {"uv": [4, 54], "uv_size": [1, 1]},
								"east": {"uv": [54, 4], "uv_size": [1, 1]},
								"south": {"uv": [5, 54], "uv_size": [1, 1]},
								"west": {"uv": [54, 5], "uv_size": [1, 1]},
								"up": {"uv": [6, 54], "uv_size": [1, 1]},
								"down": {"uv": [54, 7], "uv_size": [1, -1]}
							}
						},
						{
							"origin": [-2.25, 21.5, -45.7],
							"size": [0.5, 2.3, 15.4],
							"inflate": 0.001,
							"uv": {
								"north": {"uv": [48, 15], "uv_size": [1, 2]},
								"east": {"uv": [4, 12], "uv_size": [15, 2]},
								"south": {"uv": [16, 48], "uv_size": [1, 2]},
								"west": {"uv": [4, 14], "uv_size": [15, 2]},
								"up": {"uv": [34, 29], "uv_size": [1, 15]},
								"down": {"uv": [2, 50], "uv_size": [1, -15]}
							}
						},
						{
							"origin": [-1.25, 19.9, -23.2],
							"size": [2.6, 0.6, 0.3],
							"inflate": 0.001,
							"uv": {
								"north": {"uv": [45, 15], "uv_size": [3, 1]},
								"east": {"uv": [7, 54], "uv_size": [1, 1]},
								"south": {"uv": [45, 16], "uv_size": [3, 1]},
								"west": {"uv": [54, 7], "uv_size": [1, 1]},
								"up": {"uv": [18, 45], "uv_size": [3, 1]},
								"down": {"uv": [45, 24], "uv_size": [3, -1]}
							}
						}
					]
				},
				{
					"name": "bone7",
					"parent": "handguard",
					"pivot": [1.80748, 19.39026, -27.001],
					"cubes": [
						{
							"origin": [1.80648, 19.39126, -24.6],
							"size": [0.3, 1.15, 0.2],
							"inflate": 0.001,
							"pivot": [1.80748, 19.39026, -25.901],
							"rotation": [-142.85194, 0.90072, 147.14672],
							"uv": {
								"north": {"uv": [49, 39], "uv_size": [1, 1]},
								"east": {"uv": [40, 49], "uv_size": [1, 1]},
								"south": {"uv": [49, 40], "uv_size": [1, 1]},
								"west": {"uv": [41, 49], "uv_size": [1, 1]},
								"up": {"uv": [49, 41], "uv_size": [1, 1]},
								"down": {"uv": [42, 50], "uv_size": [1, -1]}
							}
						},
						{
							"origin": [1.80648, 19.39126, -25.9],
							"size": [0.4, 1.15, 1.3],
							"inflate": 0.001,
							"pivot": [1.80748, 19.39026, -25.901],
							"rotation": [-142.85194, 0.90072, 147.14672],
							"uv": {
								"north": {"uv": [49, 42], "uv_size": [1, 1]},
								"east": {"uv": [43, 49], "uv_size": [1, 1]},
								"south": {"uv": [49, 43], "uv_size": [1, 1]},
								"west": {"uv": [44, 49], "uv_size": [1, 1]},
								"up": {"uv": [49, 44], "uv_size": [1, 1]},
								"down": {"uv": [45, 50], "uv_size": [1, -1]}
							}
						},
						{
							"origin": [0.95, 18.9, -25.898],
							"size": [0.1, 1.15, 3.8],
							"inflate": 0.001,
							"pivot": [1.051, 18.899, -25.899],
							"rotation": [-140.72696, 17.47487, 160.26023],
							"uv": {
								"north": {"uv": [49, 45], "uv_size": [1, 1]},
								"east": {"uv": [39, 40], "uv_size": [4, 1]},
								"south": {"uv": [46, 49], "uv_size": [1, 1]},
								"west": {"uv": [41, 4], "uv_size": [4, 1]},
								"up": {"uv": [4, 41], "uv_size": [1, 4]},
								"down": {"uv": [5, 45], "uv_size": [1, -4]}
							}
						},
						{
							"origin": [0.75, 18.9, -25.298],
							"size": [0.2, 1.15, 0.7],
							"inflate": 0.001,
							"pivot": [1.051, 18.899, -25.899],
							"rotation": [-140.72696, 17.47487, 160.26023],
							"uv": {
								"north": {"uv": [49, 46], "uv_size": [1, 1]},
								"east": {"uv": [47, 49], "uv_size": [1, 1]},
								"south": {"uv": [49, 47], "uv_size": [1, 1]},
								"west": {"uv": [48, 49], "uv_size": [1, 1]},
								"up": {"uv": [49, 48], "uv_size": [1, 1]},
								"down": {"uv": [49, 50], "uv_size": [1, -1]}
							}
						},
						{
							"origin": [2.20648, 19.39126, -25.7],
							"size": [0.2, 1.15, 0.5],
							"inflate": 0.001,
							"pivot": [1.80748, 19.39026, -25.901],
							"rotation": [-142.85194, 0.90072, 147.14672],
							"uv": {
								"north": {"uv": [0, 50], "uv_size": [1, 1]},
								"east": {"uv": [50, 0], "uv_size": [1, 1]},
								"south": {"uv": [1, 50], "uv_size": [1, 1]},
								"west": {"uv": [50, 1], "uv_size": [1, 1]},
								"up": {"uv": [2, 50], "uv_size": [1, 1]},
								"down": {"uv": [50, 3], "uv_size": [1, -1]}
							}
						},
						{
							"origin": [2.40648, 19.39126, -25.7],
							"size": [0.1, 1.15, 0.3],
							"inflate": 0.001,
							"pivot": [1.80748, 19.39026, -25.901],
							"rotation": [-142.85194, 0.90072, 147.14672],
							"uv": {
								"north": {"uv": [3, 50], "uv_size": [1, 1]},
								"east": {"uv": [50, 3], "uv_size": [1, 1]},
								"south": {"uv": [4, 50], "uv_size": [1, 1]},
								"west": {"uv": [50, 4], "uv_size": [1, 1]},
								"up": {"uv": [5, 50], "uv_size": [1, 1]},
								"down": {"uv": [50, 6], "uv_size": [1, -1]}
							}
						},
						{
							"origin": [2.20648, 19.39126, -25.9],
							"size": [0.4, 1.15, 0.2],
							"inflate": 0.001,
							"pivot": [1.80748, 19.39026, -25.901],
							"rotation": [-142.85194, 0.90072, 147.14672],
							"uv": {
								"north": {"uv": [6, 50], "uv_size": [1, 1]},
								"east": {"uv": [50, 6], "uv_size": [1, 1]},
								"south": {"uv": [7, 50], "uv_size": [1, 1]},
								"west": {"uv": [50, 7], "uv_size": [1, 1]},
								"up": {"uv": [8, 50], "uv_size": [1, 1]},
								"down": {"uv": [50, 9], "uv_size": [1, -1]}
							}
						},
						{
							"origin": [2.48, 19.39126, -25.7],
							"size": [0.1, 1.15, 0.1],
							"inflate": 0.001,
							"pivot": [1.80748, 19.39026, -25.901],
							"rotation": [-142.85194, 0.90072, 147.14672],
							"uv": {
								"north": {"uv": [9, 50], "uv_size": [1, 1]},
								"east": {"uv": [50, 9], "uv_size": [1, 1]},
								"south": {"uv": [10, 50], "uv_size": [1, 1]},
								"west": {"uv": [50, 10], "uv_size": [1, 1]},
								"up": {"uv": [11, 50], "uv_size": [1, 1]},
								"down": {"uv": [50, 12], "uv_size": [1, -1]}
							}
						}
					]
				},
				{
					"name": "bone8",
					"parent": "handguard",
					"pivot": [-1.80748, 19.39026, -27.001],
					"cubes": [
						{
							"origin": [-2.10648, 19.39126, -24.6],
							"size": [0.3, 1.15, 0.2],
							"inflate": 0.001,
							"pivot": [-1.80748, 19.39026, -25.901],
							"rotation": [-142.85194, -0.90072, -147.14672],
							"uv": {
								"north": {"uv": [12, 50], "uv_size": [1, 1]},
								"east": {"uv": [50, 12], "uv_size": [1, 1]},
								"south": {"uv": [13, 50], "uv_size": [1, 1]},
								"west": {"uv": [50, 13], "uv_size": [1, 1]},
								"up": {"uv": [14, 50], "uv_size": [1, 1]},
								"down": {"uv": [50, 15], "uv_size": [1, -1]}
							}
						},
						{
							"origin": [-2.20648, 19.39126, -25.9],
							"size": [0.4, 1.15, 1.3],
							"inflate": 0.001,
							"pivot": [-1.80748, 19.39026, -25.901],
							"rotation": [-142.85194, -0.90072, -147.14672],
							"uv": {
								"north": {"uv": [15, 50], "uv_size": [1, 1]},
								"east": {"uv": [50, 15], "uv_size": [1, 1]},
								"south": {"uv": [16, 50], "uv_size": [1, 1]},
								"west": {"uv": [50, 16], "uv_size": [1, 1]},
								"up": {"uv": [17, 50], "uv_size": [1, 1]},
								"down": {"uv": [50, 18], "uv_size": [1, -1]}
							}
						},
						{
							"origin": [-1.05, 18.9, -25.898],
							"size": [0.1, 1.15, 3.8],
							"inflate": 0.001,
							"pivot": [-1.051, 18.899, -25.899],
							"rotation": [-140.72696, -17.47487, -160.26023],
							"uv": {
								"north": {"uv": [18, 50], "uv_size": [1, 1]},
								"east": {"uv": [41, 5], "uv_size": [4, 1]},
								"south": {"uv": [50, 18], "uv_size": [1, 1]},
								"west": {"uv": [41, 6], "uv_size": [4, 1]},
								"up": {"uv": [10, 41], "uv_size": [1, 4]},
								"down": {"uv": [11, 45], "uv_size": [1, -4]}
							}
						},
						{
							"origin": [-0.95, 18.9, -25.298],
							"size": [0.2, 1.15, 0.7],
							"inflate": 0.001,
							"pivot": [-1.051, 18.899, -25.899],
							"rotation": [-140.72696, -17.47487, -160.26023],
							"uv": {
								"north": {"uv": [19, 50], "uv_size": [1, 1]},
								"east": {"uv": [50, 19], "uv_size": [1, 1]},
								"south": {"uv": [20, 50], "uv_size": [1, 1]},
								"west": {"uv": [50, 20], "uv_size": [1, 1]},
								"up": {"uv": [21, 50], "uv_size": [1, 1]},
								"down": {"uv": [50, 22], "uv_size": [1, -1]}
							}
						},
						{
							"origin": [-2.40648, 19.39126, -25.7],
							"size": [0.2, 1.15, 0.5],
							"inflate": 0.001,
							"pivot": [-1.80748, 19.39026, -25.901],
							"rotation": [-142.85194, -0.90072, -147.14672],
							"uv": {
								"north": {"uv": [22, 50], "uv_size": [1, 1]},
								"east": {"uv": [50, 22], "uv_size": [1, 1]},
								"south": {"uv": [23, 50], "uv_size": [1, 1]},
								"west": {"uv": [50, 23], "uv_size": [1, 1]},
								"up": {"uv": [24, 50], "uv_size": [1, 1]},
								"down": {"uv": [50, 25], "uv_size": [1, -1]}
							}
						},
						{
							"origin": [-2.50648, 19.39126, -25.7],
							"size": [0.1, 1.15, 0.3],
							"inflate": 0.001,
							"pivot": [-1.80748, 19.39026, -25.901],
							"rotation": [-142.85194, -0.90072, -147.14672],
							"uv": {
								"north": {"uv": [25, 50], "uv_size": [1, 1]},
								"east": {"uv": [50, 25], "uv_size": [1, 1]},
								"south": {"uv": [26, 50], "uv_size": [1, 1]},
								"west": {"uv": [50, 26], "uv_size": [1, 1]},
								"up": {"uv": [27, 50], "uv_size": [1, 1]},
								"down": {"uv": [50, 28], "uv_size": [1, -1]}
							}
						},
						{
							"origin": [-2.60648, 19.39126, -25.9],
							"size": [0.4, 1.15, 0.2],
							"inflate": 0.001,
							"pivot": [-1.80748, 19.39026, -25.901],
							"rotation": [-142.85194, -0.90072, -147.14672],
							"uv": {
								"north": {"uv": [28, 50], "uv_size": [1, 1]},
								"east": {"uv": [50, 28], "uv_size": [1, 1]},
								"south": {"uv": [29, 50], "uv_size": [1, 1]},
								"west": {"uv": [50, 29], "uv_size": [1, 1]},
								"up": {"uv": [30, 50], "uv_size": [1, 1]},
								"down": {"uv": [50, 31], "uv_size": [1, -1]}
							}
						},
						{
							"origin": [-2.58, 19.39126, -25.7],
							"size": [0.1, 1.15, 0.1],
							"inflate": 0.001,
							"pivot": [-1.80748, 19.39026, -25.901],
							"rotation": [-142.85194, -0.90072, -147.14672],
							"uv": {
								"north": {"uv": [31, 50], "uv_size": [1, 1]},
								"east": {"uv": [50, 31], "uv_size": [1, 1]},
								"south": {"uv": [32, 50], "uv_size": [1, 1]},
								"west": {"uv": [50, 32], "uv_size": [1, 1]},
								"up": {"uv": [33, 50], "uv_size": [1, 1]},
								"down": {"uv": [50, 34], "uv_size": [1, -1]}
							}
						}
					]
				},
				{
					"name": "bone9",
					"parent": "handguard",
					"pivot": [2.06297, 20.76879, -27.001],
					"cubes": [
						{
							"origin": [1.24394, 19.02297, -25.84066],
							"size": [0.1, 0.85, 1.5],
							"inflate": 0.001,
							"pivot": [1.61284, 19.15508, -25.90258],
							"rotation": [-150.05639, 24.30047, 113.45757],
							"uv": {
								"north": {"uv": [41, 50], "uv_size": [1, 1]},
								"east": {"uv": [46, 28], "uv_size": [2, 1]},
								"south": {"uv": [50, 41], "uv_size": [1, 1]},
								"west": {"uv": [30, 46], "uv_size": [2, 1]},
								"up": {"uv": [46, 37], "uv_size": [1, 2]},
								"down": {"uv": [38, 48], "uv_size": [1, -2]}
							}
						},
						{
							"origin": [0.94394, 19.02297, -25.54066],
							"size": [0.3, 0.85, 0.8],
							"inflate": 0.001,
							"pivot": [1.61284, 19.15508, -25.90258],
							"rotation": [-150.05639, 24.30047, 113.45757],
							"uv": {
								"north": {"uv": [42, 50], "uv_size": [1, 1]},
								"east": {"uv": [50, 42], "uv_size": [1, 1]},
								"south": {"uv": [43, 50], "uv_size": [1, 1]},
								"west": {"uv": [50, 43], "uv_size": [1, 1]},
								"up": {"uv": [44, 50], "uv_size": [1, 1]},
								"down": {"uv": [50, 45], "uv_size": [1, -1]}
							}
						},
						{
							"origin": [0.64588, 19.01473, -25.88767],
							"size": [0.1, 0.85, 1],
							"inflate": 0.001,
							"pivot": [1.61284, 19.15508, -25.90258],
							"rotation": [-152.93922, -0.42456, 99.90473],
							"uv": {
								"north": {"uv": [45, 50], "uv_size": [1, 1]},
								"east": {"uv": [50, 45], "uv_size": [1, 1]},
								"south": {"uv": [46, 50], "uv_size": [1, 1]},
								"west": {"uv": [50, 46], "uv_size": [1, 1]},
								"up": {"uv": [47, 50], "uv_size": [1, 1]},
								"down": {"uv": [50, 48], "uv_size": [1, -1]}
							}
						},
						{
							"origin": [2.25799, 21.50602, -25.9],
							"size": [1.5, 0.85, 1.5],
							"inflate": 0.001,
							"pivot": [2.25699, 21.50502, -25.901],
							"rotation": [-152.97361, -0.4433, 102.1407],
							"uv": {
								"north": {"uv": [39, 46], "uv_size": [2, 1]},
								"east": {"uv": [46, 40], "uv_size": [2, 1]},
								"south": {"uv": [43, 46], "uv_size": [2, 1]},
								"west": {"uv": [46, 43], "uv_size": [2, 1]},
								"up": {"uv": [12, 41], "uv_size": [2, 2]},
								"down": {"uv": [41, 21], "uv_size": [2, -2]}
							}
						},
						{
							"origin": [0.74588, 19.01473, -25.68767],
							"size": [0.3, 0.85, 0.1],
							"inflate": 0.001,
							"pivot": [1.61284, 19.15508, -25.90258],
							"rotation": [-152.93922, -0.42456, 99.90473],
							"uv": {
								"north": {"uv": [48, 50], "uv_size": [1, 1]},
								"east": {"uv": [50, 48], "uv_size": [1, 1]},
								"south": {"uv": [49, 50], "uv_size": [1, 1]},
								"west": {"uv": [50, 49], "uv_size": [1, 1]},
								"up": {"uv": [50, 50], "uv_size": [1, 1]},
								"down": {"uv": [0, 52], "uv_size": [1, -1]}
							}
						},
						{
							"origin": [0.74588, 19.01473, -25.78767],
							"size": [0.4, 0.85, 0.1],
							"inflate": 0.001,
							"pivot": [1.61284, 19.15508, -25.90258],
							"rotation": [-152.93922, -0.42456, 99.90473],
							"uv": {
								"north": {"uv": [51, 0], "uv_size": [1, 1]},
								"east": {"uv": [1, 51], "uv_size": [1, 1]},
								"south": {"uv": [51, 1], "uv_size": [1, 1]},
								"west": {"uv": [2, 51], "uv_size": [1, 1]},
								"up": {"uv": [51, 2], "uv_size": [1, 1]},
								"down": {"uv": [3, 52], "uv_size": [1, -1]}
							}
						},
						{
							"origin": [0.74588, 19.01473, -25.88767],
							"size": [0.5, 0.85, 0.1],
							"inflate": 0.001,
							"pivot": [1.61284, 19.15508, -25.90258],
							"rotation": [-152.93922, -0.42456, 99.90473],
							"uv": {
								"north": {"uv": [51, 3], "uv_size": [1, 1]},
								"east": {"uv": [4, 51], "uv_size": [1, 1]},
								"south": {"uv": [51, 4], "uv_size": [1, 1]},
								"west": {"uv": [5, 51], "uv_size": [1, 1]},
								"up": {"uv": [51, 5], "uv_size": [1, 1]},
								"down": {"uv": [6, 52], "uv_size": [1, -1]}
							}
						},
						{
							"origin": [0.64588, 19.01473, -25.98767],
							"size": [0.6, 0.85, 0.1],
							"inflate": 0.001,
							"pivot": [1.61284, 19.15508, -25.90258],
							"rotation": [-152.93922, -0.42456, 99.90473],
							"uv": {
								"north": {"uv": [51, 6], "uv_size": [1, 1]},
								"east": {"uv": [7, 51], "uv_size": [1, 1]},
								"south": {"uv": [51, 7], "uv_size": [1, 1]},
								"west": {"uv": [8, 51], "uv_size": [1, 1]},
								"up": {"uv": [51, 8], "uv_size": [1, 1]},
								"down": {"uv": [9, 52], "uv_size": [1, -1]}
							}
						}
					]
				},
				{
					"name": "bone10",
					"parent": "handguard",
					"pivot": [-2.06297, 20.76879, -27.001],
					"cubes": [
						{
							"origin": [-1.34394, 19.02297, -25.84066],
							"size": [0.1, 0.85, 1.5],
							"inflate": 0.001,
							"pivot": [-1.61284, 19.15508, -25.90258],
							"rotation": [-150.05639, -24.30047, -113.45757],
							"uv": {
								"north": {"uv": [51, 9], "uv_size": [1, 1]},
								"east": {"uv": [46, 44], "uv_size": [2, 1]},
								"south": {"uv": [10, 51], "uv_size": [1, 1]},
								"west": {"uv": [46, 45], "uv_size": [2, 1]},
								"up": {"uv": [46, 46], "uv_size": [1, 2]},
								"down": {"uv": [47, 4], "uv_size": [1, -2]}
							}
						},
						{
							"origin": [-1.24394, 19.02297, -25.54066],
							"size": [0.3, 0.85, 0.8],
							"inflate": 0.001,
							"pivot": [-1.61284, 19.15508, -25.90258],
							"rotation": [-150.05639, -24.30047, -113.45757],
							"uv": {
								"north": {"uv": [51, 10], "uv_size": [1, 1]},
								"east": {"uv": [11, 51], "uv_size": [1, 1]},
								"south": {"uv": [51, 11], "uv_size": [1, 1]},
								"west": {"uv": [12, 51], "uv_size": [1, 1]},
								"up": {"uv": [51, 12], "uv_size": [1, 1]},
								"down": {"uv": [13, 52], "uv_size": [1, -1]}
							}
						},
						{
							"origin": [-0.74588, 19.01473, -25.88767],
							"size": [0.1, 0.85, 1],
							"inflate": 0.001,
							"pivot": [-1.61284, 19.15508, -25.90258],
							"rotation": [-152.93922, 0.42456, -99.90473],
							"uv": {
								"north": {"uv": [51, 13], "uv_size": [1, 1]},
								"east": {"uv": [14, 51], "uv_size": [1, 1]},
								"south": {"uv": [51, 14], "uv_size": [1, 1]},
								"west": {"uv": [15, 51], "uv_size": [1, 1]},
								"up": {"uv": [51, 15], "uv_size": [1, 1]},
								"down": {"uv": [16, 52], "uv_size": [1, -1]}
							}
						},
						{
							"origin": [-3.75799, 21.50602, -25.9],
							"size": [1.5, 0.85, 1.5],
							"inflate": 0.001,
							"pivot": [-2.25699, 21.50502, -25.901],
							"rotation": [-152.97361, 0.4433, -102.1407],
							"uv": {
								"north": {"uv": [5, 47], "uv_size": [2, 1]},
								"east": {"uv": [7, 47], "uv_size": [2, 1]},
								"south": {"uv": [12, 47], "uv_size": [2, 1]},
								"west": {"uv": [14, 47], "uv_size": [2, 1]},
								"up": {"uv": [41, 21], "uv_size": [2, 2]},
								"down": {"uv": [24, 43], "uv_size": [2, -2]}
							}
						},
						{
							"origin": [-1.04588, 19.01473, -25.68767],
							"size": [0.3, 0.85, 0.1],
							"inflate": 0.001,
							"pivot": [-1.61284, 19.15508, -25.90258],
							"rotation": [-152.93922, 0.42456, -99.90473],
							"uv": {
								"north": {"uv": [51, 16], "uv_size": [1, 1]},
								"east": {"uv": [17, 51], "uv_size": [1, 1]},
								"south": {"uv": [51, 17], "uv_size": [1, 1]},
								"west": {"uv": [18, 51], "uv_size": [1, 1]},
								"up": {"uv": [51, 18], "uv_size": [1, 1]},
								"down": {"uv": [19, 52], "uv_size": [1, -1]}
							}
						},
						{
							"origin": [-1.14588, 19.01473, -25.78767],
							"size": [0.4, 0.85, 0.1],
							"inflate": 0.001,
							"pivot": [-1.61284, 19.15508, -25.90258],
							"rotation": [-152.93922, 0.42456, -99.90473],
							"uv": {
								"north": {"uv": [51, 19], "uv_size": [1, 1]},
								"east": {"uv": [20, 51], "uv_size": [1, 1]},
								"south": {"uv": [51, 20], "uv_size": [1, 1]},
								"west": {"uv": [21, 51], "uv_size": [1, 1]},
								"up": {"uv": [51, 21], "uv_size": [1, 1]},
								"down": {"uv": [22, 52], "uv_size": [1, -1]}
							}
						},
						{
							"origin": [-1.24588, 19.01473, -25.88767],
							"size": [0.5, 0.85, 0.1],
							"inflate": 0.001,
							"pivot": [-1.61284, 19.15508, -25.90258],
							"rotation": [-152.93922, 0.42456, -99.90473],
							"uv": {
								"north": {"uv": [51, 22], "uv_size": [1, 1]},
								"east": {"uv": [23, 51], "uv_size": [1, 1]},
								"south": {"uv": [51, 23], "uv_size": [1, 1]},
								"west": {"uv": [24, 51], "uv_size": [1, 1]},
								"up": {"uv": [51, 24], "uv_size": [1, 1]},
								"down": {"uv": [25, 52], "uv_size": [1, -1]}
							}
						},
						{
							"origin": [-1.24588, 19.01473, -25.98767],
							"size": [0.6, 0.85, 0.1],
							"inflate": 0.001,
							"pivot": [-1.61284, 19.15508, -25.90258],
							"rotation": [-152.93922, 0.42456, -99.90473],
							"uv": {
								"north": {"uv": [51, 25], "uv_size": [1, 1]},
								"east": {"uv": [26, 51], "uv_size": [1, 1]},
								"south": {"uv": [51, 26], "uv_size": [1, 1]},
								"west": {"uv": [27, 51], "uv_size": [1, 1]},
								"up": {"uv": [51, 27], "uv_size": [1, 1]},
								"down": {"uv": [28, 52], "uv_size": [1, -1]}
							}
						}
					]
				},
				{
					"name": "bone13",
					"parent": "handguard",
					"pivot": [-1.90748, 19.99026, -30.801],
					"rotation": [-1.5, 0, 0],
					"cubes": [
						{
							"origin": [-3.83496, 18.31881, -32.00286],
							"size": [0.9, 1.15, 16.1],
							"inflate": 0.001,
							"pivot": [-1.151, 19.799, -30.799],
							"rotation": [180, 0, 147],
							"uv": {
								"north": {"uv": [51, 29], "uv_size": [1, 1]},
								"east": {"uv": [19, 3], "uv_size": [16, 1]},
								"south": {"uv": [30, 51], "uv_size": [1, 1]},
								"west": {"uv": [19, 4], "uv_size": [16, 1]},
								"up": {"uv": [14, 19], "uv_size": [1, 16]},
								"down": {"uv": [15, 35], "uv_size": [1, -16]}
							}
						},
						{
							"origin": [2.93496, 18.31881, -32.00286],
							"size": [0.9, 1.15, 16.1],
							"inflate": 0.001,
							"pivot": [1.151, 19.799, -30.799],
							"rotation": [180, 0, -147],
							"uv": {
								"north": {"uv": [51, 30], "uv_size": [1, 1]},
								"east": {"uv": [19, 5], "uv_size": [16, 1]},
								"south": {"uv": [31, 51], "uv_size": [1, 1]},
								"west": {"uv": [19, 6], "uv_size": [16, 1]},
								"up": {"uv": [16, 19], "uv_size": [1, 16]},
								"down": {"uv": [17, 35], "uv_size": [1, -16]}
							}
						},
						{
							"origin": [-1.15, 19.52884, -45.69514],
							"size": [2.3, 1.5, 16],
							"inflate": 0.001,
							"uv": {
								"north": {"uv": [47, 17], "uv_size": [2, 1]},
								"east": {"uv": [19, 7], "uv_size": [16, 1]},
								"south": {"uv": [47, 18], "uv_size": [2, 1]},
								"west": {"uv": [19, 8], "uv_size": [16, 1]},
								"up": {"uv": [0, 2], "uv_size": [2, 16]},
								"down": {"uv": [2, 18], "uv_size": [2, -16]}
							}
						},
						{
							"origin": [-1.15, 19.52884, -45.99514],
							"size": [2.3, 1.6, 0.3],
							"inflate": 0.001,
							"uv": {
								"north": {"uv": [41, 26], "uv_size": [2, 2]},
								"east": {"uv": [17, 47], "uv_size": [1, 2]},
								"south": {"uv": [41, 32], "uv_size": [2, 2]},
								"west": {"uv": [19, 47], "uv_size": [1, 2]},
								"up": {"uv": [47, 19], "uv_size": [2, 1]},
								"down": {"uv": [20, 48], "uv_size": [2, -1]}
							}
						},
						{
							"origin": [-2.80662, 16.92065, -32.00286],
							"size": [0.6, 0.85, 16.1],
							"inflate": 0.001,
							"pivot": [-1.151, 19.799, -30.799],
							"rotation": [180, 0, 106],
							"uv": {
								"north": {"uv": [51, 31], "uv_size": [1, 1]},
								"east": {"uv": [19, 9], "uv_size": [16, 1]},
								"south": {"uv": [32, 51], "uv_size": [1, 1]},
								"west": {"uv": [19, 10], "uv_size": [16, 1]},
								"up": {"uv": [18, 19], "uv_size": [1, 16]},
								"down": {"uv": [19, 35], "uv_size": [1, -16]}
							}
						},
						{
							"origin": [-3.10662, 16.92065, -32.00286],
							"size": [0.3, 0.85, 8.5],
							"inflate": 0.001,
							"pivot": [-1.151, 19.799, -30.799],
							"rotation": [180, 0, 106],
							"uv": {
								"north": {"uv": [51, 32], "uv_size": [1, 1]},
								"east": {"uv": [35, 12], "uv_size": [9, 1]},
								"south": {"uv": [33, 51], "uv_size": [1, 1]},
								"west": {"uv": [35, 29], "uv_size": [9, 1]},
								"up": {"uv": [17, 35], "uv_size": [1, 9]},
								"down": {"uv": [18, 44], "uv_size": [1, -9]}
							}
						},
						{
							"origin": [0.9788, 19.9992, -35.70162],
							"size": [0.9, 0.85, 3.7],
							"inflate": 0.001,
							"pivot": [1.90748, 19.99026, -30.801],
							"rotation": [180, 0, 106],
							"uv": {
								"north": {"uv": [51, 33], "uv_size": [1, 1]},
								"east": {"uv": [41, 23], "uv_size": [4, 1]},
								"south": {"uv": [34, 51], "uv_size": [1, 1]},
								"west": {"uv": [41, 34], "uv_size": [4, 1]},
								"up": {"uv": [21, 41], "uv_size": [1, 4]},
								"down": {"uv": [35, 45], "uv_size": [1, -4]}
							}
						},
						{
							"origin": [2.80662, 16.92065, -32.00286],
							"size": [0.3, 0.85, 8.5],
							"inflate": 0.001,
							"pivot": [1.151, 19.799, -30.799],
							"rotation": [180, 0, -106],
							"uv": {
								"north": {"uv": [51, 34], "uv_size": [1, 1]},
								"east": {"uv": [35, 30], "uv_size": [9, 1]},
								"south": {"uv": [35, 51], "uv_size": [1, 1]},
								"west": {"uv": [35, 31], "uv_size": [9, 1]},
								"up": {"uv": [19, 35], "uv_size": [1, 9]},
								"down": {"uv": [20, 44], "uv_size": [1, -9]}
							}
						},
						{
							"origin": [2.20662, 16.92065, -32.00286],
							"size": [0.6, 0.85, 16.1],
							"inflate": 0.001,
							"pivot": [1.151, 19.799, -30.799],
							"rotation": [180, 0, -106],
							"uv": {
								"north": {"uv": [51, 35], "uv_size": [1, 1]},
								"east": {"uv": [19, 11], "uv_size": [16, 1]},
								"south": {"uv": [36, 51], "uv_size": [1, 1]},
								"west": {"uv": [19, 12], "uv_size": [16, 1]},
								"up": {"uv": [20, 19], "uv_size": [1, 16]},
								"down": {"uv": [21, 35], "uv_size": [1, -16]}
							}
						},
						{
							"origin": [-3.83496, 18.31881, -15.90286],
							"size": [0.9, 1.15, 0.3],
							"inflate": 0.001,
							"pivot": [-1.151, 19.799, -30.799],
							"rotation": [180, 0, 147],
							"uv": {
								"north": {"uv": [51, 36], "uv_size": [1, 1]},
								"east": {"uv": [37, 51], "uv_size": [1, 1]},
								"south": {"uv": [51, 37], "uv_size": [1, 1]},
								"west": {"uv": [38, 51], "uv_size": [1, 1]},
								"up": {"uv": [51, 38], "uv_size": [1, 1]},
								"down": {"uv": [39, 52], "uv_size": [1, -1]}
							}
						},
						{
							"origin": [2.93496, 18.31881, -15.90286],
							"size": [0.9, 1.15, 0.3],
							"inflate": 0.001,
							"pivot": [1.151, 19.799, -30.799],
							"rotation": [180, 0, -147],
							"uv": {
								"north": {"uv": [51, 39], "uv_size": [1, 1]},
								"east": {"uv": [40, 51], "uv_size": [1, 1]},
								"south": {"uv": [51, 40], "uv_size": [1, 1]},
								"west": {"uv": [41, 51], "uv_size": [1, 1]},
								"up": {"uv": [51, 41], "uv_size": [1, 1]},
								"down": {"uv": [42, 52], "uv_size": [1, -1]}
							}
						},
						{
							"origin": [-1.88, 20.00256, -48.49639],
							"size": [0.5, 0.85, 0.3],
							"inflate": 0.001,
							"pivot": [-1.9075, 19.99031, -47.09576],
							"rotation": [180, 0, -113],
							"uv": {
								"north": {"uv": [51, 42], "uv_size": [1, 1]},
								"east": {"uv": [43, 51], "uv_size": [1, 1]},
								"south": {"uv": [51, 43], "uv_size": [1, 1]},
								"west": {"uv": [44, 51], "uv_size": [1, 1]},
								"up": {"uv": [51, 44], "uv_size": [1, 1]},
								"down": {"uv": [45, 52], "uv_size": [1, -1]}
							}
						},
						{
							"origin": [1.38, 20.00256, -48.49639],
							"size": [0.5, 0.85, 0.3],
							"inflate": 0.001,
							"pivot": [1.9075, 19.99031, -47.09576],
							"rotation": [180, 0, 113],
							"uv": {
								"north": {"uv": [51, 45], "uv_size": [1, 1]},
								"east": {"uv": [46, 51], "uv_size": [1, 1]},
								"south": {"uv": [51, 46], "uv_size": [1, 1]},
								"west": {"uv": [47, 51], "uv_size": [1, 1]},
								"up": {"uv": [51, 47], "uv_size": [1, 1]},
								"down": {"uv": [48, 52], "uv_size": [1, -1]}
							}
						},
						{
							"origin": [-1.8788, 19.9992, -35.70162],
							"size": [0.9, 0.85, 3.7],
							"inflate": 0.001,
							"pivot": [-1.90748, 19.99026, -30.801],
							"rotation": [180, 0, -106],
							"uv": {
								"north": {"uv": [51, 48], "uv_size": [1, 1]},
								"east": {"uv": [36, 41], "uv_size": [4, 1]},
								"south": {"uv": [49, 51], "uv_size": [1, 1]},
								"west": {"uv": [40, 41], "uv_size": [4, 1]},
								"up": {"uv": [7, 42], "uv_size": [1, 4]},
								"down": {"uv": [8, 46], "uv_size": [1, -4]}
							}
						},
						{
							"origin": [3.44682, 20.47574, -71.09962],
							"size": [0.9, 1.15, 3.7],
							"inflate": 0.001,
							"pivot": [2.73451, 20.05159, -48.5],
							"rotation": [180, 0, 147],
							"uv": {
								"north": {"uv": [51, 49], "uv_size": [1, 1]},
								"east": {"uv": [42, 2], "uv_size": [4, 1]},
								"south": {"uv": [50, 51], "uv_size": [1, 1]},
								"west": {"uv": [36, 42], "uv_size": [4, 1]},
								"up": {"uv": [42, 36], "uv_size": [1, 4]},
								"down": {"uv": [40, 46], "uv_size": [1, -4]}
							}
						},
						{
							"origin": [-4.34682, 20.47574, -71.09962],
							"size": [0.9, 1.15, 3.7],
							"inflate": 0.001,
							"pivot": [-2.73451, 20.05159, -48.5],
							"rotation": [180, 0, -147],
							"uv": {
								"north": {"uv": [51, 50], "uv_size": [1, 1]},
								"east": {"uv": [41, 42], "uv_size": [4, 1]},
								"south": {"uv": [51, 51], "uv_size": [1, 1]},
								"west": {"uv": [43, 19], "uv_size": [4, 1]},
								"up": {"uv": [12, 43], "uv_size": [1, 4]},
								"down": {"uv": [13, 47], "uv_size": [1, -4]}
							}
						},
						{
							"origin": [-1.15, 19.52879, -29.70038],
							"size": [2.3, 1.5, 3.7],
							"inflate": 0.001,
							"uv": {
								"north": {"uv": [47, 20], "uv_size": [2, 1]},
								"east": {"uv": [43, 20], "uv_size": [4, 1]},
								"south": {"uv": [47, 21], "uv_size": [2, 1]},
								"west": {"uv": [43, 21], "uv_size": [4, 1]},
								"up": {"uv": [12, 36], "uv_size": [2, 4]},
								"down": {"uv": [4, 41], "uv_size": [2, -4]}
							}
						}
					]
				},
				{
					"name": "bone11",
					"parent": "handguard",
					"pivot": [-1.151, 19.699, -30.799],
					"rotation": [-1, 0, 0]
				},
				{
					"name": "bone12",
					"parent": "bone11",
					"pivot": [1.151, 19.699, -30.699],
					"rotation": [0, -0.26, 0]
				},
				{
					"name": "bone2",
					"parent": "handguard",
					"pivot": [1.78943, 26.24094, -47.099],
					"rotation": [0, 0, 7],
					"cubes": [
						{
							"origin": [1.12206, 25.34523, -46],
							"size": [1.3, 0.85, 0.3],
							"inflate": 0.001,
							"pivot": [0.90706, 24.94523, -46.2],
							"rotation": [0, 0, -41],
							"uv": {
								"north": {"uv": [42, 52], "uv_size": [1, 1]},
								"east": {"uv": [52, 42], "uv_size": [1, 1]},
								"south": {"uv": [43, 52], "uv_size": [1, 1]},
								"west": {"uv": [52, 43], "uv_size": [1, 1]},
								"up": {"uv": [44, 52], "uv_size": [1, 1]},
								"down": {"uv": [52, 45], "uv_size": [1, -1]}
							}
						},
						{
							"origin": [1.62206, 25.34523, -45.7],
							"size": [0.8, 0.85, 15.4],
							"inflate": 0.001,
							"pivot": [0.90706, 24.94523, -45.9],
							"rotation": [0, 0, -41],
							"uv": {
								"north": {"uv": [45, 52], "uv_size": [1, 1]},
								"east": {"uv": [24, 24], "uv_size": [15, 1]},
								"south": {"uv": [52, 45], "uv_size": [1, 1]},
								"west": {"uv": [24, 25], "uv_size": [15, 1]},
								"up": {"uv": [24, 26], "uv_size": [1, 15]},
								"down": {"uv": [25, 41], "uv_size": [1, -15]}
							}
						},
						{
							"origin": [1.62206, 25.34523, -30.3],
							"size": [0.8, 0.85, 0.3],
							"inflate": 0.001,
							"pivot": [0.90706, 24.94523, -44.1],
							"rotation": [0, 0, -41],
							"uv": {
								"north": {"uv": [46, 52], "uv_size": [1, 1]},
								"east": {"uv": [52, 46], "uv_size": [1, 1]},
								"south": {"uv": [47, 52], "uv_size": [1, 1]},
								"west": {"uv": [52, 47], "uv_size": [1, 1]},
								"up": {"uv": [48, 52], "uv_size": [1, 1]},
								"down": {"uv": [52, 49], "uv_size": [1, -1]}
							}
						}
					]
				},
				{
					"name": "bone3",
					"parent": "bone2",
					"pivot": [1.23047, 26.88395, -47.101],
					"rotation": [0, 0, -10],
					"cubes": [
						{
							"origin": [0.41455, 26.78828, -46.003],
							"size": [0.9, 1.2, 0.3],
							"inflate": -0.002,
							"pivot": [-0.78545, 27.58828, -70.403],
							"rotation": [0, 0, 30],
							"uv": {
								"north": {"uv": [35, 52], "uv_size": [1, 1]},
								"east": {"uv": [52, 35], "uv_size": [1, 1]},
								"south": {"uv": [36, 52], "uv_size": [1, 1]},
								"west": {"uv": [52, 36], "uv_size": [1, 1]},
								"up": {"uv": [37, 52], "uv_size": [1, 1]},
								"down": {"uv": [52, 38], "uv_size": [1, -1]}
							}
						},
						{
							"origin": [0.41455, 27.28828, -45.703],
							"size": [0.9, 0.7, 15.4],
							"inflate": -0.002,
							"pivot": [-0.78545, 27.58828, -55.003],
							"rotation": [0, 0, 30],
							"uv": {
								"north": {"uv": [38, 52], "uv_size": [1, 1]},
								"east": {"uv": [22, 22], "uv_size": [15, 1]},
								"south": {"uv": [52, 38], "uv_size": [1, 1]},
								"west": {"uv": [22, 23], "uv_size": [15, 1]},
								"up": {"uv": [22, 24], "uv_size": [1, 15]},
								"down": {"uv": [23, 39], "uv_size": [1, -15]}
							}
						},
						{
							"origin": [0.41455, 27.28828, -30.303],
							"size": [0.9, 0.7, 0.3],
							"inflate": -0.002,
							"pivot": [-0.78545, 27.58828, -54.703],
							"rotation": [0, 0, 30],
							"uv": {
								"north": {"uv": [39, 52], "uv_size": [1, 1]},
								"east": {"uv": [52, 39], "uv_size": [1, 1]},
								"south": {"uv": [40, 52], "uv_size": [1, 1]},
								"west": {"uv": [52, 40], "uv_size": [1, 1]},
								"up": {"uv": [41, 52], "uv_size": [1, 1]},
								"down": {"uv": [52, 42], "uv_size": [1, -1]}
							}
						}
					]
				},
				{
					"name": "bone5",
					"parent": "handguard",
					"pivot": [-1.78943, 26.24094, -47.099],
					"rotation": [0, 0, -7],
					"cubes": [
						{
							"origin": [-2.42206, 25.34523, -46],
							"size": [1.2, 0.85, 0.3],
							"inflate": 0.001,
							"pivot": [-0.90706, 24.94523, -46.2],
							"rotation": [0, 0, 41],
							"uv": {
								"north": {"uv": [53, 3], "uv_size": [1, 1]},
								"east": {"uv": [4, 53], "uv_size": [1, 1]},
								"south": {"uv": [53, 4], "uv_size": [1, 1]},
								"west": {"uv": [5, 53], "uv_size": [1, 1]},
								"up": {"uv": [53, 5], "uv_size": [1, 1]},
								"down": {"uv": [6, 54], "uv_size": [1, -1]}
							}
						},
						{
							"origin": [-2.42206, 25.34523, -45.7],
							"size": [0.8, 0.85, 15.4],
							"inflate": 0.001,
							"pivot": [-0.90706, 24.94523, -45.9],
							"rotation": [0, 0, 41],
							"uv": {
								"north": {"uv": [53, 6], "uv_size": [1, 1]},
								"east": {"uv": [28, 28], "uv_size": [15, 1]},
								"south": {"uv": [7, 53], "uv_size": [1, 1]},
								"west": {"uv": [29, 18], "uv_size": [15, 1]},
								"up": {"uv": [28, 29], "uv_size": [1, 15]},
								"down": {"uv": [29, 44], "uv_size": [1, -15]}
							}
						},
						{
							"origin": [-2.42206, 25.34523, -30.3],
							"size": [0.8, 0.85, 0.3],
							"inflate": 0.001,
							"pivot": [-0.90706, 24.94523, -44.1],
							"rotation": [0, 0, 41],
							"uv": {
								"north": {"uv": [53, 7], "uv_size": [1, 1]},
								"east": {"uv": [8, 53], "uv_size": [1, 1]},
								"south": {"uv": [53, 8], "uv_size": [1, 1]},
								"west": {"uv": [9, 53], "uv_size": [1, 1]},
								"up": {"uv": [53, 9], "uv_size": [1, 1]},
								"down": {"uv": [10, 54], "uv_size": [1, -1]}
							}
						}
					]
				},
				{
					"name": "bone6",
					"parent": "bone5",
					"pivot": [-1.23047, 26.88395, -47.101],
					"rotation": [0, 0, 10],
					"cubes": [
						{
							"origin": [-1.31455, 26.68828, -46.003],
							"size": [0.9, 1.3, 0.3],
							"inflate": -0.002,
							"pivot": [0.78545, 27.58828, -70.403],
							"rotation": [0, 0, -30],
							"uv": {
								"north": {"uv": [49, 52], "uv_size": [1, 1]},
								"east": {"uv": [52, 49], "uv_size": [1, 1]},
								"south": {"uv": [50, 52], "uv_size": [1, 1]},
								"west": {"uv": [52, 50], "uv_size": [1, 1]},
								"up": {"uv": [51, 52], "uv_size": [1, 1]},
								"down": {"uv": [52, 52], "uv_size": [1, -1]}
							}
						},
						{
							"origin": [-1.31455, 27.28828, -45.703],
							"size": [0.9, 0.7, 15.4],
							"inflate": -0.002,
							"pivot": [0.78545, 27.58828, -55.003],
							"rotation": [0, 0, -30],
							"uv": {
								"north": {"uv": [52, 52], "uv_size": [1, 1]},
								"east": {"uv": [26, 26], "uv_size": [15, 1]},
								"south": {"uv": [0, 53], "uv_size": [1, 1]},
								"west": {"uv": [26, 27], "uv_size": [15, 1]},
								"up": {"uv": [26, 28], "uv_size": [1, 15]},
								"down": {"uv": [27, 43], "uv_size": [1, -15]}
							}
						},
						{
							"origin": [-1.31455, 27.28828, -30.303],
							"size": [0.9, 0.7, 0.3],
							"inflate": -0.002,
							"pivot": [0.78545, 27.58828, -54.703],
							"rotation": [0, 0, -30],
							"uv": {
								"north": {"uv": [53, 0], "uv_size": [1, 1]},
								"east": {"uv": [1, 53], "uv_size": [1, 1]},
								"south": {"uv": [53, 1], "uv_size": [1, 1]},
								"west": {"uv": [2, 53], "uv_size": [1, 1]},
								"up": {"uv": [53, 2], "uv_size": [1, 1]},
								"down": {"uv": [3, 54], "uv_size": [1, -1]}
							}
						}
					]
				},
				{
					"name": "bone",
					"parent": "handguard",
					"pivot": [2.231, 24.701, -47.101],
					"rotation": [0, 0, 8],
					"cubes": [
						{
							"origin": [0.53, 24.702, -46],
							"size": [1.7, 1.6, 0.3],
							"inflate": 0.001,
							"pivot": [2.231, 24.701, -47.101],
							"rotation": [0, 0, -24],
							"uv": {
								"north": {"uv": [43, 32], "uv_size": [2, 2]},
								"east": {"uv": [31, 47], "uv_size": [1, 2]},
								"south": {"uv": [36, 43], "uv_size": [2, 2]},
								"west": {"uv": [47, 31], "uv_size": [1, 2]},
								"up": {"uv": [32, 47], "uv_size": [2, 1]},
								"down": {"uv": [47, 34], "uv_size": [2, -1]}
							}
						},
						{
							"origin": [3.41326, 24.75624, -45.7],
							"size": [0.4, 1.6, 15.4],
							"inflate": 0.001,
							"pivot": [3.15022, 21.00381, -48.002],
							"rotation": [0, 0, -24],
							"uv": {
								"north": {"uv": [34, 47], "uv_size": [1, 2]},
								"east": {"uv": [4, 4], "uv_size": [15, 2]},
								"south": {"uv": [47, 34], "uv_size": [1, 2]},
								"west": {"uv": [4, 6], "uv_size": [15, 2]},
								"up": {"uv": [30, 29], "uv_size": [1, 15]},
								"down": {"uv": [31, 44], "uv_size": [1, -15]}
							}
						},
						{
							"origin": [2.11326, 24.75624, -30.3],
							"size": [1.7, 1.6, 0.3],
							"inflate": 0.001,
							"pivot": [3.15022, 21.00381, -48.002],
							"rotation": [0, 0, -24],
							"uv": {
								"north": {"uv": [43, 36], "uv_size": [2, 2]},
								"east": {"uv": [35, 47], "uv_size": [1, 2]},
								"south": {"uv": [38, 43], "uv_size": [2, 2]},
								"west": {"uv": [36, 47], "uv_size": [1, 2]},
								"up": {"uv": [47, 36], "uv_size": [2, 1]},
								"down": {"uv": [47, 38], "uv_size": [2, -1]}
							}
						}
					]
				},
				{
					"name": "bone4",
					"parent": "handguard",
					"pivot": [-2.231, 24.701, -47.101],
					"rotation": [0, 0, -8],
					"cubes": [
						{
							"origin": [-2.23, 24.702, -46],
							"size": [1.7, 1.6, 0.3],
							"inflate": 0.001,
							"pivot": [-2.231, 24.701, -47.101],
							"rotation": [0, 0, 24],
							"uv": {
								"north": {"uv": [43, 38], "uv_size": [2, 2]},
								"east": {"uv": [37, 47], "uv_size": [1, 2]},
								"south": {"uv": [41, 43], "uv_size": [2, 2]},
								"west": {"uv": [47, 38], "uv_size": [1, 2]},
								"up": {"uv": [39, 47], "uv_size": [2, 1]},
								"down": {"uv": [41, 48], "uv_size": [2, -1]}
							}
						},
						{
							"origin": [-3.81326, 24.75624, -45.7],
							"size": [0.4, 1.6, 15.4],
							"inflate": 0.001,
							"pivot": [-3.15022, 21.00381, -48.002],
							"rotation": [0, 0, 24],
							"uv": {
								"north": {"uv": [47, 41], "uv_size": [1, 2]},
								"east": {"uv": [4, 8], "uv_size": [15, 2]},
								"south": {"uv": [43, 47], "uv_size": [1, 2]},
								"west": {"uv": [4, 10], "uv_size": [15, 2]},
								"up": {"uv": [32, 29], "uv_size": [1, 15]},
								"down": {"uv": [33, 44], "uv_size": [1, -15]}
							}
						},
						{
							"origin": [-3.81326, 24.75624, -30.3],
							"size": [1.7, 1.6, 0.3],
							"inflate": 0.001,
							"pivot": [-3.15022, 21.00381, -48.002],
							"rotation": [0, 0, 24],
							"uv": {
								"north": {"uv": [43, 43], "uv_size": [2, 2]},
								"east": {"uv": [44, 47], "uv_size": [1, 2]},
								"south": {"uv": [44, 12], "uv_size": [2, 2]},
								"west": {"uv": [45, 47], "uv_size": [1, 2]},
								"up": {"uv": [47, 46], "uv_size": [2, 1]},
								"down": {"uv": [47, 48], "uv_size": [2, -1]}
							}
						}
					]
				},
				{
					"name": "_ca_handguardak",
					"parent": "main",
					"pivot": [-0.2, 16.35, -31.025],
					"cubes": [
						{"origin": [-0.5, 19.15, -25.425], "size": [1, 1, 1], "uv": [0, 0]}
					]
				}
			]
		}
	]
}