{
	"format_version": "1.12.0",
	"minecraft:geometry": [
		{
			"description": {
				"identifier": "geometry.unknown",
				"texture_width": 64,
				"texture_height": 64,
				"visible_bounds_width": 10,
				"visible_bounds_height": 9,
				"visible_bounds_offset": [0, 2.5, 0]
			},
			"bones": [
				{
					"name": "main",
					"pivot": [0, 20, 0]
				},
				{
					"name": "gun",
					"parent": "main",
					"pivot": [1, 11, -1]
				},
				{
					"name": "handguard",
					"parent": "gun",
					"pivot": [-0.9, 23.9, -52.65],
					"cubes": [
						{
							"origin": [-1.75, 19.3, -27.55],
							"size": [3.7, 1.5, 0.9],
							"uv": {
								"north": {"uv": [31, 4], "uv_size": [4, 2]},
								"east": {"uv": [34, 39], "uv_size": [1, 2]},
								"south": {"uv": [31, 24], "uv_size": [4, 2]},
								"west": {"uv": [39, 34], "uv_size": [1, 2]},
								"up": {"uv": [34, 26], "uv_size": [4, 1]},
								"down": {"uv": [34, 28], "uv_size": [4, -1]}
							}
						},
						{
							"origin": [1.351, 23.59, -30.55],
							"size": [0.5, 1.7, 3.9],
							"uv": {
								"north": {"uv": [39, 19], "uv_size": [1, 2]},
								"east": {"uv": [25, 12], "uv_size": [4, 2]},
								"south": {"uv": [20, 39], "uv_size": [1, 2]},
								"west": {"uv": [29, 12], "uv_size": [4, 2]},
								"up": {"uv": [0, 35], "uv_size": [1, 4]},
								"down": {"uv": [1, 39], "uv_size": [1, -4]}
							}
						},
						{
							"origin": [-1.651, 23.59, -30.55],
							"size": [0.5, 1.7, 3.9],
							"uv": {
								"north": {"uv": [39, 32], "uv_size": [1, 2]},
								"east": {"uv": [28, 30], "uv_size": [4, 2]},
								"south": {"uv": [33, 39], "uv_size": [1, 2]},
								"west": {"uv": [31, 2], "uv_size": [4, 2]},
								"up": {"uv": [2, 35], "uv_size": [1, 4]},
								"down": {"uv": [35, 6], "uv_size": [1, -4]}
							}
						},
						{
							"origin": [1.35, 23.59, -46.75],
							"size": [0.5, 1.7, 0.4],
							"uv": {
								"north": {"uv": [21, 39], "uv_size": [1, 2]},
								"east": {"uv": [39, 21], "uv_size": [1, 2]},
								"south": {"uv": [39, 23], "uv_size": [1, 2]},
								"west": {"uv": [28, 39], "uv_size": [1, 2]},
								"up": {"uv": [45, 2], "uv_size": [1, 1]},
								"down": {"uv": [3, 46], "uv_size": [1, -1]}
							}
						},
						{
							"origin": [-1.65, 23.59, -46.75],
							"size": [0.5, 1.5, 0.4],
							"uv": {
								"north": {"uv": [29, 39], "uv_size": [1, 2]},
								"east": {"uv": [30, 39], "uv_size": [1, 2]},
								"south": {"uv": [31, 39], "uv_size": [1, 2]},
								"west": {"uv": [32, 39], "uv_size": [1, 2]},
								"up": {"uv": [45, 3], "uv_size": [1, 1]},
								"down": {"uv": [4, 46], "uv_size": [1, -1]}
							}
						},
						{
							"origin": [-1.65, 23.6, -46.35],
							"size": [0.5, 2.7, 3.7],
							"uv": {
								"north": {"uv": [35, 33], "uv_size": [1, 3]},
								"east": {"uv": [25, 9], "uv_size": [4, 3]},
								"south": {"uv": [36, 2], "uv_size": [1, 3]},
								"west": {"uv": [24, 27], "uv_size": [4, 3]},
								"up": {"uv": [33, 9], "uv_size": [1, 4]},
								"down": {"uv": [34, 10], "uv_size": [1, -4]}
							}
						},
						{
							"origin": [1.35, 23.6, -46.35],
							"size": [0.5, 2.7, 3.7],
							"uv": {
								"north": {"uv": [3, 36], "uv_size": [1, 3]},
								"east": {"uv": [27, 24], "uv_size": [4, 3]},
								"south": {"uv": [4, 36], "uv_size": [1, 3]},
								"west": {"uv": [28, 27], "uv_size": [4, 3]},
								"up": {"uv": [34, 10], "uv_size": [1, 4]},
								"down": {"uv": [34, 37], "uv_size": [1, -4]}
							}
						},
						{
							"origin": [-1.65, 23.6, -40.65],
							"size": [0.5, 0.5, 1.8],
							"uv": {
								"north": {"uv": [45, 4], "uv_size": [1, 1]},
								"east": {"uv": [39, 25], "uv_size": [2, 1]},
								"south": {"uv": [5, 45], "uv_size": [1, 1]},
								"west": {"uv": [1, 40], "uv_size": [2, 1]},
								"up": {"uv": [40, 2], "uv_size": [1, 2]},
								"down": {"uv": [3, 42], "uv_size": [1, -2]}
							}
						},
						{
							"origin": [-1.65, 23.2, -40.65],
							"size": [0.5, 0.6, 1.8],
							"uv": {
								"north": {"uv": [45, 5], "uv_size": [1, 1]},
								"east": {"uv": [4, 40], "uv_size": [2, 1]},
								"south": {"uv": [6, 45], "uv_size": [1, 1]},
								"west": {"uv": [40, 4], "uv_size": [2, 1]},
								"up": {"uv": [40, 5], "uv_size": [1, 2]},
								"down": {"uv": [6, 42], "uv_size": [1, -2]}
							}
						},
						{
							"origin": [-1.65, 23.2, -46.35],
							"size": [0.5, 0.6, 3.7],
							"uv": {
								"north": {"uv": [26, 46], "uv_size": [1, 1]},
								"east": {"uv": [34, 28], "uv_size": [4, 1]},
								"south": {"uv": [46, 26], "uv_size": [1, 1]},
								"west": {"uv": [3, 35], "uv_size": [4, 1]},
								"up": {"uv": [35, 6], "uv_size": [1, 4]},
								"down": {"uv": [7, 39], "uv_size": [1, -4]}
							}
						},
						{
							"origin": [-1.65, 23.6, -36.85],
							"size": [0.5, 0.5, 1.8],
							"uv": {
								"north": {"uv": [45, 7], "uv_size": [1, 1]},
								"east": {"uv": [10, 40], "uv_size": [2, 1]},
								"south": {"uv": [8, 45], "uv_size": [1, 1]},
								"west": {"uv": [40, 11], "uv_size": [2, 1]},
								"up": {"uv": [12, 40], "uv_size": [1, 2]},
								"down": {"uv": [40, 14], "uv_size": [1, -2]}
							}
						},
						{
							"origin": [-1.65, 23.2, -36.85],
							"size": [0.5, 0.6, 1.8],
							"uv": {
								"north": {"uv": [45, 6], "uv_size": [1, 1]},
								"east": {"uv": [7, 40], "uv_size": [2, 1]},
								"south": {"uv": [7, 45], "uv_size": [1, 1]},
								"west": {"uv": [40, 7], "uv_size": [2, 1]},
								"up": {"uv": [40, 8], "uv_size": [1, 2]},
								"down": {"uv": [9, 42], "uv_size": [1, -2]}
							}
						},
						{
							"origin": [-1.65, 23.2, -33.05],
							"size": [0.5, 0.6, 6.4],
							"uv": {
								"north": {"uv": [45, 11], "uv_size": [1, 1]},
								"east": {"uv": [32, 29], "uv_size": [6, 1]},
								"south": {"uv": [12, 45], "uv_size": [1, 1]},
								"west": {"uv": [30, 32], "uv_size": [6, 1]},
								"up": {"uv": [30, 33], "uv_size": [1, 6]},
								"down": {"uv": [31, 39], "uv_size": [1, -6]}
							}
						},
						{
							"origin": [-1.65, 23.6, -33.05],
							"size": [0.5, 0.5, 0.7],
							"uv": {
								"north": {"uv": [45, 8], "uv_size": [1, 1]},
								"east": {"uv": [9, 45], "uv_size": [1, 1]},
								"south": {"uv": [45, 9], "uv_size": [1, 1]},
								"west": {"uv": [10, 45], "uv_size": [1, 1]},
								"up": {"uv": [45, 10], "uv_size": [1, 1]},
								"down": {"uv": [11, 46], "uv_size": [1, -1]}
							}
						},
						{
							"origin": [1.35, 23.6, -33.05],
							"size": [0.5, 0.5, 0.7],
							"uv": {
								"north": {"uv": [45, 14], "uv_size": [1, 1]},
								"east": {"uv": [15, 45], "uv_size": [1, 1]},
								"south": {"uv": [45, 15], "uv_size": [1, 1]},
								"west": {"uv": [16, 45], "uv_size": [1, 1]},
								"up": {"uv": [45, 16], "uv_size": [1, 1]},
								"down": {"uv": [17, 46], "uv_size": [1, -1]}
							}
						},
						{
							"origin": [1.35, 23.6, -36.85],
							"size": [0.5, 0.5, 1.8],
							"uv": {
								"north": {"uv": [45, 13], "uv_size": [1, 1]},
								"east": {"uv": [40, 17], "uv_size": [2, 1]},
								"south": {"uv": [14, 45], "uv_size": [1, 1]},
								"west": {"uv": [40, 18], "uv_size": [2, 1]},
								"up": {"uv": [40, 19], "uv_size": [1, 2]},
								"down": {"uv": [40, 23], "uv_size": [1, -2]}
							}
						},
						{
							"origin": [1.35, 23.6, -40.65],
							"size": [0.5, 0.5, 1.8],
							"uv": {
								"north": {"uv": [45, 12], "uv_size": [1, 1]},
								"east": {"uv": [13, 40], "uv_size": [2, 1]},
								"south": {"uv": [13, 45], "uv_size": [1, 1]},
								"west": {"uv": [40, 14], "uv_size": [2, 1]},
								"up": {"uv": [15, 40], "uv_size": [1, 2]},
								"down": {"uv": [40, 17], "uv_size": [1, -2]}
							}
						},
						{
							"origin": [-1.65, 24.1, -42.65],
							"size": [0.5, 2.2, 10.3],
							"uv": {
								"north": {"uv": [0, 40], "uv_size": [1, 2]},
								"east": {"uv": [15, 10], "uv_size": [10, 2]},
								"south": {"uv": [40, 0], "uv_size": [1, 2]},
								"west": {"uv": [15, 12], "uv_size": [10, 2]},
								"up": {"uv": [26, 30], "uv_size": [1, 10]},
								"down": {"uv": [27, 40], "uv_size": [1, -10]}
							}
						},
						{
							"origin": [1.35, 24.1, -42.65],
							"size": [0.5, 2.2, 10.3],
							"uv": {
								"north": {"uv": [38, 39], "uv_size": [1, 2]},
								"east": {"uv": [15, 6], "uv_size": [10, 2]},
								"south": {"uv": [39, 39], "uv_size": [1, 2]},
								"west": {"uv": [15, 8], "uv_size": [10, 2]},
								"up": {"uv": [24, 30], "uv_size": [1, 10]},
								"down": {"uv": [25, 40], "uv_size": [1, -10]}
							}
						},
						{
							"origin": [-1.65, 23.6, -32.35],
							"size": [0.5, 2.7, 1.8],
							"uv": {
								"north": {"uv": [6, 36], "uv_size": [1, 3]},
								"east": {"uv": [32, 26], "uv_size": [2, 3]},
								"south": {"uv": [8, 36], "uv_size": [1, 3]},
								"west": {"uv": [28, 32], "uv_size": [2, 3]},
								"up": {"uv": [39, 36], "uv_size": [1, 2]},
								"down": {"uv": [37, 41], "uv_size": [1, -2]}
							}
						},
						{
							"origin": [1.35, 23.6, -32.35],
							"size": [0.5, 2.7, 1.8],
							"uv": {
								"north": {"uv": [5, 36], "uv_size": [1, 3]},
								"east": {"uv": [4, 32], "uv_size": [2, 3]},
								"south": {"uv": [36, 5], "uv_size": [1, 3]},
								"west": {"uv": [6, 32], "uv_size": [2, 3]},
								"up": {"uv": [35, 39], "uv_size": [1, 2]},
								"down": {"uv": [36, 41], "uv_size": [1, -2]}
							}
						},
						{
							"origin": [1.35, 25.1, -46.75],
							"size": [0.5, 1.2, 0.4],
							"uv": {
								"north": {"uv": [28, 44], "uv_size": [1, 1]},
								"east": {"uv": [44, 28], "uv_size": [1, 1]},
								"south": {"uv": [29, 44], "uv_size": [1, 1]},
								"west": {"uv": [44, 29], "uv_size": [1, 1]},
								"up": {"uv": [30, 44], "uv_size": [1, 1]},
								"down": {"uv": [44, 31], "uv_size": [1, -1]}
							}
						},
						{
							"origin": [-1.65, 25.1, -46.75],
							"size": [0.5, 1.2, 0.4],
							"uv": {
								"north": {"uv": [25, 44], "uv_size": [1, 1]},
								"east": {"uv": [44, 25], "uv_size": [1, 1]},
								"south": {"uv": [26, 44], "uv_size": [1, 1]},
								"west": {"uv": [44, 26], "uv_size": [1, 1]},
								"up": {"uv": [27, 44], "uv_size": [1, 1]},
								"down": {"uv": [44, 28], "uv_size": [1, -1]}
							}
						},
						{
							"origin": [-1.64, 25.3, -30.55],
							"size": [0.5, 1, 0.3],
							"uv": {
								"north": {"uv": [22, 44], "uv_size": [1, 1]},
								"east": {"uv": [44, 22], "uv_size": [1, 1]},
								"south": {"uv": [23, 44], "uv_size": [1, 1]},
								"west": {"uv": [44, 23], "uv_size": [1, 1]},
								"up": {"uv": [24, 44], "uv_size": [1, 1]},
								"down": {"uv": [44, 25], "uv_size": [1, -1]}
							}
						},
						{
							"origin": [-1.85, 25.8, -46.35],
							"size": [0.5, 1.25, 15.8],
							"pivot": [-1.1, 25.8, -38.55],
							"rotation": [0, 0, 40],
							"uv": {
								"north": {"uv": [37, 44], "uv_size": [1, 1]},
								"east": {"uv": [21, 20], "uv_size": [16, 1]},
								"south": {"uv": [44, 37], "uv_size": [1, 1]},
								"west": {"uv": [21, 21], "uv_size": [16, 1]},
								"up": {"uv": [11, 21], "uv_size": [1, 16]},
								"down": {"uv": [12, 37], "uv_size": [1, -16]}
							}
						},
						{
							"origin": [-1.84, 25.8, -30.55],
							"size": [0.5, 1.25, 0.3],
							"pivot": [-1.1, 25.8, -38.55],
							"rotation": [0, 0, 40],
							"uv": {
								"north": {"uv": [34, 44], "uv_size": [1, 1]},
								"east": {"uv": [44, 34], "uv_size": [1, 1]},
								"south": {"uv": [35, 44], "uv_size": [1, 1]},
								"west": {"uv": [44, 35], "uv_size": [1, 1]},
								"up": {"uv": [36, 44], "uv_size": [1, 1]},
								"down": {"uv": [44, 37], "uv_size": [1, -1]}
							}
						},
						{
							"origin": [-1.85, 25.8, -46.75],
							"size": [0.5, 1.25, 0.4],
							"pivot": [-1.1, 25.8, -38.55],
							"rotation": [0, 0, 40],
							"uv": {
								"north": {"uv": [31, 44], "uv_size": [1, 1]},
								"east": {"uv": [44, 31], "uv_size": [1, 1]},
								"south": {"uv": [32, 44], "uv_size": [1, 1]},
								"west": {"uv": [44, 32], "uv_size": [1, 1]},
								"up": {"uv": [33, 44], "uv_size": [1, 1]},
								"down": {"uv": [44, 34], "uv_size": [1, -1]}
							}
						},
						{
							"origin": [1.35, 26.5, -46.35],
							"size": [0.5, 1.2, 15.8],
							"pivot": [2.1, 26.4, -38.55],
							"rotation": [0, 0, -40],
							"uv": {
								"north": {"uv": [45, 1], "uv_size": [1, 1]},
								"east": {"uv": [21, 22], "uv_size": [16, 1]},
								"south": {"uv": [2, 45], "uv_size": [1, 1]},
								"west": {"uv": [21, 23], "uv_size": [16, 1]},
								"up": {"uv": [15, 21], "uv_size": [1, 16]},
								"down": {"uv": [16, 37], "uv_size": [1, -16]}
							}
						},
						{
							"origin": [1.36, 26.5, -30.55],
							"size": [0.5, 1.2, 0.3],
							"pivot": [2.1, 26.4, -38.55],
							"rotation": [0, 0, -40],
							"uv": {
								"north": {"uv": [41, 44], "uv_size": [1, 1]},
								"east": {"uv": [44, 41], "uv_size": [1, 1]},
								"south": {"uv": [42, 44], "uv_size": [1, 1]},
								"west": {"uv": [44, 42], "uv_size": [1, 1]},
								"up": {"uv": [43, 44], "uv_size": [1, 1]},
								"down": {"uv": [44, 44], "uv_size": [1, -1]}
							}
						},
						{
							"origin": [1.35, 26.5, -46.75],
							"size": [0.5, 1.2, 0.4],
							"pivot": [2.1, 26.4, -38.55],
							"rotation": [0, 0, -40],
							"uv": {
								"north": {"uv": [38, 44], "uv_size": [1, 1]},
								"east": {"uv": [44, 38], "uv_size": [1, 1]},
								"south": {"uv": [39, 44], "uv_size": [1, 1]},
								"west": {"uv": [44, 39], "uv_size": [1, 1]},
								"up": {"uv": [40, 44], "uv_size": [1, 1]},
								"down": {"uv": [44, 41], "uv_size": [1, -1]}
							}
						},
						{
							"origin": [0.05, 27.23, -46.35],
							"size": [0.5, 1.96, 15.8],
							"pivot": [0.8, 27.5, -38.55],
							"rotation": [0, 0, -90],
							"uv": {
								"north": {"uv": [18, 39], "uv_size": [1, 2]},
								"east": {"uv": [15, 2], "uv_size": [16, 2]},
								"south": {"uv": [19, 39], "uv_size": [1, 2]},
								"west": {"uv": [15, 4], "uv_size": [16, 2]},
								"up": {"uv": [13, 21], "uv_size": [1, 16]},
								"down": {"uv": [14, 37], "uv_size": [1, -16]}
							}
						},
						{
							"origin": [0.06, 27.23, -30.55],
							"size": [0.5, 1.96, 0.3],
							"pivot": [0.8, 27.5, -38.55],
							"rotation": [0, 0, -90],
							"uv": {
								"north": {"uv": [39, 15], "uv_size": [1, 2]},
								"east": {"uv": [16, 39], "uv_size": [1, 2]},
								"south": {"uv": [17, 39], "uv_size": [1, 2]},
								"west": {"uv": [39, 17], "uv_size": [1, 2]},
								"up": {"uv": [45, 0], "uv_size": [1, 1]},
								"down": {"uv": [1, 46], "uv_size": [1, -1]}
							}
						},
						{
							"origin": [0.05, 27.23, -46.75],
							"size": [0.5, 1.96, 0.4],
							"pivot": [0.8, 27.5, -38.55],
							"rotation": [0, 0, -90],
							"uv": {
								"north": {"uv": [16, 37], "uv_size": [1, 2]},
								"east": {"uv": [34, 37], "uv_size": [1, 2]},
								"south": {"uv": [39, 11], "uv_size": [1, 2]},
								"west": {"uv": [39, 13], "uv_size": [1, 2]},
								"up": {"uv": [44, 44], "uv_size": [1, 1]},
								"down": {"uv": [0, 46], "uv_size": [1, -1]}
							}
						},
						{
							"origin": [1.34, 25.3, -30.55],
							"size": [0.5, 1, 0.3],
							"uv": {
								"north": {"uv": [19, 44], "uv_size": [1, 1]},
								"east": {"uv": [44, 19], "uv_size": [1, 1]},
								"south": {"uv": [20, 44], "uv_size": [1, 1]},
								"west": {"uv": [44, 20], "uv_size": [1, 1]},
								"up": {"uv": [21, 44], "uv_size": [1, 1]},
								"down": {"uv": [44, 22], "uv_size": [1, -1]}
							}
						},
						{
							"origin": [-0.77, 19.3, -46.3],
							"size": [1.7, 0.3, 18.76],
							"inflate": 0.001,
							"uv": {
								"north": {"uv": [35, 12], "uv_size": [2, 1]},
								"east": {"uv": [18, 16], "uv_size": [19, 1]},
								"south": {"uv": [35, 13], "uv_size": [2, 1]},
								"west": {"uv": [18, 17], "uv_size": [19, 1]},
								"up": {"uv": [0, 16], "uv_size": [2, 19]},
								"down": {"uv": [2, 35], "uv_size": [2, -19]}
							}
						},
						{
							"origin": [2.947, 19.185, -45.8],
							"size": [0.3, 0.3, 0.8],
							"inflate": 0.001,
							"pivot": [1.32, 14.61, -57.8],
							"rotation": [0, 0, -45],
							"uv": {
								"north": {"uv": [30, 42], "uv_size": [1, 1]},
								"east": {"uv": [42, 30], "uv_size": [1, 1]},
								"south": {"uv": [31, 42], "uv_size": [1, 1]},
								"west": {"uv": [42, 31], "uv_size": [1, 1]},
								"up": {"uv": [32, 42], "uv_size": [1, 1]},
								"down": {"uv": [42, 33], "uv_size": [1, -1]}
							}
						},
						{
							"origin": [4.647, 19.19, -45.8],
							"size": [0.3, 0.3, 0.8],
							"inflate": 0.001,
							"pivot": [3.02, 14.61, -57.8],
							"rotation": [0, 0, -45],
							"uv": {
								"north": {"uv": [33, 42], "uv_size": [1, 1]},
								"east": {"uv": [42, 33], "uv_size": [1, 1]},
								"south": {"uv": [34, 42], "uv_size": [1, 1]},
								"west": {"uv": [42, 34], "uv_size": [1, 1]},
								"up": {"uv": [35, 42], "uv_size": [1, 1]},
								"down": {"uv": [42, 36], "uv_size": [1, -1]}
							}
						},
						{
							"origin": [-0.77, 19, -45.8],
							"size": [1.7, 0.3, 0.8],
							"inflate": 0.001,
							"uv": {
								"north": {"uv": [37, 12], "uv_size": [2, 1]},
								"east": {"uv": [29, 42], "uv_size": [1, 1]},
								"south": {"uv": [37, 13], "uv_size": [2, 1]},
								"west": {"uv": [42, 29], "uv_size": [1, 1]},
								"up": {"uv": [37, 16], "uv_size": [2, 1]},
								"down": {"uv": [37, 18], "uv_size": [2, -1]}
							}
						},
						{
							"origin": [2.947, 19.185, -44.3],
							"size": [0.3, 0.3, 0.6],
							"inflate": 0.001,
							"pivot": [1.32, 14.61, -56.3],
							"rotation": [0, 0, -45],
							"uv": {
								"north": {"uv": [40, 42], "uv_size": [1, 1]},
								"east": {"uv": [42, 40], "uv_size": [1, 1]},
								"south": {"uv": [41, 42], "uv_size": [1, 1]},
								"west": {"uv": [42, 41], "uv_size": [1, 1]},
								"up": {"uv": [42, 42], "uv_size": [1, 1]},
								"down": {"uv": [0, 44], "uv_size": [1, -1]}
							}
						},
						{
							"origin": [-0.77, 19, -44.3],
							"size": [1.7, 0.3, 0.6],
							"inflate": 0.001,
							"uv": {
								"north": {"uv": [37, 18], "uv_size": [2, 1]},
								"east": {"uv": [39, 42], "uv_size": [1, 1]},
								"south": {"uv": [37, 19], "uv_size": [2, 1]},
								"west": {"uv": [42, 39], "uv_size": [1, 1]},
								"up": {"uv": [37, 20], "uv_size": [2, 1]},
								"down": {"uv": [37, 22], "uv_size": [2, -1]}
							}
						},
						{
							"origin": [4.647, 19.19, -44.3],
							"size": [0.3, 0.3, 0.6],
							"inflate": 0.001,
							"pivot": [3.02, 14.61, -56.3],
							"rotation": [0, 0, -45],
							"uv": {
								"north": {"uv": [36, 42], "uv_size": [1, 1]},
								"east": {"uv": [42, 36], "uv_size": [1, 1]},
								"south": {"uv": [37, 42], "uv_size": [1, 1]},
								"west": {"uv": [42, 37], "uv_size": [1, 1]},
								"up": {"uv": [38, 42], "uv_size": [1, 1]},
								"down": {"uv": [42, 39], "uv_size": [1, -1]}
							}
						},
						{
							"origin": [2.947, 19.185, -43],
							"size": [0.3, 0.3, 0.6],
							"inflate": 0.001,
							"pivot": [1.32, 14.61, -55],
							"rotation": [0, 0, -45],
							"uv": {
								"north": {"uv": [5, 43], "uv_size": [1, 1]},
								"east": {"uv": [43, 5], "uv_size": [1, 1]},
								"south": {"uv": [6, 43], "uv_size": [1, 1]},
								"west": {"uv": [43, 6], "uv_size": [1, 1]},
								"up": {"uv": [7, 43], "uv_size": [1, 1]},
								"down": {"uv": [8, 44], "uv_size": [1, -1]}
							}
						},
						{
							"origin": [-0.77, 19, -43],
							"size": [1.7, 0.3, 0.6],
							"inflate": 0.001,
							"uv": {
								"north": {"uv": [37, 22], "uv_size": [2, 1]},
								"east": {"uv": [43, 3], "uv_size": [1, 1]},
								"south": {"uv": [37, 23], "uv_size": [2, 1]},
								"west": {"uv": [4, 43], "uv_size": [1, 1]},
								"up": {"uv": [37, 24], "uv_size": [2, 1]},
								"down": {"uv": [37, 26], "uv_size": [2, -1]}
							}
						},
						{
							"origin": [4.647, 19.19, -43],
							"size": [0.3, 0.3, 0.6],
							"inflate": 0.001,
							"pivot": [3.02, 14.61, -55],
							"rotation": [0, 0, -45],
							"uv": {
								"north": {"uv": [43, 0], "uv_size": [1, 1]},
								"east": {"uv": [1, 43], "uv_size": [1, 1]},
								"south": {"uv": [43, 1], "uv_size": [1, 1]},
								"west": {"uv": [2, 43], "uv_size": [1, 1]},
								"up": {"uv": [43, 2], "uv_size": [1, 1]},
								"down": {"uv": [3, 44], "uv_size": [1, -1]}
							}
						},
						{
							"origin": [2.947, 19.185, -40.4],
							"size": [0.3, 0.3, 0.6],
							"inflate": 0.001,
							"pivot": [1.32, 14.61, -52.4],
							"rotation": [0, 0, -45],
							"uv": {
								"north": {"uv": [23, 43], "uv_size": [1, 1]},
								"east": {"uv": [43, 23], "uv_size": [1, 1]},
								"south": {"uv": [24, 43], "uv_size": [1, 1]},
								"west": {"uv": [43, 24], "uv_size": [1, 1]},
								"up": {"uv": [43, 25], "uv_size": [1, 1]},
								"down": {"uv": [26, 44], "uv_size": [1, -1]}
							}
						},
						{
							"origin": [-0.77, 19, -40.4],
							"size": [1.7, 0.3, 0.6],
							"inflate": 0.001,
							"uv": {
								"north": {"uv": [37, 36], "uv_size": [2, 1]},
								"east": {"uv": [22, 43], "uv_size": [1, 1]},
								"south": {"uv": [37, 37], "uv_size": [2, 1]},
								"west": {"uv": [43, 22], "uv_size": [1, 1]},
								"up": {"uv": [38, 2], "uv_size": [2, 1]},
								"down": {"uv": [38, 4], "uv_size": [2, -1]}
							}
						},
						{
							"origin": [4.647, 19.19, -40.4],
							"size": [0.3, 0.3, 0.6],
							"inflate": 0.001,
							"pivot": [3.02, 14.61, -52.4],
							"rotation": [0, 0, -45],
							"uv": {
								"north": {"uv": [43, 17], "uv_size": [1, 1]},
								"east": {"uv": [43, 18], "uv_size": [1, 1]},
								"south": {"uv": [43, 19], "uv_size": [1, 1]},
								"west": {"uv": [43, 20], "uv_size": [1, 1]},
								"up": {"uv": [21, 43], "uv_size": [1, 1]},
								"down": {"uv": [43, 22], "uv_size": [1, -1]}
							}
						},
						{
							"origin": [2.947, 19.185, -41.7],
							"size": [0.3, 0.3, 0.6],
							"inflate": 0.001,
							"pivot": [1.32, 14.61, -53.7],
							"rotation": [0, 0, -45],
							"uv": {
								"north": {"uv": [13, 43], "uv_size": [1, 1]},
								"east": {"uv": [43, 13], "uv_size": [1, 1]},
								"south": {"uv": [14, 43], "uv_size": [1, 1]},
								"west": {"uv": [15, 43], "uv_size": [1, 1]},
								"up": {"uv": [43, 15], "uv_size": [1, 1]},
								"down": {"uv": [43, 17], "uv_size": [1, -1]}
							}
						},
						{
							"origin": [-0.77, 19, -41.7],
							"size": [1.7, 0.3, 0.6],
							"inflate": 0.001,
							"uv": {
								"north": {"uv": [37, 32], "uv_size": [2, 1]},
								"east": {"uv": [12, 43], "uv_size": [1, 1]},
								"south": {"uv": [37, 33], "uv_size": [2, 1]},
								"west": {"uv": [43, 12], "uv_size": [1, 1]},
								"up": {"uv": [37, 34], "uv_size": [2, 1]},
								"down": {"uv": [37, 36], "uv_size": [2, -1]}
							}
						},
						{
							"origin": [4.647, 19.19, -41.7],
							"size": [0.3, 0.3, 0.6],
							"inflate": 0.001,
							"pivot": [3.02, 14.61, -53.7],
							"rotation": [0, 0, -45],
							"uv": {
								"north": {"uv": [43, 8], "uv_size": [1, 1]},
								"east": {"uv": [9, 43], "uv_size": [1, 1]},
								"south": {"uv": [43, 9], "uv_size": [1, 1]},
								"west": {"uv": [10, 43], "uv_size": [1, 1]},
								"up": {"uv": [43, 10], "uv_size": [1, 1]},
								"down": {"uv": [11, 44], "uv_size": [1, -1]}
							}
						},
						{
							"origin": [2.947, 19.185, -37.8],
							"size": [0.3, 0.3, 0.6],
							"inflate": 0.001,
							"pivot": [1.32, 14.61, -49.8],
							"rotation": [0, 0, -45],
							"uv": {
								"north": {"uv": [43, 38], "uv_size": [1, 1]},
								"east": {"uv": [39, 43], "uv_size": [1, 1]},
								"south": {"uv": [43, 39], "uv_size": [1, 1]},
								"west": {"uv": [40, 43], "uv_size": [1, 1]},
								"up": {"uv": [43, 40], "uv_size": [1, 1]},
								"down": {"uv": [41, 44], "uv_size": [1, -1]}
							}
						},
						{
							"origin": [-0.77, 19, -37.8],
							"size": [1.7, 0.3, 0.6],
							"inflate": 0.001,
							"uv": {
								"north": {"uv": [38, 8], "uv_size": [2, 1]},
								"east": {"uv": [43, 37], "uv_size": [1, 1]},
								"south": {"uv": [38, 9], "uv_size": [2, 1]},
								"west": {"uv": [38, 43], "uv_size": [1, 1]},
								"up": {"uv": [38, 26], "uv_size": [2, 1]},
								"down": {"uv": [38, 28], "uv_size": [2, -1]}
							}
						},
						{
							"origin": [4.647, 19.19, -37.8],
							"size": [0.3, 0.3, 0.6],
							"inflate": 0.001,
							"pivot": [3.02, 14.61, -49.8],
							"rotation": [0, 0, -45],
							"uv": {
								"north": {"uv": [43, 34], "uv_size": [1, 1]},
								"east": {"uv": [35, 43], "uv_size": [1, 1]},
								"south": {"uv": [43, 35], "uv_size": [1, 1]},
								"west": {"uv": [36, 43], "uv_size": [1, 1]},
								"up": {"uv": [43, 36], "uv_size": [1, 1]},
								"down": {"uv": [37, 44], "uv_size": [1, -1]}
							}
						},
						{
							"origin": [2.947, 19.185, -39.1],
							"size": [0.3, 0.3, 0.6],
							"inflate": 0.001,
							"pivot": [1.32, 14.61, -51.1],
							"rotation": [0, 0, -45],
							"uv": {
								"north": {"uv": [43, 31], "uv_size": [1, 1]},
								"east": {"uv": [32, 43], "uv_size": [1, 1]},
								"south": {"uv": [43, 32], "uv_size": [1, 1]},
								"west": {"uv": [33, 43], "uv_size": [1, 1]},
								"up": {"uv": [43, 33], "uv_size": [1, 1]},
								"down": {"uv": [34, 44], "uv_size": [1, -1]}
							}
						},
						{
							"origin": [-0.77, 19, -39.1],
							"size": [1.7, 0.3, 0.6],
							"inflate": 0.001,
							"uv": {
								"north": {"uv": [38, 4], "uv_size": [2, 1]},
								"east": {"uv": [43, 30], "uv_size": [1, 1]},
								"south": {"uv": [38, 5], "uv_size": [2, 1]},
								"west": {"uv": [31, 43], "uv_size": [1, 1]},
								"up": {"uv": [38, 6], "uv_size": [2, 1]},
								"down": {"uv": [38, 8], "uv_size": [2, -1]}
							}
						},
						{
							"origin": [4.647, 19.19, -39.1],
							"size": [0.3, 0.3, 0.6],
							"inflate": 0.001,
							"pivot": [3.02, 14.61, -51.1],
							"rotation": [0, 0, -45],
							"uv": {
								"north": {"uv": [27, 43], "uv_size": [1, 1]},
								"east": {"uv": [43, 27], "uv_size": [1, 1]},
								"south": {"uv": [43, 28], "uv_size": [1, 1]},
								"west": {"uv": [29, 43], "uv_size": [1, 1]},
								"up": {"uv": [43, 29], "uv_size": [1, 1]},
								"down": {"uv": [30, 44], "uv_size": [1, -1]}
							}
						},
						{
							"origin": [2.947, 19.185, -35.2],
							"size": [0.3, 0.3, 0.6],
							"inflate": 0.001,
							"pivot": [1.32, 14.61, -47.2],
							"rotation": [0, 0, -45],
							"uv": {
								"north": {"uv": [9, 44], "uv_size": [1, 1]},
								"east": {"uv": [44, 9], "uv_size": [1, 1]},
								"south": {"uv": [10, 44], "uv_size": [1, 1]},
								"west": {"uv": [44, 10], "uv_size": [1, 1]},
								"up": {"uv": [11, 44], "uv_size": [1, 1]},
								"down": {"uv": [44, 12], "uv_size": [1, -1]}
							}
						},
						{
							"origin": [-0.77, 19, -35.2],
							"size": [1.7, 0.3, 0.6],
							"inflate": 0.001,
							"uv": {
								"north": {"uv": [36, 38], "uv_size": [2, 1]},
								"east": {"uv": [8, 44], "uv_size": [1, 1]},
								"south": {"uv": [38, 38], "uv_size": [2, 1]},
								"west": {"uv": [44, 8], "uv_size": [1, 1]},
								"up": {"uv": [0, 39], "uv_size": [2, 1]},
								"down": {"uv": [2, 40], "uv_size": [2, -1]}
							}
						},
						{
							"origin": [4.647, 19.19, -35.2],
							"size": [0.3, 0.3, 0.6],
							"inflate": 0.001,
							"pivot": [3.02, 14.61, -47.2],
							"rotation": [0, 0, -45],
							"uv": {
								"north": {"uv": [5, 44], "uv_size": [1, 1]},
								"east": {"uv": [44, 5], "uv_size": [1, 1]},
								"south": {"uv": [6, 44], "uv_size": [1, 1]},
								"west": {"uv": [44, 6], "uv_size": [1, 1]},
								"up": {"uv": [7, 44], "uv_size": [1, 1]},
								"down": {"uv": [44, 8], "uv_size": [1, -1]}
							}
						},
						{
							"origin": [2.947, 19.185, -36.5],
							"size": [0.3, 0.3, 0.6],
							"inflate": 0.001,
							"pivot": [1.32, 14.61, -48.5],
							"rotation": [0, 0, -45],
							"uv": {
								"north": {"uv": [2, 44], "uv_size": [1, 1]},
								"east": {"uv": [44, 2], "uv_size": [1, 1]},
								"south": {"uv": [3, 44], "uv_size": [1, 1]},
								"west": {"uv": [44, 3], "uv_size": [1, 1]},
								"up": {"uv": [4, 44], "uv_size": [1, 1]},
								"down": {"uv": [44, 5], "uv_size": [1, -1]}
							}
						},
						{
							"origin": [-0.77, 19, -36.5],
							"size": [1.7, 0.3, 0.6],
							"inflate": 0.001,
							"uv": {
								"north": {"uv": [38, 28], "uv_size": [2, 1]},
								"east": {"uv": [1, 44], "uv_size": [1, 1]},
								"south": {"uv": [38, 29], "uv_size": [2, 1]},
								"west": {"uv": [44, 1], "uv_size": [1, 1]},
								"up": {"uv": [38, 30], "uv_size": [2, 1]},
								"down": {"uv": [38, 32], "uv_size": [2, -1]}
							}
						},
						{
							"origin": [4.647, 19.19, -36.5],
							"size": [0.3, 0.3, 0.6],
							"inflate": 0.001,
							"pivot": [3.02, 14.61, -48.5],
							"rotation": [0, 0, -45],
							"uv": {
								"north": {"uv": [43, 41], "uv_size": [1, 1]},
								"east": {"uv": [42, 43], "uv_size": [1, 1]},
								"south": {"uv": [43, 42], "uv_size": [1, 1]},
								"west": {"uv": [43, 43], "uv_size": [1, 1]},
								"up": {"uv": [0, 44], "uv_size": [1, 1]},
								"down": {"uv": [44, 1], "uv_size": [1, -1]}
							}
						},
						{
							"origin": [2.947, 19.185, -33.9],
							"size": [0.3, 0.3, 0.6],
							"inflate": 0.001,
							"pivot": [1.32, 14.61, -45.9],
							"rotation": [0, 0, -45],
							"uv": {
								"north": {"uv": [16, 44], "uv_size": [1, 1]},
								"east": {"uv": [44, 16], "uv_size": [1, 1]},
								"south": {"uv": [17, 44], "uv_size": [1, 1]},
								"west": {"uv": [44, 17], "uv_size": [1, 1]},
								"up": {"uv": [18, 44], "uv_size": [1, 1]},
								"down": {"uv": [44, 19], "uv_size": [1, -1]}
							}
						},
						{
							"origin": [-0.77, 19, -33.9],
							"size": [1.7, 0.3, 0.6],
							"inflate": 0.001,
							"uv": {
								"north": {"uv": [4, 39], "uv_size": [2, 1]},
								"east": {"uv": [15, 44], "uv_size": [1, 1]},
								"south": {"uv": [6, 39], "uv_size": [2, 1]},
								"west": {"uv": [44, 15], "uv_size": [1, 1]},
								"up": {"uv": [8, 39], "uv_size": [2, 1]},
								"down": {"uv": [39, 11], "uv_size": [2, -1]}
							}
						},
						{
							"origin": [4.647, 19.19, -33.9],
							"size": [0.3, 0.3, 0.6],
							"inflate": 0.001,
							"pivot": [3.02, 14.61, -45.9],
							"rotation": [0, 0, -45],
							"uv": {
								"north": {"uv": [12, 44], "uv_size": [1, 1]},
								"east": {"uv": [44, 12], "uv_size": [1, 1]},
								"south": {"uv": [13, 44], "uv_size": [1, 1]},
								"west": {"uv": [44, 13], "uv_size": [1, 1]},
								"up": {"uv": [14, 44], "uv_size": [1, 1]},
								"down": {"uv": [44, 15], "uv_size": [1, -1]}
							}
						},
						{
							"origin": [4.647, 19.19, -31.3],
							"size": [0.3, 0.3, 0.6],
							"inflate": 0.001,
							"pivot": [3.02, 14.61, -43.3],
							"rotation": [0, 0, -45],
							"uv": {
								"north": {"uv": [28, 48], "uv_size": [1, 1]},
								"east": {"uv": [48, 28], "uv_size": [1, 1]},
								"south": {"uv": [29, 48], "uv_size": [1, 1]},
								"west": {"uv": [48, 29], "uv_size": [1, 1]},
								"up": {"uv": [30, 48], "uv_size": [1, 1]},
								"down": {"uv": [48, 31], "uv_size": [1, -1]}
							}
						},
						{
							"origin": [-0.77, 19, -31.3],
							"size": [1.7, 0.3, 0.6],
							"inflate": 0.001,
							"uv": {
								"north": {"uv": [0, 42], "uv_size": [2, 1]},
								"east": {"uv": [27, 48], "uv_size": [1, 1]},
								"south": {"uv": [2, 42], "uv_size": [2, 1]},
								"west": {"uv": [48, 27], "uv_size": [1, 1]},
								"up": {"uv": [4, 42], "uv_size": [2, 1]},
								"down": {"uv": [42, 5], "uv_size": [2, -1]}
							}
						},
						{
							"origin": [2.947, 19.185, -31.3],
							"size": [0.3, 0.3, 0.6],
							"inflate": 0.001,
							"pivot": [1.32, 14.61, -43.3],
							"rotation": [0, 0, -45],
							"uv": {
								"north": {"uv": [24, 48], "uv_size": [1, 1]},
								"east": {"uv": [48, 24], "uv_size": [1, 1]},
								"south": {"uv": [25, 48], "uv_size": [1, 1]},
								"west": {"uv": [48, 25], "uv_size": [1, 1]},
								"up": {"uv": [26, 48], "uv_size": [1, 1]},
								"down": {"uv": [48, 27], "uv_size": [1, -1]}
							}
						},
						{
							"origin": [4.647, 19.19, -32.6],
							"size": [0.3, 0.3, 0.6],
							"inflate": 0.001,
							"pivot": [3.02, 14.61, -44.6],
							"rotation": [0, 0, -45],
							"uv": {
								"north": {"uv": [21, 48], "uv_size": [1, 1]},
								"east": {"uv": [48, 21], "uv_size": [1, 1]},
								"south": {"uv": [22, 48], "uv_size": [1, 1]},
								"west": {"uv": [48, 22], "uv_size": [1, 1]},
								"up": {"uv": [23, 48], "uv_size": [1, 1]},
								"down": {"uv": [48, 24], "uv_size": [1, -1]}
							}
						},
						{
							"origin": [2.947, 19.185, -32.6],
							"size": [0.3, 0.3, 0.6],
							"inflate": 0.001,
							"pivot": [1.32, 14.61, -44.6],
							"rotation": [0, 0, -45],
							"uv": {
								"north": {"uv": [18, 48], "uv_size": [1, 1]},
								"east": {"uv": [48, 18], "uv_size": [1, 1]},
								"south": {"uv": [19, 48], "uv_size": [1, 1]},
								"west": {"uv": [48, 19], "uv_size": [1, 1]},
								"up": {"uv": [20, 48], "uv_size": [1, 1]},
								"down": {"uv": [48, 21], "uv_size": [1, -1]}
							}
						},
						{
							"origin": [-0.77, 19, -32.6],
							"size": [1.7, 0.3, 0.6],
							"inflate": 0.001,
							"uv": {
								"north": {"uv": [34, 41], "uv_size": [2, 1]},
								"east": {"uv": [17, 48], "uv_size": [1, 1]},
								"south": {"uv": [36, 41], "uv_size": [2, 1]},
								"west": {"uv": [48, 17], "uv_size": [1, 1]},
								"up": {"uv": [38, 41], "uv_size": [2, 1]},
								"down": {"uv": [40, 42], "uv_size": [2, -1]}
							}
						},
						{
							"origin": [4.647, 19.19, -28.7],
							"size": [0.3, 0.3, 0.6],
							"inflate": 0.001,
							"pivot": [3.02, 14.61, -40.7],
							"rotation": [0, 0, -45],
							"uv": {
								"north": {"uv": [42, 48], "uv_size": [1, 1]},
								"east": {"uv": [48, 42], "uv_size": [1, 1]},
								"south": {"uv": [43, 48], "uv_size": [1, 1]},
								"west": {"uv": [48, 43], "uv_size": [1, 1]},
								"up": {"uv": [44, 48], "uv_size": [1, 1]},
								"down": {"uv": [48, 45], "uv_size": [1, -1]}
							}
						},
						{
							"origin": [-0.77, 19, -28.7],
							"size": [1.7, 0.3, 0.6],
							"inflate": 0.001,
							"uv": {
								"north": {"uv": [42, 11], "uv_size": [2, 1]},
								"east": {"uv": [41, 48], "uv_size": [1, 1]},
								"south": {"uv": [12, 42], "uv_size": [2, 1]},
								"west": {"uv": [48, 41], "uv_size": [1, 1]},
								"up": {"uv": [14, 42], "uv_size": [2, 1]},
								"down": {"uv": [42, 15], "uv_size": [2, -1]}
							}
						},
						{
							"origin": [2.947, 19.185, -28.7],
							"size": [0.3, 0.3, 0.6],
							"inflate": 0.001,
							"pivot": [1.32, 14.61, -40.7],
							"rotation": [0, 0, -45],
							"uv": {
								"north": {"uv": [38, 48], "uv_size": [1, 1]},
								"east": {"uv": [48, 38], "uv_size": [1, 1]},
								"south": {"uv": [39, 48], "uv_size": [1, 1]},
								"west": {"uv": [48, 39], "uv_size": [1, 1]},
								"up": {"uv": [40, 48], "uv_size": [1, 1]},
								"down": {"uv": [48, 41], "uv_size": [1, -1]}
							}
						},
						{
							"origin": [4.647, 19.19, -30],
							"size": [0.3, 0.3, 0.6],
							"inflate": 0.001,
							"pivot": [3.02, 14.61, -42],
							"rotation": [0, 0, -45],
							"uv": {
								"north": {"uv": [35, 48], "uv_size": [1, 1]},
								"east": {"uv": [48, 35], "uv_size": [1, 1]},
								"south": {"uv": [36, 48], "uv_size": [1, 1]},
								"west": {"uv": [48, 36], "uv_size": [1, 1]},
								"up": {"uv": [37, 48], "uv_size": [1, 1]},
								"down": {"uv": [48, 38], "uv_size": [1, -1]}
							}
						},
						{
							"origin": [2.947, 19.185, -30],
							"size": [0.3, 0.3, 0.6],
							"inflate": 0.001,
							"pivot": [1.32, 14.61, -42],
							"rotation": [0, 0, -45],
							"uv": {
								"north": {"uv": [32, 48], "uv_size": [1, 1]},
								"east": {"uv": [48, 32], "uv_size": [1, 1]},
								"south": {"uv": [33, 48], "uv_size": [1, 1]},
								"west": {"uv": [48, 33], "uv_size": [1, 1]},
								"up": {"uv": [34, 48], "uv_size": [1, 1]},
								"down": {"uv": [48, 35], "uv_size": [1, -1]}
							}
						},
						{
							"origin": [-0.77, 19, -30],
							"size": [1.7, 0.3, 0.6],
							"inflate": 0.001,
							"uv": {
								"north": {"uv": [6, 42], "uv_size": [2, 1]},
								"east": {"uv": [31, 48], "uv_size": [1, 1]},
								"south": {"uv": [42, 7], "uv_size": [2, 1]},
								"west": {"uv": [48, 31], "uv_size": [1, 1]},
								"up": {"uv": [8, 42], "uv_size": [2, 1]},
								"down": {"uv": [10, 43], "uv_size": [2, -1]}
							}
						},
						{
							"origin": [-0.77, 27.47, -46.6],
							"size": [1.7, 0.3, 0.56],
							"inflate": 0.001,
							"pivot": [-1.15, 22.9, -58.2],
							"rotation": [-38, 0, 0],
							"uv": {
								"north": {"uv": [35, 24], "uv_size": [2, 1]},
								"east": {"uv": [31, 26], "uv_size": [1, 1]},
								"south": {"uv": [35, 25], "uv_size": [2, 1]},
								"west": {"uv": [33, 13], "uv_size": [1, 1]},
								"up": {"uv": [36, 8], "uv_size": [2, 1]},
								"down": {"uv": [36, 10], "uv_size": [2, -1]}
							}
						},
						{
							"origin": [1.45, 23.7, -42.85],
							"size": [0.4, 0.4, 0.2],
							"pivot": [1.7, 23.8, -42.45],
							"rotation": [-45, 0, 0],
							"uv": {
								"north": {"uv": [45, 17], "uv_size": [1, 1]},
								"east": {"uv": [18, 45], "uv_size": [1, 1]},
								"south": {"uv": [45, 18], "uv_size": [1, 1]},
								"west": {"uv": [19, 45], "uv_size": [1, 1]},
								"up": {"uv": [45, 19], "uv_size": [1, 1]},
								"down": {"uv": [20, 46], "uv_size": [1, -1]}
							}
						},
						{
							"origin": [1.45, 23.7, -41.05],
							"size": [0.4, 0.3, 0.4],
							"pivot": [1.7, 23.8, -40.45],
							"rotation": [-45, 0, 0],
							"uv": {
								"north": {"uv": [45, 20], "uv_size": [1, 1]},
								"east": {"uv": [21, 45], "uv_size": [1, 1]},
								"south": {"uv": [45, 21], "uv_size": [1, 1]},
								"west": {"uv": [22, 45], "uv_size": [1, 1]},
								"up": {"uv": [45, 22], "uv_size": [1, 1]},
								"down": {"uv": [23, 46], "uv_size": [1, -1]}
							}
						},
						{
							"origin": [1.45, 23.7, -37.25],
							"size": [0.4, 0.3, 0.4],
							"pivot": [1.7, 23.8, -36.65],
							"rotation": [-45, 0, 0],
							"uv": {
								"north": {"uv": [45, 26], "uv_size": [1, 1]},
								"east": {"uv": [27, 45], "uv_size": [1, 1]},
								"south": {"uv": [45, 27], "uv_size": [1, 1]},
								"west": {"uv": [28, 45], "uv_size": [1, 1]},
								"up": {"uv": [45, 28], "uv_size": [1, 1]},
								"down": {"uv": [29, 46], "uv_size": [1, -1]}
							}
						},
						{
							"origin": [1.45, 23.7, -39.05],
							"size": [0.4, 0.4, 0.2],
							"pivot": [1.7, 23.8, -38.65],
							"rotation": [-45, 0, 0],
							"uv": {
								"north": {"uv": [45, 23], "uv_size": [1, 1]},
								"east": {"uv": [24, 45], "uv_size": [1, 1]},
								"south": {"uv": [45, 24], "uv_size": [1, 1]},
								"west": {"uv": [25, 45], "uv_size": [1, 1]},
								"up": {"uv": [45, 25], "uv_size": [1, 1]},
								"down": {"uv": [26, 46], "uv_size": [1, -1]}
							}
						},
						{
							"origin": [1.45, 23.7, -33.45],
							"size": [0.4, 0.3, 0.4],
							"pivot": [1.7, 23.8, -32.85],
							"rotation": [-45, 0, 0],
							"uv": {
								"north": {"uv": [45, 32], "uv_size": [1, 1]},
								"east": {"uv": [33, 45], "uv_size": [1, 1]},
								"south": {"uv": [45, 33], "uv_size": [1, 1]},
								"west": {"uv": [34, 45], "uv_size": [1, 1]},
								"up": {"uv": [45, 34], "uv_size": [1, 1]},
								"down": {"uv": [35, 46], "uv_size": [1, -1]}
							}
						},
						{
							"origin": [1.45, 23.7, -35.25],
							"size": [0.4, 0.4, 0.2],
							"pivot": [1.7, 23.8, -34.85],
							"rotation": [-45, 0, 0],
							"uv": {
								"north": {"uv": [45, 29], "uv_size": [1, 1]},
								"east": {"uv": [30, 45], "uv_size": [1, 1]},
								"south": {"uv": [45, 30], "uv_size": [1, 1]},
								"west": {"uv": [31, 45], "uv_size": [1, 1]},
								"up": {"uv": [45, 31], "uv_size": [1, 1]},
								"down": {"uv": [32, 46], "uv_size": [1, -1]}
							}
						},
						{
							"origin": [-1.65, 23.7, -33.45],
							"size": [0.4, 0.3, 0.4],
							"pivot": [-1.4, 23.8, -32.85],
							"rotation": [-45, 0, 0],
							"uv": {
								"north": {"uv": [23, 46], "uv_size": [1, 1]},
								"east": {"uv": [46, 23], "uv_size": [1, 1]},
								"south": {"uv": [24, 46], "uv_size": [1, 1]},
								"west": {"uv": [46, 24], "uv_size": [1, 1]},
								"up": {"uv": [25, 46], "uv_size": [1, 1]},
								"down": {"uv": [46, 26], "uv_size": [1, -1]}
							}
						},
						{
							"origin": [-1.65, 23.08, -33.35],
							"size": [0.5, 0.3, 0.4],
							"pivot": [-1.3, 23.2, -32.75],
							"rotation": [-45, 0, 0],
							"uv": {
								"north": {"uv": [20, 46], "uv_size": [1, 1]},
								"east": {"uv": [46, 20], "uv_size": [1, 1]},
								"south": {"uv": [21, 46], "uv_size": [1, 1]},
								"west": {"uv": [46, 21], "uv_size": [1, 1]},
								"up": {"uv": [22, 46], "uv_size": [1, 1]},
								"down": {"uv": [46, 23], "uv_size": [1, -1]}
							}
						},
						{
							"origin": [-1.65, 23.18, -35.35],
							"size": [0.5, 0.2, 0.4],
							"pivot": [-1.3, 23.2, -34.75],
							"rotation": [-45, 0, 0],
							"uv": {
								"north": {"uv": [17, 46], "uv_size": [1, 1]},
								"east": {"uv": [46, 17], "uv_size": [1, 1]},
								"south": {"uv": [18, 46], "uv_size": [1, 1]},
								"west": {"uv": [46, 18], "uv_size": [1, 1]},
								"up": {"uv": [19, 46], "uv_size": [1, 1]},
								"down": {"uv": [46, 20], "uv_size": [1, -1]}
							}
						},
						{
							"origin": [-1.65, 23.7, -35.25],
							"size": [0.4, 0.4, 0.2],
							"pivot": [-1.4, 23.8, -34.85],
							"rotation": [-45, 0, 0],
							"uv": {
								"north": {"uv": [14, 46], "uv_size": [1, 1]},
								"east": {"uv": [46, 14], "uv_size": [1, 1]},
								"south": {"uv": [15, 46], "uv_size": [1, 1]},
								"west": {"uv": [46, 15], "uv_size": [1, 1]},
								"up": {"uv": [16, 46], "uv_size": [1, 1]},
								"down": {"uv": [46, 17], "uv_size": [1, -1]}
							}
						},
						{
							"origin": [-1.65, 23.7, -37.25],
							"size": [0.4, 0.3, 0.4],
							"pivot": [-1.4, 23.8, -36.65],
							"rotation": [-45, 0, 0],
							"uv": {
								"north": {"uv": [11, 46], "uv_size": [1, 1]},
								"east": {"uv": [46, 11], "uv_size": [1, 1]},
								"south": {"uv": [12, 46], "uv_size": [1, 1]},
								"west": {"uv": [46, 12], "uv_size": [1, 1]},
								"up": {"uv": [13, 46], "uv_size": [1, 1]},
								"down": {"uv": [46, 14], "uv_size": [1, -1]}
							}
						},
						{
							"origin": [-1.65, 23.08, -37.15],
							"size": [0.5, 0.3, 0.4],
							"pivot": [-1.3, 23.2, -36.55],
							"rotation": [-45, 0, 0],
							"uv": {
								"north": {"uv": [8, 46], "uv_size": [1, 1]},
								"east": {"uv": [46, 8], "uv_size": [1, 1]},
								"south": {"uv": [9, 46], "uv_size": [1, 1]},
								"west": {"uv": [46, 9], "uv_size": [1, 1]},
								"up": {"uv": [10, 46], "uv_size": [1, 1]},
								"down": {"uv": [46, 11], "uv_size": [1, -1]}
							}
						},
						{
							"origin": [-1.65, 23.18, -39.15],
							"size": [0.5, 0.2, 0.4],
							"pivot": [-1.3, 23.2, -38.55],
							"rotation": [-45, 0, 0],
							"uv": {
								"north": {"uv": [5, 46], "uv_size": [1, 1]},
								"east": {"uv": [46, 5], "uv_size": [1, 1]},
								"south": {"uv": [6, 46], "uv_size": [1, 1]},
								"west": {"uv": [46, 6], "uv_size": [1, 1]},
								"up": {"uv": [7, 46], "uv_size": [1, 1]},
								"down": {"uv": [46, 8], "uv_size": [1, -1]}
							}
						},
						{
							"origin": [-1.65, 23.7, -39.05],
							"size": [0.4, 0.4, 0.2],
							"pivot": [-1.4, 23.8, -38.65],
							"rotation": [-45, 0, 0],
							"uv": {
								"north": {"uv": [2, 46], "uv_size": [1, 1]},
								"east": {"uv": [46, 2], "uv_size": [1, 1]},
								"south": {"uv": [3, 46], "uv_size": [1, 1]},
								"west": {"uv": [46, 3], "uv_size": [1, 1]},
								"up": {"uv": [4, 46], "uv_size": [1, 1]},
								"down": {"uv": [46, 5], "uv_size": [1, -1]}
							}
						},
						{
							"origin": [-1.65, 23.18, -42.95],
							"size": [0.5, 0.2, 0.5],
							"pivot": [-1.3, 23.2, -42.35],
							"rotation": [-45, 0, 0],
							"uv": {
								"north": {"uv": [45, 44], "uv_size": [1, 1]},
								"east": {"uv": [45, 45], "uv_size": [1, 1]},
								"south": {"uv": [0, 46], "uv_size": [1, 1]},
								"west": {"uv": [46, 0], "uv_size": [1, 1]},
								"up": {"uv": [1, 46], "uv_size": [1, 1]},
								"down": {"uv": [46, 2], "uv_size": [1, -1]}
							}
						},
						{
							"origin": [-1.65, 23.7, -42.85],
							"size": [0.4, 0.4, 0.2],
							"pivot": [-1.4, 23.8, -42.45],
							"rotation": [-45, 0, 0],
							"uv": {
								"north": {"uv": [45, 41], "uv_size": [1, 1]},
								"east": {"uv": [42, 45], "uv_size": [1, 1]},
								"south": {"uv": [45, 42], "uv_size": [1, 1]},
								"west": {"uv": [43, 45], "uv_size": [1, 1]},
								"up": {"uv": [45, 43], "uv_size": [1, 1]},
								"down": {"uv": [44, 46], "uv_size": [1, -1]}
							}
						},
						{
							"origin": [-1.65, 23.08, -40.95],
							"size": [0.5, 0.3, 0.4],
							"pivot": [-1.3, 23.2, -40.35],
							"rotation": [-45, 0, 0],
							"uv": {
								"north": {"uv": [45, 38], "uv_size": [1, 1]},
								"east": {"uv": [39, 45], "uv_size": [1, 1]},
								"south": {"uv": [45, 39], "uv_size": [1, 1]},
								"west": {"uv": [40, 45], "uv_size": [1, 1]},
								"up": {"uv": [45, 40], "uv_size": [1, 1]},
								"down": {"uv": [41, 46], "uv_size": [1, -1]}
							}
						},
						{
							"origin": [1.35, 23.2, -46.35],
							"size": [0.5, 0.6, 3.7],
							"uv": {
								"north": {"uv": [49, 34], "uv_size": [1, 1]},
								"east": {"uv": [35, 10], "uv_size": [4, 1]},
								"south": {"uv": [35, 49], "uv_size": [1, 1]},
								"west": {"uv": [35, 11], "uv_size": [4, 1]},
								"up": {"uv": [28, 35], "uv_size": [1, 4]},
								"down": {"uv": [29, 39], "uv_size": [1, -4]}
							}
						},
						{
							"origin": [1.35, 23.18, -42.95],
							"size": [0.5, 0.2, 0.5],
							"pivot": [1.5, 23.2, -42.35],
							"rotation": [-45, 0, 0],
							"uv": {
								"north": {"uv": [49, 31], "uv_size": [1, 1]},
								"east": {"uv": [32, 49], "uv_size": [1, 1]},
								"south": {"uv": [49, 32], "uv_size": [1, 1]},
								"west": {"uv": [33, 49], "uv_size": [1, 1]},
								"up": {"uv": [49, 33], "uv_size": [1, 1]},
								"down": {"uv": [34, 50], "uv_size": [1, -1]}
							}
						},
						{
							"origin": [1.35, 23.08, -40.95],
							"size": [0.5, 0.3, 0.4],
							"pivot": [1.5, 23.2, -40.35],
							"rotation": [-45, 0, 0],
							"uv": {
								"north": {"uv": [49, 28], "uv_size": [1, 1]},
								"east": {"uv": [29, 49], "uv_size": [1, 1]},
								"south": {"uv": [49, 29], "uv_size": [1, 1]},
								"west": {"uv": [30, 49], "uv_size": [1, 1]},
								"up": {"uv": [49, 30], "uv_size": [1, 1]},
								"down": {"uv": [31, 50], "uv_size": [1, -1]}
							}
						},
						{
							"origin": [1.35, 23.2, -40.65],
							"size": [0.5, 0.6, 1.8],
							"uv": {
								"north": {"uv": [49, 27], "uv_size": [1, 1]},
								"east": {"uv": [26, 42], "uv_size": [2, 1]},
								"south": {"uv": [28, 49], "uv_size": [1, 1]},
								"west": {"uv": [42, 26], "uv_size": [2, 1]},
								"up": {"uv": [42, 27], "uv_size": [1, 2]},
								"down": {"uv": [28, 44], "uv_size": [1, -2]}
							}
						},
						{
							"origin": [1.35, 23.18, -39.15],
							"size": [0.5, 0.2, 0.4],
							"pivot": [1.5, 23.2, -38.55],
							"rotation": [-45, 0, 0],
							"uv": {
								"north": {"uv": [49, 24], "uv_size": [1, 1]},
								"east": {"uv": [25, 49], "uv_size": [1, 1]},
								"south": {"uv": [49, 25], "uv_size": [1, 1]},
								"west": {"uv": [26, 49], "uv_size": [1, 1]},
								"up": {"uv": [49, 26], "uv_size": [1, 1]},
								"down": {"uv": [27, 50], "uv_size": [1, -1]}
							}
						},
						{
							"origin": [1.35, 23.08, -37.15],
							"size": [0.5, 0.3, 0.4],
							"pivot": [1.5, 23.2, -36.55],
							"rotation": [-45, 0, 0],
							"uv": {
								"north": {"uv": [49, 21], "uv_size": [1, 1]},
								"east": {"uv": [22, 49], "uv_size": [1, 1]},
								"south": {"uv": [49, 22], "uv_size": [1, 1]},
								"west": {"uv": [23, 49], "uv_size": [1, 1]},
								"up": {"uv": [49, 23], "uv_size": [1, 1]},
								"down": {"uv": [24, 50], "uv_size": [1, -1]}
							}
						},
						{
							"origin": [1.35, 23.2, -36.85],
							"size": [0.5, 0.6, 1.8],
							"uv": {
								"north": {"uv": [49, 20], "uv_size": [1, 1]},
								"east": {"uv": [21, 42], "uv_size": [2, 1]},
								"south": {"uv": [21, 49], "uv_size": [1, 1]},
								"west": {"uv": [23, 42], "uv_size": [2, 1]},
								"up": {"uv": [42, 23], "uv_size": [1, 2]},
								"down": {"uv": [25, 44], "uv_size": [1, -2]}
							}
						},
						{
							"origin": [1.35, 23.18, -35.35],
							"size": [0.5, 0.2, 0.4],
							"pivot": [1.5, 23.2, -34.75],
							"rotation": [-45, 0, 0],
							"uv": {
								"north": {"uv": [49, 17], "uv_size": [1, 1]},
								"east": {"uv": [18, 49], "uv_size": [1, 1]},
								"south": {"uv": [49, 18], "uv_size": [1, 1]},
								"west": {"uv": [19, 49], "uv_size": [1, 1]},
								"up": {"uv": [49, 19], "uv_size": [1, 1]},
								"down": {"uv": [20, 50], "uv_size": [1, -1]}
							}
						},
						{
							"origin": [1.35, 23.08, -33.35],
							"size": [0.5, 0.3, 0.4],
							"pivot": [1.5, 23.2, -32.75],
							"rotation": [-45, 0, 0],
							"uv": {
								"north": {"uv": [49, 14], "uv_size": [1, 1]},
								"east": {"uv": [15, 49], "uv_size": [1, 1]},
								"south": {"uv": [49, 15], "uv_size": [1, 1]},
								"west": {"uv": [16, 49], "uv_size": [1, 1]},
								"up": {"uv": [49, 16], "uv_size": [1, 1]},
								"down": {"uv": [17, 50], "uv_size": [1, -1]}
							}
						},
						{
							"origin": [1.35, 23.2, -33.05],
							"size": [0.5, 0.6, 6.4],
							"uv": {
								"north": {"uv": [49, 13], "uv_size": [1, 1]},
								"east": {"uv": [32, 30], "uv_size": [6, 1]},
								"south": {"uv": [14, 49], "uv_size": [1, 1]},
								"west": {"uv": [32, 31], "uv_size": [6, 1]},
								"up": {"uv": [32, 33], "uv_size": [1, 6]},
								"down": {"uv": [33, 39], "uv_size": [1, -6]}
							}
						},
						{
							"origin": [-1.65, 23.7, -41.05],
							"size": [0.4, 0.3, 0.4],
							"pivot": [-1.4, 23.8, -40.45],
							"rotation": [-45, 0, 0],
							"uv": {
								"north": {"uv": [45, 35], "uv_size": [1, 1]},
								"east": {"uv": [36, 45], "uv_size": [1, 1]},
								"south": {"uv": [45, 36], "uv_size": [1, 1]},
								"west": {"uv": [37, 45], "uv_size": [1, 1]},
								"up": {"uv": [45, 37], "uv_size": [1, 1]},
								"down": {"uv": [38, 46], "uv_size": [1, -1]}
							}
						},
						{
							"origin": [-0.77, 26.8, -46.29],
							"size": [1.7, 0.6, 15.76],
							"inflate": 0.001,
							"uv": {
								"north": {"uv": [40, 23], "uv_size": [2, 1]},
								"east": {"uv": [24, 0], "uv_size": [16, 1]},
								"south": {"uv": [24, 40], "uv_size": [2, 1]},
								"west": {"uv": [24, 1], "uv_size": [16, 1]},
								"up": {"uv": [4, 16], "uv_size": [2, 16]},
								"down": {"uv": [6, 32], "uv_size": [2, -16]}
							}
						},
						{
							"origin": [4.647, 27.5, -31.85],
							"size": [0.3, 0.3, 0.6],
							"inflate": 0.001,
							"pivot": [3.06, 22.9, -44],
							"rotation": [0, 0, -45],
							"uv": {
								"north": {"uv": [27, 46], "uv_size": [1, 1]},
								"east": {"uv": [46, 27], "uv_size": [1, 1]},
								"south": {"uv": [28, 46], "uv_size": [1, 1]},
								"west": {"uv": [46, 28], "uv_size": [1, 1]},
								"up": {"uv": [29, 46], "uv_size": [1, 1]},
								"down": {"uv": [46, 30], "uv_size": [1, -1]}
							}
						},
						{
							"origin": [2.947, 27.5, -31.85],
							"size": [0.3, 0.3, 0.6],
							"inflate": 0.001,
							"pivot": [1.36, 22.9, -44],
							"rotation": [0, 0, -45],
							"uv": {
								"north": {"uv": [30, 46], "uv_size": [1, 1]},
								"east": {"uv": [46, 30], "uv_size": [1, 1]},
								"south": {"uv": [31, 46], "uv_size": [1, 1]},
								"west": {"uv": [46, 31], "uv_size": [1, 1]},
								"up": {"uv": [32, 46], "uv_size": [1, 1]},
								"down": {"uv": [46, 33], "uv_size": [1, -1]}
							}
						},
						{
							"origin": [-0.77, 27.4, -31.85],
							"size": [1.7, 0.3, 0.6],
							"inflate": 0.001,
							"uv": {
								"north": {"uv": [40, 24], "uv_size": [2, 1]},
								"east": {"uv": [33, 46], "uv_size": [1, 1]},
								"south": {"uv": [26, 40], "uv_size": [2, 1]},
								"west": {"uv": [46, 33], "uv_size": [1, 1]},
								"up": {"uv": [40, 26], "uv_size": [2, 1]},
								"down": {"uv": [40, 28], "uv_size": [2, -1]}
							}
						},
						{
							"origin": [4.647, 27.5, -33.15],
							"size": [0.3, 0.3, 0.6],
							"inflate": 0.001,
							"pivot": [3.06, 22.9, -45.3],
							"rotation": [0, 0, -45],
							"uv": {
								"north": {"uv": [34, 46], "uv_size": [1, 1]},
								"east": {"uv": [46, 34], "uv_size": [1, 1]},
								"south": {"uv": [35, 46], "uv_size": [1, 1]},
								"west": {"uv": [46, 35], "uv_size": [1, 1]},
								"up": {"uv": [36, 46], "uv_size": [1, 1]},
								"down": {"uv": [46, 37], "uv_size": [1, -1]}
							}
						},
						{
							"origin": [-0.77, 27.4, -33.15],
							"size": [1.7, 0.3, 0.6],
							"inflate": 0.001,
							"uv": {
								"north": {"uv": [40, 28], "uv_size": [2, 1]},
								"east": {"uv": [37, 46], "uv_size": [1, 1]},
								"south": {"uv": [40, 29], "uv_size": [2, 1]},
								"west": {"uv": [46, 37], "uv_size": [1, 1]},
								"up": {"uv": [40, 30], "uv_size": [2, 1]},
								"down": {"uv": [40, 32], "uv_size": [2, -1]}
							}
						},
						{
							"origin": [2.947, 27.5, -33.15],
							"size": [0.3, 0.3, 0.6],
							"inflate": 0.001,
							"pivot": [1.36, 22.9, -45.3],
							"rotation": [0, 0, -45],
							"uv": {
								"north": {"uv": [38, 46], "uv_size": [1, 1]},
								"east": {"uv": [46, 38], "uv_size": [1, 1]},
								"south": {"uv": [39, 46], "uv_size": [1, 1]},
								"west": {"uv": [46, 39], "uv_size": [1, 1]},
								"up": {"uv": [40, 46], "uv_size": [1, 1]},
								"down": {"uv": [46, 41], "uv_size": [1, -1]}
							}
						},
						{
							"origin": [4.647, 27.5, -34.45],
							"size": [0.3, 0.3, 0.6],
							"inflate": 0.001,
							"pivot": [3.06, 22.9, -46.6],
							"rotation": [0, 0, -45],
							"uv": {
								"north": {"uv": [41, 46], "uv_size": [1, 1]},
								"east": {"uv": [46, 41], "uv_size": [1, 1]},
								"south": {"uv": [42, 46], "uv_size": [1, 1]},
								"west": {"uv": [46, 42], "uv_size": [1, 1]},
								"up": {"uv": [43, 46], "uv_size": [1, 1]},
								"down": {"uv": [46, 44], "uv_size": [1, -1]}
							}
						},
						{
							"origin": [2.947, 27.5, -34.45],
							"size": [0.3, 0.3, 0.6],
							"inflate": 0.001,
							"pivot": [1.36, 22.9, -46.6],
							"rotation": [0, 0, -45],
							"uv": {
								"north": {"uv": [44, 46], "uv_size": [1, 1]},
								"east": {"uv": [46, 44], "uv_size": [1, 1]},
								"south": {"uv": [45, 46], "uv_size": [1, 1]},
								"west": {"uv": [46, 45], "uv_size": [1, 1]},
								"up": {"uv": [46, 46], "uv_size": [1, 1]},
								"down": {"uv": [0, 48], "uv_size": [1, -1]}
							}
						},
						{
							"origin": [-0.77, 27.4, -34.45],
							"size": [1.7, 0.3, 0.6],
							"inflate": 0.001,
							"uv": {
								"north": {"uv": [40, 32], "uv_size": [2, 1]},
								"east": {"uv": [47, 0], "uv_size": [1, 1]},
								"south": {"uv": [40, 33], "uv_size": [2, 1]},
								"west": {"uv": [1, 47], "uv_size": [1, 1]},
								"up": {"uv": [40, 34], "uv_size": [2, 1]},
								"down": {"uv": [40, 36], "uv_size": [2, -1]}
							}
						},
						{
							"origin": [4.647, 27.5, -35.75],
							"size": [0.3, 0.3, 0.6],
							"inflate": 0.001,
							"pivot": [3.06, 22.9, -47.9],
							"rotation": [0, 0, -45],
							"uv": {
								"north": {"uv": [47, 1], "uv_size": [1, 1]},
								"east": {"uv": [2, 47], "uv_size": [1, 1]},
								"south": {"uv": [47, 2], "uv_size": [1, 1]},
								"west": {"uv": [3, 47], "uv_size": [1, 1]},
								"up": {"uv": [47, 3], "uv_size": [1, 1]},
								"down": {"uv": [4, 48], "uv_size": [1, -1]}
							}
						},
						{
							"origin": [-0.77, 27.4, -35.75],
							"size": [1.7, 0.3, 0.6],
							"inflate": 0.001,
							"uv": {
								"north": {"uv": [40, 36], "uv_size": [2, 1]},
								"east": {"uv": [47, 4], "uv_size": [1, 1]},
								"south": {"uv": [40, 37], "uv_size": [2, 1]},
								"west": {"uv": [5, 47], "uv_size": [1, 1]},
								"up": {"uv": [40, 38], "uv_size": [2, 1]},
								"down": {"uv": [40, 40], "uv_size": [2, -1]}
							}
						},
						{
							"origin": [2.947, 27.5, -35.75],
							"size": [0.3, 0.3, 0.6],
							"inflate": 0.001,
							"pivot": [1.36, 22.9, -47.9],
							"rotation": [0, 0, -45],
							"uv": {
								"north": {"uv": [47, 5], "uv_size": [1, 1]},
								"east": {"uv": [6, 47], "uv_size": [1, 1]},
								"south": {"uv": [47, 6], "uv_size": [1, 1]},
								"west": {"uv": [7, 47], "uv_size": [1, 1]},
								"up": {"uv": [47, 7], "uv_size": [1, 1]},
								"down": {"uv": [8, 48], "uv_size": [1, -1]}
							}
						},
						{
							"origin": [4.647, 27.5, -37.05],
							"size": [0.3, 0.3, 0.6],
							"inflate": 0.001,
							"pivot": [3.06, 22.9, -49.2],
							"rotation": [0, 0, -45],
							"uv": {
								"north": {"uv": [47, 8], "uv_size": [1, 1]},
								"east": {"uv": [9, 47], "uv_size": [1, 1]},
								"south": {"uv": [47, 9], "uv_size": [1, 1]},
								"west": {"uv": [10, 47], "uv_size": [1, 1]},
								"up": {"uv": [47, 10], "uv_size": [1, 1]},
								"down": {"uv": [11, 48], "uv_size": [1, -1]}
							}
						},
						{
							"origin": [2.947, 27.5, -37.05],
							"size": [0.3, 0.3, 0.6],
							"inflate": 0.001,
							"pivot": [1.36, 22.9, -49.2],
							"rotation": [0, 0, -45],
							"uv": {
								"north": {"uv": [47, 11], "uv_size": [1, 1]},
								"east": {"uv": [12, 47], "uv_size": [1, 1]},
								"south": {"uv": [47, 12], "uv_size": [1, 1]},
								"west": {"uv": [13, 47], "uv_size": [1, 1]},
								"up": {"uv": [47, 13], "uv_size": [1, 1]},
								"down": {"uv": [14, 48], "uv_size": [1, -1]}
							}
						},
						{
							"origin": [-0.77, 27.4, -37.05],
							"size": [1.7, 0.3, 0.6],
							"inflate": 0.001,
							"uv": {
								"north": {"uv": [40, 40], "uv_size": [2, 1]},
								"east": {"uv": [47, 14], "uv_size": [1, 1]},
								"south": {"uv": [41, 0], "uv_size": [2, 1]},
								"west": {"uv": [15, 47], "uv_size": [1, 1]},
								"up": {"uv": [1, 41], "uv_size": [2, 1]},
								"down": {"uv": [41, 2], "uv_size": [2, -1]}
							}
						},
						{
							"origin": [4.647, 27.5, -38.35],
							"size": [0.3, 0.3, 0.6],
							"inflate": 0.001,
							"pivot": [3.06, 22.9, -50.5],
							"rotation": [0, 0, -45],
							"uv": {
								"north": {"uv": [47, 15], "uv_size": [1, 1]},
								"east": {"uv": [16, 47], "uv_size": [1, 1]},
								"south": {"uv": [47, 16], "uv_size": [1, 1]},
								"west": {"uv": [17, 47], "uv_size": [1, 1]},
								"up": {"uv": [47, 17], "uv_size": [1, 1]},
								"down": {"uv": [18, 48], "uv_size": [1, -1]}
							}
						},
						{
							"origin": [-0.77, 27.4, -38.35],
							"size": [1.7, 0.3, 0.6],
							"inflate": 0.001,
							"uv": {
								"north": {"uv": [41, 2], "uv_size": [2, 1]},
								"east": {"uv": [47, 18], "uv_size": [1, 1]},
								"south": {"uv": [41, 3], "uv_size": [2, 1]},
								"west": {"uv": [19, 47], "uv_size": [1, 1]},
								"up": {"uv": [4, 41], "uv_size": [2, 1]},
								"down": {"uv": [41, 6], "uv_size": [2, -1]}
							}
						},
						{
							"origin": [2.947, 27.5, -38.35],
							"size": [0.3, 0.3, 0.6],
							"inflate": 0.001,
							"pivot": [1.36, 22.9, -50.5],
							"rotation": [0, 0, -45],
							"uv": {
								"north": {"uv": [47, 19], "uv_size": [1, 1]},
								"east": {"uv": [20, 47], "uv_size": [1, 1]},
								"south": {"uv": [47, 20], "uv_size": [1, 1]},
								"west": {"uv": [21, 47], "uv_size": [1, 1]},
								"up": {"uv": [47, 21], "uv_size": [1, 1]},
								"down": {"uv": [22, 48], "uv_size": [1, -1]}
							}
						},
						{
							"origin": [4.647, 27.5, -39.65],
							"size": [0.3, 0.3, 0.6],
							"inflate": 0.001,
							"pivot": [3.06, 22.9, -51.8],
							"rotation": [0, 0, -45],
							"uv": {
								"north": {"uv": [47, 22], "uv_size": [1, 1]},
								"east": {"uv": [23, 47], "uv_size": [1, 1]},
								"south": {"uv": [47, 23], "uv_size": [1, 1]},
								"west": {"uv": [24, 47], "uv_size": [1, 1]},
								"up": {"uv": [47, 24], "uv_size": [1, 1]},
								"down": {"uv": [25, 48], "uv_size": [1, -1]}
							}
						},
						{
							"origin": [2.947, 27.5, -39.65],
							"size": [0.3, 0.3, 0.6],
							"inflate": 0.001,
							"pivot": [1.36, 22.9, -51.8],
							"rotation": [0, 0, -45],
							"uv": {
								"north": {"uv": [47, 25], "uv_size": [1, 1]},
								"east": {"uv": [26, 47], "uv_size": [1, 1]},
								"south": {"uv": [47, 26], "uv_size": [1, 1]},
								"west": {"uv": [27, 47], "uv_size": [1, 1]},
								"up": {"uv": [47, 27], "uv_size": [1, 1]},
								"down": {"uv": [28, 48], "uv_size": [1, -1]}
							}
						},
						{
							"origin": [-0.77, 27.4, -39.65],
							"size": [1.7, 0.3, 0.6],
							"inflate": 0.001,
							"uv": {
								"north": {"uv": [41, 6], "uv_size": [2, 1]},
								"east": {"uv": [47, 28], "uv_size": [1, 1]},
								"south": {"uv": [7, 41], "uv_size": [2, 1]},
								"west": {"uv": [29, 47], "uv_size": [1, 1]},
								"up": {"uv": [41, 8], "uv_size": [2, 1]},
								"down": {"uv": [41, 10], "uv_size": [2, -1]}
							}
						},
						{
							"origin": [4.647, 27.5, -40.95],
							"size": [0.3, 0.3, 0.6],
							"inflate": 0.001,
							"pivot": [3.06, 22.9, -53.1],
							"rotation": [0, 0, -45],
							"uv": {
								"north": {"uv": [47, 29], "uv_size": [1, 1]},
								"east": {"uv": [30, 47], "uv_size": [1, 1]},
								"south": {"uv": [47, 30], "uv_size": [1, 1]},
								"west": {"uv": [31, 47], "uv_size": [1, 1]},
								"up": {"uv": [47, 31], "uv_size": [1, 1]},
								"down": {"uv": [32, 48], "uv_size": [1, -1]}
							}
						},
						{
							"origin": [-0.77, 27.4, -40.95],
							"size": [1.7, 0.3, 0.6],
							"inflate": 0.001,
							"uv": {
								"north": {"uv": [10, 41], "uv_size": [2, 1]},
								"east": {"uv": [47, 32], "uv_size": [1, 1]},
								"south": {"uv": [41, 10], "uv_size": [2, 1]},
								"west": {"uv": [33, 47], "uv_size": [1, 1]},
								"up": {"uv": [41, 12], "uv_size": [2, 1]},
								"down": {"uv": [13, 42], "uv_size": [2, -1]}
							}
						},
						{
							"origin": [2.947, 27.5, -40.95],
							"size": [0.3, 0.3, 0.6],
							"inflate": 0.001,
							"pivot": [1.36, 22.9, -53.1],
							"rotation": [0, 0, -45],
							"uv": {
								"north": {"uv": [47, 33], "uv_size": [1, 1]},
								"east": {"uv": [34, 47], "uv_size": [1, 1]},
								"south": {"uv": [47, 34], "uv_size": [1, 1]},
								"west": {"uv": [35, 47], "uv_size": [1, 1]},
								"up": {"uv": [47, 35], "uv_size": [1, 1]},
								"down": {"uv": [36, 48], "uv_size": [1, -1]}
							}
						},
						{
							"origin": [4.647, 27.5, -42.25],
							"size": [0.3, 0.3, 0.6],
							"inflate": 0.001,
							"pivot": [3.06, 22.9, -54.4],
							"rotation": [0, 0, -45],
							"uv": {
								"north": {"uv": [47, 36], "uv_size": [1, 1]},
								"east": {"uv": [37, 47], "uv_size": [1, 1]},
								"south": {"uv": [47, 37], "uv_size": [1, 1]},
								"west": {"uv": [38, 47], "uv_size": [1, 1]},
								"up": {"uv": [47, 38], "uv_size": [1, 1]},
								"down": {"uv": [39, 48], "uv_size": [1, -1]}
							}
						},
						{
							"origin": [2.947, 27.5, -42.25],
							"size": [0.3, 0.3, 0.6],
							"inflate": 0.001,
							"pivot": [1.36, 22.9, -54.4],
							"rotation": [0, 0, -45],
							"uv": {
								"north": {"uv": [47, 39], "uv_size": [1, 1]},
								"east": {"uv": [40, 47], "uv_size": [1, 1]},
								"south": {"uv": [47, 40], "uv_size": [1, 1]},
								"west": {"uv": [41, 47], "uv_size": [1, 1]},
								"up": {"uv": [47, 41], "uv_size": [1, 1]},
								"down": {"uv": [42, 48], "uv_size": [1, -1]}
							}
						},
						{
							"origin": [-0.77, 27.4, -42.25],
							"size": [1.7, 0.3, 0.6],
							"inflate": 0.001,
							"uv": {
								"north": {"uv": [41, 13], "uv_size": [2, 1]},
								"east": {"uv": [47, 42], "uv_size": [1, 1]},
								"south": {"uv": [41, 15], "uv_size": [2, 1]},
								"west": {"uv": [43, 47], "uv_size": [1, 1]},
								"up": {"uv": [16, 41], "uv_size": [2, 1]},
								"down": {"uv": [41, 17], "uv_size": [2, -1]}
							}
						},
						{
							"origin": [4.647, 27.5, -43.55],
							"size": [0.3, 0.3, 0.6],
							"inflate": 0.001,
							"pivot": [3.06, 22.9, -55.7],
							"rotation": [0, 0, -45],
							"uv": {
								"north": {"uv": [47, 43], "uv_size": [1, 1]},
								"east": {"uv": [44, 47], "uv_size": [1, 1]},
								"south": {"uv": [47, 44], "uv_size": [1, 1]},
								"west": {"uv": [45, 47], "uv_size": [1, 1]},
								"up": {"uv": [47, 45], "uv_size": [1, 1]},
								"down": {"uv": [46, 48], "uv_size": [1, -1]}
							}
						},
						{
							"origin": [-0.77, 27.4, -43.55],
							"size": [1.7, 0.3, 0.6],
							"inflate": 0.001,
							"uv": {
								"north": {"uv": [18, 41], "uv_size": [2, 1]},
								"east": {"uv": [47, 46], "uv_size": [1, 1]},
								"south": {"uv": [41, 19], "uv_size": [2, 1]},
								"west": {"uv": [47, 47], "uv_size": [1, 1]},
								"up": {"uv": [20, 41], "uv_size": [2, 1]},
								"down": {"uv": [41, 21], "uv_size": [2, -1]}
							}
						},
						{
							"origin": [2.947, 27.5, -43.55],
							"size": [0.3, 0.3, 0.6],
							"inflate": 0.001,
							"pivot": [1.36, 22.9, -55.7],
							"rotation": [0, 0, -45],
							"uv": {
								"north": {"uv": [0, 48], "uv_size": [1, 1]},
								"east": {"uv": [48, 0], "uv_size": [1, 1]},
								"south": {"uv": [1, 48], "uv_size": [1, 1]},
								"west": {"uv": [48, 1], "uv_size": [1, 1]},
								"up": {"uv": [2, 48], "uv_size": [1, 1]},
								"down": {"uv": [48, 3], "uv_size": [1, -1]}
							}
						},
						{
							"origin": [4.647, 27.5, -44.85],
							"size": [0.3, 0.3, 0.6],
							"inflate": 0.001,
							"pivot": [3.06, 22.9, -57],
							"rotation": [0, 0, -45],
							"uv": {
								"north": {"uv": [3, 48], "uv_size": [1, 1]},
								"east": {"uv": [48, 3], "uv_size": [1, 1]},
								"south": {"uv": [4, 48], "uv_size": [1, 1]},
								"west": {"uv": [48, 4], "uv_size": [1, 1]},
								"up": {"uv": [5, 48], "uv_size": [1, 1]},
								"down": {"uv": [48, 6], "uv_size": [1, -1]}
							}
						},
						{
							"origin": [2.947, 27.5, -44.85],
							"size": [0.3, 0.3, 0.6],
							"inflate": 0.001,
							"pivot": [1.36, 22.9, -57],
							"rotation": [0, 0, -45],
							"uv": {
								"north": {"uv": [6, 48], "uv_size": [1, 1]},
								"east": {"uv": [48, 6], "uv_size": [1, 1]},
								"south": {"uv": [7, 48], "uv_size": [1, 1]},
								"west": {"uv": [48, 7], "uv_size": [1, 1]},
								"up": {"uv": [8, 48], "uv_size": [1, 1]},
								"down": {"uv": [48, 9], "uv_size": [1, -1]}
							}
						},
						{
							"origin": [-0.77, 27.4, -44.85],
							"size": [1.7, 0.3, 0.6],
							"inflate": 0.001,
							"uv": {
								"north": {"uv": [41, 21], "uv_size": [2, 1]},
								"east": {"uv": [9, 48], "uv_size": [1, 1]},
								"south": {"uv": [41, 22], "uv_size": [2, 1]},
								"west": {"uv": [48, 9], "uv_size": [1, 1]},
								"up": {"uv": [24, 41], "uv_size": [2, 1]},
								"down": {"uv": [41, 26], "uv_size": [2, -1]}
							}
						},
						{
							"origin": [4.647, 27.5, -46.15],
							"size": [0.3, 0.3, 0.6],
							"inflate": 0.001,
							"pivot": [3.06, 22.9, -58.3],
							"rotation": [0, 0, -45],
							"uv": {
								"north": {"uv": [10, 48], "uv_size": [1, 1]},
								"east": {"uv": [48, 10], "uv_size": [1, 1]},
								"south": {"uv": [11, 48], "uv_size": [1, 1]},
								"west": {"uv": [48, 11], "uv_size": [1, 1]},
								"up": {"uv": [12, 48], "uv_size": [1, 1]},
								"down": {"uv": [48, 13], "uv_size": [1, -1]}
							}
						},
						{
							"origin": [-0.77, 27.4, -46.15],
							"size": [1.7, 0.3, 0.6],
							"inflate": 0.001,
							"uv": {
								"north": {"uv": [26, 41], "uv_size": [2, 1]},
								"east": {"uv": [13, 48], "uv_size": [1, 1]},
								"south": {"uv": [28, 41], "uv_size": [2, 1]},
								"west": {"uv": [48, 13], "uv_size": [1, 1]},
								"up": {"uv": [30, 41], "uv_size": [2, 1]},
								"down": {"uv": [32, 42], "uv_size": [2, -1]}
							}
						},
						{
							"origin": [2.947, 27.5, -46.15],
							"size": [0.3, 0.3, 0.6],
							"inflate": 0.001,
							"pivot": [1.36, 22.9, -58.3],
							"rotation": [0, 0, -45],
							"uv": {
								"north": {"uv": [14, 48], "uv_size": [1, 1]},
								"east": {"uv": [48, 14], "uv_size": [1, 1]},
								"south": {"uv": [15, 48], "uv_size": [1, 1]},
								"west": {"uv": [48, 15], "uv_size": [1, 1]},
								"up": {"uv": [16, 48], "uv_size": [1, 1]},
								"down": {"uv": [48, 17], "uv_size": [1, -1]}
							}
						},
						{
							"origin": [1.45, 19.00678, -46.12137],
							"size": [0.5, 1.2, 19.4],
							"pivot": [2.2, 20.30678, -36.62137],
							"rotation": [0, 0, 40],
							"uv": {
								"north": {"uv": [45, 48], "uv_size": [1, 1]},
								"east": {"uv": [18, 18], "uv_size": [19, 1]},
								"south": {"uv": [48, 45], "uv_size": [1, 1]},
								"west": {"uv": [18, 19], "uv_size": [19, 1]},
								"up": {"uv": [18, 20], "uv_size": [1, 19]},
								"down": {"uv": [19, 39], "uv_size": [1, -19]}
							}
						},
						{
							"origin": [-1.95, 19.65678, -46.12137],
							"size": [0.5, 1.25, 19.4],
							"pivot": [-1.2, 20.90678, -36.62137],
							"rotation": [0, 0, -40],
							"uv": {
								"north": {"uv": [46, 48], "uv_size": [1, 1]},
								"east": {"uv": [20, 14], "uv_size": [19, 1]},
								"south": {"uv": [48, 46], "uv_size": [1, 1]},
								"west": {"uv": [20, 15], "uv_size": [19, 1]},
								"up": {"uv": [20, 20], "uv_size": [1, 19]},
								"down": {"uv": [10, 40], "uv_size": [1, -19]}
							}
						},
						{
							"origin": [0.05, 17.41678, -46.32137],
							"size": [0.5, 2.16, 19.6],
							"pivot": [0.8, 19.20678, -36.62137],
							"rotation": [0, 0, 90],
							"uv": {
								"north": {"uv": [16, 42], "uv_size": [1, 2]},
								"east": {"uv": [4, 0], "uv_size": [20, 2]},
								"south": {"uv": [17, 42], "uv_size": [1, 2]},
								"west": {"uv": [0, 14], "uv_size": [20, 2]},
								"up": {"uv": [8, 16], "uv_size": [1, 20]},
								"down": {"uv": [9, 36], "uv_size": [1, -20]}
							}
						},
						{
							"origin": [1.45, 19, -46.35],
							"size": [0.5, 1.2, 0.9],
							"pivot": [2.2, 20.3, -38.55],
							"rotation": [0, 0, 40],
							"uv": {
								"north": {"uv": [47, 48], "uv_size": [1, 1]},
								"east": {"uv": [48, 47], "uv_size": [1, 1]},
								"south": {"uv": [48, 48], "uv_size": [1, 1]},
								"west": {"uv": [0, 49], "uv_size": [1, 1]},
								"up": {"uv": [49, 0], "uv_size": [1, 1]},
								"down": {"uv": [1, 50], "uv_size": [1, -1]}
							}
						},
						{
							"origin": [1.45, 19, -46.75],
							"size": [0.5, 1.2, 0.4],
							"pivot": [2.2, 20.3, -38.55],
							"rotation": [0, 0, 40],
							"uv": {
								"north": {"uv": [49, 1], "uv_size": [1, 1]},
								"east": {"uv": [2, 49], "uv_size": [1, 1]},
								"south": {"uv": [49, 2], "uv_size": [1, 1]},
								"west": {"uv": [3, 49], "uv_size": [1, 1]},
								"up": {"uv": [49, 3], "uv_size": [1, 1]},
								"down": {"uv": [4, 50], "uv_size": [1, -1]}
							}
						},
						{
							"origin": [0.05, 17.41, -46.75],
							"size": [0.5, 2.16, 0.4],
							"pivot": [0.8, 19.2, -38.55],
							"rotation": [0, 0, 90],
							"uv": {
								"north": {"uv": [42, 17], "uv_size": [1, 2]},
								"east": {"uv": [18, 42], "uv_size": [1, 2]},
								"south": {"uv": [19, 42], "uv_size": [1, 2]},
								"west": {"uv": [20, 42], "uv_size": [1, 2]},
								"up": {"uv": [49, 4], "uv_size": [1, 1]},
								"down": {"uv": [5, 50], "uv_size": [1, -1]}
							}
						},
						{
							"origin": [-1.95, 19.65, -46.75],
							"size": [0.5, 1.25, 0.4],
							"pivot": [-1.2, 20.9, -38.55],
							"rotation": [0, 0, -40],
							"uv": {
								"north": {"uv": [49, 5], "uv_size": [1, 1]},
								"east": {"uv": [6, 49], "uv_size": [1, 1]},
								"south": {"uv": [49, 6], "uv_size": [1, 1]},
								"west": {"uv": [7, 49], "uv_size": [1, 1]},
								"up": {"uv": [49, 7], "uv_size": [1, 1]},
								"down": {"uv": [8, 50], "uv_size": [1, -1]}
							}
						},
						{
							"origin": [-1.95, 19.65, -46.35],
							"size": [0.5, 1.25, 0.8],
							"pivot": [-1.2, 20.9, -38.55],
							"rotation": [0, 0, -40],
							"uv": {
								"north": {"uv": [49, 8], "uv_size": [1, 1]},
								"east": {"uv": [9, 49], "uv_size": [1, 1]},
								"south": {"uv": [49, 9], "uv_size": [1, 1]},
								"west": {"uv": [10, 49], "uv_size": [1, 1]},
								"up": {"uv": [49, 10], "uv_size": [1, 1]},
								"down": {"uv": [11, 50], "uv_size": [1, -1]}
							}
						},
						{
							"origin": [1.35, 20.4, -46.35],
							"size": [0.6, 3.1, 14.5],
							"uv": {
								"north": {"uv": [14, 37], "uv_size": [1, 3]},
								"east": {"uv": [0, 8], "uv_size": [15, 3]},
								"south": {"uv": [15, 37], "uv_size": [1, 3]},
								"west": {"uv": [0, 11], "uv_size": [15, 3]},
								"up": {"uv": [22, 27], "uv_size": [1, 15]},
								"down": {"uv": [23, 42], "uv_size": [1, -15]}
							}
						},
						{
							"origin": [1.35, 20.4, -46.75],
							"size": [0.6, 3.1, 0.4],
							"uv": {
								"north": {"uv": [9, 36], "uv_size": [1, 3]},
								"east": {"uv": [17, 36], "uv_size": [1, 3]},
								"south": {"uv": [36, 32], "uv_size": [1, 3]},
								"west": {"uv": [35, 36], "uv_size": [1, 3]},
								"up": {"uv": [49, 11], "uv_size": [1, 1]},
								"down": {"uv": [12, 50], "uv_size": [1, -1]}
							}
						},
						{
							"origin": [-1.75, 20.4, -46.35],
							"size": [0.6, 3.1, 14.5],
							"uv": {
								"north": {"uv": [36, 35], "uv_size": [1, 3]},
								"east": {"uv": [0, 2], "uv_size": [15, 3]},
								"south": {"uv": [37, 2], "uv_size": [1, 3]},
								"west": {"uv": [0, 5], "uv_size": [15, 3]},
								"up": {"uv": [17, 21], "uv_size": [1, 15]},
								"down": {"uv": [21, 39], "uv_size": [1, -15]}
							}
						},
						{
							"origin": [-1.75, 20.4, -46.75],
							"size": [0.6, 3.1, 0.4],
							"uv": {
								"north": {"uv": [37, 5], "uv_size": [1, 3]},
								"east": {"uv": [11, 37], "uv_size": [1, 3]},
								"south": {"uv": [12, 37], "uv_size": [1, 3]},
								"west": {"uv": [13, 37], "uv_size": [1, 3]},
								"up": {"uv": [49, 12], "uv_size": [1, 1]},
								"down": {"uv": [13, 50], "uv_size": [1, -1]}
							}
						},
						{
							"origin": [-1.75, 20.4, -31.85],
							"size": [3.7, 3.1, 5.2],
							"uv": {
								"north": {"uv": [29, 9], "uv_size": [4, 3]},
								"east": {"uv": [22, 24], "uv_size": [5, 3]},
								"south": {"uv": [30, 6], "uv_size": [4, 3]},
								"west": {"uv": [25, 6], "uv_size": [5, 3]},
								"up": {"uv": [10, 16], "uv_size": [4, 5]},
								"down": {"uv": [14, 21], "uv_size": [4, -5]}
							}
						}
					]
				},
				{
					"name": "bone19",
					"parent": "handguard",
					"pivot": [1.8, 20.5, -37.75]
				},
				{
					"name": "bone2",
					"parent": "handguard",
					"pivot": [-1.4, 20.5, -37.75]
				},
				{
					"name": "bone21",
					"parent": "handguard",
					"pivot": [1.47794, 19.68487, -37.75],
					"rotation": [0, 0, 37]
				},
				{
					"name": "bone3",
					"parent": "handguard",
					"pivot": [-1.17794, 19.68487, -37.75],
					"rotation": [0, 0, -37]
				},
				{
					"name": "_ca_handguardak",
					"parent": "main",
					"pivot": [-0.2, 16.35, -31.025],
					"cubes": [
						{"origin": [-0.5, 19.15, -26.625], "size": [1, 1, 1], "uv": [0, 0]}
					]
				}
			]
		}
	]
}