{
	"format_version": "1.12.0",
	"minecraft:geometry": [
		{
			"description": {
				"identifier": "geometry.unknown",
				"texture_width": 32,
				"texture_height": 32,
				"visible_bounds_width": 9,
				"visible_bounds_height": 5,
				"visible_bounds_offset": [0, 0.5, 0]
			},
			"bones": [
				{
					"name": "main",
					"pivot": [0, 20, 0]
				},
				{
					"name": "_ca_lowerak",
					"parent": "main",
					"pivot": [-0.2, 19.45, -1.025],
					"cubes": [
						{"origin": [-1.25, 18.45, -9.625], "size": [1, 1, 1], "uv": [0, 0]}
					]
				},
				{
					"name": "lowerbody2",
					"parent": "main",
					"pivot": [0.65, 18.1, -9],
					"rotation": [-2, 0, 0]
				},
				{
					"name": "pgriptrigger2",
					"parent": "lowerbody2",
					"pivot": [-1.1, 17.5, -15.55],
					"cubes": [
						{
							"origin": [-1.25, 15.1, -1.45],
							"size": [2.7, 3.4, 5.95],
							"uv": {
								"north": {"uv": [20, 12], "uv_size": [3, 3]},
								"east": {"uv": [10, 0], "uv_size": [6, 3]},
								"south": {"uv": [20, 15], "uv_size": [3, 3]},
								"west": {"uv": [10, 3], "uv_size": [6, 3]},
								"up": {"uv": [0, 10], "uv_size": [3, 6]},
								"down": {"uv": [11, 12], "uv_size": [3, -6]}
							}
						},
						{
							"origin": [-1.35, 14.84, -2],
							"size": [2.9, 4.2, 0.7],
							"inflate": -0.1,
							"uv": {
								"north": {"uv": [17, 10], "uv_size": [3, 4]},
								"east": {"uv": [9, 24], "uv_size": [1, 4]},
								"south": {"uv": [14, 17], "uv_size": [3, 4]},
								"west": {"uv": [10, 24], "uv_size": [1, 4]},
								"up": {"uv": [25, 0], "uv_size": [3, 1]},
								"down": {"uv": [25, 2], "uv_size": [3, -1]}
							}
						},
						{
							"origin": [-1.25, 16.5, 4.4],
							"size": [2.7, 2, 2.2],
							"inflate": -0.002,
							"pivot": [-0.35, 16.5, 4.4],
							"rotation": [66, 0, 0],
							"uv": {
								"north": {"uv": [14, 21], "uv_size": [3, 2]},
								"east": {"uv": [3, 14], "uv_size": [2, 2]},
								"south": {"uv": [20, 21], "uv_size": [3, 2]},
								"west": {"uv": [9, 16], "uv_size": [2, 2]},
								"up": {"uv": [22, 0], "uv_size": [3, 2]},
								"down": {"uv": [22, 4], "uv_size": [3, -2]}
							}
						},
						{
							"origin": [-0.85, 15.25, -5.15],
							"size": [1.9, 4, 1],
							"inflate": -0.1,
							"pivot": [1.15, 15.25, -4.15],
							"rotation": [-21, 0, 0],
							"uv": {
								"north": {"uv": [3, 10], "uv_size": [2, 4]},
								"east": {"uv": [11, 24], "uv_size": [1, 4]},
								"south": {"uv": [12, 18], "uv_size": [2, 4]},
								"west": {"uv": [12, 24], "uv_size": [1, 4]},
								"up": {"uv": [7, 21], "uv_size": [2, 1]},
								"down": {"uv": [9, 29], "uv_size": [2, -1]}
							}
						},
						{
							"origin": [-1.25, 6.9, 3.1],
							"size": [2.7, 7.9, 4.8],
							"pivot": [0.75, 7, 2.8],
							"rotation": [26, 0, 0],
							"uv": {
								"north": {"uv": [5, 8], "uv_size": [3, 8]},
								"east": {"uv": [0, 2], "uv_size": [5, 8]},
								"south": {"uv": [8, 8], "uv_size": [3, 8]},
								"west": {"uv": [5, 0], "uv_size": [5, 8]},
								"up": {"uv": [14, 12], "uv_size": [3, 5]},
								"down": {"uv": [0, 21], "uv_size": [3, -5]}
							}
						},
						{
							"origin": [-1.05, 9.8, 3],
							"size": [0.4, 5, 0.1],
							"pivot": [0.75, 7, 2.8],
							"rotation": [26, 0, 0],
							"uv": {
								"north": {"uv": [15, 23], "uv_size": [1, 5]},
								"east": {"uv": [16, 23], "uv_size": [1, 5]},
								"south": {"uv": [23, 18], "uv_size": [1, 5]},
								"west": {"uv": [20, 23], "uv_size": [1, 5]},
								"up": {"uv": [24, 28], "uv_size": [1, 1]},
								"down": {"uv": [25, 29], "uv_size": [1, -1]}
							}
						},
						{
							"origin": [0.85, 9.8, 3],
							"size": [0.4, 5, 0.1],
							"pivot": [2.65, 7, 2.8],
							"rotation": [26, 0, 0],
							"uv": {
								"north": {"uv": [21, 23], "uv_size": [1, 5]},
								"east": {"uv": [22, 23], "uv_size": [1, 5]},
								"south": {"uv": [23, 23], "uv_size": [1, 5]},
								"west": {"uv": [0, 24], "uv_size": [1, 5]},
								"up": {"uv": [26, 28], "uv_size": [1, 1]},
								"down": {"uv": [27, 29], "uv_size": [1, -1]}
							}
						},
						{
							"origin": [-0.1, 9.8, 3],
							"size": [0.4, 5, 0.1],
							"pivot": [1.75, 7, 2.8],
							"rotation": [26, 0, 0],
							"uv": {
								"north": {"uv": [1, 24], "uv_size": [1, 5]},
								"east": {"uv": [2, 24], "uv_size": [1, 5]},
								"south": {"uv": [7, 24], "uv_size": [1, 5]},
								"west": {"uv": [8, 24], "uv_size": [1, 5]},
								"up": {"uv": [28, 28], "uv_size": [1, 1]},
								"down": {"uv": [0, 30], "uv_size": [1, -1]}
							}
						},
						{
							"origin": [-1.25, 5.8, 7.5],
							"size": [2.7, 1.1, 0.4],
							"pivot": [0.75, 7, 2.8],
							"rotation": [26, 0, 0],
							"uv": {
								"north": {"uv": [26, 25], "uv_size": [3, 1]},
								"east": {"uv": [21, 28], "uv_size": [1, 1]},
								"south": {"uv": [3, 27], "uv_size": [3, 1]},
								"west": {"uv": [28, 21], "uv_size": [1, 1]},
								"up": {"uv": [24, 27], "uv_size": [3, 1]},
								"down": {"uv": [27, 27], "uv_size": [3, -1]}
							}
						},
						{
							"origin": [-1.25, 10.46, 8.3],
							"size": [2.7, 0.49, 0.4],
							"pivot": [0.75, 10.9, 3.6],
							"rotation": [-33, 0, 0],
							"uv": {
								"north": {"uv": [27, 27], "uv_size": [3, 1]},
								"east": {"uv": [22, 28], "uv_size": [1, 1]},
								"south": {"uv": [28, 0], "uv_size": [3, 1]},
								"west": {"uv": [23, 28], "uv_size": [1, 1]},
								"up": {"uv": [28, 1], "uv_size": [3, 1]},
								"down": {"uv": [28, 3], "uv_size": [3, -1]}
							}
						},
						{
							"origin": [-1.25, 15.4, 4.7],
							"size": [2.7, 2.4, 2.6],
							"pivot": [0.75, 9.4, 4.7],
							"rotation": [47, 0, 0],
							"uv": {
								"north": {"uv": [7, 22], "uv_size": [3, 2]},
								"east": {"uv": [10, 22], "uv_size": [3, 2]},
								"south": {"uv": [17, 22], "uv_size": [3, 2]},
								"west": {"uv": [23, 4], "uv_size": [3, 2]},
								"up": {"uv": [20, 18], "uv_size": [3, 3]},
								"down": {"uv": [0, 24], "uv_size": [3, -3]}
							}
						},
						{
							"origin": [-1.25, 7.3, 2.1],
							"size": [2.7, 2.2, 1],
							"pivot": [0.75, 1.1, 2.1],
							"rotation": [1, 0, 0],
							"uv": {
								"north": {"uv": [23, 6], "uv_size": [3, 2]},
								"east": {"uv": [4, 0], "uv_size": [1, 2]},
								"south": {"uv": [23, 8], "uv_size": [3, 2]},
								"west": {"uv": [10, 6], "uv_size": [1, 2]},
								"up": {"uv": [25, 2], "uv_size": [3, 1]},
								"down": {"uv": [3, 26], "uv_size": [3, -1]}
							}
						},
						{
							"origin": [-1.25, 7, 2.8],
							"size": [2.7, 1.4, 4.8],
							"pivot": [0.75, 7.6, 2.8],
							"rotation": [9, 0, 0],
							"uv": {
								"north": {"uv": [24, 26], "uv_size": [3, 1]},
								"east": {"uv": [23, 16], "uv_size": [5, 1]},
								"south": {"uv": [26, 24], "uv_size": [3, 1]},
								"west": {"uv": [23, 17], "uv_size": [5, 1]},
								"up": {"uv": [6, 16], "uv_size": [3, 5]},
								"down": {"uv": [17, 10], "uv_size": [3, -5]}
							}
						},
						{
							"origin": [-1.25, 7, 1.95],
							"size": [2.7, 0.42, 0.9],
							"pivot": [0.75, 7.6, 2.8],
							"rotation": [9, 0, 0],
							"uv": {
								"north": {"uv": [25, 3], "uv_size": [3, 1]},
								"east": {"uv": [16, 5], "uv_size": [1, 1]},
								"south": {"uv": [25, 18], "uv_size": [3, 1]},
								"west": {"uv": [19, 4], "uv_size": [1, 1]},
								"up": {"uv": [25, 19], "uv_size": [3, 1]},
								"down": {"uv": [25, 21], "uv_size": [3, -1]}
							}
						},
						{
							"origin": [-1.35, 12.73, -4.92],
							"size": [2.9, 4, 0.7],
							"inflate": -0.1,
							"pivot": [1.65, 13.7, -3.9],
							"rotation": [-74, 0, 0],
							"uv": {
								"north": {"uv": [17, 14], "uv_size": [3, 4]},
								"east": {"uv": [17, 24], "uv_size": [1, 4]},
								"south": {"uv": [9, 18], "uv_size": [3, 4]},
								"west": {"uv": [18, 24], "uv_size": [1, 4]},
								"up": {"uv": [25, 21], "uv_size": [3, 1]},
								"down": {"uv": [3, 27], "uv_size": [3, -1]}
							}
						},
						{
							"origin": [-1.35, 14.84, -8.4],
							"size": [2.9, 4.2, 0.6],
							"inflate": -0.1,
							"uv": {
								"north": {"uv": [17, 18], "uv_size": [3, 4]},
								"east": {"uv": [24, 18], "uv_size": [1, 4]},
								"south": {"uv": [19, 0], "uv_size": [3, 4]},
								"west": {"uv": [19, 24], "uv_size": [1, 4]},
								"up": {"uv": [26, 4], "uv_size": [3, 1]},
								"down": {"uv": [26, 6], "uv_size": [3, -1]}
							}
						},
						{
							"origin": [-1.35, 13.94, -6.69],
							"size": [2.9, 5.24, 0.7],
							"inflate": -0.1,
							"pivot": [1.65, 15.1, -5.6],
							"rotation": [74, 0, 0],
							"uv": {
								"north": {"uv": [16, 0], "uv_size": [3, 5]},
								"east": {"uv": [13, 22], "uv_size": [1, 5]},
								"south": {"uv": [3, 16], "uv_size": [3, 5]},
								"west": {"uv": [14, 23], "uv_size": [1, 5]},
								"up": {"uv": [26, 6], "uv_size": [3, 1]},
								"down": {"uv": [26, 8], "uv_size": [3, -1]}
							}
						},
						{
							"origin": [-1.35, 15.15, -9.8],
							"size": [2.9, 3.9, 1.6],
							"inflate": -0.1,
							"uv": {
								"north": {"uv": [20, 4], "uv_size": [3, 4]},
								"east": {"uv": [3, 21], "uv_size": [2, 4]},
								"south": {"uv": [20, 8], "uv_size": [3, 4]},
								"west": {"uv": [5, 21], "uv_size": [2, 4]},
								"up": {"uv": [23, 10], "uv_size": [3, 2]},
								"down": {"uv": [23, 14], "uv_size": [3, -2]}
							}
						},
						{
							"origin": [-0.85, 13.14, -9.1],
							"size": [1.9, 2.4, 0.6],
							"inflate": -0.1,
							"pivot": [1.65, 10.6, -7.7],
							"rotation": [6, 0, 0],
							"uv": {
								"north": {"uv": [24, 22], "uv_size": [2, 2]},
								"east": {"uv": [6, 25], "uv_size": [1, 2]},
								"south": {"uv": [24, 24], "uv_size": [2, 2]},
								"west": {"uv": [6, 27], "uv_size": [1, 2]},
								"up": {"uv": [11, 28], "uv_size": [2, 1]},
								"down": {"uv": [13, 29], "uv_size": [2, -1]}
							}
						},
						{
							"origin": [-0.85, 15.74, -13.3],
							"size": [1.9, 0.9, 0.6],
							"inflate": -0.1,
							"pivot": [1.65, 11.7, -11.9],
							"rotation": [-54, 0, 0],
							"uv": {
								"north": {"uv": [15, 28], "uv_size": [2, 1]},
								"east": {"uv": [13, 27], "uv_size": [1, 1]},
								"south": {"uv": [28, 16], "uv_size": [2, 1]},
								"west": {"uv": [28, 18], "uv_size": [1, 1]},
								"up": {"uv": [17, 28], "uv_size": [2, 1]},
								"down": {"uv": [28, 18], "uv_size": [2, -1]}
							}
						},
						{
							"origin": [-1.65, 17.7, 0.25],
							"size": [3.5, 0.8, 6.35],
							"uv": {
								"north": {"uv": [3, 28], "uv_size": [3, 1]},
								"east": {"uv": [23, 14], "uv_size": [6, 1]},
								"south": {"uv": [28, 3], "uv_size": [3, 1]},
								"west": {"uv": [23, 15], "uv_size": [6, 1]},
								"up": {"uv": [11, 12], "uv_size": [3, 6]},
								"down": {"uv": [14, 12], "uv_size": [3, -6]}
							}
						},
						{
							"origin": [-1.35, 20.1, -1.95],
							"size": [2.9, 0.8, 0.8],
							"pivot": [-1.1, 16.5, -6.75],
							"rotation": [-45, 0, 0],
							"uv": {
								"north": {"uv": [26, 8], "uv_size": [3, 1]},
								"east": {"uv": [19, 28], "uv_size": [1, 1]},
								"south": {"uv": [26, 9], "uv_size": [3, 1]},
								"west": {"uv": [28, 19], "uv_size": [1, 1]},
								"up": {"uv": [26, 10], "uv_size": [3, 1]},
								"down": {"uv": [26, 12], "uv_size": [3, -1]}
							}
						},
						{
							"origin": [-1.45, 20.7, -10.75],
							"size": [3.1, 0.4, 0.4],
							"pivot": [-1.1, 16.9, -15.75],
							"rotation": [-45, 0, 0],
							"uv": {
								"north": {"uv": [26, 12], "uv_size": [3, 1]},
								"east": {"uv": [20, 28], "uv_size": [1, 1]},
								"south": {"uv": [26, 13], "uv_size": [3, 1]},
								"west": {"uv": [28, 20], "uv_size": [1, 1]},
								"up": {"uv": [26, 22], "uv_size": [3, 1]},
								"down": {"uv": [26, 24], "uv_size": [3, -1]}
							}
						}
					]
				}
			]
		}
	]
}