{
	"format_version": "1.12.0",
	"minecraft:geometry": [
		{
			"description": {
				"identifier": "geometry.unknown",
				"texture_width": 256,
				"texture_height": 256,
				"visible_bounds_width": 9,
				"visible_bounds_height": 5,
				"visible_bounds_offset": [0, 0.5, 0]
			},
			"bones": [
				{
					"name": "main",
					"pivot": [0, 20, 0]
				},
				{
					"name": "_ca_lowerak",
					"parent": "main",
					"pivot": [-1, 17.15, -17.425],
					"cubes": [
						{"origin": [-1.25, 18.45, -9.625], "size": [1, 1, 1], "uv": [24, 121]}
					]
				},
				{
					"name": "pgriptrigger",
					"parent": "main",
					"pivot": [-1.1, 17.5, -15.55],
					"cubes": [
						{
							"origin": [-1.25, 15.6, -1.45],
							"size": [2.7, 3.4, 5.95],
							"uv": {
								"north": {"uv": [141, 122], "uv_size": [3, 2]},
								"east": {"uv": [121, 51], "uv_size": [-6, 3]},
								"south": {"uv": [104, 38], "uv_size": [3, 3]},
								"west": {"uv": [115, 51], "uv_size": [6, 3]},
								"up": {"uv": [87, 24], "uv_size": [-5, -4]},
								"down": {"uv": [87, 24], "uv_size": [-5, -4]}
							}
						},
						{
							"origin": [-1.25, 17, 4.4],
							"size": [2.7, 2, 2.2],
							"inflate": -0.002,
							"pivot": [-0.35, 17, 4.4],
							"rotation": [66, 0, 0],
							"uv": {
								"north": {"uv": [99, 32], "uv_size": [3, 2]},
								"east": {"uv": [110, 47], "uv_size": [2, 2]},
								"south": {"uv": [99, 67], "uv_size": [3, 2]},
								"west": {"uv": [110, 47], "uv_size": [2, 2]},
								"up": {"uv": [99, 75], "uv_size": [3, 2]},
								"down": {"uv": [116, 84], "uv_size": [3, -2]}
							}
						},
						{
							"origin": [-1.251, 7.4, 3.1],
							"size": [2.702, 7.9, 4.8],
							"pivot": [0.75, 7.5, 2.8],
							"rotation": [26, 0, 0],
							"uv": {
								"north": {"uv": [48, 103], "uv_size": [3, 5]},
								"east": {"uv": [55, 81], "uv_size": [5, 8]},
								"south": {"uv": [142, 33], "uv_size": [3, 3]},
								"west": {"uv": [55, 81], "uv_size": [5, 8]},
								"up": {"uv": [61, 87], "uv_size": [3, 5]},
								"down": {"uv": [64, 92], "uv_size": [3, -5]}
							}
						},
						{
							"origin": [-1.25, 15.9, 4.7],
							"size": [2.7, 2.4, 2.6],
							"pivot": [0.75, 9.9, 4.7],
							"rotation": [47, 0, 0],
							"uv": {
								"north": {"uv": [141, 122], "uv_size": [3, 2]},
								"east": {"uv": [152, 146], "uv_size": [-3, 2]},
								"south": {"uv": [100, 29], "uv_size": [3, 2]},
								"west": {"uv": [149, 146], "uv_size": [3, 2]},
								"up": {"uv": [94, 76], "uv_size": [3, 3]},
								"down": {"uv": [95, 3], "uv_size": [3, -3]}
							}
						},
						{
							"origin": [-1.25, 7.60791, 1.9936],
							"size": [2.7, 1.8, 0.9],
							"pivot": [0.75, 7.7, 2.5],
							"rotation": [-13, 0, 0],
							"uv": {
								"north": {"uv": [161, 59], "uv_size": [3, 1]},
								"east": {"uv": [131, 96], "uv_size": [1, 1]},
								"south": {"uv": [82, 20], "uv_size": [5, 4]},
								"west": {"uv": [131, 96], "uv_size": [1, 1]},
								"up": {"uv": [87, 24], "uv_size": [-5, -4]},
								"down": {"uv": [87, 24], "uv_size": [-5, -4]}
							}
						},
						{
							"origin": [-1.25, 6.7, 2.0617],
							"size": [2.7, 1.2, 0.6],
							"pivot": [0.75, 7.625, 2.5],
							"rotation": [60, 0, 0],
							"uv": {
								"north": {"uv": [161, 59], "uv_size": [3, 1]},
								"east": {"uv": [131, 96], "uv_size": [1, 1]},
								"south": {"uv": [82, 20], "uv_size": [5, 4]},
								"west": {"uv": [131, 96], "uv_size": [1, 1]},
								"up": {"uv": [87, 24], "uv_size": [-5, -4]},
								"down": {"uv": [87, 24], "uv_size": [-5, -4]}
							}
						},
						{
							"origin": [-1.25, 7.5, 2.8],
							"size": [2.7, 1.4, 4.8],
							"pivot": [0.75, 8.1, 2.8],
							"rotation": [9, 0, 0],
							"uv": {
								"north": {"uv": [82, 20], "uv_size": [5, 4]},
								"east": {"uv": [161, 44], "uv_size": [-5, 1]},
								"south": {"uv": [161, 59], "uv_size": [3, 1]},
								"west": {"uv": [156, 44], "uv_size": [5, 1]},
								"up": {"uv": [87, 24], "uv_size": [-5, -4]},
								"down": {"uv": [87, 24], "uv_size": [-5, -4]}
							}
						},
						{
							"origin": [-1.25, 7.46596, 2.7501],
							"size": [2.7, 1.4, 4.8],
							"pivot": [0.75, 8.2, 5.1],
							"rotation": [17, 0, 0],
							"uv": {
								"north": {"uv": [82, 20], "uv_size": [5, 4]},
								"east": {"uv": [161, 44], "uv_size": [-5, 1]},
								"south": {"uv": [82, 20], "uv_size": [5, 4]},
								"west": {"uv": [156, 44], "uv_size": [5, 1]},
								"up": {"uv": [87, 24], "uv_size": [-5, -4]},
								"down": {"uv": [116, 69], "uv_size": [3, -6]}
							}
						},
						{
							"origin": [-1.25, 7.5, 1.94],
							"size": [2.7, 0.36, 0.9],
							"pivot": [0.75, 8.1, 2.8],
							"rotation": [9, 0, 0],
							"uv": {
								"north": {"uv": [161, 59], "uv_size": [3, 1]},
								"east": {"uv": [131, 96], "uv_size": [1, 1]},
								"south": {"uv": [82, 20], "uv_size": [5, 4]},
								"west": {"uv": [131, 96], "uv_size": [1, 1]},
								"up": {"uv": [87, 24], "uv_size": [-5, -4]},
								"down": {"uv": [87, 24], "uv_size": [-5, -4]}
							}
						},
						{
							"origin": [-1.35, 14.84, -2],
							"size": [2.9, 4.2, 0.6],
							"inflate": -0.1,
							"uv": {
								"north": {"uv": [60, 44], "uv_size": [3, 4]},
								"east": {"uv": [101, 111], "uv_size": [1, 4]},
								"south": {"uv": [116, 69], "uv_size": [3, 4]},
								"west": {"uv": [88, 113], "uv_size": [1, 4]},
								"up": {"uv": [107, 45], "uv_size": [3, 1]},
								"down": {"uv": [117, 47], "uv_size": [3, -1]}
							}
						},
						{
							"origin": [-1.35, 14.5, -4.5],
							"size": [2.9, 1.4, 0.6],
							"inflate": -0.1,
							"pivot": [1.65, 13.2, -3.5],
							"rotation": [-60, 0, 0],
							"uv": {
								"north": {"uv": [63, 161], "uv_size": [3, 1]},
								"east": {"uv": [136, 77], "uv_size": [1, 1]},
								"south": {"uv": [161, 63], "uv_size": [3, 1]},
								"west": {"uv": [138, 109], "uv_size": [1, 1]},
								"up": {"uv": [161, 64], "uv_size": [3, 1]},
								"down": {"uv": [66, 162], "uv_size": [3, -1]}
							}
						},
						{
							"origin": [-1.35, 14.24, -7.4],
							"size": [2.9, 0.6, 5],
							"inflate": -0.11,
							"uv": {
								"north": {"uv": [128, 43], "uv_size": [3, 1]},
								"east": {"uv": [2, 59], "uv_size": [5, 1]},
								"south": {"uv": [135, 13], "uv_size": [3, 1]},
								"west": {"uv": [133, 56], "uv_size": [5, 1]},
								"up": {"uv": [26, 125], "uv_size": [3, 5]},
								"down": {"uv": [125, 44], "uv_size": [3, -5]}
							}
						},
						{
							"origin": [-0.85, 15.25, -5.15],
							"size": [1.9, 4, 1],
							"inflate": -0.1,
							"pivot": [1.15, 15.25, -4.15],
							"rotation": [-21, 0, 0],
							"uv": {
								"north": {"uv": [142, 145], "uv_size": [2, 4]},
								"east": {"uv": [119, 23], "uv_size": [1, 4]},
								"south": {"uv": [145, 142], "uv_size": [2, 4]},
								"west": {"uv": [126, 16], "uv_size": [1, 4]},
								"up": {"uv": [30, 79], "uv_size": [2, 1]},
								"down": {"uv": [108, 96], "uv_size": [2, -1]}
							}
						},
						{
							"origin": [-1.35, 14.84, -8.4],
							"size": [2.9, 4.2, 0.6],
							"inflate": -0.1,
							"uv": {
								"north": {"uv": [133, 51], "uv_size": [3, 4]},
								"east": {"uv": [140, 79], "uv_size": [1, 4]},
								"south": {"uv": [134, 78], "uv_size": [3, 4]},
								"west": {"uv": [137, 150], "uv_size": [1, 4]},
								"up": {"uv": [161, 68], "uv_size": [3, 1]},
								"down": {"uv": [69, 162], "uv_size": [3, -1]}
							}
						},
						{
							"origin": [-1.35, 15.74, -6.59],
							"size": [2.9, 1.37, 0.6],
							"inflate": -0.1,
							"pivot": [1.65, 14.4, -5.6],
							"rotation": [60, 0, 0],
							"uv": {
								"north": {"uv": [161, 70], "uv_size": [3, 1]},
								"east": {"uv": [139, 12], "uv_size": [1, 1]},
								"south": {"uv": [161, 71], "uv_size": [3, 1]},
								"west": {"uv": [140, 69], "uv_size": [1, 1]},
								"up": {"uv": [72, 161], "uv_size": [3, 1]},
								"down": {"uv": [161, 73], "uv_size": [3, -1]}
							}
						},
						{
							"origin": [-1.45, 15.44, -9.8],
							"size": [3.1, 3.6, 1.5],
							"inflate": -0.1,
							"uv": {
								"north": {"uv": [81, 134], "uv_size": [3, 4]},
								"east": {"uv": [3, 146], "uv_size": [2, 4]},
								"south": {"uv": [134, 82], "uv_size": [3, 4]},
								"west": {"uv": [20, 146], "uv_size": [2, 4]},
								"up": {"uv": [16, 150], "uv_size": [3, 2]},
								"down": {"uv": [150, 19], "uv_size": [3, -2]}
							}
						},
						{
							"origin": [-1.45, 21.3, -10.55],
							"size": [3.1, 0.4, 0.4],
							"pivot": [-1.1, 17.5, -15.55],
							"rotation": [-45, 0, 0],
							"uv": {
								"north": {"uv": [170, 46], "uv_size": [1, 1]},
								"east": {"uv": [170, 46], "uv_size": [1, 1]},
								"south": {"uv": [170, 46], "uv_size": [1, 1]},
								"west": {"uv": [170, 46], "uv_size": [1, 1]},
								"up": {"uv": [171, 47], "uv_size": [-1, -1]},
								"down": {"uv": [171, 47], "uv_size": [-1, -1]}
							}
						},
						{
							"origin": [-0.85, 13.44, -9.1],
							"size": [1.9, 2.4, 0.6],
							"inflate": -0.1,
							"pivot": [1.65, 10.9, -7.7],
							"rotation": [6, 0, 0],
							"uv": {
								"north": {"uv": [120, 31], "uv_size": [2, 2]},
								"east": {"uv": [114, 20], "uv_size": [1, 2]},
								"south": {"uv": [127, 26], "uv_size": [2, 2]},
								"west": {"uv": [122, 20], "uv_size": [1, 2]},
								"up": {"uv": [92, 110], "uv_size": [2, 1]},
								"down": {"uv": [117, 34], "uv_size": [2, -1]}
							}
						},
						{
							"origin": [-0.85, 16.04, -13.3],
							"size": [1.9, 0.9, 0.6],
							"inflate": -0.1,
							"pivot": [1.65, 12, -11.9],
							"rotation": [-54, 0, 0],
							"uv": {
								"north": {"uv": [96, 117], "uv_size": [2, 1]},
								"east": {"uv": [143, 9], "uv_size": [1, 1]},
								"south": {"uv": [120, 81], "uv_size": [2, 1]},
								"west": {"uv": [143, 115], "uv_size": [1, 1]},
								"up": {"uv": [126, 38], "uv_size": [2, 1]},
								"down": {"uv": [126, 114], "uv_size": [2, -1]}
							}
						}
					]
				}
			]
		}
	]
}