{
	"format_version": "1.12.0",
	"minecraft:geometry": [
		{
			"description": {
				"identifier": "geometry.unknown",
				"texture_width": 256,
				"texture_height": 256,
				"visible_bounds_width": 11,
				"visible_bounds_height": 4,
				"visible_bounds_offset": [0, 1, 0]
			},
			"bones": [
				{
					"name": "main",
					"pivot": [0, 20, 0]
				},
				{
					"name": "pgrip",
					"parent": "main",
					"pivot": [1, 11, -1],
					"cubes": [
						{
							"origin": [-1.55, 8.7, -0.6],
							"size": [3.2, 9.6, 4.7],
							"pivot": [0.75, 11.6, -0.2],
							"rotation": [9, 0, 0],
							"uv": {
								"north": {"uv": [86, 78], "uv_size": [3, 10]},
								"east": {"uv": [61, 48], "uv_size": [5, 10]},
								"south": {"uv": [0, 87], "uv_size": [3, 10]},
								"west": {"uv": [61, 58], "uv_size": [5, 10]},
								"up": {"uv": [114, 47], "uv_size": [3, 5]},
								"down": {"uv": [48, 119], "uv_size": [3, -5]}
							}
						},
						{
							"origin": [-1.25, 14.3, -0.6],
							"size": [2.6, 1.3, 4.8],
							"pivot": [0.75, 11.6, -0.2],
							"rotation": [9, 0, 0],
							"uv": {
								"north": {"uv": [148, 132], "uv_size": [3, 1]},
								"east": {"uv": [138, 138], "uv_size": [5, 1]},
								"south": {"uv": [133, 148], "uv_size": [3, 1]},
								"west": {"uv": [139, 18], "uv_size": [5, 1]},
								"up": {"uv": [114, 58], "uv_size": [3, 5]},
								"down": {"uv": [61, 119], "uv_size": [3, -5]}
							}
						},
						{
							"origin": [-1.05, 8.7, -0.7],
							"size": [2.2, 5.1, 4.8],
							"pivot": [0.75, 11.6, -0.2],
							"rotation": [9, 0, 0],
							"uv": {
								"north": {"uv": [24, 125], "uv_size": [2, 5]},
								"east": {"uv": [91, 13], "uv_size": [5, 5]},
								"south": {"uv": [26, 125], "uv_size": [2, 5]},
								"west": {"uv": [91, 22], "uv_size": [5, 5]},
								"up": {"uv": [38, 125], "uv_size": [2, 5]},
								"down": {"uv": [40, 130], "uv_size": [2, -5]}
							}
						},
						{
							"origin": [-1.65, 8.7, 1.9],
							"size": [3.4, 8.9, 0.7],
							"pivot": [0.75, 11.6, -0.2],
							"rotation": [9, 0, 0],
							"uv": {
								"north": {"uv": [60, 92], "uv_size": [3, 9]},
								"east": {"uv": [12, 95], "uv_size": [1, 9]},
								"south": {"uv": [92, 75], "uv_size": [3, 9]},
								"west": {"uv": [108, 124], "uv_size": [1, 9]},
								"up": {"uv": [148, 133], "uv_size": [3, 1]},
								"down": {"uv": [148, 135], "uv_size": [3, -1]}
							}
						},
						{
							"origin": [-1.65, 14.3, -0.4],
							"size": [3.4, 1.3, 2],
							"pivot": [0.75, 11.6, -0.2],
							"rotation": [9, 0, 0],
							"uv": {
								"north": {"uv": [148, 135], "uv_size": [3, 1]},
								"east": {"uv": [156, 123], "uv_size": [2, 1]},
								"south": {"uv": [136, 148], "uv_size": [3, 1]},
								"west": {"uv": [157, 16], "uv_size": [2, 1]},
								"up": {"uv": [132, 52], "uv_size": [3, 2]},
								"down": {"uv": [132, 80], "uv_size": [3, -2]}
							}
						},
						{
							"origin": [-1.65, 14.3, 2.9],
							"size": [3.4, 1.3, 1],
							"pivot": [0.75, 11.6, -0.2],
							"rotation": [9, 0, 0],
							"uv": {
								"north": {"uv": [148, 136], "uv_size": [3, 1]},
								"east": {"uv": [167, 141], "uv_size": [1, 1]},
								"south": {"uv": [148, 137], "uv_size": [3, 1]},
								"west": {"uv": [142, 167], "uv_size": [1, 1]},
								"up": {"uv": [148, 138], "uv_size": [3, 1]},
								"down": {"uv": [139, 149], "uv_size": [3, -1]}
							}
						},
						{
							"origin": [-1.65, 16.1, 2.9],
							"size": [3.4, 1.2, 1],
							"pivot": [0.75, 11.6, -0.2],
							"rotation": [9, 0, 0],
							"uv": {
								"north": {"uv": [148, 139], "uv_size": [3, 1]},
								"east": {"uv": [167, 142], "uv_size": [1, 1]},
								"south": {"uv": [148, 140], "uv_size": [3, 1]},
								"west": {"uv": [143, 167], "uv_size": [1, 1]},
								"up": {"uv": [148, 141], "uv_size": [3, 1]},
								"down": {"uv": [142, 149], "uv_size": [3, -1]}
							}
						},
						{
							"origin": [-1.65, 16.1, -0.4],
							"size": [3.4, 1.2, 2],
							"pivot": [0.75, 11.6, -0.2],
							"rotation": [9, 0, 0],
							"uv": {
								"north": {"uv": [145, 148], "uv_size": [3, 1]},
								"east": {"uv": [27, 157], "uv_size": [2, 1]},
								"south": {"uv": [148, 147], "uv_size": [3, 1]},
								"west": {"uv": [157, 28], "uv_size": [2, 1]},
								"up": {"uv": [132, 89], "uv_size": [3, 2]},
								"down": {"uv": [132, 93], "uv_size": [3, -2]}
							}
						},
						{
							"origin": [-1.65, 11.4, 2.9],
							"size": [3.4, 2.4, 1],
							"pivot": [0.75, 11.6, -0.2],
							"rotation": [9, 0, 0],
							"uv": {
								"north": {"uv": [132, 93], "uv_size": [3, 2]},
								"east": {"uv": [29, 157], "uv_size": [1, 2]},
								"south": {"uv": [132, 97], "uv_size": [3, 2]},
								"west": {"uv": [157, 29], "uv_size": [1, 2]},
								"up": {"uv": [148, 148], "uv_size": [3, 1]},
								"down": {"uv": [0, 150], "uv_size": [3, -1]}
							}
						},
						{
							"origin": [-1.65, 11.4, 3.9],
							"size": [3.4, 0.33, 0.8],
							"pivot": [0.75, 11.6, -0.2],
							"rotation": [9, 0, 0],
							"uv": {
								"north": {"uv": [149, 0], "uv_size": [3, 1]},
								"east": {"uv": [167, 143], "uv_size": [1, 1]},
								"south": {"uv": [149, 1], "uv_size": [3, 1]},
								"west": {"uv": [144, 167], "uv_size": [1, 1]},
								"up": {"uv": [149, 2], "uv_size": [3, 1]},
								"down": {"uv": [3, 150], "uv_size": [3, -1]}
							}
						},
						{
							"origin": [-1.65, 11.98864, 3.79124],
							"size": [3.4, 2.2, 0.9],
							"pivot": [0.75, 12.1, 3.7],
							"rotation": [30.01696, -0.08749, 0.30866],
							"uv": {
								"north": {"uv": [132, 99], "uv_size": [3, 2]},
								"east": {"uv": [157, 31], "uv_size": [1, 2]},
								"south": {"uv": [132, 101], "uv_size": [3, 2]},
								"west": {"uv": [32, 157], "uv_size": [1, 2]},
								"up": {"uv": [149, 3], "uv_size": [3, 1]},
								"down": {"uv": [6, 150], "uv_size": [3, -1]}
							}
						},
						{
							"origin": [-1.65, 10.08864, 4.99124],
							"size": [3.4, 1.46, 0.9],
							"pivot": [0.75, 9.5, 4.9],
							"rotation": [30.01696, -0.08749, 0.30866],
							"uv": {
								"north": {"uv": [149, 8], "uv_size": [3, 1]},
								"east": {"uv": [167, 144], "uv_size": [1, 1]},
								"south": {"uv": [9, 149], "uv_size": [3, 1]},
								"west": {"uv": [145, 167], "uv_size": [1, 1]},
								"up": {"uv": [149, 9], "uv_size": [3, 1]},
								"down": {"uv": [12, 150], "uv_size": [3, -1]}
							}
						},
						{
							"origin": [-1.65, 9.42, 5],
							"size": [3.4, 0.33, 0.55],
							"pivot": [0.75, 9.6, 0.7],
							"rotation": [9, 0, 0],
							"uv": {
								"north": {"uv": [149, 13], "uv_size": [3, 1]},
								"east": {"uv": [167, 145], "uv_size": [1, 1]},
								"south": {"uv": [149, 14], "uv_size": [3, 1]},
								"west": {"uv": [146, 167], "uv_size": [1, 1]},
								"up": {"uv": [15, 149], "uv_size": [3, 1]},
								"down": {"uv": [19, 150], "uv_size": [3, -1]}
							}
						},
						{
							"origin": [-1.65, 9.3, 2.9],
							"size": [3.4, 1.7, 1.8],
							"pivot": [0.75, 11.6, -0.2],
							"rotation": [9, 0, 0],
							"uv": {
								"north": {"uv": [132, 103], "uv_size": [3, 2]},
								"east": {"uv": [0, 145], "uv_size": [2, 2]},
								"south": {"uv": [132, 107], "uv_size": [3, 2]},
								"west": {"uv": [145, 4], "uv_size": [2, 2]},
								"up": {"uv": [132, 109], "uv_size": [3, 2]},
								"down": {"uv": [132, 113], "uv_size": [3, -2]}
							}
						},
						{
							"origin": [-1.65, 11.4, -0.4],
							"size": [3.4, 2.4, 2],
							"pivot": [0.75, 11.6, -0.2],
							"rotation": [9, 0, 0],
							"uv": {
								"north": {"uv": [132, 113], "uv_size": [3, 2]},
								"east": {"uv": [145, 6], "uv_size": [2, 2]},
								"south": {"uv": [132, 115], "uv_size": [3, 2]},
								"west": {"uv": [8, 145], "uv_size": [2, 2]},
								"up": {"uv": [132, 117], "uv_size": [3, 2]},
								"down": {"uv": [132, 121], "uv_size": [3, -2]}
							}
						},
						{
							"origin": [-1.65, 9.3, -0.4],
							"size": [3.4, 1.7, 2],
							"pivot": [0.75, 11.6, -0.2],
							"rotation": [9, 0, 0],
							"uv": {
								"north": {"uv": [132, 121], "uv_size": [3, 2]},
								"east": {"uv": [10, 145], "uv_size": [2, 2]},
								"south": {"uv": [132, 123], "uv_size": [3, 2]},
								"west": {"uv": [145, 10], "uv_size": [2, 2]},
								"up": {"uv": [132, 125], "uv_size": [3, 2]},
								"down": {"uv": [132, 129], "uv_size": [3, -2]}
							}
						},
						{
							"origin": [-1.55, 7.6, -0.6],
							"size": [3.2, 1.5, 6.23],
							"pivot": [0.75, 12.7, 1.9],
							"rotation": [9, 0, 0],
							"uv": {
								"north": {"uv": [22, 149], "uv_size": [3, 1]},
								"east": {"uv": [132, 8], "uv_size": [6, 1]},
								"south": {"uv": [149, 23], "uv_size": [3, 1]},
								"west": {"uv": [132, 54], "uv_size": [6, 1]},
								"up": {"uv": [106, 46], "uv_size": [3, 6]},
								"down": {"uv": [106, 58], "uv_size": [3, -6]}
							}
						},
						{
							"origin": [-1.55, 7.5, -1.2],
							"size": [3.2, 0.2, 6.83],
							"pivot": [0.75, 12.7, 1.9],
							"rotation": [9, 0, 0],
							"uv": {
								"north": {"uv": [149, 24], "uv_size": [3, 1]},
								"east": {"uv": [128, 24], "uv_size": [7, 1]},
								"south": {"uv": [25, 149], "uv_size": [3, 1]},
								"west": {"uv": [128, 25], "uv_size": [7, 1]},
								"up": {"uv": [39, 106], "uv_size": [3, 7]},
								"down": {"uv": [106, 46], "uv_size": [3, -7]}
							}
						},
						{
							"origin": [-1.55, 1, -2],
							"size": [3.2, 0.6, 1.46],
							"pivot": [0.75, 5.4, -4.5],
							"rotation": [81, 0, 0],
							"uv": {
								"north": {"uv": [28, 149], "uv_size": [3, 1]},
								"east": {"uv": [167, 146], "uv_size": [1, 1]},
								"south": {"uv": [149, 30], "uv_size": [3, 1]},
								"west": {"uv": [147, 167], "uv_size": [1, 1]},
								"up": {"uv": [31, 149], "uv_size": [3, 1]},
								"down": {"uv": [149, 32], "uv_size": [3, -1]}
							}
						},
						{
							"origin": [-1.541, 8.8, 3.6],
							"size": [3.19, 0.93, 2.06],
							"pivot": [0.75, 12.5, 1.9],
							"rotation": [9, 0, 0],
							"uv": {
								"north": {"uv": [149, 32], "uv_size": [3, 1]},
								"east": {"uv": [157, 33], "uv_size": [2, 1]},
								"south": {"uv": [149, 33], "uv_size": [3, 1]},
								"west": {"uv": [157, 34], "uv_size": [2, 1]},
								"up": {"uv": [132, 129], "uv_size": [3, 2]},
								"down": {"uv": [132, 133], "uv_size": [3, -2]}
							}
						},
						{
							"origin": [-1.541, 8.4, 4.6],
							"size": [3.19, 6.1, 2.3],
							"pivot": [0.75, 7.8, 2.9],
							"rotation": [30, 0, 0],
							"uv": {
								"north": {"uv": [106, 83], "uv_size": [3, 6]},
								"east": {"uv": [88, 124], "uv_size": [2, 6]},
								"south": {"uv": [106, 89], "uv_size": [3, 6]},
								"west": {"uv": [90, 124], "uv_size": [2, 6]},
								"up": {"uv": [133, 0], "uv_size": [3, 2]},
								"down": {"uv": [133, 4], "uv_size": [3, -2]}
							}
						},
						{
							"origin": [-1.241, 8.4, 4.6],
							"size": [2.59, 1.8, 2.4],
							"pivot": [0.75, 7.8, 2.9],
							"rotation": [30, 0, 0],
							"uv": {
								"north": {"uv": [3, 133], "uv_size": [3, 2]},
								"east": {"uv": [12, 145], "uv_size": [2, 2]},
								"south": {"uv": [133, 4], "uv_size": [3, 2]},
								"west": {"uv": [14, 145], "uv_size": [2, 2]},
								"up": {"uv": [6, 133], "uv_size": [3, 2]},
								"down": {"uv": [133, 13], "uv_size": [3, -2]}
							}
						},
						{
							"origin": [-1.241, 10.6, 4.6],
							"size": [2.59, 2.5, 2.4],
							"pivot": [0.75, 7.8, 2.9],
							"rotation": [30, 0, 0],
							"uv": {
								"north": {"uv": [14, 133], "uv_size": [3, 2]},
								"east": {"uv": [145, 15], "uv_size": [2, 2]},
								"south": {"uv": [133, 15], "uv_size": [3, 2]},
								"west": {"uv": [16, 145], "uv_size": [2, 2]},
								"up": {"uv": [17, 133], "uv_size": [3, 2]},
								"down": {"uv": [133, 19], "uv_size": [3, -2]}
							}
						},
						{
							"origin": [-1.35, 18, 2.8],
							"size": [3, 2, 3.2],
							"inflate": -0.001,
							"pivot": [0.65, 18, 4],
							"rotation": [53, 0, 0],
							"uv": {
								"north": {"uv": [133, 19], "uv_size": [3, 2]},
								"east": {"uv": [20, 133], "uv_size": [3, 2]},
								"south": {"uv": [133, 21], "uv_size": [3, 2]},
								"west": {"uv": [23, 133], "uv_size": [3, 2]},
								"up": {"uv": [126, 33], "uv_size": [3, 3]},
								"down": {"uv": [34, 129], "uv_size": [3, -3]}
							}
						}
					]
				},
				{
					"name": "_ca_pgrip",
					"parent": "main",
					"pivot": [-0.2, 10.75, 1.175],
					"cubes": [
						{"origin": [-0.45, 18.75, 1.075], "size": [1, 1, 1], "uv": [27, 69]}
					]
				}
			]
		}
	]
}