{
	"format_version": "1.12.0",
	"minecraft:geometry": [
		{
			"description": {
				"identifier": "geometry.unknown",
				"texture_width": 32,
				"texture_height": 32,
				"visible_bounds_width": 8,
				"visible_bounds_height": 4,
				"visible_bounds_offset": [0, 1, 0]
			},
			"bones": [
				{
					"name": "main",
					"pivot": [0, 20, 0]
				},
				{
					"name": "gun",
					"parent": "main",
					"pivot": [1, 11, -1]
				},
				{
					"name": "pistolgrip",
					"parent": "gun",
					"pivot": [0.75, 14.3, -0.2],
					"cubes": [
						{
							"origin": [-1.75, 8.4094, 0.68312],
							"size": [3.5, 2.075, 5.85],
							"uv": {
								"north": {"uv": [21, 9], "uv_size": [4, 2]},
								"east": {"uv": [17, 17], "uv_size": [6, 2]},
								"south": {"uv": [21, 11], "uv_size": [4, 2]},
								"west": {"uv": [18, 0], "uv_size": [6, 2]},
								"up": {"uv": [9, 7], "uv_size": [4, 6]},
								"down": {"uv": [10, 6], "uv_size": [4, -6]}
							}
						},
						{
							"origin": [-1.75, 9, 5.53],
							"size": [3.5, 3.43, 2.65],
							"pivot": [0.75, 5.2, 3.2],
							"rotation": [20, 0, 0],
							"uv": {
								"north": {"uv": [18, 2], "uv_size": [4, 3]},
								"east": {"uv": [4, 18], "uv_size": [4, 3]},
								"south": {"uv": [8, 19], "uv_size": [4, 3]},
								"west": {"uv": [17, 19], "uv_size": [4, 3]},
								"up": {"uv": [4, 14], "uv_size": [4, 4]},
								"down": {"uv": [0, 20], "uv_size": [4, -4]}
							}
						},
						{
							"origin": [-1.75, 9.0094, 1.08312],
							"size": [3.5, 3.83, 0.95],
							"pivot": [0.75, 5.2094, 0.75312],
							"rotation": [6, 0, 0],
							"uv": {
								"north": {"uv": [17, 5], "uv_size": [4, 4]},
								"east": {"uv": [13, 21], "uv_size": [1, 4]},
								"south": {"uv": [17, 9], "uv_size": [4, 4]},
								"west": {"uv": [21, 13], "uv_size": [1, 4]},
								"up": {"uv": [21, 19], "uv_size": [4, 2]},
								"down": {"uv": [21, 23], "uv_size": [4, -2]}
							}
						},
						{
							"origin": [-1.749, 9.7094, 3.48312],
							"size": [3.498, 6.73, 4.65],
							"pivot": [0.75, 6.6094, 3.15312],
							"rotation": [28, 0, 0],
							"uv": {
								"north": {"uv": [5, 7], "uv_size": [4, 7]},
								"east": {"uv": [0, 2], "uv_size": [5, 7]},
								"south": {"uv": [0, 9], "uv_size": [4, 7]},
								"west": {"uv": [5, 0], "uv_size": [5, 7]},
								"up": {"uv": [13, 12], "uv_size": [4, 5]},
								"down": {"uv": [14, 5], "uv_size": [4, -5]}
							}
						},
						{
							"origin": [-1.75, 15.5, -0.55],
							"size": [3.5, 0.9, 2.85],
							"pivot": [0.75, 10.4, -0.4],
							"rotation": [7, 0, 0],
							"uv": {
								"north": {"uv": [22, 4], "uv_size": [4, 1]},
								"east": {"uv": [10, 6], "uv_size": [3, 1]},
								"south": {"uv": [4, 24], "uv_size": [4, 1]},
								"west": {"uv": [14, 5], "uv_size": [3, 1]},
								"up": {"uv": [0, 20], "uv_size": [4, 3]},
								"down": {"uv": [4, 24], "uv_size": [4, -3]}
							}
						},
						{
							"origin": [-1.75, 11.8094, 1.68312],
							"size": [3.5, 1.83, 1.05],
							"pivot": [0.75, 7.3094, 1.35312],
							"rotation": [16, 0, 0],
							"uv": {
								"north": {"uv": [22, 2], "uv_size": [4, 2]},
								"east": {"uv": [4, 0], "uv_size": [1, 2]},
								"south": {"uv": [8, 22], "uv_size": [4, 2]},
								"west": {"uv": [4, 9], "uv_size": [1, 2]},
								"up": {"uv": [8, 24], "uv_size": [4, 1]},
								"down": {"uv": [14, 25], "uv_size": [4, -1]}
							}
						},
						{
							"origin": [-1.75, 11.58, 8.03],
							"size": [3.5, 2.23, 0.85],
							"pivot": [0.75, 7.3, 3.9],
							"rotation": [36, 0, 0],
							"uv": {
								"north": {"uv": [14, 22], "uv_size": [4, 2]},
								"east": {"uv": [4, 11], "uv_size": [1, 2]},
								"south": {"uv": [0, 23], "uv_size": [4, 2]},
								"west": {"uv": [8, 14], "uv_size": [1, 2]},
								"up": {"uv": [0, 25], "uv_size": [4, 1]},
								"down": {"uv": [4, 26], "uv_size": [4, -1]}
							}
						},
						{
							"origin": [-1.75, 16.3, -0.25],
							"size": [3.5, 0.9, 3.55],
							"uv": {
								"north": {"uv": [8, 25], "uv_size": [4, 1]},
								"east": {"uv": [25, 9], "uv_size": [4, 1]},
								"south": {"uv": [25, 10], "uv_size": [4, 1]},
								"west": {"uv": [25, 11], "uv_size": [4, 1]},
								"up": {"uv": [13, 17], "uv_size": [4, 4]},
								"down": {"uv": [17, 17], "uv_size": [4, -4]}
							}
						},
						{
							"origin": [-1.75, 16.08972, 2.42882],
							"size": [3.5, 2.1, 1.8],
							"pivot": [0.75, 11.15972, 1.35882],
							"rotation": [42, 0, 0],
							"uv": {
								"north": {"uv": [23, 13], "uv_size": [4, 2]},
								"east": {"uv": [12, 25], "uv_size": [2, 2]},
								"south": {"uv": [23, 15], "uv_size": [4, 2]},
								"west": {"uv": [14, 25], "uv_size": [2, 2]},
								"up": {"uv": [23, 17], "uv_size": [4, 2]},
								"down": {"uv": [18, 25], "uv_size": [4, -2]}
							}
						},
						{
							"origin": [-1.75, 17.1, -2.55],
							"size": [3.5, 1.9, 5.85],
							"uv": {
								"north": {"uv": [22, 23], "uv_size": [4, 2]},
								"east": {"uv": [21, 5], "uv_size": [6, 2]},
								"south": {"uv": [24, 0], "uv_size": [4, 2]},
								"west": {"uv": [21, 7], "uv_size": [6, 2]},
								"up": {"uv": [13, 6], "uv_size": [4, 6]},
								"down": {"uv": [9, 19], "uv_size": [4, -6]}
							}
						},
						{
							"origin": [-1.75, 19.2, -0.2],
							"size": [3.5, 1.1, 1.4],
							"pivot": [0.75, 14.3, -0.2],
							"rotation": [-27, 0, 0],
							"uv": {
								"north": {"uv": [25, 12], "uv_size": [4, 1]},
								"east": {"uv": [4, 13], "uv_size": [1, 1]},
								"south": {"uv": [16, 25], "uv_size": [4, 1]},
								"west": {"uv": [8, 16], "uv_size": [1, 1]},
								"up": {"uv": [25, 19], "uv_size": [4, 1]},
								"down": {"uv": [20, 26], "uv_size": [4, -1]}
							}
						}
					]
				},
				{
					"name": "_ca_pistolgrip",
					"parent": "main",
					"pivot": [0, 8.925, 2.05],
					"cubes": [
						{"origin": [-0.5, 8.425, 1.55], "size": [1, 1, 1], "uv": [0, 0]}
					]
				}
			]
		}
	]
}