{
	"format_version": "1.12.0",
	"minecraft:geometry": [
		{
			"description": {
				"identifier": "geometry.unknown",
				"texture_width": 256,
				"texture_height": 256,
				"visible_bounds_width": 8,
				"visible_bounds_height": 4,
				"visible_bounds_offset": [0, 1, 0]
			},
			"bones": [
				{
					"name": "main",
					"pivot": [0, 20, 0]
				},
				{
					"name": "carryhandle",
					"parent": "main",
					"pivot": [-0.8, 28.1, 5.9],
					"rotation": [-6, 0, 0],
					"cubes": [
						{
							"origin": [-0.9, 26.2, 3],
							"size": [1.8, 1.9, 2.9],
							"inflate": -0.002,
							"pivot": [0, 28.1, 5.9],
							"rotation": [-59, 0, 0],
							"uv": {
								"north": {"uv": [63, 37], "uv_size": [1.5, 1.5]},
								"east": {"uv": [52, 177], "uv_size": [3, 2]},
								"south": {"uv": [63, 37], "uv_size": [1.5, 1.5]},
								"west": {"uv": [52, 177], "uv_size": [3, 2]},
								"up": {"uv": [57, 180], "uv_size": [-2, -3]},
								"down": {"uv": [64.5, 38.5], "uv_size": [-1.5, -1.5]}
							}
						},
						{
							"origin": [-0.9, 26.1, -3.6],
							"size": [1.8, 6.3, 2.7],
							"inflate": -0.002,
							"pivot": [0, 27.1, -0.7],
							"rotation": [-84, 0, 0],
							"uv": {
								"north": {"uv": [43, 83], "uv_size": [-2, -6]},
								"east": {"uv": [52, 177], "uv_size": [-3, 6]},
								"south": {"uv": [63, 37], "uv_size": [1.5, 1.5]},
								"west": {"uv": [49, 177], "uv_size": [3, 6]},
								"up": {"uv": [64.5, 38.5], "uv_size": [-1.5, -1.5]},
								"down": {"uv": [41, 96], "uv_size": [2, 1]}
							}
						},
						{
							"origin": [-0.9, 28.54435, -2.32997],
							"size": [1.8, 1, 1.1],
							"inflate": -0.002,
							"pivot": [-0.8, 29, -1.8],
							"rotation": [-45, 0, 0],
							"uv": {
								"north": {"uv": [36, 180], "uv_size": [1, 1]},
								"east": {"uv": [36, 180], "uv_size": [1, 1]},
								"south": {"uv": [36, 180], "uv_size": [1, 1]},
								"west": {"uv": [36, 180], "uv_size": [1, 1]},
								"up": {"uv": [37, 181], "uv_size": [-1, -1]},
								"down": {"uv": [38, 181], "uv_size": [-2, -1]}
							}
						},
						{
							"origin": [-0.9, 26.64435, -2.22997],
							"size": [1.8, 1.1, 1],
							"inflate": -0.002,
							"pivot": [-0.8, 27.2, -1.8],
							"rotation": [-45, 0, 0],
							"uv": {
								"north": {"uv": [36, 180], "uv_size": [2, 1]},
								"east": {"uv": [36, 180], "uv_size": [1, 1]},
								"south": {"uv": [36, 180], "uv_size": [1, 1]},
								"west": {"uv": [36, 180], "uv_size": [1, 1]},
								"up": {"uv": [37, 181], "uv_size": [-1, -1]},
								"down": {"uv": [37, 181], "uv_size": [-1, -1]}
							}
						},
						{
							"origin": [-0.9, 25.24435, -17.32997],
							"size": [1.8, 0.9, 1.1],
							"inflate": -0.002,
							"pivot": [-0.8, 25.8, -16.8],
							"rotation": [-45, 0, 0],
							"uv": {
								"north": {"uv": [36, 180], "uv_size": [1, 1]},
								"east": {"uv": [36, 180], "uv_size": [1, 1]},
								"south": {"uv": [36, 180], "uv_size": [1, 1]},
								"west": {"uv": [36, 180], "uv_size": [1, 1]},
								"up": {"uv": [38, 181], "uv_size": [-2, -1]},
								"down": {"uv": [37, 181], "uv_size": [-1, -1]}
							}
						},
						{
							"origin": [-0.9, 27.04435, -16.72997],
							"size": [1.8, 0.9, 0.6],
							"inflate": -0.002,
							"pivot": [-0.8, 27.7, -16.8],
							"rotation": [-45, 0, 0],
							"uv": {
								"north": {"uv": [36, 179], "uv_size": [1, 1]},
								"east": {"uv": [36, 179], "uv_size": [1, 1]},
								"south": {"uv": [36, 179], "uv_size": [2, 1]},
								"west": {"uv": [36, 179], "uv_size": [1, 1]},
								"up": {"uv": [37, 180], "uv_size": [-1, -1]},
								"down": {"uv": [37, 180], "uv_size": [-1, -1]}
							}
						},
						{
							"origin": [-0.895, 11.4, -3.8],
							"size": [1.79, 15.1, 0.9],
							"inflate": -0.002,
							"pivot": [0, 27.1, -1.1],
							"rotation": [-84, 0, 0],
							"uv": {
								"north": {"uv": [43, 97], "uv_size": [-2, -20]},
								"east": {"uv": [54.9, 184], "uv_size": [1, 15]},
								"south": {"uv": [63, 37], "uv_size": [1.5, 1.5]},
								"west": {"uv": [54.9, 184], "uv_size": [1, 15]},
								"up": {"uv": [64.5, 38.5], "uv_size": [-1.5, -1.5]},
								"down": {"uv": [41, 96], "uv_size": [2, 1]}
							}
						},
						{
							"origin": [-0.9, 26.8, 1.2],
							"size": [0.3, 1, 1.7],
							"inflate": -0.002,
							"pivot": [0, 27.8, 6.1],
							"rotation": [-59, 0, 0],
							"uv": {
								"north": {"uv": [63, 37], "uv_size": [1.5, 1.5]},
								"east": {"uv": [52, 177], "uv_size": [2, 1]},
								"south": {"uv": [63, 37], "uv_size": [1.5, 1.5]},
								"west": {"uv": [63, 37], "uv_size": [1.5, 1.5]},
								"up": {"uv": [56, 179], "uv_size": [-1, -2]},
								"down": {"uv": [64.5, 38.5], "uv_size": [-1.5, -1.5]}
							}
						},
						{
							"origin": [-0.6, 26.8, 1.4],
							"size": [0.1, 1, 1],
							"inflate": -0.002,
							"pivot": [0.1, 27.8, 6.1],
							"rotation": [-59, 0, 0],
							"uv": {
								"north": {"uv": [55, 177], "uv_size": [1, 1]},
								"east": {"uv": [55, 177], "uv_size": [1, 1]},
								"south": {"uv": [55, 177], "uv_size": [1, 1]},
								"west": {"uv": [55, 177], "uv_size": [1, 1]},
								"up": {"uv": [56, 178], "uv_size": [-1, -1]},
								"down": {"uv": [56, 178], "uv_size": [-1, -1]}
							}
						},
						{
							"origin": [0.5, 26.8, 1.4],
							"size": [0.1, 1, 1],
							"inflate": -0.002,
							"pivot": [-0.1, 27.8, 6.1],
							"rotation": [-59, 0, 0],
							"uv": {
								"north": {"uv": [55, 177], "uv_size": [1, 1]},
								"east": {"uv": [55, 177], "uv_size": [1, 1]},
								"south": {"uv": [55, 177], "uv_size": [1, 1]},
								"west": {"uv": [55, 177], "uv_size": [1, 1]},
								"up": {"uv": [56, 178], "uv_size": [-1, -1]},
								"down": {"uv": [56, 178], "uv_size": [-1, -1]}
							}
						},
						{
							"origin": [-0.6, 30.34562, 4.15113],
							"size": [1.2, 0.2, 0.3],
							"inflate": -0.002,
							"pivot": [-0.302, 30.54362, 4.44913],
							"rotation": [-59, 0, 0],
							"uv": {
								"north": {"uv": [63, 37], "uv_size": [1.5, 1.5]},
								"east": {"uv": [63, 37], "uv_size": [1.5, 1.5]},
								"south": {"uv": [63, 37], "uv_size": [1.5, 1.5]},
								"west": {"uv": [63, 37], "uv_size": [1.5, 1.5]},
								"up": {"uv": [56, 178], "uv_size": [-1, -1]},
								"down": {"uv": [64.5, 38.5], "uv_size": [-1.5, -1.5]}
							}
						},
						{
							"origin": [0.5, 30.94859, 3.95639],
							"size": [0.3, 0.2, 0.5],
							"inflate": -0.002,
							"pivot": [0.375, 31.04859, 4.03139],
							"rotation": [-68.88215, -23.23742, 45.61026],
							"uv": {
								"north": {"uv": [55, 177], "uv_size": [1, 1]},
								"east": {"uv": [55, 177], "uv_size": [1, 1]},
								"south": {"uv": [55, 177], "uv_size": [1, 1]},
								"west": {"uv": [55, 177], "uv_size": [1, 1]},
								"up": {"uv": [56, 178], "uv_size": [-1, -1]},
								"down": {"uv": [56, 178], "uv_size": [-1, -1]}
							}
						},
						{
							"origin": [-0.8, 30.94859, 3.95639],
							"size": [0.3, 0.2, 0.5],
							"inflate": -0.002,
							"pivot": [-0.375, 31.04859, 4.03139],
							"rotation": [-68.88215, 23.23742, -45.61026],
							"uv": {
								"north": {"uv": [56, 177], "uv_size": [-1, 1]},
								"east": {"uv": [56, 177], "uv_size": [-1, 1]},
								"south": {"uv": [56, 177], "uv_size": [-1, 1]},
								"west": {"uv": [56, 177], "uv_size": [-1, 1]},
								"up": {"uv": [55, 178], "uv_size": [1, -1]},
								"down": {"uv": [55, 178], "uv_size": [1, -1]}
							}
						},
						{
							"origin": [-0.75, 30.94859, 4.05639],
							"size": [0.25, 0.2, 0.55],
							"inflate": -0.002,
							"pivot": [0.65, 31.04859, 4.03139],
							"rotation": [-68.88215, -23.23742, 45.61026],
							"uv": {
								"north": {"uv": [55, 177], "uv_size": [1, 1]},
								"east": {"uv": [55, 177], "uv_size": [1, 1]},
								"south": {"uv": [55, 177], "uv_size": [1, 1]},
								"west": {"uv": [55, 177], "uv_size": [1, 1]},
								"up": {"uv": [56, 178], "uv_size": [-1, -1]},
								"down": {"uv": [56, 178], "uv_size": [-1, -1]}
							}
						},
						{
							"origin": [0.5, 30.94859, 4.05639],
							"size": [0.25, 0.2, 0.55],
							"inflate": -0.002,
							"pivot": [-0.65, 31.04859, 4.03139],
							"rotation": [-68.88215, 23.23742, -45.61026],
							"uv": {
								"north": {"uv": [55, 177], "uv_size": [1, 1]},
								"east": {"uv": [55, 177], "uv_size": [1, 1]},
								"south": {"uv": [55, 177], "uv_size": [1, 1]},
								"west": {"uv": [55, 177], "uv_size": [1, 1]},
								"up": {"uv": [56, 178], "uv_size": [-1, -1]},
								"down": {"uv": [56, 178], "uv_size": [-1, -1]}
							}
						},
						{
							"origin": [-0.6, 30.34562, 2.75113],
							"size": [1.2, 0.2, 0.2],
							"inflate": -0.002,
							"pivot": [-0.302, 30.54362, 4.44913],
							"rotation": [-59, 0, 0],
							"uv": {
								"north": {"uv": [55, 177], "uv_size": [1, 1]},
								"east": {"uv": [55, 177], "uv_size": [1, 1]},
								"south": {"uv": [55, 177], "uv_size": [1, 1]},
								"west": {"uv": [55, 177], "uv_size": [1, 1]},
								"up": {"uv": [56, 178], "uv_size": [-1, -1]},
								"down": {"uv": [56, 178], "uv_size": [-1, -1]}
							}
						},
						{
							"origin": [0.6, 26.8, 1.2],
							"size": [0.3, 1, 1.7],
							"inflate": -0.002,
							"pivot": [1.3, 27.8, 6.1],
							"rotation": [-59, 0, 0],
							"uv": {
								"north": {"uv": [63, 37], "uv_size": [1.5, 1.5]},
								"east": {"uv": [63, 37], "uv_size": [1.5, 1.5]},
								"south": {"uv": [63, 37], "uv_size": [1.5, 1.5]},
								"west": {"uv": [52, 177], "uv_size": [2, 1]},
								"up": {"uv": [56, 179], "uv_size": [-1, -2]},
								"down": {"uv": [64.5, 38.5], "uv_size": [-1.5, -1.5]}
							}
						},
						{
							"origin": [-0.9, 30.09, 2.59],
							"size": [0.3, 1.9, 1],
							"inflate": -0.002,
							"uv": {
								"north": {"uv": [63, 37], "uv_size": [1.5, 1.5]},
								"east": {"uv": [52, 177], "uv_size": [1, 2]},
								"south": {"uv": [63, 37], "uv_size": [1.5, 1.5]},
								"west": {"uv": [63, 37], "uv_size": [1.5, 1.5]},
								"up": {"uv": [56, 178], "uv_size": [-1, -1]},
								"down": {"uv": [64.5, 38.5], "uv_size": [-1.5, -1.5]}
							}
						},
						{
							"origin": [-0.6, 31.79, 3.29],
							"size": [1.2, 0.2, 0.3],
							"inflate": -0.002,
							"uv": {
								"north": {"uv": [63, 37], "uv_size": [1.5, 1.5]},
								"east": {"uv": [63, 37], "uv_size": [1.5, 1.5]},
								"south": {"uv": [63, 37], "uv_size": [1.5, 1.5]},
								"west": {"uv": [63, 37], "uv_size": [1.5, 1.5]},
								"up": {"uv": [56, 178], "uv_size": [-1, -1]},
								"down": {"uv": [64.5, 38.5], "uv_size": [-1.5, -1.5]}
							}
						},
						{
							"origin": [0.6, 30.09, 2.59],
							"size": [0.3, 1.9, 1],
							"inflate": -0.002,
							"uv": {
								"north": {"uv": [63, 37], "uv_size": [1.5, 1.5]},
								"east": {"uv": [63, 37], "uv_size": [1.5, 1.5]},
								"south": {"uv": [63, 37], "uv_size": [1.5, 1.5]},
								"west": {"uv": [52, 177], "uv_size": [1, 2]},
								"up": {"uv": [56, 178], "uv_size": [-1, -1]},
								"down": {"uv": [64.5, 38.5], "uv_size": [-1.5, -1.5]}
							}
						},
						{
							"origin": [-0.9, 30.49, -17.71],
							"size": [0.3, 1.5, 20.3],
							"inflate": -0.002,
							"pivot": [-0.7, 32, 2.6],
							"rotation": [9.5, 0, 0],
							"uv": {
								"north": {"uv": [63, 37], "uv_size": [1.5, 1.5]},
								"east": {"uv": [48, 183], "uv_size": [-20, 2]},
								"south": {"uv": [63, 37], "uv_size": [1.5, 1.5]},
								"west": {"uv": [63, 37], "uv_size": [1.5, 1.5]},
								"up": {"uv": [18, 191.3], "uv_size": [-1, -20.3]},
								"down": {"uv": [64.5, 38.5], "uv_size": [-1.5, -1.5]}
							}
						},
						{
							"origin": [-0.9, 30.29, -3.71],
							"size": [0.3, 0.6, 6.1],
							"inflate": -0.002,
							"pivot": [-0.7, 32.3, 2.4],
							"rotation": [9.5, 0, 0],
							"uv": {
								"north": {"uv": [63, 37], "uv_size": [1.5, 1.5]},
								"east": {"uv": [29, 184], "uv_size": [6.1, 1]},
								"south": {"uv": [63, 37], "uv_size": [1.5, 1.5]},
								"west": {"uv": [63, 37], "uv_size": [1.5, 1.5]},
								"up": {"uv": [64.5, 38.5], "uv_size": [-1.5, -1.5]},
								"down": {"uv": [64.5, 38.5], "uv_size": [-1.5, -1.5]}
							}
						},
						{
							"origin": [0.6, 30.29, -3.71],
							"size": [0.3, 0.6, 6.1],
							"inflate": -0.002,
							"pivot": [0.6, 32.3, 2.4],
							"rotation": [9.5, 0, 0],
							"uv": {
								"north": {"uv": [63, 37], "uv_size": [1.5, 1.5]},
								"east": {"uv": [63, 37], "uv_size": [1.5, 1.5]},
								"south": {"uv": [63, 37], "uv_size": [1.5, 1.5]},
								"west": {"uv": [29, 184], "uv_size": [6.1, 1]},
								"up": {"uv": [64.5, 38.5], "uv_size": [-1.5, -1.5]},
								"down": {"uv": [64.5, 38.5], "uv_size": [-1.5, -1.5]}
							}
						},
						{
							"origin": [0.6, 30.49, -17.71],
							"size": [0.3, 1.5, 20.3],
							"inflate": -0.002,
							"pivot": [0.6, 32, 2.6],
							"rotation": [9.5, 0, 0],
							"uv": {
								"north": {"uv": [63, 37], "uv_size": [1.5, 1.5]},
								"east": {"uv": [63, 37], "uv_size": [1.5, 1.5]},
								"south": {"uv": [63, 37], "uv_size": [1.5, 1.5]},
								"west": {"uv": [28, 183], "uv_size": [20, 2]},
								"up": {"uv": [18, 191.3], "uv_size": [-1, -20.3]},
								"down": {"uv": [64.5, 38.5], "uv_size": [-1.5, -1.5]}
							}
						},
						{
							"origin": [-0.9, 25.69397, -18.17127],
							"size": [1.8, 2.1, 1.2],
							"inflate": -0.002,
							"pivot": [-0.7, 28.6, -17.1],
							"rotation": [6, 0, 0],
							"uv": {
								"north": {"uv": [36, 179], "uv_size": [2, 2]},
								"east": {"uv": [36, 179], "uv_size": [1, 2]},
								"south": {"uv": [36, 179], "uv_size": [2, 2]},
								"west": {"uv": [36, 179], "uv_size": [1, 2]},
								"up": {"uv": [41, 96], "uv_size": [2, 1]},
								"down": {"uv": [64.5, 38.5], "uv_size": [-1.5, -1.5]}
							}
						},
						{
							"origin": [0.6, 27.6, -17.8],
							"size": [0.3, 1.15, 0.7],
							"inflate": -0.002,
							"pivot": [0.8, 28.1, -17.8],
							"rotation": [-34, 0, 0],
							"uv": {
								"north": {"uv": [36, 179], "uv_size": [1, 1]},
								"east": {"uv": [36, 179], "uv_size": [1, 1]},
								"south": {"uv": [36, 179], "uv_size": [1, 1]},
								"west": {"uv": [36, 179], "uv_size": [1, 1]},
								"up": {"uv": [37, 180], "uv_size": [-1, -1]},
								"down": {"uv": [37, 180], "uv_size": [-1, -1]}
							}
						},
						{
							"origin": [-0.9, 27.6, -17.8],
							"size": [0.3, 1.15, 0.7],
							"inflate": -0.002,
							"pivot": [-0.5, 28.1, -17.8],
							"rotation": [-34, 0, 0],
							"uv": {
								"north": {"uv": [36, 179], "uv_size": [1, 1]},
								"east": {"uv": [36, 179], "uv_size": [1, 1]},
								"south": {"uv": [36, 179], "uv_size": [1, 1]},
								"west": {"uv": [36, 179], "uv_size": [1, 1]},
								"up": {"uv": [37, 180], "uv_size": [-1, -1]},
								"down": {"uv": [37, 180], "uv_size": [-1, -1]}
							}
						}
					]
				},
				{
					"name": "_ca_scope",
					"parent": "main",
					"pivot": [0.1, 28.65, -3.25],
					"cubes": [
						{"origin": [-0.45, 28.15, -7.6], "size": [1, 1, 1], "uv": [198, 208]}
					]
				},
				{
					"name": "scope",
					"parent": "main",
					"pivot": [-0.1, 32.75, 4.75],
					"cubes": [
						{
							"origin": [-0.517, 30.85, 14.05],
							"size": [1, 1, 1],
							"inflate": -0.4,
							"uv": {
								"north": {"uv": [157, 103], "uv_size": [1, 1]},
								"east": {"uv": [157, 109], "uv_size": [1, 1]},
								"south": {"uv": [110, 157], "uv_size": [1, 1]},
								"west": {"uv": [157, 110], "uv_size": [1, 1]},
								"up": {"uv": [157, 111], "uv_size": [1, 1]},
								"down": {"uv": [112, 158], "uv_size": [1, -1]}
							}
						}
					]
				}
			]
		}
	]
}