{
	"format_version": "1.12.0",
	"minecraft:geometry": [
		{
			"description": {
				"identifier": "geometry.unknown",
				"texture_width": 256,
				"texture_height": 256,
				"visible_bounds_width": 8,
				"visible_bounds_height": 4,
				"visible_bounds_offset": [0, 1, 0]
			},
			"bones": [
				{
					"name": "main",
					"pivot": [0, 20, 0]
				},
				{
					"name": "gun",
					"parent": "main",
					"pivot": [1, 11, -1]
				},
				{
					"name": "carryhandle",
					"parent": "gun",
					"pivot": [-0.8, 28.1, 5.9],
					"rotation": [-6, 0, 0],
					"cubes": [
						{
							"origin": [-0.9, 26.2, 3],
							"size": [1.8, 1.9, 2.9],
							"inflate": -0.002,
							"pivot": [0, 28.1, 5.9],
							"rotation": [-59, 0, 0],
							"uv": {
								"north": {"uv": [63, 37], "uv_size": [1.5, 1.5]},
								"east": {"uv": [52, 177], "uv_size": [3, 2]},
								"south": {"uv": [63, 37], "uv_size": [1.5, 1.5]},
								"west": {"uv": [52, 177], "uv_size": [3, 2]},
								"up": {"uv": [57, 180], "uv_size": [-2, -3]},
								"down": {"uv": [64.5, 38.5], "uv_size": [-1.5, -1.5]}
							}
						},
						{
							"origin": [-0.9, 26.1, -3.6],
							"size": [1.8, 6.3, 2.7],
							"inflate": -0.002,
							"pivot": [0, 27.1, -0.7],
							"rotation": [-84, 0, 0],
							"uv": {
								"north": {"uv": [43, 83], "uv_size": [-2, -6]},
								"east": {"uv": [52, 177], "uv_size": [-3, 6]},
								"south": {"uv": [63, 37], "uv_size": [1.5, 1.5]},
								"west": {"uv": [49, 177], "uv_size": [3, 6]},
								"up": {"uv": [64.5, 38.5], "uv_size": [-1.5, -1.5]},
								"down": {"uv": [41, 96], "uv_size": [2, 1]}
							}
						},
						{
							"origin": [-0.9, 28.54435, -2.32997],
							"size": [1.8, 1, 1.1],
							"inflate": -0.002,
							"pivot": [-0.8, 29, -1.8],
							"rotation": [-45, 0, 0],
							"uv": {
								"north": {"uv": [36, 180], "uv_size": [1, 1]},
								"east": {"uv": [36, 180], "uv_size": [1, 1]},
								"south": {"uv": [36, 180], "uv_size": [1, 1]},
								"west": {"uv": [36, 180], "uv_size": [1, 1]},
								"up": {"uv": [37, 181], "uv_size": [-1, -1]},
								"down": {"uv": [38, 181], "uv_size": [-2, -1]}
							}
						},
						{
							"origin": [-0.9, 26.64435, -2.22997],
							"size": [1.8, 1.1, 1],
							"inflate": -0.002,
							"pivot": [-0.8, 27.2, -1.8],
							"rotation": [-45, 0, 0],
							"uv": {
								"north": {"uv": [36, 180], "uv_size": [2, 1]},
								"east": {"uv": [36, 180], "uv_size": [1, 1]},
								"south": {"uv": [36, 180], "uv_size": [1, 1]},
								"west": {"uv": [36, 180], "uv_size": [1, 1]},
								"up": {"uv": [37, 181], "uv_size": [-1, -1]},
								"down": {"uv": [37, 181], "uv_size": [-1, -1]}
							}
						},
						{
							"origin": [-0.9, 25.24435, -17.32997],
							"size": [1.8, 0.9, 1.1],
							"inflate": -0.002,
							"pivot": [-0.8, 25.8, -16.8],
							"rotation": [-45, 0, 0],
							"uv": {
								"north": {"uv": [36, 180], "uv_size": [1, 1]},
								"east": {"uv": [36, 180], "uv_size": [1, 1]},
								"south": {"uv": [36, 180], "uv_size": [1, 1]},
								"west": {"uv": [36, 180], "uv_size": [1, 1]},
								"up": {"uv": [38, 181], "uv_size": [-2, -1]},
								"down": {"uv": [37, 181], "uv_size": [-1, -1]}
							}
						},
						{
							"origin": [-0.9, 27.04435, -16.72997],
							"size": [1.8, 0.9, 0.6],
							"inflate": -0.002,
							"pivot": [-0.8, 27.7, -16.8],
							"rotation": [-45, 0, 0],
							"uv": {
								"north": {"uv": [36, 179], "uv_size": [1, 1]},
								"east": {"uv": [36, 179], "uv_size": [1, 1]},
								"south": {"uv": [36, 179], "uv_size": [2, 1]},
								"west": {"uv": [36, 179], "uv_size": [1, 1]},
								"up": {"uv": [37, 180], "uv_size": [-1, -1]},
								"down": {"uv": [37, 180], "uv_size": [-1, -1]}
							}
						},
						{
							"origin": [-0.895, 11.4, -3.8],
							"size": [1.79, 15.1, 0.9],
							"inflate": -0.002,
							"pivot": [0, 27.1, -1.1],
							"rotation": [-84, 0, 0],
							"uv": {
								"north": {"uv": [43, 97], "uv_size": [-2, -20]},
								"east": {"uv": [54.9, 184], "uv_size": [1, 15]},
								"south": {"uv": [63, 37], "uv_size": [1.5, 1.5]},
								"west": {"uv": [54.9, 184], "uv_size": [1, 15]},
								"up": {"uv": [64.5, 38.5], "uv_size": [-1.5, -1.5]},
								"down": {"uv": [41, 96], "uv_size": [2, 1]}
							}
						},
						{
							"origin": [-0.9, 26.8, 1.2],
							"size": [0.3, 1, 1.7],
							"inflate": -0.002,
							"pivot": [0, 27.8, 6.1],
							"rotation": [-59, 0, 0],
							"uv": {
								"north": {"uv": [63, 37], "uv_size": [1.5, 1.5]},
								"east": {"uv": [52, 177], "uv_size": [2, 1]},
								"south": {"uv": [63, 37], "uv_size": [1.5, 1.5]},
								"west": {"uv": [63, 37], "uv_size": [1.5, 1.5]},
								"up": {"uv": [56, 179], "uv_size": [-1, -2]},
								"down": {"uv": [64.5, 38.5], "uv_size": [-1.5, -1.5]}
							}
						},
						{
							"origin": [-0.6, 26.8, 1.4],
							"size": [0.1, 1, 1],
							"inflate": -0.002,
							"pivot": [0.1, 27.8, 6.1],
							"rotation": [-59, 0, 0],
							"uv": {
								"north": {"uv": [55, 177], "uv_size": [1, 1]},
								"east": {"uv": [55, 177], "uv_size": [1, 1]},
								"south": {"uv": [55, 177], "uv_size": [1, 1]},
								"west": {"uv": [55, 177], "uv_size": [1, 1]},
								"up": {"uv": [56, 178], "uv_size": [-1, -1]},
								"down": {"uv": [56, 178], "uv_size": [-1, -1]}
							}
						},
						{
							"origin": [0.5, 26.8, 1.4],
							"size": [0.1, 1, 1],
							"inflate": -0.002,
							"pivot": [-0.1, 27.8, 6.1],
							"rotation": [-59, 0, 0],
							"uv": {
								"north": {"uv": [55, 177], "uv_size": [1, 1]},
								"east": {"uv": [55, 177], "uv_size": [1, 1]},
								"south": {"uv": [55, 177], "uv_size": [1, 1]},
								"west": {"uv": [55, 177], "uv_size": [1, 1]},
								"up": {"uv": [56, 178], "uv_size": [-1, -1]},
								"down": {"uv": [56, 178], "uv_size": [-1, -1]}
							}
						},
						{
							"origin": [-0.6, 30.34562, 4.15113],
							"size": [1.2, 0.2, 0.3],
							"inflate": -0.002,
							"pivot": [-0.302, 30.54362, 4.44913],
							"rotation": [-59, 0, 0],
							"uv": {
								"north": {"uv": [63, 37], "uv_size": [1.5, 1.5]},
								"east": {"uv": [63, 37], "uv_size": [1.5, 1.5]},
								"south": {"uv": [63, 37], "uv_size": [1.5, 1.5]},
								"west": {"uv": [63, 37], "uv_size": [1.5, 1.5]},
								"up": {"uv": [56, 178], "uv_size": [-1, -1]},
								"down": {"uv": [64.5, 38.5], "uv_size": [-1.5, -1.5]}
							}
						},
						{
							"origin": [0.5, 30.94859, 3.95639],
							"size": [0.3, 0.2, 0.5],
							"inflate": -0.002,
							"pivot": [0.375, 31.04859, 4.03139],
							"rotation": [-68.88215, -23.23742, 45.61026],
							"uv": {
								"north": {"uv": [55, 177], "uv_size": [1, 1]},
								"east": {"uv": [55, 177], "uv_size": [1, 1]},
								"south": {"uv": [55, 177], "uv_size": [1, 1]},
								"west": {"uv": [55, 177], "uv_size": [1, 1]},
								"up": {"uv": [56, 178], "uv_size": [-1, -1]},
								"down": {"uv": [56, 178], "uv_size": [-1, -1]}
							}
						},
						{
							"origin": [-0.8, 30.94859, 3.95639],
							"size": [0.3, 0.2, 0.5],
							"inflate": -0.002,
							"pivot": [-0.375, 31.04859, 4.03139],
							"rotation": [-68.88215, 23.23742, -45.61026],
							"uv": {
								"north": {"uv": [56, 177], "uv_size": [-1, 1]},
								"east": {"uv": [56, 177], "uv_size": [-1, 1]},
								"south": {"uv": [56, 177], "uv_size": [-1, 1]},
								"west": {"uv": [56, 177], "uv_size": [-1, 1]},
								"up": {"uv": [55, 178], "uv_size": [1, -1]},
								"down": {"uv": [55, 178], "uv_size": [1, -1]}
							}
						},
						{
							"origin": [-0.75, 30.94859, 4.05639],
							"size": [0.25, 0.2, 0.55],
							"inflate": -0.002,
							"pivot": [0.65, 31.04859, 4.03139],
							"rotation": [-68.88215, -23.23742, 45.61026],
							"uv": {
								"north": {"uv": [55, 177], "uv_size": [1, 1]},
								"east": {"uv": [55, 177], "uv_size": [1, 1]},
								"south": {"uv": [55, 177], "uv_size": [1, 1]},
								"west": {"uv": [55, 177], "uv_size": [1, 1]},
								"up": {"uv": [56, 178], "uv_size": [-1, -1]},
								"down": {"uv": [56, 178], "uv_size": [-1, -1]}
							}
						},
						{
							"origin": [0.5, 30.94859, 4.05639],
							"size": [0.25, 0.2, 0.55],
							"inflate": -0.002,
							"pivot": [-0.65, 31.04859, 4.03139],
							"rotation": [-68.88215, 23.23742, -45.61026],
							"uv": {
								"north": {"uv": [55, 177], "uv_size": [1, 1]},
								"east": {"uv": [55, 177], "uv_size": [1, 1]},
								"south": {"uv": [55, 177], "uv_size": [1, 1]},
								"west": {"uv": [55, 177], "uv_size": [1, 1]},
								"up": {"uv": [56, 178], "uv_size": [-1, -1]},
								"down": {"uv": [56, 178], "uv_size": [-1, -1]}
							}
						},
						{
							"origin": [-0.6, 30.34562, 2.75113],
							"size": [1.2, 0.2, 0.2],
							"inflate": -0.002,
							"pivot": [-0.302, 30.54362, 4.44913],
							"rotation": [-59, 0, 0],
							"uv": {
								"north": {"uv": [55, 177], "uv_size": [1, 1]},
								"east": {"uv": [55, 177], "uv_size": [1, 1]},
								"south": {"uv": [55, 177], "uv_size": [1, 1]},
								"west": {"uv": [55, 177], "uv_size": [1, 1]},
								"up": {"uv": [56, 178], "uv_size": [-1, -1]},
								"down": {"uv": [56, 178], "uv_size": [-1, -1]}
							}
						},
						{
							"origin": [0.6, 26.8, 1.2],
							"size": [0.3, 1, 1.7],
							"inflate": -0.002,
							"pivot": [1.3, 27.8, 6.1],
							"rotation": [-59, 0, 0],
							"uv": {
								"north": {"uv": [63, 37], "uv_size": [1.5, 1.5]},
								"east": {"uv": [63, 37], "uv_size": [1.5, 1.5]},
								"south": {"uv": [63, 37], "uv_size": [1.5, 1.5]},
								"west": {"uv": [52, 177], "uv_size": [2, 1]},
								"up": {"uv": [56, 179], "uv_size": [-1, -2]},
								"down": {"uv": [64.5, 38.5], "uv_size": [-1.5, -1.5]}
							}
						},
						{
							"origin": [-0.9, 30.09, 2.59],
							"size": [0.3, 1.9, 1],
							"inflate": -0.002,
							"uv": {
								"north": {"uv": [63, 37], "uv_size": [1.5, 1.5]},
								"east": {"uv": [52, 177], "uv_size": [1, 2]},
								"south": {"uv": [63, 37], "uv_size": [1.5, 1.5]},
								"west": {"uv": [63, 37], "uv_size": [1.5, 1.5]},
								"up": {"uv": [56, 178], "uv_size": [-1, -1]},
								"down": {"uv": [64.5, 38.5], "uv_size": [-1.5, -1.5]}
							}
						},
						{
							"origin": [-0.6, 31.79, 3.29],
							"size": [1.2, 0.2, 0.3],
							"inflate": -0.002,
							"uv": {
								"north": {"uv": [63, 37], "uv_size": [1.5, 1.5]},
								"east": {"uv": [63, 37], "uv_size": [1.5, 1.5]},
								"south": {"uv": [63, 37], "uv_size": [1.5, 1.5]},
								"west": {"uv": [63, 37], "uv_size": [1.5, 1.5]},
								"up": {"uv": [56, 178], "uv_size": [-1, -1]},
								"down": {"uv": [64.5, 38.5], "uv_size": [-1.5, -1.5]}
							}
						},
						{
							"origin": [0.6, 30.09, 2.59],
							"size": [0.3, 1.9, 1],
							"inflate": -0.002,
							"uv": {
								"north": {"uv": [63, 37], "uv_size": [1.5, 1.5]},
								"east": {"uv": [63, 37], "uv_size": [1.5, 1.5]},
								"south": {"uv": [63, 37], "uv_size": [1.5, 1.5]},
								"west": {"uv": [52, 177], "uv_size": [1, 2]},
								"up": {"uv": [56, 178], "uv_size": [-1, -1]},
								"down": {"uv": [64.5, 38.5], "uv_size": [-1.5, -1.5]}
							}
						},
						{
							"origin": [-0.9, 30.49, -17.71],
							"size": [0.3, 1.5, 20.3],
							"inflate": -0.002,
							"pivot": [-0.7, 32, 2.6],
							"rotation": [9.5, 0, 0],
							"uv": {
								"north": {"uv": [63, 37], "uv_size": [1.5, 1.5]},
								"east": {"uv": [48, 183], "uv_size": [-20, 2]},
								"south": {"uv": [63, 37], "uv_size": [1.5, 1.5]},
								"west": {"uv": [63, 37], "uv_size": [1.5, 1.5]},
								"up": {"uv": [18, 191.3], "uv_size": [-1, -20.3]},
								"down": {"uv": [64.5, 38.5], "uv_size": [-1.5, -1.5]}
							}
						},
						{
							"origin": [-0.9, 30.29, -3.71],
							"size": [0.3, 0.6, 6.1],
							"inflate": -0.002,
							"pivot": [-0.7, 32.3, 2.4],
							"rotation": [9.5, 0, 0],
							"uv": {
								"north": {"uv": [63, 37], "uv_size": [1.5, 1.5]},
								"east": {"uv": [29, 184], "uv_size": [6.1, 1]},
								"south": {"uv": [63, 37], "uv_size": [1.5, 1.5]},
								"west": {"uv": [63, 37], "uv_size": [1.5, 1.5]},
								"up": {"uv": [64.5, 38.5], "uv_size": [-1.5, -1.5]},
								"down": {"uv": [64.5, 38.5], "uv_size": [-1.5, -1.5]}
							}
						},
						{
							"origin": [0.6, 30.29, -3.71],
							"size": [0.3, 0.6, 6.1],
							"inflate": -0.002,
							"pivot": [0.6, 32.3, 2.4],
							"rotation": [9.5, 0, 0],
							"uv": {
								"north": {"uv": [63, 37], "uv_size": [1.5, 1.5]},
								"east": {"uv": [63, 37], "uv_size": [1.5, 1.5]},
								"south": {"uv": [63, 37], "uv_size": [1.5, 1.5]},
								"west": {"uv": [29, 184], "uv_size": [6.1, 1]},
								"up": {"uv": [64.5, 38.5], "uv_size": [-1.5, -1.5]},
								"down": {"uv": [64.5, 38.5], "uv_size": [-1.5, -1.5]}
							}
						},
						{
							"origin": [0.6, 30.49, -17.71],
							"size": [0.3, 1.5, 20.3],
							"inflate": -0.002,
							"pivot": [0.6, 32, 2.6],
							"rotation": [9.5, 0, 0],
							"uv": {
								"north": {"uv": [63, 37], "uv_size": [1.5, 1.5]},
								"east": {"uv": [63, 37], "uv_size": [1.5, 1.5]},
								"south": {"uv": [63, 37], "uv_size": [1.5, 1.5]},
								"west": {"uv": [28, 183], "uv_size": [20, 2]},
								"up": {"uv": [18, 191.3], "uv_size": [-1, -20.3]},
								"down": {"uv": [64.5, 38.5], "uv_size": [-1.5, -1.5]}
							}
						},
						{
							"origin": [-0.9, 25.69397, -18.17127],
							"size": [1.8, 2.1, 1.2],
							"inflate": -0.002,
							"pivot": [-0.7, 28.6, -17.1],
							"rotation": [6, 0, 0],
							"uv": {
								"north": {"uv": [36, 179], "uv_size": [2, 2]},
								"east": {"uv": [36, 179], "uv_size": [1, 2]},
								"south": {"uv": [36, 179], "uv_size": [2, 2]},
								"west": {"uv": [36, 179], "uv_size": [1, 2]},
								"up": {"uv": [41, 96], "uv_size": [2, 1]},
								"down": {"uv": [64.5, 38.5], "uv_size": [-1.5, -1.5]}
							}
						},
						{
							"origin": [0.6, 27.6, -17.8],
							"size": [0.3, 1.15, 0.7],
							"inflate": -0.002,
							"pivot": [0.8, 28.1, -17.8],
							"rotation": [-34, 0, 0],
							"uv": {
								"north": {"uv": [36, 179], "uv_size": [1, 1]},
								"east": {"uv": [36, 179], "uv_size": [1, 1]},
								"south": {"uv": [36, 179], "uv_size": [1, 1]},
								"west": {"uv": [36, 179], "uv_size": [1, 1]},
								"up": {"uv": [37, 180], "uv_size": [-1, -1]},
								"down": {"uv": [37, 180], "uv_size": [-1, -1]}
							}
						},
						{
							"origin": [-0.9, 27.6, -17.8],
							"size": [0.3, 1.15, 0.7],
							"inflate": -0.002,
							"pivot": [-0.5, 28.1, -17.8],
							"rotation": [-34, 0, 0],
							"uv": {
								"north": {"uv": [36, 179], "uv_size": [1, 1]},
								"east": {"uv": [36, 179], "uv_size": [1, 1]},
								"south": {"uv": [36, 179], "uv_size": [1, 1]},
								"west": {"uv": [36, 179], "uv_size": [1, 1]},
								"up": {"uv": [37, 180], "uv_size": [-1, -1]},
								"down": {"uv": [37, 180], "uv_size": [-1, -1]}
							}
						},
						{
							"origin": [-0.8, 28.8, -18],
							"size": [1.6, 2, 20],
							"inflate": -0.002,
							"pivot": [0, 29.9, -8],
							"rotation": [6, 0, 0],
							"uv": {
								"north": {"uv": [108, 138], "uv_size": [2, 2]},
								"east": {"uv": [71, 43], "uv_size": [20, 2]},
								"south": {"uv": [138, 113], "uv_size": [2, 2]},
								"west": {"uv": [76, 67], "uv_size": [20, 2]},
								"up": {"uv": [41, 77], "uv_size": [2, 20]},
								"down": {"uv": [51, 105], "uv_size": [2, -20]}
							}
						}
					]
				},
				{
					"name": "kolajnice",
					"parent": "carryhandle",
					"pivot": [0.75, 34.7, -16.15],
					"rotation": [6, 0, 0],
					"cubes": [
						{
							"origin": [0.668, 30.32239, -13.04438],
							"size": [0.2, 0.2, 0.6],
							"pivot": [0.798, 30.52239, -12.84438],
							"rotation": [0, 0, -45],
							"uv": {
								"north": {"uv": [79, 166], "uv_size": [1, 1]},
								"east": {"uv": [166, 79], "uv_size": [1, 1]},
								"south": {"uv": [80, 166], "uv_size": [1, 1]},
								"west": {"uv": [166, 80], "uv_size": [1, 1]},
								"up": {"uv": [81, 166], "uv_size": [1, 1]},
								"down": {"uv": [166, 82], "uv_size": [1, -1]}
							}
						},
						{
							"origin": [-0.652, 29.97239, -13.04438],
							"size": [0.2, 1.7, 0.6],
							"pivot": [-0.102, 30.92239, -21.24438],
							"rotation": [0, 0, -90],
							"uv": {
								"north": {"uv": [155, 20], "uv_size": [1, 2]},
								"east": {"uv": [155, 22], "uv_size": [1, 2]},
								"south": {"uv": [23, 155], "uv_size": [1, 2]},
								"west": {"uv": [155, 24], "uv_size": [1, 2]},
								"up": {"uv": [82, 166], "uv_size": [1, 1]},
								"down": {"uv": [166, 83], "uv_size": [1, -1]}
							}
						},
						{
							"origin": [-1.032, 30.32239, -13.04438],
							"size": [0.2, 0.2, 0.6],
							"pivot": [-0.902, 30.52239, -12.84438],
							"rotation": [0, 0, -45],
							"uv": {
								"north": {"uv": [83, 166], "uv_size": [1, 1]},
								"east": {"uv": [166, 83], "uv_size": [1, 1]},
								"south": {"uv": [84, 166], "uv_size": [1, 1]},
								"west": {"uv": [166, 84], "uv_size": [1, 1]},
								"up": {"uv": [85, 166], "uv_size": [1, 1]},
								"down": {"uv": [166, 86], "uv_size": [1, -1]}
							}
						},
						{
							"origin": [-0.852, 29.77239, -18.54438],
							"size": [0.4, 1.7, 20.4],
							"pivot": [-0.102, 30.72239, -27.54438],
							"rotation": [0, 0, -90],
							"uv": {
								"north": {"uv": [155, 26], "uv_size": [1, 2]},
								"east": {"uv": [82, 19], "uv_size": [20, 2]},
								"south": {"uv": [155, 28], "uv_size": [1, 2]},
								"west": {"uv": [82, 21], "uv_size": [20, 2]},
								"up": {"uv": [37, 111], "uv_size": [1, 20]},
								"down": {"uv": [38, 131], "uv_size": [1, -20]}
							}
						},
						{
							"origin": [-1.032, 30.32239, -11.74438],
							"size": [0.2, 0.2, 0.6],
							"pivot": [-0.902, 30.52239, -11.54438],
							"rotation": [0, 0, -45],
							"uv": {
								"north": {"uv": [86, 166], "uv_size": [1, 1]},
								"east": {"uv": [166, 86], "uv_size": [1, 1]},
								"south": {"uv": [87, 166], "uv_size": [1, 1]},
								"west": {"uv": [166, 87], "uv_size": [1, 1]},
								"up": {"uv": [88, 166], "uv_size": [1, 1]},
								"down": {"uv": [166, 89], "uv_size": [1, -1]}
							}
						},
						{
							"origin": [-0.652, 29.97239, -11.74438],
							"size": [0.2, 1.7, 0.6],
							"pivot": [-0.102, 30.92239, -19.94438],
							"rotation": [0, 0, -90],
							"uv": {
								"north": {"uv": [155, 30], "uv_size": [1, 2]},
								"east": {"uv": [31, 155], "uv_size": [1, 2]},
								"south": {"uv": [32, 155], "uv_size": [1, 2]},
								"west": {"uv": [155, 32], "uv_size": [1, 2]},
								"up": {"uv": [89, 166], "uv_size": [1, 1]},
								"down": {"uv": [166, 90], "uv_size": [1, -1]}
							}
						},
						{
							"origin": [0.668, 30.32239, -11.74438],
							"size": [0.2, 0.2, 0.6],
							"pivot": [0.798, 30.52239, -11.54438],
							"rotation": [0, 0, -45],
							"uv": {
								"north": {"uv": [90, 166], "uv_size": [1, 1]},
								"east": {"uv": [166, 90], "uv_size": [1, 1]},
								"south": {"uv": [91, 166], "uv_size": [1, 1]},
								"west": {"uv": [166, 91], "uv_size": [1, 1]},
								"up": {"uv": [92, 166], "uv_size": [1, 1]},
								"down": {"uv": [166, 93], "uv_size": [1, -1]}
							}
						},
						{
							"origin": [0.668, 30.32239, -10.44438],
							"size": [0.2, 0.2, 0.6],
							"pivot": [0.798, 30.52239, -10.24438],
							"rotation": [0, 0, -45],
							"uv": {
								"north": {"uv": [93, 166], "uv_size": [1, 1]},
								"east": {"uv": [166, 93], "uv_size": [1, 1]},
								"south": {"uv": [94, 166], "uv_size": [1, 1]},
								"west": {"uv": [166, 94], "uv_size": [1, 1]},
								"up": {"uv": [95, 166], "uv_size": [1, 1]},
								"down": {"uv": [166, 96], "uv_size": [1, -1]}
							}
						},
						{
							"origin": [-0.652, 29.97239, -10.44438],
							"size": [0.2, 1.7, 0.6],
							"pivot": [-0.102, 30.92239, -18.64438],
							"rotation": [0, 0, -90],
							"uv": {
								"north": {"uv": [33, 155], "uv_size": [1, 2]},
								"east": {"uv": [34, 155], "uv_size": [1, 2]},
								"south": {"uv": [155, 34], "uv_size": [1, 2]},
								"west": {"uv": [36, 155], "uv_size": [1, 2]},
								"up": {"uv": [96, 166], "uv_size": [1, 1]},
								"down": {"uv": [166, 97], "uv_size": [1, -1]}
							}
						},
						{
							"origin": [-1.032, 30.32239, -10.44438],
							"size": [0.2, 0.2, 0.6],
							"pivot": [-0.902, 30.52239, -10.24438],
							"rotation": [0, 0, -45],
							"uv": {
								"north": {"uv": [97, 166], "uv_size": [1, 1]},
								"east": {"uv": [166, 97], "uv_size": [1, 1]},
								"south": {"uv": [98, 166], "uv_size": [1, 1]},
								"west": {"uv": [166, 98], "uv_size": [1, 1]},
								"up": {"uv": [99, 166], "uv_size": [1, 1]},
								"down": {"uv": [166, 100], "uv_size": [1, -1]}
							}
						},
						{
							"origin": [-1.032, 30.32239, -9.14438],
							"size": [0.2, 0.2, 0.6],
							"pivot": [-0.902, 30.52239, -8.94438],
							"rotation": [0, 0, -45],
							"uv": {
								"north": {"uv": [100, 166], "uv_size": [1, 1]},
								"east": {"uv": [166, 100], "uv_size": [1, 1]},
								"south": {"uv": [101, 166], "uv_size": [1, 1]},
								"west": {"uv": [166, 101], "uv_size": [1, 1]},
								"up": {"uv": [102, 166], "uv_size": [1, 1]},
								"down": {"uv": [166, 103], "uv_size": [1, -1]}
							}
						},
						{
							"origin": [-0.652, 29.97239, -9.14438],
							"size": [0.2, 1.7, 0.6],
							"pivot": [-0.102, 30.92239, -17.34438],
							"rotation": [0, 0, -90],
							"uv": {
								"north": {"uv": [155, 36], "uv_size": [1, 2]},
								"east": {"uv": [37, 155], "uv_size": [1, 2]},
								"south": {"uv": [38, 155], "uv_size": [1, 2]},
								"west": {"uv": [155, 38], "uv_size": [1, 2]},
								"up": {"uv": [103, 166], "uv_size": [1, 1]},
								"down": {"uv": [166, 104], "uv_size": [1, -1]}
							}
						},
						{
							"origin": [0.668, 30.32239, -9.14438],
							"size": [0.2, 0.2, 0.6],
							"pivot": [0.798, 30.52239, -8.94438],
							"rotation": [0, 0, -45],
							"uv": {
								"north": {"uv": [104, 166], "uv_size": [1, 1]},
								"east": {"uv": [166, 104], "uv_size": [1, 1]},
								"south": {"uv": [105, 166], "uv_size": [1, 1]},
								"west": {"uv": [166, 105], "uv_size": [1, 1]},
								"up": {"uv": [106, 166], "uv_size": [1, 1]},
								"down": {"uv": [166, 107], "uv_size": [1, -1]}
							}
						},
						{
							"origin": [0.668, 30.32239, -7.84438],
							"size": [0.2, 0.2, 0.6],
							"pivot": [0.798, 30.52239, -7.64438],
							"rotation": [0, 0, -45],
							"uv": {
								"north": {"uv": [107, 166], "uv_size": [1, 1]},
								"east": {"uv": [166, 107], "uv_size": [1, 1]},
								"south": {"uv": [108, 166], "uv_size": [1, 1]},
								"west": {"uv": [166, 108], "uv_size": [1, 1]},
								"up": {"uv": [109, 166], "uv_size": [1, 1]},
								"down": {"uv": [166, 110], "uv_size": [1, -1]}
							}
						},
						{
							"origin": [-0.652, 29.97239, -7.84438],
							"size": [0.2, 1.7, 0.6],
							"pivot": [-0.102, 30.92239, -16.04438],
							"rotation": [0, 0, -90],
							"uv": {
								"north": {"uv": [39, 155], "uv_size": [1, 2]},
								"east": {"uv": [40, 155], "uv_size": [1, 2]},
								"south": {"uv": [155, 40], "uv_size": [1, 2]},
								"west": {"uv": [155, 42], "uv_size": [1, 2]},
								"up": {"uv": [110, 166], "uv_size": [1, 1]},
								"down": {"uv": [166, 111], "uv_size": [1, -1]}
							}
						},
						{
							"origin": [-1.032, 30.32239, -7.84438],
							"size": [0.2, 0.2, 0.6],
							"pivot": [-0.902, 30.52239, -7.64438],
							"rotation": [0, 0, -45],
							"uv": {
								"north": {"uv": [111, 166], "uv_size": [1, 1]},
								"east": {"uv": [166, 111], "uv_size": [1, 1]},
								"south": {"uv": [112, 166], "uv_size": [1, 1]},
								"west": {"uv": [166, 112], "uv_size": [1, 1]},
								"up": {"uv": [113, 166], "uv_size": [1, 1]},
								"down": {"uv": [166, 114], "uv_size": [1, -1]}
							}
						},
						{
							"origin": [-1.032, 30.32239, -6.54438],
							"size": [0.2, 0.2, 0.6],
							"pivot": [-0.902, 30.52239, -6.34438],
							"rotation": [0, 0, -45],
							"uv": {
								"north": {"uv": [114, 166], "uv_size": [1, 1]},
								"east": {"uv": [166, 114], "uv_size": [1, 1]},
								"south": {"uv": [115, 166], "uv_size": [1, 1]},
								"west": {"uv": [166, 115], "uv_size": [1, 1]},
								"up": {"uv": [116, 166], "uv_size": [1, 1]},
								"down": {"uv": [166, 117], "uv_size": [1, -1]}
							}
						},
						{
							"origin": [-0.652, 29.97239, -6.54438],
							"size": [0.2, 1.7, 0.6],
							"pivot": [-0.102, 30.92239, -14.74438],
							"rotation": [0, 0, -90],
							"uv": {
								"north": {"uv": [43, 155], "uv_size": [1, 2]},
								"east": {"uv": [44, 155], "uv_size": [1, 2]},
								"south": {"uv": [155, 44], "uv_size": [1, 2]},
								"west": {"uv": [45, 155], "uv_size": [1, 2]},
								"up": {"uv": [117, 166], "uv_size": [1, 1]},
								"down": {"uv": [166, 118], "uv_size": [1, -1]}
							}
						},
						{
							"origin": [0.668, 30.32239, -6.54438],
							"size": [0.2, 0.2, 0.6],
							"pivot": [0.798, 30.52239, -6.34438],
							"rotation": [0, 0, -45],
							"uv": {
								"north": {"uv": [118, 166], "uv_size": [1, 1]},
								"east": {"uv": [166, 118], "uv_size": [1, 1]},
								"south": {"uv": [119, 166], "uv_size": [1, 1]},
								"west": {"uv": [166, 119], "uv_size": [1, 1]},
								"up": {"uv": [120, 166], "uv_size": [1, 1]},
								"down": {"uv": [166, 121], "uv_size": [1, -1]}
							}
						},
						{
							"origin": [0.668, 30.32239, -5.24438],
							"size": [0.2, 0.2, 0.6],
							"pivot": [0.798, 30.52239, -5.04438],
							"rotation": [0, 0, -45],
							"uv": {
								"north": {"uv": [121, 166], "uv_size": [1, 1]},
								"east": {"uv": [166, 121], "uv_size": [1, 1]},
								"south": {"uv": [122, 166], "uv_size": [1, 1]},
								"west": {"uv": [166, 122], "uv_size": [1, 1]},
								"up": {"uv": [123, 166], "uv_size": [1, 1]},
								"down": {"uv": [166, 124], "uv_size": [1, -1]}
							}
						},
						{
							"origin": [-0.652, 29.97239, -5.24438],
							"size": [0.2, 1.7, 0.6],
							"pivot": [-0.102, 30.92239, -13.44438],
							"rotation": [0, 0, -90],
							"uv": {
								"north": {"uv": [46, 155], "uv_size": [1, 2]},
								"east": {"uv": [155, 46], "uv_size": [1, 2]},
								"south": {"uv": [49, 155], "uv_size": [1, 2]},
								"west": {"uv": [50, 155], "uv_size": [1, 2]},
								"up": {"uv": [124, 166], "uv_size": [1, 1]},
								"down": {"uv": [166, 125], "uv_size": [1, -1]}
							}
						},
						{
							"origin": [-1.032, 30.32239, -5.24438],
							"size": [0.2, 0.2, 0.6],
							"pivot": [-0.902, 30.52239, -5.04438],
							"rotation": [0, 0, -45],
							"uv": {
								"north": {"uv": [125, 166], "uv_size": [1, 1]},
								"east": {"uv": [166, 125], "uv_size": [1, 1]},
								"south": {"uv": [126, 166], "uv_size": [1, 1]},
								"west": {"uv": [166, 126], "uv_size": [1, 1]},
								"up": {"uv": [127, 166], "uv_size": [1, 1]},
								"down": {"uv": [166, 128], "uv_size": [1, -1]}
							}
						},
						{
							"origin": [-1.032, 30.32239, -3.94438],
							"size": [0.2, 0.2, 0.6],
							"pivot": [-0.902, 30.52239, -3.74438],
							"rotation": [0, 0, -45],
							"uv": {
								"north": {"uv": [128, 166], "uv_size": [1, 1]},
								"east": {"uv": [166, 128], "uv_size": [1, 1]},
								"south": {"uv": [129, 166], "uv_size": [1, 1]},
								"west": {"uv": [166, 129], "uv_size": [1, 1]},
								"up": {"uv": [130, 166], "uv_size": [1, 1]},
								"down": {"uv": [166, 131], "uv_size": [1, -1]}
							}
						},
						{
							"origin": [-0.652, 29.97239, -3.94438],
							"size": [0.2, 1.7, 0.6],
							"pivot": [-0.102, 30.92239, -12.14438],
							"rotation": [0, 0, -90],
							"uv": {
								"north": {"uv": [155, 51], "uv_size": [1, 2]},
								"east": {"uv": [155, 53], "uv_size": [1, 2]},
								"south": {"uv": [55, 155], "uv_size": [1, 2]},
								"west": {"uv": [56, 155], "uv_size": [1, 2]},
								"up": {"uv": [131, 166], "uv_size": [1, 1]},
								"down": {"uv": [166, 132], "uv_size": [1, -1]}
							}
						},
						{
							"origin": [0.668, 30.32239, -3.94438],
							"size": [0.2, 0.2, 0.6],
							"pivot": [0.798, 30.52239, -3.74438],
							"rotation": [0, 0, -45],
							"uv": {
								"north": {"uv": [132, 166], "uv_size": [1, 1]},
								"east": {"uv": [166, 132], "uv_size": [1, 1]},
								"south": {"uv": [133, 166], "uv_size": [1, 1]},
								"west": {"uv": [166, 133], "uv_size": [1, 1]},
								"up": {"uv": [134, 166], "uv_size": [1, 1]},
								"down": {"uv": [166, 135], "uv_size": [1, -1]}
							}
						},
						{
							"origin": [0.668, 30.32239, -2.64438],
							"size": [0.2, 0.2, 0.6],
							"pivot": [0.798, 30.52239, -2.44438],
							"rotation": [0, 0, -45],
							"uv": {
								"north": {"uv": [135, 166], "uv_size": [1, 1]},
								"east": {"uv": [166, 135], "uv_size": [1, 1]},
								"south": {"uv": [136, 166], "uv_size": [1, 1]},
								"west": {"uv": [166, 136], "uv_size": [1, 1]},
								"up": {"uv": [137, 166], "uv_size": [1, 1]},
								"down": {"uv": [166, 138], "uv_size": [1, -1]}
							}
						},
						{
							"origin": [-0.652, 29.97239, -2.64438],
							"size": [0.2, 1.7, 0.6],
							"pivot": [-0.102, 30.92239, -10.84438],
							"rotation": [0, 0, -90],
							"uv": {
								"north": {"uv": [57, 155], "uv_size": [1, 2]},
								"east": {"uv": [155, 57], "uv_size": [1, 2]},
								"south": {"uv": [59, 155], "uv_size": [1, 2]},
								"west": {"uv": [60, 155], "uv_size": [1, 2]},
								"up": {"uv": [138, 166], "uv_size": [1, 1]},
								"down": {"uv": [166, 139], "uv_size": [1, -1]}
							}
						},
						{
							"origin": [-1.032, 30.32239, -2.64438],
							"size": [0.2, 0.2, 0.6],
							"pivot": [-0.902, 30.52239, -2.44438],
							"rotation": [0, 0, -45],
							"uv": {
								"north": {"uv": [139, 166], "uv_size": [1, 1]},
								"east": {"uv": [166, 139], "uv_size": [1, 1]},
								"south": {"uv": [140, 166], "uv_size": [1, 1]},
								"west": {"uv": [166, 140], "uv_size": [1, 1]},
								"up": {"uv": [141, 166], "uv_size": [1, 1]},
								"down": {"uv": [166, 142], "uv_size": [1, -1]}
							}
						},
						{
							"origin": [-1.032, 30.32239, -1.34438],
							"size": [0.2, 0.2, 0.6],
							"pivot": [-0.902, 30.52239, -1.14438],
							"rotation": [0, 0, -45],
							"uv": {
								"north": {"uv": [142, 166], "uv_size": [1, 1]},
								"east": {"uv": [166, 142], "uv_size": [1, 1]},
								"south": {"uv": [143, 166], "uv_size": [1, 1]},
								"west": {"uv": [166, 143], "uv_size": [1, 1]},
								"up": {"uv": [144, 166], "uv_size": [1, 1]},
								"down": {"uv": [166, 145], "uv_size": [1, -1]}
							}
						},
						{
							"origin": [-0.652, 29.97239, -1.34438],
							"size": [0.2, 1.7, 0.6],
							"pivot": [-0.102, 30.92239, -9.54438],
							"rotation": [0, 0, -90],
							"uv": {
								"north": {"uv": [155, 60], "uv_size": [1, 2]},
								"east": {"uv": [63, 155], "uv_size": [1, 2]},
								"south": {"uv": [64, 155], "uv_size": [1, 2]},
								"west": {"uv": [155, 64], "uv_size": [1, 2]},
								"up": {"uv": [145, 166], "uv_size": [1, 1]},
								"down": {"uv": [166, 146], "uv_size": [1, -1]}
							}
						},
						{
							"origin": [0.668, 30.32239, -1.34438],
							"size": [0.2, 0.2, 0.6],
							"pivot": [0.798, 30.52239, -1.14438],
							"rotation": [0, 0, -45],
							"uv": {
								"north": {"uv": [146, 166], "uv_size": [1, 1]},
								"east": {"uv": [166, 146], "uv_size": [1, 1]},
								"south": {"uv": [147, 166], "uv_size": [1, 1]},
								"west": {"uv": [166, 147], "uv_size": [1, 1]},
								"up": {"uv": [148, 166], "uv_size": [1, 1]},
								"down": {"uv": [166, 149], "uv_size": [1, -1]}
							}
						},
						{
							"origin": [0.668, 30.32239, -0.04438],
							"size": [0.2, 0.2, 0.6],
							"pivot": [0.798, 30.52239, 0.15562],
							"rotation": [0, 0, -45],
							"uv": {
								"north": {"uv": [149, 166], "uv_size": [1, 1]},
								"east": {"uv": [166, 149], "uv_size": [1, 1]},
								"south": {"uv": [150, 166], "uv_size": [1, 1]},
								"west": {"uv": [166, 150], "uv_size": [1, 1]},
								"up": {"uv": [151, 166], "uv_size": [1, 1]},
								"down": {"uv": [166, 152], "uv_size": [1, -1]}
							}
						},
						{
							"origin": [-0.652, 29.97239, -0.04438],
							"size": [0.2, 1.7, 0.6],
							"pivot": [-0.102, 30.92239, -8.24438],
							"rotation": [0, 0, -90],
							"uv": {
								"north": {"uv": [65, 155], "uv_size": [1, 2]},
								"east": {"uv": [66, 155], "uv_size": [1, 2]},
								"south": {"uv": [67, 155], "uv_size": [1, 2]},
								"west": {"uv": [155, 67], "uv_size": [1, 2]},
								"up": {"uv": [152, 166], "uv_size": [1, 1]},
								"down": {"uv": [166, 153], "uv_size": [1, -1]}
							}
						},
						{
							"origin": [-1.032, 30.32239, -0.04438],
							"size": [0.2, 0.2, 0.6],
							"pivot": [-0.902, 30.52239, 0.15562],
							"rotation": [0, 0, -45],
							"uv": {
								"north": {"uv": [153, 166], "uv_size": [1, 1]},
								"east": {"uv": [166, 153], "uv_size": [1, 1]},
								"south": {"uv": [154, 166], "uv_size": [1, 1]},
								"west": {"uv": [166, 154], "uv_size": [1, 1]},
								"up": {"uv": [155, 166], "uv_size": [1, 1]},
								"down": {"uv": [166, 156], "uv_size": [1, -1]}
							}
						},
						{
							"origin": [-1.032, 30.32239, 1.25562],
							"size": [0.2, 0.2, 0.6],
							"pivot": [-0.902, 30.52239, 1.45562],
							"rotation": [0, 0, -45],
							"uv": {
								"north": {"uv": [156, 166], "uv_size": [1, 1]},
								"east": {"uv": [166, 156], "uv_size": [1, 1]},
								"south": {"uv": [157, 166], "uv_size": [1, 1]},
								"west": {"uv": [166, 157], "uv_size": [1, 1]},
								"up": {"uv": [158, 166], "uv_size": [1, 1]},
								"down": {"uv": [166, 159], "uv_size": [1, -1]}
							}
						},
						{
							"origin": [-0.652, 29.97239, 1.25562],
							"size": [0.2, 1.7, 0.6],
							"pivot": [-0.102, 30.92239, -6.94438],
							"rotation": [0, 0, -90],
							"uv": {
								"north": {"uv": [68, 155], "uv_size": [1, 2]},
								"east": {"uv": [69, 155], "uv_size": [1, 2]},
								"south": {"uv": [155, 69], "uv_size": [1, 2]},
								"west": {"uv": [70, 155], "uv_size": [1, 2]},
								"up": {"uv": [159, 166], "uv_size": [1, 1]},
								"down": {"uv": [166, 160], "uv_size": [1, -1]}
							}
						},
						{
							"origin": [0.668, 30.32239, 1.25562],
							"size": [0.2, 0.2, 0.6],
							"pivot": [0.798, 30.52239, 1.45562],
							"rotation": [0, 0, -45],
							"uv": {
								"north": {"uv": [160, 166], "uv_size": [1, 1]},
								"east": {"uv": [166, 160], "uv_size": [1, 1]},
								"south": {"uv": [161, 166], "uv_size": [1, 1]},
								"west": {"uv": [166, 161], "uv_size": [1, 1]},
								"up": {"uv": [162, 166], "uv_size": [1, 1]},
								"down": {"uv": [166, 163], "uv_size": [1, -1]}
							}
						},
						{
							"origin": [0.668, 30.32239, -15.64438],
							"size": [0.2, 0.2, 0.6],
							"pivot": [0.798, 30.52239, -15.44438],
							"rotation": [0, 0, -45],
							"uv": {
								"north": {"uv": [163, 166], "uv_size": [1, 1]},
								"east": {"uv": [166, 163], "uv_size": [1, 1]},
								"south": {"uv": [164, 166], "uv_size": [1, 1]},
								"west": {"uv": [166, 164], "uv_size": [1, 1]},
								"up": {"uv": [165, 166], "uv_size": [1, 1]},
								"down": {"uv": [166, 166], "uv_size": [1, -1]}
							}
						},
						{
							"origin": [-0.652, 29.97239, -15.64438],
							"size": [0.2, 1.7, 0.6],
							"pivot": [-0.102, 30.92239, -23.84438],
							"rotation": [0, 0, -90],
							"uv": {
								"north": {"uv": [155, 71], "uv_size": [1, 2]},
								"east": {"uv": [73, 155], "uv_size": [1, 2]},
								"south": {"uv": [155, 73], "uv_size": [1, 2]},
								"west": {"uv": [74, 155], "uv_size": [1, 2]},
								"up": {"uv": [166, 166], "uv_size": [1, 1]},
								"down": {"uv": [0, 168], "uv_size": [1, -1]}
							}
						},
						{
							"origin": [-1.032, 30.32239, -15.64438],
							"size": [0.2, 0.2, 0.6],
							"pivot": [-0.902, 30.52239, -15.44438],
							"rotation": [0, 0, -45],
							"uv": {
								"north": {"uv": [167, 0], "uv_size": [1, 1]},
								"east": {"uv": [1, 167], "uv_size": [1, 1]},
								"south": {"uv": [167, 1], "uv_size": [1, 1]},
								"west": {"uv": [2, 167], "uv_size": [1, 1]},
								"up": {"uv": [167, 2], "uv_size": [1, 1]},
								"down": {"uv": [3, 168], "uv_size": [1, -1]}
							}
						},
						{
							"origin": [-1.032, 30.32239, -14.34438],
							"size": [0.2, 0.2, 0.6],
							"pivot": [-0.902, 30.52239, -14.14438],
							"rotation": [0, 0, -45],
							"uv": {
								"north": {"uv": [167, 3], "uv_size": [1, 1]},
								"east": {"uv": [4, 167], "uv_size": [1, 1]},
								"south": {"uv": [167, 4], "uv_size": [1, 1]},
								"west": {"uv": [5, 167], "uv_size": [1, 1]},
								"up": {"uv": [167, 5], "uv_size": [1, 1]},
								"down": {"uv": [6, 168], "uv_size": [1, -1]}
							}
						},
						{
							"origin": [-0.652, 29.97239, -14.34438],
							"size": [0.2, 1.7, 0.6],
							"pivot": [-0.102, 30.92239, -22.54438],
							"rotation": [0, 0, -90],
							"uv": {
								"north": {"uv": [75, 155], "uv_size": [1, 2]},
								"east": {"uv": [76, 155], "uv_size": [1, 2]},
								"south": {"uv": [155, 76], "uv_size": [1, 2]},
								"west": {"uv": [77, 155], "uv_size": [1, 2]},
								"up": {"uv": [167, 6], "uv_size": [1, 1]},
								"down": {"uv": [7, 168], "uv_size": [1, -1]}
							}
						},
						{
							"origin": [0.668, 30.32239, -14.34438],
							"size": [0.2, 0.2, 0.6],
							"pivot": [0.798, 30.52239, -14.14438],
							"rotation": [0, 0, -45],
							"uv": {
								"north": {"uv": [167, 7], "uv_size": [1, 1]},
								"east": {"uv": [8, 167], "uv_size": [1, 1]},
								"south": {"uv": [167, 8], "uv_size": [1, 1]},
								"west": {"uv": [9, 167], "uv_size": [1, 1]},
								"up": {"uv": [167, 9], "uv_size": [1, 1]},
								"down": {"uv": [10, 168], "uv_size": [1, -1]}
							}
						},
						{
							"origin": [0.668, 30.32239, -18.54438],
							"size": [0.2, 0.2, 0.9],
							"pivot": [0.798, 30.52239, -18.04438],
							"rotation": [0, 0, -45],
							"uv": {
								"north": {"uv": [167, 10], "uv_size": [1, 1]},
								"east": {"uv": [11, 167], "uv_size": [1, 1]},
								"south": {"uv": [167, 11], "uv_size": [1, 1]},
								"west": {"uv": [12, 167], "uv_size": [1, 1]},
								"up": {"uv": [167, 12], "uv_size": [1, 1]},
								"down": {"uv": [13, 168], "uv_size": [1, -1]}
							}
						},
						{
							"origin": [-0.652, 29.97239, -18.54438],
							"size": [0.2, 1.7, 0.9],
							"pivot": [-0.102, 30.92239, -26.44438],
							"rotation": [0, 0, -90],
							"uv": {
								"north": {"uv": [78, 155], "uv_size": [1, 2]},
								"east": {"uv": [155, 78], "uv_size": [1, 2]},
								"south": {"uv": [79, 155], "uv_size": [1, 2]},
								"west": {"uv": [80, 155], "uv_size": [1, 2]},
								"up": {"uv": [167, 13], "uv_size": [1, 1]},
								"down": {"uv": [14, 168], "uv_size": [1, -1]}
							}
						},
						{
							"origin": [-1.032, 30.32239, -18.54438],
							"size": [0.2, 0.2, 0.9],
							"pivot": [-0.902, 30.52239, -18.04438],
							"rotation": [0, 0, -45],
							"uv": {
								"north": {"uv": [167, 14], "uv_size": [1, 1]},
								"east": {"uv": [15, 167], "uv_size": [1, 1]},
								"south": {"uv": [167, 15], "uv_size": [1, 1]},
								"west": {"uv": [16, 167], "uv_size": [1, 1]},
								"up": {"uv": [167, 16], "uv_size": [1, 1]},
								"down": {"uv": [17, 168], "uv_size": [1, -1]}
							}
						},
						{
							"origin": [-1.032, 30.32239, -16.94438],
							"size": [0.2, 0.2, 0.6],
							"pivot": [-0.902, 30.52239, -16.74438],
							"rotation": [0, 0, -45],
							"uv": {
								"north": {"uv": [167, 17], "uv_size": [1, 1]},
								"east": {"uv": [18, 167], "uv_size": [1, 1]},
								"south": {"uv": [167, 18], "uv_size": [1, 1]},
								"west": {"uv": [19, 167], "uv_size": [1, 1]},
								"up": {"uv": [167, 19], "uv_size": [1, 1]},
								"down": {"uv": [20, 168], "uv_size": [1, -1]}
							}
						},
						{
							"origin": [-0.652, 29.97239, -16.94438],
							"size": [0.2, 1.7, 0.6],
							"pivot": [-0.102, 30.92239, -25.14438],
							"rotation": [0, 0, -90],
							"uv": {
								"north": {"uv": [81, 155], "uv_size": [1, 2]},
								"east": {"uv": [82, 155], "uv_size": [1, 2]},
								"south": {"uv": [83, 155], "uv_size": [1, 2]},
								"west": {"uv": [84, 155], "uv_size": [1, 2]},
								"up": {"uv": [167, 20], "uv_size": [1, 1]},
								"down": {"uv": [21, 168], "uv_size": [1, -1]}
							}
						},
						{
							"origin": [0.668, 30.32239, -16.94438],
							"size": [0.2, 0.2, 0.6],
							"pivot": [0.798, 30.52239, -16.74438],
							"rotation": [0, 0, -45],
							"uv": {
								"north": {"uv": [167, 21], "uv_size": [1, 1]},
								"east": {"uv": [22, 167], "uv_size": [1, 1]},
								"south": {"uv": [167, 22], "uv_size": [1, 1]},
								"west": {"uv": [23, 167], "uv_size": [1, 1]},
								"up": {"uv": [167, 23], "uv_size": [1, 1]},
								"down": {"uv": [24, 168], "uv_size": [1, -1]}
							}
						}
					]
				},
				{
					"name": "_ca_scope",
					"parent": "main",
					"pivot": [0.1, 28.65, -3.25],
					"cubes": [
						{"origin": [-0.45, 28.15, -7.6], "size": [1, 1, 1], "uv": [198, 208]}
					]
				},
				{
					"name": "_cb_scope",
					"parent": "main",
					"pivot": [0.1, 33.05, -3.25],
					"cubes": [
						{"origin": [-0.45, 32.55, -7.6], "size": [1, 1, 1], "uv": [198, 208]}
					]
				}
			]
		}
	]
}