{
	"format_version": "1.12.0",
	"minecraft:geometry": [
		{
			"description": {
				"identifier": "geometry.unknown",
				"texture_width": 256,
				"texture_height": 256,
				"visible_bounds_width": 11,
				"visible_bounds_height": 5,
				"visible_bounds_offset": [0, 0.5, 0]
			},
			"bones": [
				{
					"name": "main",
					"pivot": [0, 20, 0]
				},
				{
					"name": "gun",
					"parent": "main",
					"pivot": [1, 11, -1]
				},
				{
					"name": "dustcoverdef",
					"parent": "gun",
					"pivot": [-1.05, 12.9, -5.3],
					"cubes": [
						{
							"origin": [-0.75, 25.9, -24.7],
							"size": [1.7, 0.7, 29.16],
							"inflate": 0.001,
							"uv": {
								"north": {"uv": [129, 112], "uv_size": [2, 1]},
								"east": {"uv": [90, 23], "uv_size": [29, 1]},
								"south": {"uv": [130, 25], "uv_size": [2, 1]},
								"west": {"uv": [90, 24], "uv_size": [29, 1]},
								"up": {"uv": [32, 72], "uv_size": [2, 29]},
								"down": {"uv": [72, 100], "uv_size": [2, -29]}
							}
						},
						{
							"origin": [4.96, 25.7, -24.8],
							"size": [1, 0.8, 29.86],
							"inflate": 0.001,
							"pivot": [4.33, 21.1, -8.5],
							"rotation": [0, 0, -50],
							"uv": {
								"north": {"uv": [28, 153], "uv_size": [1, 1]},
								"east": {"uv": [81, 78], "uv_size": [30, 1]},
								"south": {"uv": [67, 153], "uv_size": [1, 1]},
								"west": {"uv": [89, 84], "uv_size": [30, 1]},
								"up": {"uv": [22, 83], "uv_size": [1, 30]},
								"down": {"uv": [47, 122], "uv_size": [1, -30]}
							}
						},
						{
							"origin": [1.93, 25.25, -24.8],
							"size": [1, 1.39, 29.26],
							"inflate": 0.001,
							"pivot": [1.35, 20.8, -8.5],
							"rotation": [0, 0, -19],
							"uv": {
								"north": {"uv": [93, 153], "uv_size": [1, 1]},
								"east": {"uv": [90, 25], "uv_size": [29, 1]},
								"south": {"uv": [140, 153], "uv_size": [1, 1]},
								"west": {"uv": [90, 26.1], "uv_size": [29, 1]},
								"up": {"uv": [51, 92], "uv_size": [1, 29]},
								"down": {"uv": [23, 125], "uv_size": [1, -29]}
							}
						},
						{
							"origin": [-1.43, 26.4, -24.7],
							"size": [0.8, 1.3, 28.96],
							"inflate": 0.001,
							"pivot": [-2.45, 22.5, -8.5],
							"rotation": [0, 0, 18.75],
							"uv": {
								"north": {"uv": [75, 154], "uv_size": [1, 1]},
								"east": {"uv": [91, 2], "uv_size": [29, 1]},
								"south": {"uv": [104, 154], "uv_size": [1, 1]},
								"west": {"uv": [91, 3], "uv_size": [29, 1]},
								"up": {"uv": [26, 96], "uv_size": [1, 29]},
								"down": {"uv": [27, 125], "uv_size": [1, -29]}
							}
						},
						{
							"origin": [-0.045, 25.8, -24.7],
							"size": [0.23, 1.3, 28.96],
							"inflate": 0.001,
							"uv": {
								"north": {"uv": [154, 141], "uv_size": [1, 1]},
								"east": {"uv": [91, 4], "uv_size": [29, 1]},
								"south": {"uv": [14, 157], "uv_size": [1, 1]},
								"west": {"uv": [91, 79], "uv_size": [29, 1]},
								"up": {"uv": [28, 96], "uv_size": [1, 29]},
								"down": {"uv": [96, 58], "uv_size": [1, -29]}
							}
						},
						{
							"origin": [0.15, 24.3, -24.8],
							"size": [1.7, 1, 6.96],
							"inflate": 0.001,
							"uv": {
								"north": {"uv": [4, 168], "uv_size": [2, 1]},
								"east": {"uv": [149, 24], "uv_size": [7, 1]},
								"south": {"uv": [6, 168], "uv_size": [2, 1]},
								"west": {"uv": [149, 44], "uv_size": [7, 1]},
								"up": {"uv": [134, 59], "uv_size": [2, 7]},
								"down": {"uv": [134, 73], "uv_size": [2, -7]}
							}
						},
						{
							"origin": [1.75, 24, -24.8],
							"size": [0.15, 0.5, 6.96],
							"inflate": 0.001,
							"uv": {
								"north": {"uv": [19, 174], "uv_size": [1, 1]},
								"east": {"uv": [148, 135], "uv_size": [7, 1]},
								"south": {"uv": [174, 19], "uv_size": [1, 1]},
								"west": {"uv": [148, 136], "uv_size": [7, 1]},
								"up": {"uv": [149, 128], "uv_size": [1, 7]},
								"down": {"uv": [133, 156], "uv_size": [1, -7]}
							}
						},
						{
							"origin": [1.75, 24, -17.838],
							"size": [0.15, 0.5, 1.2],
							"inflate": 0.001,
							"pivot": [1.901, 24.501, -17.839],
							"rotation": [-70, 0, 0],
							"uv": {
								"north": {"uv": [21, 174], "uv_size": [1, 1]},
								"east": {"uv": [174, 21], "uv_size": [1, 1]},
								"south": {"uv": [22, 174], "uv_size": [1, 1]},
								"west": {"uv": [174, 22], "uv_size": [1, 1]},
								"up": {"uv": [23, 174], "uv_size": [1, 1]},
								"down": {"uv": [174, 24], "uv_size": [1, -1]}
							}
						},
						{
							"origin": [1.75, 23.2, -17.9],
							"size": [0.15, 0.5, 24.56],
							"inflate": 0.001,
							"uv": {
								"north": {"uv": [20, 174], "uv_size": [1, 1]},
								"east": {"uv": [96, 77], "uv_size": [24, 1]},
								"south": {"uv": [174, 20], "uv_size": [1, 1]},
								"west": {"uv": [97, 9], "uv_size": [24, 1]},
								"up": {"uv": [20, 103], "uv_size": [1, 24]},
								"down": {"uv": [21, 127], "uv_size": [1, -24]}
							}
						},
						{
							"origin": [0.25, 23.2, -4.8],
							"size": [1.6, 2.1, 10.36],
							"inflate": 0.001,
							"uv": {
								"north": {"uv": [128, 79], "uv_size": [2, 2]},
								"east": {"uv": [106, 82], "uv_size": [10, 2]},
								"south": {"uv": [135, 75], "uv_size": [2, 2]},
								"west": {"uv": [111, 5], "uv_size": [10, 2]},
								"up": {"uv": [105, 111], "uv_size": [2, 10]},
								"down": {"uv": [15, 123], "uv_size": [2, -10]}
							}
						},
						{
							"origin": [0.15, 23.2, -17.9],
							"size": [1.7, 2.1, 13.16],
							"inflate": 0.001,
							"uv": {
								"north": {"uv": [105, 151], "uv_size": [2, 2]},
								"east": {"uv": [40, 22], "uv_size": [13, 2]},
								"south": {"uv": [123, 152], "uv_size": [2, 2]},
								"west": {"uv": [62, 21], "uv_size": [13, 2]},
								"up": {"uv": [15, 100], "uv_size": [2, 13]},
								"down": {"uv": [72, 113], "uv_size": [2, -13]}
							}
						},
						{
							"origin": [0.94, 14.8, 7.1],
							"size": [0.9, 2, 3.6],
							"pivot": [1.55, 12.9, -5.3],
							"rotation": [35, 0, 0],
							"uv": {
								"north": {"uv": [122, 114], "uv_size": [1, 2]},
								"east": {"uv": [4, 8], "uv_size": [4, 2]},
								"south": {"uv": [16, 123], "uv_size": [1, 2]},
								"west": {"uv": [12, 0], "uv_size": [4, 2]},
								"up": {"uv": [13, 151], "uv_size": [1, 4]},
								"down": {"uv": [123, 160], "uv_size": [1, -4]}
							}
						},
						{
							"origin": [-0.75, 14.8, 7],
							"size": [1.7, 3.91, 3.7],
							"pivot": [0.65, 12.9, -5.3],
							"rotation": [35, 0, 0],
							"uv": {
								"north": {"uv": [31, 146], "uv_size": [2, 4]},
								"east": {"uv": [134, 96], "uv_size": [3, 4]},
								"south": {"uv": [146, 32], "uv_size": [2, 4]},
								"west": {"uv": [134, 100], "uv_size": [3, 4]},
								"up": {"uv": [106, 74], "uv_size": [2, 3]},
								"down": {"uv": [65, 110], "uv_size": [2, -3]}
							}
						},
						{
							"origin": [-1.65, 23.2, 5.5],
							"size": [3.5, 0.46, 1.22],
							"uv": {
								"north": {"uv": [81, 78], "uv_size": [4, 5]},
								"east": {"uv": [70, 3], "uv_size": [3, 1]},
								"south": {"uv": [70, 3], "uv_size": [4, 1]},
								"west": {"uv": [70, 3], "uv_size": [1, 1]},
								"up": {"uv": [90, 24], "uv_size": [4, 3]},
								"down": {"uv": [90, 39], "uv_size": [4, -3]}
							}
						},
						{
							"origin": [-1.96, 31.5, 5.265],
							"size": [1, 0.8, 0.36],
							"inflate": 0.001,
							"pivot": [-2.57, 26.9, 22],
							"rotation": [30, 0, -50],
							"uv": {
								"north": {"uv": [50, 161], "uv_size": [1, 1]},
								"east": {"uv": [134, 161], "uv_size": [1, 1]},
								"south": {"uv": [138, 161], "uv_size": [1, 1]},
								"west": {"uv": [146, 161], "uv_size": [1, 1]},
								"up": {"uv": [2, 162], "uv_size": [1, 1]},
								"down": {"uv": [55, 169], "uv_size": [1, -1]}
							}
						},
						{
							"origin": [5.36, 25.7, 5.36],
							"size": [0.6, 0.235, 0.13],
							"inflate": 0.001,
							"pivot": [4.33, 21.1, 22.2],
							"rotation": [0, 0, -50],
							"uv": {
								"north": {"uv": [168, 106], "uv_size": [1, 1]},
								"east": {"uv": [107, 168], "uv_size": [1, 1]},
								"south": {"uv": [168, 107], "uv_size": [1, 1]},
								"west": {"uv": [108, 168], "uv_size": [1, 1]},
								"up": {"uv": [168, 108], "uv_size": [1, 1]},
								"down": {"uv": [109, 169], "uv_size": [1, -1]}
							}
						},
						{
							"origin": [5.36, 25.7, 5.49],
							"size": [0.6, 0.14, 0.07],
							"inflate": 0.001,
							"pivot": [4.33, 21.1, 22.3],
							"rotation": [0, 0, -50],
							"uv": {
								"north": {"uv": [168, 109], "uv_size": [1, 1]},
								"east": {"uv": [110, 168], "uv_size": [1, 1]},
								"south": {"uv": [111, 168], "uv_size": [1, 1]},
								"west": {"uv": [168, 111], "uv_size": [1, 1]},
								"up": {"uv": [112, 168], "uv_size": [1, 1]},
								"down": {"uv": [168, 113], "uv_size": [1, -1]}
							}
						},
						{
							"origin": [-1.96, 31.42, 5.465],
							"size": [1, 0.2, 0.16],
							"inflate": 0.001,
							"pivot": [-2.57, 26.9, 22],
							"rotation": [30, 0, -50],
							"uv": {
								"north": {"uv": [113, 168], "uv_size": [1, 1]},
								"east": {"uv": [168, 113], "uv_size": [1, 1]},
								"south": {"uv": [114, 168], "uv_size": [1, 1]},
								"west": {"uv": [168, 114], "uv_size": [1, 1]},
								"up": {"uv": [115, 168], "uv_size": [1, 1]},
								"down": {"uv": [168, 116], "uv_size": [1, -1]}
							}
						},
						{
							"origin": [4.96, 25.7, 5.06],
							"size": [1, 0.3, 0.3],
							"inflate": 0.001,
							"pivot": [4.33, 21.1, 21.9],
							"rotation": [0, 0, -50],
							"uv": {
								"north": {"uv": [102, 168], "uv_size": [1, 1]},
								"east": {"uv": [168, 102], "uv_size": [1, 1]},
								"south": {"uv": [103, 168], "uv_size": [1, 1]},
								"west": {"uv": [104, 168], "uv_size": [1, 1]},
								"up": {"uv": [105, 168], "uv_size": [1, 1]},
								"down": {"uv": [106, 169], "uv_size": [1, -1]}
							}
						},
						{
							"origin": [4.045, 19.671, 7.885],
							"size": [0.6, 0.1, 1],
							"inflate": 0.001,
							"pivot": [2.95, 15.8, -4],
							"rotation": [28, 0, -19],
							"uv": {
								"north": {"uv": [168, 88], "uv_size": [1, 1]},
								"east": {"uv": [89, 168], "uv_size": [1, 1]},
								"south": {"uv": [90, 168], "uv_size": [1, 1]},
								"west": {"uv": [91, 168], "uv_size": [1, 1]},
								"up": {"uv": [92, 168], "uv_size": [1, 1]},
								"down": {"uv": [93, 169], "uv_size": [1, -1]}
							}
						},
						{
							"origin": [2, 24.65, 6.56],
							"size": [1, 1.85, 1.66],
							"inflate": 0.001,
							"pivot": [1.45, 20.6, 6.1],
							"rotation": [35, 0, -19],
							"uv": {
								"north": {"uv": [142, 114], "uv_size": [1, 2]},
								"east": {"uv": [136, 36], "uv_size": [2, 2]},
								"south": {"uv": [141, 150], "uv_size": [1, 2]},
								"west": {"uv": [142, 71], "uv_size": [2, 2]},
								"up": {"uv": [12, 151], "uv_size": [1, 2]},
								"down": {"uv": [3, 165], "uv_size": [1, -2]}
							}
						},
						{
							"origin": [-0.75, 26.62, 4.06],
							"size": [1.69, 0.22, 0.4],
							"inflate": 0.001,
							"uv": {
								"north": {"uv": [132, 85], "uv_size": [2, 1]},
								"east": {"uv": [168, 129], "uv_size": [1, 1]},
								"south": {"uv": [145, 150], "uv_size": [2, 1]},
								"west": {"uv": [130, 168], "uv_size": [1, 1]},
								"up": {"uv": [109, 152], "uv_size": [2, 1]},
								"down": {"uv": [22, 154], "uv_size": [2, -1]}
							}
						},
						{
							"origin": [3.25, 19.83, 10.45],
							"size": [0.75, 0.3, 0.365],
							"inflate": 0.001,
							"pivot": [2.25, 14.9, -1.9],
							"rotation": [41, 0, -18.75],
							"uv": {
								"north": {"uv": [120, 168], "uv_size": [1, 1]},
								"east": {"uv": [168, 120], "uv_size": [1, 1]},
								"south": {"uv": [121, 168], "uv_size": [1, 1]},
								"west": {"uv": [168, 121], "uv_size": [1, 1]},
								"up": {"uv": [168, 122], "uv_size": [1, 1]},
								"down": {"uv": [123, 169], "uv_size": [1, -1]}
							}
						},
						{
							"origin": [2.68, 22.69, 6.52],
							"size": [0.3, 0.08, 0.36],
							"inflate": 0.001,
							"pivot": [1.25, 17.9, -5.8],
							"rotation": [20, 0, -18.75],
							"uv": {
								"north": {"uv": [168, 133], "uv_size": [1, 1]},
								"east": {"uv": [134, 168], "uv_size": [1, 1]},
								"south": {"uv": [168, 134], "uv_size": [1, 1]},
								"west": {"uv": [135, 168], "uv_size": [1, 1]},
								"up": {"uv": [168, 135], "uv_size": [1, 1]},
								"down": {"uv": [136, 169], "uv_size": [1, -1]}
							}
						},
						{
							"origin": [0.03, 26.82, 4.06],
							"size": [0.07, 0.07, 0.4],
							"inflate": 0.001,
							"uv": {
								"north": {"uv": [168, 130], "uv_size": [1, 1]},
								"east": {"uv": [131, 168], "uv_size": [1, 1]},
								"south": {"uv": [168, 131], "uv_size": [1, 1]},
								"west": {"uv": [132, 168], "uv_size": [1, 1]},
								"up": {"uv": [168, 132], "uv_size": [1, 1]},
								"down": {"uv": [133, 169], "uv_size": [1, -1]}
							}
						},
						{
							"origin": [0.475, 33.08, 4.8],
							"size": [0.3, 0.08, 0.36],
							"inflate": 0.001,
							"pivot": [-0.95, 28.22, 21.4],
							"rotation": [20, 0, 18.75],
							"uv": {
								"north": {"uv": [168, 136], "uv_size": [1, 1]},
								"east": {"uv": [137, 168], "uv_size": [1, 1]},
								"south": {"uv": [168, 137], "uv_size": [1, 1]},
								"west": {"uv": [138, 168], "uv_size": [1, 1]},
								"up": {"uv": [168, 138], "uv_size": [1, 1]},
								"down": {"uv": [139, 169], "uv_size": [1, -1]}
							}
						},
						{
							"origin": [2.37, 38.64, 3.36],
							"size": [0.8, 0.3, 0.36],
							"inflate": 0.001,
							"pivot": [1.45, 33.72, 19.9],
							"rotation": [41, 0, 18.75],
							"uv": {
								"north": {"uv": [116, 168], "uv_size": [1, 1]},
								"east": {"uv": [117, 168], "uv_size": [1, 1]},
								"south": {"uv": [168, 117], "uv_size": [1, 1]},
								"west": {"uv": [118, 168], "uv_size": [1, 1]},
								"up": {"uv": [168, 118], "uv_size": [1, 1]},
								"down": {"uv": [168, 120], "uv_size": [1, -1]}
							}
						},
						{
							"origin": [0, 38.94, 3.3],
							"size": [0.15, 0.1, 0.36],
							"inflate": 0.001,
							"pivot": [-1.25, 33.97, 20.2],
							"rotation": [41, 0, 0],
							"uv": {
								"north": {"uv": [168, 126], "uv_size": [1, 1]},
								"east": {"uv": [127, 168], "uv_size": [1, 1]},
								"south": {"uv": [168, 127], "uv_size": [1, 1]},
								"west": {"uv": [128, 168], "uv_size": [1, 1]},
								"up": {"uv": [168, 128], "uv_size": [1, 1]},
								"down": {"uv": [129, 169], "uv_size": [1, -1]}
							}
						},
						{
							"origin": [-0.045, 39.04, 3.3],
							"size": [0.23, 0.2, 0.36],
							"inflate": 0.001,
							"pivot": [-1.25, 33.97, 20.2],
							"rotation": [41, 0, 0],
							"uv": {
								"north": {"uv": [168, 123], "uv_size": [1, 1]},
								"east": {"uv": [124, 168], "uv_size": [1, 1]},
								"south": {"uv": [168, 124], "uv_size": [1, 1]},
								"west": {"uv": [125, 168], "uv_size": [1, 1]},
								"up": {"uv": [168, 125], "uv_size": [1, 1]},
								"down": {"uv": [126, 169], "uv_size": [1, -1]}
							}
						},
						{
							"origin": [-2.6, 26, -12.8],
							"size": [0.9, 1.39, 17.26],
							"inflate": 0.001,
							"pivot": [-3.35, 21.6, -8.5],
							"rotation": [0, 0, 19],
							"uv": {
								"north": {"uv": [33, 151], "uv_size": [1, 1]},
								"east": {"uv": [107, 26], "uv_size": [-17, 1]},
								"south": {"uv": [15, 153], "uv_size": [1, 1]},
								"west": {"uv": [118, 89], "uv_size": [17, 1]},
								"up": {"uv": [61, 115], "uv_size": [1, 17]},
								"down": {"uv": [104, 132], "uv_size": [1, -17]}
							}
						},
						{
							"origin": [-2.6, 26.5, -24.7],
							"size": [0.9, 0.89, 11.9],
							"inflate": 0.001,
							"pivot": [-3.35, 21.6, -24.8],
							"rotation": [0, 0, 19],
							"uv": {
								"north": {"uv": [168, 139], "uv_size": [1, 1]},
								"east": {"uv": [132, 45], "uv_size": [12, 1]},
								"south": {"uv": [140, 168], "uv_size": [1, 1]},
								"west": {"uv": [132, 46], "uv_size": [12, 1]},
								"up": {"uv": [75, 134], "uv_size": [1, 12]},
								"down": {"uv": [94, 146], "uv_size": [1, -12]}
							}
						},
						{
							"origin": [-4.7, 19.5, 9.3],
							"size": [0.9, 1.85, 0.86],
							"inflate": 0.001,
							"pivot": [-5.45, 15.5, -2.8],
							"rotation": [35, 0, 19],
							"uv": {
								"north": {"uv": [132, 110], "uv_size": [1, 2]},
								"east": {"uv": [135, 88], "uv_size": [1, 2]},
								"south": {"uv": [115, 135], "uv_size": [1, 2]},
								"west": {"uv": [142, 77], "uv_size": [1, 2]},
								"up": {"uv": [107, 157], "uv_size": [1, 1]},
								"down": {"uv": [8, 159], "uv_size": [1, -1]}
							}
						},
						{
							"origin": [-4.9, 27.5, 5.4],
							"size": [0.5, 0.235, 0.13],
							"inflate": 0.001,
							"pivot": [-5.65, 22.9, -8],
							"rotation": [0, 0, 50],
							"uv": {
								"north": {"uv": [168, 97], "uv_size": [1, 1]},
								"east": {"uv": [98, 168], "uv_size": [1, 1]},
								"south": {"uv": [168, 98], "uv_size": [1, 1]},
								"west": {"uv": [99, 168], "uv_size": [1, 1]},
								"up": {"uv": [100, 168], "uv_size": [1, 1]},
								"down": {"uv": [101, 169], "uv_size": [1, -1]}
							}
						},
						{
							"origin": [-1.64, 14.8, 7],
							"size": [0.9, 2, 3.7],
							"pivot": [-1.05, 12.9, -5.3],
							"rotation": [35, 0, 0],
							"uv": {
								"north": {"uv": [84, 129], "uv_size": [1, 2]},
								"east": {"uv": [77, 69], "uv_size": [4, 2]},
								"south": {"uv": [22, 131], "uv_size": [1, 2]},
								"west": {"uv": [100, 27], "uv_size": [4, 2]},
								"up": {"uv": [124, 156], "uv_size": [1, 4]},
								"down": {"uv": [125, 160], "uv_size": [1, -4]}
							}
						},
						{
							"origin": [-1.65, 23.2, -3.9],
							"size": [1.5, 2.1, 9.46],
							"inflate": 0.001,
							"uv": {
								"north": {"uv": [152, 165], "uv_size": [1, 2]},
								"east": {"uv": [114, 14], "uv_size": [9, 2]},
								"south": {"uv": [153, 165], "uv_size": [1, 2]},
								"west": {"uv": [114, 90], "uv_size": [9, 2]},
								"up": {"uv": [31, 105], "uv_size": [1, 9]},
								"down": {"uv": [142, 105], "uv_size": [1, -9]}
							}
						},
						{
							"origin": [-9.515, 23.7, 9.2],
							"size": [0.9, 0.7, 0.495],
							"inflate": 0.001,
							"pivot": [-10.25, 19, -3.9],
							"rotation": [30, 0, 50],
							"uv": {
								"north": {"uv": [168, 77], "uv_size": [1, 1]},
								"east": {"uv": [79, 168], "uv_size": [1, 1]},
								"south": {"uv": [80, 168], "uv_size": [1, 1]},
								"west": {"uv": [81, 168], "uv_size": [1, 1]},
								"up": {"uv": [82, 168], "uv_size": [1, 1]},
								"down": {"uv": [83, 169], "uv_size": [1, -1]}
							}
						},
						{
							"origin": [-4.9, 27.5, 5.16],
							"size": [0.9, 0.3, 0.26],
							"inflate": 0.001,
							"pivot": [-5.65, 22.9, -8.1],
							"rotation": [0, 0, 50],
							"uv": {
								"north": {"uv": [94, 168], "uv_size": [1, 1]},
								"east": {"uv": [95, 168], "uv_size": [1, 1]},
								"south": {"uv": [168, 95], "uv_size": [1, 1]},
								"west": {"uv": [96, 168], "uv_size": [1, 1]},
								"up": {"uv": [168, 96], "uv_size": [1, 1]},
								"down": {"uv": [97, 169], "uv_size": [1, -1]}
							}
						},
						{
							"origin": [-1.65, 24.7, -11.9],
							"size": [1.6, 0.6, 8],
							"inflate": 0.001,
							"uv": {
								"north": {"uv": [31, 153], "uv_size": [2, 1]},
								"east": {"uv": [145, 0], "uv_size": [8, 1]},
								"south": {"uv": [45, 153], "uv_size": [2, 1]},
								"west": {"uv": [145, 1], "uv_size": [8, 1]},
								"up": {"uv": [14, 50], "uv_size": [2, 8]},
								"down": {"uv": [105, 129], "uv_size": [2, -8]}
							}
						},
						{
							"origin": [-1.75, 16.8, 0.2],
							"size": [0.6, 2.1, 0.8],
							"inflate": 0.001,
							"pivot": [-0.75, 13.5, -11.9],
							"rotation": [35, 0, 0],
							"uv": {
								"north": {"uv": [4, 163], "uv_size": [1, 2]},
								"east": {"uv": [9, 163], "uv_size": [1, 2]},
								"south": {"uv": [10, 163], "uv_size": [1, 2]},
								"west": {"uv": [151, 165], "uv_size": [1, 2]},
								"up": {"uv": [168, 140], "uv_size": [1, 1]},
								"down": {"uv": [141, 169], "uv_size": [1, -1]}
							}
						},
						{
							"origin": [-1.65, 24.5, -5.8],
							"size": [0.7, 0.2, 1.9],
							"inflate": 0.001,
							"uv": {
								"north": {"uv": [52, 153], "uv_size": [2, 1]},
								"east": {"uv": [95, 153], "uv_size": [2, 1]},
								"south": {"uv": [154, 27], "uv_size": [2, 1]},
								"west": {"uv": [99, 154], "uv_size": [2, 1]},
								"up": {"uv": [3, 153], "uv_size": [2, 2]},
								"down": {"uv": [156, 123], "uv_size": [2, -2]}
							}
						},
						{
							"origin": [-1.75, 24.4, -12.8],
							"size": [0.7, 0.9, 8.4],
							"inflate": 0.001,
							"uv": {
								"north": {"uv": [168, 141], "uv_size": [1, 1]},
								"east": {"uv": [145, 12], "uv_size": [8, 1]},
								"south": {"uv": [142, 168], "uv_size": [1, 1]},
								"west": {"uv": [145, 13], "uv_size": [8, 1]},
								"up": {"uv": [60, 81], "uv_size": [1, 8]},
								"down": {"uv": [140, 153], "uv_size": [1, -8]}
							}
						},
						{
							"origin": [-4.9, 27.5, -12.8],
							"size": [0.9, 0.8, 17.96],
							"inflate": 0.001,
							"pivot": [-5.65, 22.9, -8.7],
							"rotation": [0, 0, 50],
							"uv": {
								"north": {"uv": [145, 76], "uv_size": [1, 1]},
								"east": {"uv": [119, 84], "uv_size": [-30, 1]},
								"south": {"uv": [25, 151], "uv_size": [1, 1]},
								"west": {"uv": [113, 58], "uv_size": [18, 1]},
								"up": {"uv": [95, 111], "uv_size": [1, 18]},
								"down": {"uv": [22, 131], "uv_size": [1, -18]}
							}
						},
						{
							"origin": [0.97, 25.5, -24.7],
							"size": [0.75, 1.3, 28.96],
							"inflate": 0.001,
							"pivot": [-0.05, 21.6, -8.7],
							"rotation": [0, 0, -18.75],
							"uv": {
								"north": {"uv": [9, 154], "uv_size": [1, 1]},
								"east": {"uv": [91, 0], "uv_size": [29, 1]},
								"south": {"uv": [63, 154], "uv_size": [1, 1]},
								"west": {"uv": [91, 1], "uv_size": [29, 1]},
								"up": {"uv": [24, 96], "uv_size": [1, 29]},
								"down": {"uv": [25, 125], "uv_size": [1, -29]}
							}
						},
						{
							"origin": [0.43, 27.4, 2.75],
							"size": [0.5, 0.3, 0.8],
							"inflate": 0.001,
							"uv": {
								"north": {"uv": [166, 65], "uv_size": [2, 1]},
								"east": {"uv": [162, 168], "uv_size": [1, 1]},
								"south": {"uv": [166, 66], "uv_size": [2, 1]},
								"west": {"uv": [168, 162], "uv_size": [1, 1]},
								"up": {"uv": [169, 15], "uv_size": [1, 1]},
								"down": {"uv": [72, 167], "uv_size": [2, -1]}
							}
						},
						{
							"origin": [-0.77, 27.4, 2.75],
							"size": [0.5, 0.3, 0.8],
							"inflate": 0.001,
							"uv": {
								"north": {"uv": [166, 65], "uv_size": [2, 1]},
								"east": {"uv": [162, 168], "uv_size": [1, 1]},
								"south": {"uv": [166, 66], "uv_size": [2, 1]},
								"west": {"uv": [168, 162], "uv_size": [1, 1]},
								"up": {"uv": [26, 174], "uv_size": [1, 1]},
								"down": {"uv": [72, 167], "uv_size": [2, -1]}
							}
						},
						{
							"origin": [-0.77, 35.57, 3],
							"size": [1.7, 0.3, 0.56],
							"inflate": 0.001,
							"pivot": [-1.15, 31, -8.6],
							"rotation": [-38, 0, 0],
							"uv": {
								"north": {"uv": [74, 166], "uv_size": [2, 1]},
								"east": {"uv": [163, 168], "uv_size": [1, 1]},
								"south": {"uv": [76, 166], "uv_size": [2, 1]},
								"west": {"uv": [168, 163], "uv_size": [1, 1]},
								"up": {"uv": [78, 166], "uv_size": [2, 1]},
								"down": {"uv": [80, 167], "uv_size": [2, -1]}
							}
						},
						{
							"origin": [2.947, 27.5, 2.75],
							"size": [0.3, 0.3, 0.8],
							"inflate": 0.001,
							"pivot": [1.36, 22.9, -9.2],
							"rotation": [0, 0, -45],
							"uv": {
								"north": {"uv": [164, 168], "uv_size": [1, 1]},
								"east": {"uv": [165, 168], "uv_size": [1, 1]},
								"south": {"uv": [166, 168], "uv_size": [1, 1]},
								"west": {"uv": [167, 168], "uv_size": [1, 1]},
								"up": {"uv": [168, 168], "uv_size": [1, 1]},
								"down": {"uv": [0, 170], "uv_size": [1, -1]}
							}
						},
						{
							"origin": [4.647, 27.5, 2.75],
							"size": [0.3, 0.3, 0.8],
							"inflate": 0.001,
							"pivot": [3.06, 22.9, -9.2],
							"rotation": [0, 0, -45],
							"uv": {
								"north": {"uv": [169, 0], "uv_size": [1, 1]},
								"east": {"uv": [1, 169], "uv_size": [1, 1]},
								"south": {"uv": [169, 1], "uv_size": [1, 1]},
								"west": {"uv": [2, 169], "uv_size": [1, 1]},
								"up": {"uv": [3, 169], "uv_size": [1, 1]},
								"down": {"uv": [169, 4], "uv_size": [1, -1]}
							}
						},
						{
							"origin": [2.947, 27.5, 1.45],
							"size": [0.3, 0.3, 0.6],
							"inflate": 0.001,
							"pivot": [1.36, 22.9, -10.7],
							"rotation": [0, 0, -45],
							"uv": {
								"north": {"uv": [4, 169], "uv_size": [1, 1]},
								"east": {"uv": [169, 4], "uv_size": [1, 1]},
								"south": {"uv": [5, 169], "uv_size": [1, 1]},
								"west": {"uv": [169, 5], "uv_size": [1, 1]},
								"up": {"uv": [6, 169], "uv_size": [1, 1]},
								"down": {"uv": [169, 7], "uv_size": [1, -1]}
							}
						},
						{
							"origin": [4.647, 27.5, 1.45],
							"size": [0.3, 0.3, 0.6],
							"inflate": 0.001,
							"pivot": [3.06, 22.9, -10.7],
							"rotation": [0, 0, -45],
							"uv": {
								"north": {"uv": [7, 169], "uv_size": [1, 1]},
								"east": {"uv": [8, 169], "uv_size": [1, 1]},
								"south": {"uv": [169, 8], "uv_size": [1, 1]},
								"west": {"uv": [9, 169], "uv_size": [1, 1]},
								"up": {"uv": [169, 9], "uv_size": [1, 1]},
								"down": {"uv": [169, 11], "uv_size": [1, -1]}
							}
						},
						{
							"origin": [0.43, 27.4, 1.45],
							"size": [0.5, 0.3, 0.6],
							"inflate": 0.001,
							"uv": {
								"north": {"uv": [169, 11], "uv_size": [1, 1]},
								"east": {"uv": [169, 12], "uv_size": [1, 1]},
								"south": {"uv": [169, 13], "uv_size": [1, 1]},
								"west": {"uv": [169, 14], "uv_size": [1, 1]},
								"up": {"uv": [169, 15], "uv_size": [1, 1]},
								"down": {"uv": [169, 17], "uv_size": [1, -1]}
							}
						},
						{
							"origin": [4.647, 27.5, 0.15],
							"size": [0.3, 0.3, 0.6],
							"inflate": 0.001,
							"pivot": [3.06, 22.9, -12],
							"rotation": [0, 0, -45],
							"uv": {
								"north": {"uv": [169, 17], "uv_size": [1, 1]},
								"east": {"uv": [169, 18], "uv_size": [1, 1]},
								"south": {"uv": [169, 19], "uv_size": [1, 1]},
								"west": {"uv": [169, 20], "uv_size": [1, 1]},
								"up": {"uv": [169, 21], "uv_size": [1, 1]},
								"down": {"uv": [169, 23], "uv_size": [1, -1]}
							}
						},
						{
							"origin": [2.947, 27.5, 0.15],
							"size": [0.3, 0.3, 0.6],
							"inflate": 0.001,
							"pivot": [1.36, 22.9, -12],
							"rotation": [0, 0, -45],
							"uv": {
								"north": {"uv": [169, 23], "uv_size": [1, 1]},
								"east": {"uv": [169, 24], "uv_size": [1, 1]},
								"south": {"uv": [169, 25], "uv_size": [1, 1]},
								"west": {"uv": [169, 26], "uv_size": [1, 1]},
								"up": {"uv": [27, 169], "uv_size": [1, 1]},
								"down": {"uv": [169, 28], "uv_size": [1, -1]}
							}
						},
						{
							"origin": [0.43, 27.4, 0.15],
							"size": [0.5, 0.3, 0.6],
							"inflate": 0.001,
							"uv": {
								"north": {"uv": [28, 169], "uv_size": [1, 1]},
								"east": {"uv": [29, 169], "uv_size": [1, 1]},
								"south": {"uv": [30, 169], "uv_size": [1, 1]},
								"west": {"uv": [169, 30], "uv_size": [1, 1]},
								"up": {"uv": [169, 31], "uv_size": [1, 1]},
								"down": {"uv": [32, 170], "uv_size": [1, -1]}
							}
						},
						{
							"origin": [4.647, 27.5, -1.15],
							"size": [0.3, 0.3, 0.6],
							"inflate": 0.001,
							"pivot": [3.06, 22.9, -13.3],
							"rotation": [0, 0, -45],
							"uv": {
								"north": {"uv": [169, 45], "uv_size": [1, 1]},
								"east": {"uv": [46, 169], "uv_size": [1, 1]},
								"south": {"uv": [169, 46], "uv_size": [1, 1]},
								"west": {"uv": [47, 169], "uv_size": [1, 1]},
								"up": {"uv": [48, 169], "uv_size": [1, 1]},
								"down": {"uv": [49, 170], "uv_size": [1, -1]}
							}
						},
						{
							"origin": [2.947, 27.5, -1.15],
							"size": [0.3, 0.3, 0.6],
							"inflate": 0.001,
							"pivot": [1.36, 22.9, -13.3],
							"rotation": [0, 0, -45],
							"uv": {
								"north": {"uv": [169, 49], "uv_size": [1, 1]},
								"east": {"uv": [169, 50], "uv_size": [1, 1]},
								"south": {"uv": [51, 169], "uv_size": [1, 1]},
								"west": {"uv": [169, 51], "uv_size": [1, 1]},
								"up": {"uv": [52, 169], "uv_size": [1, 1]},
								"down": {"uv": [53, 170], "uv_size": [1, -1]}
							}
						},
						{
							"origin": [0.43, 27.4, -1.15],
							"size": [0.5, 0.3, 0.6],
							"inflate": 0.001,
							"uv": {
								"north": {"uv": [169, 53], "uv_size": [1, 1]},
								"east": {"uv": [169, 54], "uv_size": [1, 1]},
								"south": {"uv": [55, 169], "uv_size": [1, 1]},
								"west": {"uv": [169, 55], "uv_size": [1, 1]},
								"up": {"uv": [56, 169], "uv_size": [1, 1]},
								"down": {"uv": [57, 170], "uv_size": [1, -1]}
							}
						},
						{
							"origin": [4.647, 27.5, -3.75],
							"size": [0.3, 0.3, 0.6],
							"inflate": 0.001,
							"pivot": [3.06, 22.9, -15.9],
							"rotation": [0, 0, -45],
							"uv": {
								"north": {"uv": [58, 169], "uv_size": [1, 1]},
								"east": {"uv": [59, 169], "uv_size": [1, 1]},
								"south": {"uv": [169, 59], "uv_size": [1, 1]},
								"west": {"uv": [60, 169], "uv_size": [1, 1]},
								"up": {"uv": [169, 60], "uv_size": [1, 1]},
								"down": {"uv": [61, 170], "uv_size": [1, -1]}
							}
						},
						{
							"origin": [0.43, 27.4, -3.75],
							"size": [0.5, 0.3, 0.6],
							"inflate": 0.001,
							"uv": {
								"north": {"uv": [169, 61], "uv_size": [1, 1]},
								"east": {"uv": [62, 169], "uv_size": [1, 1]},
								"south": {"uv": [169, 62], "uv_size": [1, 1]},
								"west": {"uv": [63, 169], "uv_size": [1, 1]},
								"up": {"uv": [169, 63], "uv_size": [1, 1]},
								"down": {"uv": [64, 170], "uv_size": [1, -1]}
							}
						},
						{
							"origin": [2.947, 27.5, -3.75],
							"size": [0.3, 0.3, 0.6],
							"inflate": 0.001,
							"pivot": [1.36, 22.9, -15.9],
							"rotation": [0, 0, -45],
							"uv": {
								"north": {"uv": [169, 64], "uv_size": [1, 1]},
								"east": {"uv": [65, 169], "uv_size": [1, 1]},
								"south": {"uv": [66, 169], "uv_size": [1, 1]},
								"west": {"uv": [67, 169], "uv_size": [1, 1]},
								"up": {"uv": [68, 169], "uv_size": [1, 1]},
								"down": {"uv": [69, 170], "uv_size": [1, -1]}
							}
						},
						{
							"origin": [4.647, 27.5, -5.05],
							"size": [0.3, 0.3, 0.6],
							"inflate": 0.001,
							"pivot": [3.06, 22.9, -17.2],
							"rotation": [0, 0, -45],
							"uv": {
								"north": {"uv": [70, 169], "uv_size": [1, 1]},
								"east": {"uv": [169, 70], "uv_size": [1, 1]},
								"south": {"uv": [71, 169], "uv_size": [1, 1]},
								"west": {"uv": [169, 71], "uv_size": [1, 1]},
								"up": {"uv": [72, 169], "uv_size": [1, 1]},
								"down": {"uv": [169, 73], "uv_size": [1, -1]}
							}
						},
						{
							"origin": [2.947, 27.5, -5.05],
							"size": [0.3, 0.3, 0.6],
							"inflate": 0.001,
							"pivot": [1.36, 22.9, -17.2],
							"rotation": [0, 0, -45],
							"uv": {
								"north": {"uv": [73, 169], "uv_size": [1, 1]},
								"east": {"uv": [169, 73], "uv_size": [1, 1]},
								"south": {"uv": [74, 169], "uv_size": [1, 1]},
								"west": {"uv": [169, 74], "uv_size": [1, 1]},
								"up": {"uv": [75, 169], "uv_size": [1, 1]},
								"down": {"uv": [169, 76], "uv_size": [1, -1]}
							}
						},
						{
							"origin": [0.43, 27.4, -5.05],
							"size": [0.5, 0.3, 0.6],
							"inflate": 0.001,
							"uv": {
								"north": {"uv": [76, 169], "uv_size": [1, 1]},
								"east": {"uv": [77, 169], "uv_size": [1, 1]},
								"south": {"uv": [169, 77], "uv_size": [1, 1]},
								"west": {"uv": [78, 169], "uv_size": [1, 1]},
								"up": {"uv": [169, 78], "uv_size": [1, 1]},
								"down": {"uv": [79, 170], "uv_size": [1, -1]}
							}
						},
						{
							"origin": [4.647, 27.5, -6.35],
							"size": [0.3, 0.3, 0.6],
							"inflate": 0.001,
							"pivot": [3.06, 22.9, -18.5],
							"rotation": [0, 0, -45],
							"uv": {
								"north": {"uv": [169, 79], "uv_size": [1, 1]},
								"east": {"uv": [80, 169], "uv_size": [1, 1]},
								"south": {"uv": [169, 80], "uv_size": [1, 1]},
								"west": {"uv": [81, 169], "uv_size": [1, 1]},
								"up": {"uv": [169, 81], "uv_size": [1, 1]},
								"down": {"uv": [82, 170], "uv_size": [1, -1]}
							}
						},
						{
							"origin": [0.43, 27.4, -6.35],
							"size": [0.5, 0.3, 0.6],
							"inflate": 0.001,
							"uv": {
								"north": {"uv": [169, 82], "uv_size": [1, 1]},
								"east": {"uv": [83, 169], "uv_size": [1, 1]},
								"south": {"uv": [169, 83], "uv_size": [1, 1]},
								"west": {"uv": [84, 169], "uv_size": [1, 1]},
								"up": {"uv": [169, 84], "uv_size": [1, 1]},
								"down": {"uv": [85, 170], "uv_size": [1, -1]}
							}
						},
						{
							"origin": [2.947, 27.5, -6.35],
							"size": [0.3, 0.3, 0.6],
							"inflate": 0.001,
							"pivot": [1.36, 22.9, -18.5],
							"rotation": [0, 0, -45],
							"uv": {
								"north": {"uv": [169, 85], "uv_size": [1, 1]},
								"east": {"uv": [86, 169], "uv_size": [1, 1]},
								"south": {"uv": [169, 86], "uv_size": [1, 1]},
								"west": {"uv": [87, 169], "uv_size": [1, 1]},
								"up": {"uv": [169, 87], "uv_size": [1, 1]},
								"down": {"uv": [88, 170], "uv_size": [1, -1]}
							}
						},
						{
							"origin": [4.647, 27.5, -7.65],
							"size": [0.3, 0.3, 0.6],
							"inflate": 0.001,
							"pivot": [3.06, 22.9, -19.8],
							"rotation": [0, 0, -45],
							"uv": {
								"north": {"uv": [169, 88], "uv_size": [1, 1]},
								"east": {"uv": [89, 169], "uv_size": [1, 1]},
								"south": {"uv": [169, 89], "uv_size": [1, 1]},
								"west": {"uv": [90, 169], "uv_size": [1, 1]},
								"up": {"uv": [169, 90], "uv_size": [1, 1]},
								"down": {"uv": [91, 170], "uv_size": [1, -1]}
							}
						},
						{
							"origin": [2.947, 27.5, -7.65],
							"size": [0.3, 0.3, 0.6],
							"inflate": 0.001,
							"pivot": [1.36, 22.9, -19.8],
							"rotation": [0, 0, -45],
							"uv": {
								"north": {"uv": [169, 91], "uv_size": [1, 1]},
								"east": {"uv": [92, 169], "uv_size": [1, 1]},
								"south": {"uv": [169, 92], "uv_size": [1, 1]},
								"west": {"uv": [93, 169], "uv_size": [1, 1]},
								"up": {"uv": [169, 93], "uv_size": [1, 1]},
								"down": {"uv": [94, 170], "uv_size": [1, -1]}
							}
						},
						{
							"origin": [0.43, 27.4, -7.65],
							"size": [0.5, 0.3, 0.6],
							"inflate": 0.001,
							"uv": {
								"north": {"uv": [169, 94], "uv_size": [1, 1]},
								"east": {"uv": [95, 169], "uv_size": [1, 1]},
								"south": {"uv": [169, 95], "uv_size": [1, 1]},
								"west": {"uv": [96, 169], "uv_size": [1, 1]},
								"up": {"uv": [169, 96], "uv_size": [1, 1]},
								"down": {"uv": [97, 170], "uv_size": [1, -1]}
							}
						},
						{
							"origin": [4.647, 27.5, -8.95],
							"size": [0.3, 0.3, 0.6],
							"inflate": 0.001,
							"pivot": [3.06, 22.9, -21.1],
							"rotation": [0, 0, -45],
							"uv": {
								"north": {"uv": [169, 97], "uv_size": [1, 1]},
								"east": {"uv": [98, 169], "uv_size": [1, 1]},
								"south": {"uv": [169, 98], "uv_size": [1, 1]},
								"west": {"uv": [99, 169], "uv_size": [1, 1]},
								"up": {"uv": [169, 99], "uv_size": [1, 1]},
								"down": {"uv": [100, 170], "uv_size": [1, -1]}
							}
						},
						{
							"origin": [0.43, 27.4, -8.95],
							"size": [0.5, 0.3, 0.6],
							"inflate": 0.001,
							"uv": {
								"north": {"uv": [169, 100], "uv_size": [1, 1]},
								"east": {"uv": [101, 169], "uv_size": [1, 1]},
								"south": {"uv": [169, 101], "uv_size": [1, 1]},
								"west": {"uv": [102, 169], "uv_size": [1, 1]},
								"up": {"uv": [169, 102], "uv_size": [1, 1]},
								"down": {"uv": [103, 170], "uv_size": [1, -1]}
							}
						},
						{
							"origin": [2.947, 27.5, -8.95],
							"size": [0.3, 0.3, 0.6],
							"inflate": 0.001,
							"pivot": [1.36, 22.9, -21.1],
							"rotation": [0, 0, -45],
							"uv": {
								"north": {"uv": [169, 103], "uv_size": [1, 1]},
								"east": {"uv": [104, 169], "uv_size": [1, 1]},
								"south": {"uv": [169, 104], "uv_size": [1, 1]},
								"west": {"uv": [105, 169], "uv_size": [1, 1]},
								"up": {"uv": [169, 105], "uv_size": [1, 1]},
								"down": {"uv": [106, 170], "uv_size": [1, -1]}
							}
						},
						{
							"origin": [4.647, 27.5, -10.25],
							"size": [0.3, 0.3, 0.6],
							"inflate": 0.001,
							"pivot": [3.06, 22.9, -22.4],
							"rotation": [0, 0, -45],
							"uv": {
								"north": {"uv": [169, 106], "uv_size": [1, 1]},
								"east": {"uv": [107, 169], "uv_size": [1, 1]},
								"south": {"uv": [169, 107], "uv_size": [1, 1]},
								"west": {"uv": [108, 169], "uv_size": [1, 1]},
								"up": {"uv": [169, 108], "uv_size": [1, 1]},
								"down": {"uv": [109, 170], "uv_size": [1, -1]}
							}
						},
						{
							"origin": [2.947, 27.5, -10.25],
							"size": [0.3, 0.3, 0.6],
							"inflate": 0.001,
							"pivot": [1.36, 22.9, -22.4],
							"rotation": [0, 0, -45],
							"uv": {
								"north": {"uv": [169, 109], "uv_size": [1, 1]},
								"east": {"uv": [110, 169], "uv_size": [1, 1]},
								"south": {"uv": [169, 110], "uv_size": [1, 1]},
								"west": {"uv": [111, 169], "uv_size": [1, 1]},
								"up": {"uv": [169, 111], "uv_size": [1, 1]},
								"down": {"uv": [112, 170], "uv_size": [1, -1]}
							}
						},
						{
							"origin": [0.43, 27.4, -10.25],
							"size": [0.5, 0.3, 0.6],
							"inflate": 0.001,
							"uv": {
								"north": {"uv": [169, 112], "uv_size": [1, 1]},
								"east": {"uv": [113, 169], "uv_size": [1, 1]},
								"south": {"uv": [169, 113], "uv_size": [1, 1]},
								"west": {"uv": [114, 169], "uv_size": [1, 1]},
								"up": {"uv": [169, 114], "uv_size": [1, 1]},
								"down": {"uv": [115, 170], "uv_size": [1, -1]}
							}
						},
						{
							"origin": [4.647, 27.5, -11.55],
							"size": [0.3, 0.3, 0.6],
							"inflate": 0.001,
							"pivot": [3.06, 22.9, -23.7],
							"rotation": [0, 0, -45],
							"uv": {
								"north": {"uv": [169, 115], "uv_size": [1, 1]},
								"east": {"uv": [116, 169], "uv_size": [1, 1]},
								"south": {"uv": [169, 116], "uv_size": [1, 1]},
								"west": {"uv": [117, 169], "uv_size": [1, 1]},
								"up": {"uv": [169, 117], "uv_size": [1, 1]},
								"down": {"uv": [118, 170], "uv_size": [1, -1]}
							}
						},
						{
							"origin": [0.43, 27.4, -11.55],
							"size": [0.5, 0.3, 0.6],
							"inflate": 0.001,
							"uv": {
								"north": {"uv": [169, 118], "uv_size": [1, 1]},
								"east": {"uv": [119, 169], "uv_size": [1, 1]},
								"south": {"uv": [169, 119], "uv_size": [1, 1]},
								"west": {"uv": [120, 169], "uv_size": [1, 1]},
								"up": {"uv": [169, 120], "uv_size": [1, 1]},
								"down": {"uv": [121, 170], "uv_size": [1, -1]}
							}
						},
						{
							"origin": [2.947, 27.5, -11.55],
							"size": [0.3, 0.3, 0.6],
							"inflate": 0.001,
							"pivot": [1.36, 22.9, -23.7],
							"rotation": [0, 0, -45],
							"uv": {
								"north": {"uv": [169, 121], "uv_size": [1, 1]},
								"east": {"uv": [122, 169], "uv_size": [1, 1]},
								"south": {"uv": [169, 122], "uv_size": [1, 1]},
								"west": {"uv": [123, 169], "uv_size": [1, 1]},
								"up": {"uv": [169, 123], "uv_size": [1, 1]},
								"down": {"uv": [124, 170], "uv_size": [1, -1]}
							}
						},
						{
							"origin": [4.647, 27.5, -12.85],
							"size": [0.3, 0.3, 0.6],
							"inflate": 0.001,
							"pivot": [3.06, 22.9, -25],
							"rotation": [0, 0, -45],
							"uv": {
								"north": {"uv": [169, 124], "uv_size": [1, 1]},
								"east": {"uv": [125, 169], "uv_size": [1, 1]},
								"south": {"uv": [169, 125], "uv_size": [1, 1]},
								"west": {"uv": [126, 169], "uv_size": [1, 1]},
								"up": {"uv": [169, 126], "uv_size": [1, 1]},
								"down": {"uv": [127, 170], "uv_size": [1, -1]}
							}
						},
						{
							"origin": [2.947, 27.5, -12.85],
							"size": [0.3, 0.3, 0.6],
							"inflate": 0.001,
							"pivot": [1.36, 22.9, -25],
							"rotation": [0, 0, -45],
							"uv": {
								"north": {"uv": [169, 127], "uv_size": [1, 1]},
								"east": {"uv": [128, 169], "uv_size": [1, 1]},
								"south": {"uv": [169, 128], "uv_size": [1, 1]},
								"west": {"uv": [129, 169], "uv_size": [1, 1]},
								"up": {"uv": [169, 129], "uv_size": [1, 1]},
								"down": {"uv": [130, 170], "uv_size": [1, -1]}
							}
						},
						{
							"origin": [0.43, 27.4, -12.85],
							"size": [0.5, 0.3, 0.6],
							"inflate": 0.001,
							"uv": {
								"north": {"uv": [169, 130], "uv_size": [1, 1]},
								"east": {"uv": [131, 169], "uv_size": [1, 1]},
								"south": {"uv": [169, 131], "uv_size": [1, 1]},
								"west": {"uv": [132, 169], "uv_size": [1, 1]},
								"up": {"uv": [169, 132], "uv_size": [1, 1]},
								"down": {"uv": [133, 170], "uv_size": [1, -1]}
							}
						},
						{
							"origin": [4.647, 27.5, -14.15],
							"size": [0.3, 0.3, 0.6],
							"inflate": 0.001,
							"pivot": [3.06, 22.9, -26.3],
							"rotation": [0, 0, -45],
							"uv": {
								"north": {"uv": [169, 133], "uv_size": [1, 1]},
								"east": {"uv": [134, 169], "uv_size": [1, 1]},
								"south": {"uv": [169, 134], "uv_size": [1, 1]},
								"west": {"uv": [135, 169], "uv_size": [1, 1]},
								"up": {"uv": [169, 135], "uv_size": [1, 1]},
								"down": {"uv": [136, 170], "uv_size": [1, -1]}
							}
						},
						{
							"origin": [0.43, 27.4, -14.15],
							"size": [0.5, 0.3, 0.6],
							"inflate": 0.001,
							"uv": {
								"north": {"uv": [169, 136], "uv_size": [1, 1]},
								"east": {"uv": [137, 169], "uv_size": [1, 1]},
								"south": {"uv": [169, 137], "uv_size": [1, 1]},
								"west": {"uv": [138, 169], "uv_size": [1, 1]},
								"up": {"uv": [169, 138], "uv_size": [1, 1]},
								"down": {"uv": [139, 170], "uv_size": [1, -1]}
							}
						},
						{
							"origin": [2.947, 27.5, -14.15],
							"size": [0.3, 0.3, 0.6],
							"inflate": 0.001,
							"pivot": [1.36, 22.9, -26.3],
							"rotation": [0, 0, -45],
							"uv": {
								"north": {"uv": [169, 139], "uv_size": [1, 1]},
								"east": {"uv": [140, 169], "uv_size": [1, 1]},
								"south": {"uv": [169, 140], "uv_size": [1, 1]},
								"west": {"uv": [141, 169], "uv_size": [1, 1]},
								"up": {"uv": [169, 141], "uv_size": [1, 1]},
								"down": {"uv": [142, 170], "uv_size": [1, -1]}
							}
						},
						{
							"origin": [4.647, 27.5, -15.45],
							"size": [0.3, 0.3, 0.6],
							"inflate": 0.001,
							"pivot": [3.06, 22.9, -27.6],
							"rotation": [0, 0, -45],
							"uv": {
								"north": {"uv": [169, 142], "uv_size": [1, 1]},
								"east": {"uv": [143, 169], "uv_size": [1, 1]},
								"south": {"uv": [169, 143], "uv_size": [1, 1]},
								"west": {"uv": [144, 169], "uv_size": [1, 1]},
								"up": {"uv": [169, 144], "uv_size": [1, 1]},
								"down": {"uv": [145, 170], "uv_size": [1, -1]}
							}
						},
						{
							"origin": [2.947, 27.5, -15.45],
							"size": [0.3, 0.3, 0.6],
							"inflate": 0.001,
							"pivot": [1.36, 22.9, -27.6],
							"rotation": [0, 0, -45],
							"uv": {
								"north": {"uv": [169, 145], "uv_size": [1, 1]},
								"east": {"uv": [146, 169], "uv_size": [1, 1]},
								"south": {"uv": [169, 146], "uv_size": [1, 1]},
								"west": {"uv": [147, 169], "uv_size": [1, 1]},
								"up": {"uv": [169, 147], "uv_size": [1, 1]},
								"down": {"uv": [148, 170], "uv_size": [1, -1]}
							}
						},
						{
							"origin": [0.43, 27.4, -15.45],
							"size": [0.5, 0.3, 0.6],
							"inflate": 0.001,
							"uv": {
								"north": {"uv": [169, 148], "uv_size": [1, 1]},
								"east": {"uv": [149, 169], "uv_size": [1, 1]},
								"south": {"uv": [169, 149], "uv_size": [1, 1]},
								"west": {"uv": [150, 169], "uv_size": [1, 1]},
								"up": {"uv": [169, 150], "uv_size": [1, 1]},
								"down": {"uv": [151, 170], "uv_size": [1, -1]}
							}
						},
						{
							"origin": [4.647, 27.5, -16.75],
							"size": [0.3, 0.3, 0.6],
							"inflate": 0.001,
							"pivot": [3.06, 22.9, -28.9],
							"rotation": [0, 0, -45],
							"uv": {
								"north": {"uv": [169, 151], "uv_size": [1, 1]},
								"east": {"uv": [152, 169], "uv_size": [1, 1]},
								"south": {"uv": [169, 152], "uv_size": [1, 1]},
								"west": {"uv": [153, 169], "uv_size": [1, 1]},
								"up": {"uv": [169, 153], "uv_size": [1, 1]},
								"down": {"uv": [154, 170], "uv_size": [1, -1]}
							}
						},
						{
							"origin": [0.43, 27.4, -16.75],
							"size": [0.5, 0.3, 0.6],
							"inflate": 0.001,
							"uv": {
								"north": {"uv": [169, 154], "uv_size": [1, 1]},
								"east": {"uv": [155, 169], "uv_size": [1, 1]},
								"south": {"uv": [169, 155], "uv_size": [1, 1]},
								"west": {"uv": [156, 169], "uv_size": [1, 1]},
								"up": {"uv": [169, 156], "uv_size": [1, 1]},
								"down": {"uv": [157, 170], "uv_size": [1, -1]}
							}
						},
						{
							"origin": [2.947, 27.5, -16.75],
							"size": [0.3, 0.3, 0.6],
							"inflate": 0.001,
							"pivot": [1.36, 22.9, -28.9],
							"rotation": [0, 0, -45],
							"uv": {
								"north": {"uv": [169, 157], "uv_size": [1, 1]},
								"east": {"uv": [158, 169], "uv_size": [1, 1]},
								"south": {"uv": [169, 158], "uv_size": [1, 1]},
								"west": {"uv": [159, 169], "uv_size": [1, 1]},
								"up": {"uv": [169, 159], "uv_size": [1, 1]},
								"down": {"uv": [160, 170], "uv_size": [1, -1]}
							}
						},
						{
							"origin": [4.647, 27.5, -18.05],
							"size": [0.3, 0.3, 0.6],
							"inflate": 0.001,
							"pivot": [3.06, 22.9, -30.2],
							"rotation": [0, 0, -45],
							"uv": {
								"north": {"uv": [169, 160], "uv_size": [1, 1]},
								"east": {"uv": [161, 169], "uv_size": [1, 1]},
								"south": {"uv": [169, 161], "uv_size": [1, 1]},
								"west": {"uv": [162, 169], "uv_size": [1, 1]},
								"up": {"uv": [169, 162], "uv_size": [1, 1]},
								"down": {"uv": [163, 170], "uv_size": [1, -1]}
							}
						},
						{
							"origin": [2.947, 27.5, -18.05],
							"size": [0.3, 0.3, 0.6],
							"inflate": 0.001,
							"pivot": [1.36, 22.9, -30.2],
							"rotation": [0, 0, -45],
							"uv": {
								"north": {"uv": [169, 163], "uv_size": [1, 1]},
								"east": {"uv": [164, 169], "uv_size": [1, 1]},
								"south": {"uv": [169, 164], "uv_size": [1, 1]},
								"west": {"uv": [165, 169], "uv_size": [1, 1]},
								"up": {"uv": [169, 165], "uv_size": [1, 1]},
								"down": {"uv": [166, 170], "uv_size": [1, -1]}
							}
						},
						{
							"origin": [0.43, 27.4, -18.05],
							"size": [0.5, 0.3, 0.6],
							"inflate": 0.001,
							"uv": {
								"north": {"uv": [169, 166], "uv_size": [1, 1]},
								"east": {"uv": [167, 169], "uv_size": [1, 1]},
								"south": {"uv": [169, 167], "uv_size": [1, 1]},
								"west": {"uv": [168, 169], "uv_size": [1, 1]},
								"up": {"uv": [169, 168], "uv_size": [1, 1]},
								"down": {"uv": [169, 170], "uv_size": [1, -1]}
							}
						},
						{
							"origin": [4.647, 27.5, -19.35],
							"size": [0.3, 0.3, 0.6],
							"inflate": 0.001,
							"pivot": [3.06, 22.9, -31.5],
							"rotation": [0, 0, -45],
							"uv": {
								"north": {"uv": [0, 170], "uv_size": [1, 1]},
								"east": {"uv": [170, 0], "uv_size": [1, 1]},
								"south": {"uv": [1, 170], "uv_size": [1, 1]},
								"west": {"uv": [170, 1], "uv_size": [1, 1]},
								"up": {"uv": [2, 170], "uv_size": [1, 1]},
								"down": {"uv": [170, 3], "uv_size": [1, -1]}
							}
						},
						{
							"origin": [0.43, 27.4, -19.35],
							"size": [0.5, 0.3, 0.6],
							"inflate": 0.001,
							"uv": {
								"north": {"uv": [3, 170], "uv_size": [1, 1]},
								"east": {"uv": [170, 3], "uv_size": [1, 1]},
								"south": {"uv": [4, 170], "uv_size": [1, 1]},
								"west": {"uv": [170, 4], "uv_size": [1, 1]},
								"up": {"uv": [5, 170], "uv_size": [1, 1]},
								"down": {"uv": [170, 6], "uv_size": [1, -1]}
							}
						},
						{
							"origin": [2.947, 27.5, -19.35],
							"size": [0.3, 0.3, 0.6],
							"inflate": 0.001,
							"pivot": [1.36, 22.9, -31.5],
							"rotation": [0, 0, -45],
							"uv": {
								"north": {"uv": [6, 170], "uv_size": [1, 1]},
								"east": {"uv": [170, 6], "uv_size": [1, 1]},
								"south": {"uv": [7, 170], "uv_size": [1, 1]},
								"west": {"uv": [170, 7], "uv_size": [1, 1]},
								"up": {"uv": [8, 170], "uv_size": [1, 1]},
								"down": {"uv": [170, 9], "uv_size": [1, -1]}
							}
						},
						{
							"origin": [4.647, 27.5, -20.65],
							"size": [0.3, 0.3, 0.6],
							"inflate": 0.001,
							"pivot": [3.06, 22.9, -32.8],
							"rotation": [0, 0, -45],
							"uv": {
								"north": {"uv": [9, 170], "uv_size": [1, 1]},
								"east": {"uv": [170, 9], "uv_size": [1, 1]},
								"south": {"uv": [10, 170], "uv_size": [1, 1]},
								"west": {"uv": [170, 10], "uv_size": [1, 1]},
								"up": {"uv": [11, 170], "uv_size": [1, 1]},
								"down": {"uv": [170, 12], "uv_size": [1, -1]}
							}
						},
						{
							"origin": [2.947, 27.5, -20.65],
							"size": [0.3, 0.3, 0.6],
							"inflate": 0.001,
							"pivot": [1.36, 22.9, -32.8],
							"rotation": [0, 0, -45],
							"uv": {
								"north": {"uv": [12, 170], "uv_size": [1, 1]},
								"east": {"uv": [170, 12], "uv_size": [1, 1]},
								"south": {"uv": [13, 170], "uv_size": [1, 1]},
								"west": {"uv": [170, 13], "uv_size": [1, 1]},
								"up": {"uv": [14, 170], "uv_size": [1, 1]},
								"down": {"uv": [170, 15], "uv_size": [1, -1]}
							}
						},
						{
							"origin": [0.43, 27.4, -20.65],
							"size": [0.5, 0.3, 0.6],
							"inflate": 0.001,
							"uv": {
								"north": {"uv": [15, 170], "uv_size": [1, 1]},
								"east": {"uv": [170, 15], "uv_size": [1, 1]},
								"south": {"uv": [16, 170], "uv_size": [1, 1]},
								"west": {"uv": [170, 16], "uv_size": [1, 1]},
								"up": {"uv": [17, 170], "uv_size": [1, 1]},
								"down": {"uv": [170, 18], "uv_size": [1, -1]}
							}
						},
						{
							"origin": [4.647, 27.5, -22.05],
							"size": [0.3, 0.3, 0.6],
							"inflate": 0.001,
							"pivot": [3.06, 22.9, -34.2],
							"rotation": [0, 0, -45],
							"uv": {
								"north": {"uv": [18, 170], "uv_size": [1, 1]},
								"east": {"uv": [170, 18], "uv_size": [1, 1]},
								"south": {"uv": [19, 170], "uv_size": [1, 1]},
								"west": {"uv": [170, 19], "uv_size": [1, 1]},
								"up": {"uv": [20, 170], "uv_size": [1, 1]},
								"down": {"uv": [170, 21], "uv_size": [1, -1]}
							}
						},
						{
							"origin": [0.43, 27.4, -22.05],
							"size": [0.5, 0.3, 0.6],
							"inflate": 0.001,
							"uv": {
								"north": {"uv": [21, 170], "uv_size": [1, 1]},
								"east": {"uv": [170, 21], "uv_size": [1, 1]},
								"south": {"uv": [22, 170], "uv_size": [1, 1]},
								"west": {"uv": [170, 22], "uv_size": [1, 1]},
								"up": {"uv": [23, 170], "uv_size": [1, 1]},
								"down": {"uv": [170, 24], "uv_size": [1, -1]}
							}
						},
						{
							"origin": [2.947, 27.5, -22.05],
							"size": [0.3, 0.3, 0.6],
							"inflate": 0.001,
							"pivot": [1.36, 22.9, -34.2],
							"rotation": [0, 0, -45],
							"uv": {
								"north": {"uv": [24, 170], "uv_size": [1, 1]},
								"east": {"uv": [170, 24], "uv_size": [1, 1]},
								"south": {"uv": [25, 170], "uv_size": [1, 1]},
								"west": {"uv": [170, 25], "uv_size": [1, 1]},
								"up": {"uv": [26, 170], "uv_size": [1, 1]},
								"down": {"uv": [170, 27], "uv_size": [1, -1]}
							}
						},
						{
							"origin": [4.647, 27.5, -23.35],
							"size": [0.3, 0.3, 0.6],
							"inflate": 0.001,
							"pivot": [3.06, 22.9, -35.5],
							"rotation": [0, 0, -45],
							"uv": {
								"north": {"uv": [27, 170], "uv_size": [1, 1]},
								"east": {"uv": [170, 27], "uv_size": [1, 1]},
								"south": {"uv": [28, 170], "uv_size": [1, 1]},
								"west": {"uv": [170, 28], "uv_size": [1, 1]},
								"up": {"uv": [29, 170], "uv_size": [1, 1]},
								"down": {"uv": [170, 30], "uv_size": [1, -1]}
							}
						},
						{
							"origin": [2.947, 27.5, -23.35],
							"size": [0.3, 0.3, 0.6],
							"inflate": 0.001,
							"pivot": [1.36, 22.9, -35.5],
							"rotation": [0, 0, -45],
							"uv": {
								"north": {"uv": [30, 170], "uv_size": [1, 1]},
								"east": {"uv": [170, 30], "uv_size": [1, 1]},
								"south": {"uv": [31, 170], "uv_size": [1, 1]},
								"west": {"uv": [170, 31], "uv_size": [1, 1]},
								"up": {"uv": [32, 170], "uv_size": [1, 1]},
								"down": {"uv": [170, 33], "uv_size": [1, -1]}
							}
						},
						{
							"origin": [0.43, 27.4, -23.35],
							"size": [0.5, 0.3, 0.6],
							"inflate": 0.001,
							"uv": {
								"north": {"uv": [33, 170], "uv_size": [1, 1]},
								"east": {"uv": [170, 33], "uv_size": [1, 1]},
								"south": {"uv": [34, 170], "uv_size": [1, 1]},
								"west": {"uv": [170, 34], "uv_size": [1, 1]},
								"up": {"uv": [35, 170], "uv_size": [1, 1]},
								"down": {"uv": [170, 36], "uv_size": [1, -1]}
							}
						},
						{
							"origin": [4.647, 27.5, -24.65],
							"size": [0.3, 0.3, 0.6],
							"inflate": 0.001,
							"pivot": [3.06, 22.9, -36.8],
							"rotation": [0, 0, -45],
							"uv": {
								"north": {"uv": [36, 170], "uv_size": [1, 1]},
								"east": {"uv": [170, 36], "uv_size": [1, 1]},
								"south": {"uv": [37, 170], "uv_size": [1, 1]},
								"west": {"uv": [170, 37], "uv_size": [1, 1]},
								"up": {"uv": [38, 170], "uv_size": [1, 1]},
								"down": {"uv": [170, 39], "uv_size": [1, -1]}
							}
						},
						{
							"origin": [0.43, 27.4, -24.65],
							"size": [0.5, 0.3, 0.6],
							"inflate": 0.001,
							"uv": {
								"north": {"uv": [39, 170], "uv_size": [1, 1]},
								"east": {"uv": [170, 39], "uv_size": [1, 1]},
								"south": {"uv": [40, 170], "uv_size": [1, 1]},
								"west": {"uv": [170, 40], "uv_size": [1, 1]},
								"up": {"uv": [41, 170], "uv_size": [1, 1]},
								"down": {"uv": [170, 42], "uv_size": [1, -1]}
							}
						},
						{
							"origin": [2.947, 27.5, -24.65],
							"size": [0.3, 0.3, 0.6],
							"inflate": 0.001,
							"pivot": [1.36, 22.9, -36.8],
							"rotation": [0, 0, -45],
							"uv": {
								"north": {"uv": [42, 170], "uv_size": [1, 1]},
								"east": {"uv": [170, 42], "uv_size": [1, 1]},
								"south": {"uv": [43, 170], "uv_size": [1, 1]},
								"west": {"uv": [170, 43], "uv_size": [1, 1]},
								"up": {"uv": [44, 170], "uv_size": [1, 1]},
								"down": {"uv": [170, 45], "uv_size": [1, -1]}
							}
						},
						{
							"origin": [-0.77, 27.4, 1.45],
							"size": [0.5, 0.3, 0.6],
							"inflate": 0.001,
							"uv": {
								"north": {"uv": [24, 174], "uv_size": [1, 1]},
								"east": {"uv": [174, 24], "uv_size": [1, 1]},
								"south": {"uv": [25, 174], "uv_size": [1, 1]},
								"west": {"uv": [174, 25], "uv_size": [1, 1]},
								"up": {"uv": [26, 174], "uv_size": [1, 1]},
								"down": {"uv": [174, 27], "uv_size": [1, -1]}
							}
						},
						{
							"origin": [-0.77, 27.4, 0.15],
							"size": [0.5, 0.3, 0.6],
							"inflate": 0.001,
							"uv": {
								"north": {"uv": [27, 174], "uv_size": [1, 1]},
								"east": {"uv": [174, 27], "uv_size": [1, 1]},
								"south": {"uv": [28, 174], "uv_size": [1, 1]},
								"west": {"uv": [174, 28], "uv_size": [1, 1]},
								"up": {"uv": [29, 174], "uv_size": [1, 1]},
								"down": {"uv": [174, 30], "uv_size": [1, -1]}
							}
						},
						{
							"origin": [-0.77, 27.4, -1.15],
							"size": [0.5, 0.3, 0.6],
							"inflate": 0.001,
							"uv": {
								"north": {"uv": [30, 174], "uv_size": [1, 1]},
								"east": {"uv": [174, 30], "uv_size": [1, 1]},
								"south": {"uv": [31, 174], "uv_size": [1, 1]},
								"west": {"uv": [174, 31], "uv_size": [1, 1]},
								"up": {"uv": [32, 174], "uv_size": [1, 1]},
								"down": {"uv": [174, 33], "uv_size": [1, -1]}
							}
						},
						{
							"origin": [-0.77, 27.4, -3.75],
							"size": [0.5, 0.3, 0.6],
							"inflate": 0.001,
							"uv": {
								"north": {"uv": [33, 174], "uv_size": [1, 1]},
								"east": {"uv": [174, 33], "uv_size": [1, 1]},
								"south": {"uv": [34, 174], "uv_size": [1, 1]},
								"west": {"uv": [174, 34], "uv_size": [1, 1]},
								"up": {"uv": [35, 174], "uv_size": [1, 1]},
								"down": {"uv": [174, 36], "uv_size": [1, -1]}
							}
						},
						{
							"origin": [-0.77, 27.4, -5.05],
							"size": [0.5, 0.3, 0.6],
							"inflate": 0.001,
							"uv": {
								"north": {"uv": [36, 174], "uv_size": [1, 1]},
								"east": {"uv": [174, 36], "uv_size": [1, 1]},
								"south": {"uv": [37, 174], "uv_size": [1, 1]},
								"west": {"uv": [174, 37], "uv_size": [1, 1]},
								"up": {"uv": [38, 174], "uv_size": [1, 1]},
								"down": {"uv": [174, 39], "uv_size": [1, -1]}
							}
						},
						{
							"origin": [-0.77, 27.4, -6.35],
							"size": [0.5, 0.3, 0.6],
							"inflate": 0.001,
							"uv": {
								"north": {"uv": [39, 174], "uv_size": [1, 1]},
								"east": {"uv": [174, 39], "uv_size": [1, 1]},
								"south": {"uv": [40, 174], "uv_size": [1, 1]},
								"west": {"uv": [174, 40], "uv_size": [1, 1]},
								"up": {"uv": [41, 174], "uv_size": [1, 1]},
								"down": {"uv": [174, 42], "uv_size": [1, -1]}
							}
						},
						{
							"origin": [-0.77, 27.4, -7.65],
							"size": [0.5, 0.3, 0.6],
							"inflate": 0.001,
							"uv": {
								"north": {"uv": [42, 174], "uv_size": [1, 1]},
								"east": {"uv": [174, 42], "uv_size": [1, 1]},
								"south": {"uv": [43, 174], "uv_size": [1, 1]},
								"west": {"uv": [174, 43], "uv_size": [1, 1]},
								"up": {"uv": [44, 174], "uv_size": [1, 1]},
								"down": {"uv": [174, 45], "uv_size": [1, -1]}
							}
						},
						{
							"origin": [-0.77, 27.4, -8.95],
							"size": [0.5, 0.3, 0.6],
							"inflate": 0.001,
							"uv": {
								"north": {"uv": [45, 174], "uv_size": [1, 1]},
								"east": {"uv": [174, 45], "uv_size": [1, 1]},
								"south": {"uv": [46, 174], "uv_size": [1, 1]},
								"west": {"uv": [174, 46], "uv_size": [1, 1]},
								"up": {"uv": [47, 174], "uv_size": [1, 1]},
								"down": {"uv": [174, 48], "uv_size": [1, -1]}
							}
						},
						{
							"origin": [-0.77, 27.4, -10.25],
							"size": [0.5, 0.3, 0.6],
							"inflate": 0.001,
							"uv": {
								"north": {"uv": [48, 174], "uv_size": [1, 1]},
								"east": {"uv": [174, 48], "uv_size": [1, 1]},
								"south": {"uv": [49, 174], "uv_size": [1, 1]},
								"west": {"uv": [174, 49], "uv_size": [1, 1]},
								"up": {"uv": [50, 174], "uv_size": [1, 1]},
								"down": {"uv": [174, 51], "uv_size": [1, -1]}
							}
						},
						{
							"origin": [-0.77, 27.4, -11.55],
							"size": [0.5, 0.3, 0.6],
							"inflate": 0.001,
							"uv": {
								"north": {"uv": [51, 174], "uv_size": [1, 1]},
								"east": {"uv": [174, 51], "uv_size": [1, 1]},
								"south": {"uv": [52, 174], "uv_size": [1, 1]},
								"west": {"uv": [174, 52], "uv_size": [1, 1]},
								"up": {"uv": [53, 174], "uv_size": [1, 1]},
								"down": {"uv": [174, 54], "uv_size": [1, -1]}
							}
						},
						{
							"origin": [-0.77, 27.4, -12.85],
							"size": [0.5, 0.3, 0.6],
							"inflate": 0.001,
							"uv": {
								"north": {"uv": [54, 174], "uv_size": [1, 1]},
								"east": {"uv": [174, 54], "uv_size": [1, 1]},
								"south": {"uv": [55, 174], "uv_size": [1, 1]},
								"west": {"uv": [174, 55], "uv_size": [1, 1]},
								"up": {"uv": [56, 174], "uv_size": [1, 1]},
								"down": {"uv": [174, 57], "uv_size": [1, -1]}
							}
						},
						{
							"origin": [-0.77, 27.4, -14.15],
							"size": [0.5, 0.3, 0.6],
							"inflate": 0.001,
							"uv": {
								"north": {"uv": [57, 174], "uv_size": [1, 1]},
								"east": {"uv": [174, 57], "uv_size": [1, 1]},
								"south": {"uv": [58, 174], "uv_size": [1, 1]},
								"west": {"uv": [174, 58], "uv_size": [1, 1]},
								"up": {"uv": [59, 174], "uv_size": [1, 1]},
								"down": {"uv": [174, 60], "uv_size": [1, -1]}
							}
						},
						{
							"origin": [-0.77, 27.4, -15.45],
							"size": [0.5, 0.3, 0.6],
							"inflate": 0.001,
							"uv": {
								"north": {"uv": [60, 174], "uv_size": [1, 1]},
								"east": {"uv": [174, 60], "uv_size": [1, 1]},
								"south": {"uv": [61, 174], "uv_size": [1, 1]},
								"west": {"uv": [174, 61], "uv_size": [1, 1]},
								"up": {"uv": [62, 174], "uv_size": [1, 1]},
								"down": {"uv": [174, 63], "uv_size": [1, -1]}
							}
						},
						{
							"origin": [-0.77, 27.4, -16.75],
							"size": [0.5, 0.3, 0.6],
							"inflate": 0.001,
							"uv": {
								"north": {"uv": [63, 174], "uv_size": [1, 1]},
								"east": {"uv": [174, 63], "uv_size": [1, 1]},
								"south": {"uv": [64, 174], "uv_size": [1, 1]},
								"west": {"uv": [174, 64], "uv_size": [1, 1]},
								"up": {"uv": [65, 174], "uv_size": [1, 1]},
								"down": {"uv": [174, 66], "uv_size": [1, -1]}
							}
						},
						{
							"origin": [-0.77, 27.4, -18.05],
							"size": [0.5, 0.3, 0.6],
							"inflate": 0.001,
							"uv": {
								"north": {"uv": [66, 174], "uv_size": [1, 1]},
								"east": {"uv": [174, 66], "uv_size": [1, 1]},
								"south": {"uv": [67, 174], "uv_size": [1, 1]},
								"west": {"uv": [174, 67], "uv_size": [1, 1]},
								"up": {"uv": [68, 174], "uv_size": [1, 1]},
								"down": {"uv": [174, 69], "uv_size": [1, -1]}
							}
						},
						{
							"origin": [-0.77, 27.4, -19.35],
							"size": [0.5, 0.3, 0.6],
							"inflate": 0.001,
							"uv": {
								"north": {"uv": [69, 174], "uv_size": [1, 1]},
								"east": {"uv": [174, 69], "uv_size": [1, 1]},
								"south": {"uv": [70, 174], "uv_size": [1, 1]},
								"west": {"uv": [174, 70], "uv_size": [1, 1]},
								"up": {"uv": [71, 174], "uv_size": [1, 1]},
								"down": {"uv": [174, 72], "uv_size": [1, -1]}
							}
						},
						{
							"origin": [-0.77, 27.4, -20.65],
							"size": [0.5, 0.3, 0.6],
							"inflate": 0.001,
							"uv": {
								"north": {"uv": [72, 174], "uv_size": [1, 1]},
								"east": {"uv": [174, 72], "uv_size": [1, 1]},
								"south": {"uv": [73, 174], "uv_size": [1, 1]},
								"west": {"uv": [174, 73], "uv_size": [1, 1]},
								"up": {"uv": [74, 174], "uv_size": [1, 1]},
								"down": {"uv": [174, 75], "uv_size": [1, -1]}
							}
						},
						{
							"origin": [-0.77, 27.4, -22.05],
							"size": [0.5, 0.3, 0.6],
							"inflate": 0.001,
							"uv": {
								"north": {"uv": [75, 174], "uv_size": [1, 1]},
								"east": {"uv": [174, 75], "uv_size": [1, 1]},
								"south": {"uv": [76, 174], "uv_size": [1, 1]},
								"west": {"uv": [174, 76], "uv_size": [1, 1]},
								"up": {"uv": [77, 174], "uv_size": [1, 1]},
								"down": {"uv": [174, 78], "uv_size": [1, -1]}
							}
						},
						{
							"origin": [-0.77, 27.4, -23.35],
							"size": [0.5, 0.3, 0.6],
							"inflate": 0.001,
							"uv": {
								"north": {"uv": [78, 174], "uv_size": [1, 1]},
								"east": {"uv": [174, 78], "uv_size": [1, 1]},
								"south": {"uv": [79, 174], "uv_size": [1, 1]},
								"west": {"uv": [174, 79], "uv_size": [1, 1]},
								"up": {"uv": [80, 174], "uv_size": [1, 1]},
								"down": {"uv": [174, 81], "uv_size": [1, -1]}
							}
						},
						{
							"origin": [-0.77, 27.4, -24.65],
							"size": [0.5, 0.3, 0.6],
							"inflate": 0.001,
							"uv": {
								"north": {"uv": [81, 174], "uv_size": [1, 1]},
								"east": {"uv": [174, 81], "uv_size": [1, 1]},
								"south": {"uv": [82, 174], "uv_size": [1, 1]},
								"west": {"uv": [174, 82], "uv_size": [1, 1]},
								"up": {"uv": [83, 174], "uv_size": [1, 1]},
								"down": {"uv": [174, 84], "uv_size": [1, -1]}
							}
						},
						{
							"origin": [4.647, 27.5, -2.45],
							"size": [0.3, 0.3, 0.6],
							"inflate": 0.001,
							"pivot": [3.06, 22.9, -14.6],
							"rotation": [0, 0, -45],
							"uv": {
								"north": {"uv": [169, 45], "uv_size": [1, 1]},
								"east": {"uv": [46, 169], "uv_size": [1, 1]},
								"south": {"uv": [169, 46], "uv_size": [1, 1]},
								"west": {"uv": [47, 169], "uv_size": [1, 1]},
								"up": {"uv": [48, 169], "uv_size": [1, 1]},
								"down": {"uv": [49, 170], "uv_size": [1, -1]}
							}
						},
						{
							"origin": [0.43, 27.4, -2.45],
							"size": [0.5, 0.3, 0.6],
							"inflate": 0.001,
							"uv": {
								"north": {"uv": [169, 53], "uv_size": [1, 1]},
								"east": {"uv": [169, 54], "uv_size": [1, 1]},
								"south": {"uv": [55, 169], "uv_size": [1, 1]},
								"west": {"uv": [169, 55], "uv_size": [1, 1]},
								"up": {"uv": [56, 169], "uv_size": [1, 1]},
								"down": {"uv": [57, 170], "uv_size": [1, -1]}
							}
						},
						{
							"origin": [2.947, 27.5, -2.45],
							"size": [0.3, 0.3, 0.6],
							"inflate": 0.001,
							"pivot": [1.36, 22.9, -14.6],
							"rotation": [0, 0, -45],
							"uv": {
								"north": {"uv": [169, 49], "uv_size": [1, 1]},
								"east": {"uv": [169, 50], "uv_size": [1, 1]},
								"south": {"uv": [51, 169], "uv_size": [1, 1]},
								"west": {"uv": [169, 51], "uv_size": [1, 1]},
								"up": {"uv": [52, 169], "uv_size": [1, 1]},
								"down": {"uv": [53, 170], "uv_size": [1, -1]}
							}
						},
						{
							"origin": [-0.77, 27.4, -2.45],
							"size": [0.5, 0.3, 0.6],
							"inflate": 0.001,
							"uv": {
								"north": {"uv": [30, 174], "uv_size": [1, 1]},
								"east": {"uv": [174, 30], "uv_size": [1, 1]},
								"south": {"uv": [31, 174], "uv_size": [1, 1]},
								"west": {"uv": [174, 31], "uv_size": [1, 1]},
								"up": {"uv": [32, 174], "uv_size": [1, 1]},
								"down": {"uv": [174, 33], "uv_size": [1, -1]}
							}
						},
						{
							"origin": [-0.77, 26.8, -24.7],
							"size": [1.7, 0.6, 28.76],
							"inflate": 0.001,
							"uv": {
								"north": {"uv": [166, 57], "uv_size": [2, 1]},
								"east": {"uv": [91, 80], "uv_size": [29, 1]},
								"south": {"uv": [62, 166], "uv_size": [2, 1]},
								"west": {"uv": [91, 81], "uv_size": [29, 1]},
								"up": {"uv": [34, 73], "uv_size": [2, 29]},
								"down": {"uv": [36, 102], "uv_size": [2, -29]}
							}
						}
					]
				},
				{
					"name": "_ca_dustcover",
					"parent": "main",
					"pivot": [-0.2, 21.85, -2.925],
					"cubes": [
						{"origin": [-0.45, 23.15, 4.875], "size": [1, 1, 1], "uv": [24, 121]}
					]
				}
			]
		}
	]
}