{
	"format_version": "1.12.0",
	"minecraft:geometry": [
		{
			"description": {
				"identifier": "geometry.unknown",
				"texture_width": 256,
				"texture_height": 256,
				"visible_bounds_width": 10,
				"visible_bounds_height": 4,
				"visible_bounds_offset": [0, 1, 0]
			},
			"bones": [
				{
					"name": "main",
					"pivot": [0, 20, 0]
				},
				{
					"name": "gun",
					"parent": "main",
					"pivot": [1, 11, -1]
				},
				{
					"name": "dustcover",
					"parent": "gun",
					"pivot": [-0.55, 21.9, -9],
					"cubes": [
						{
							"origin": [-1.65, 21.8, -18.7],
							"size": [3.5, 0.4, 23.9],
							"inflate": 0.001,
							"uv": {
								"north": {"uv": [141, 88], "uv_size": [4, 1]},
								"east": {"uv": [90, 6], "uv_size": [24, 1]},
								"south": {"uv": [141, 89], "uv_size": [4, 1]},
								"west": {"uv": [95, 5], "uv_size": [24, 1]},
								"up": {"uv": [36, 35], "uv_size": [4, 24]},
								"down": {"uv": [40, 24], "uv_size": [4, -24]}
							}
						},
						{
							"origin": [1.45, 22.2, -18.7],
							"size": [0.4, 0.5, 23.9],
							"inflate": 0.001,
							"pivot": [1.851, 22.199, 5.201],
							"rotation": [0, 0, -45],
							"uv": {
								"north": {"uv": [149, 64], "uv_size": [1, 1]},
								"east": {"uv": [95, 64], "uv_size": [24, 1]},
								"south": {"uv": [65, 149], "uv_size": [1, 1]},
								"west": {"uv": [95, 65], "uv_size": [24, 1]},
								"up": {"uv": [42, 91], "uv_size": [1, 24]},
								"down": {"uv": [15, 116], "uv_size": [1, -24]}
							}
						},
						{
							"origin": [1.2, 22.2, -18.7],
							"size": [0.4, 4.1, 22.1],
							"inflate": 0.001,
							"pivot": [1.601, 22.199, 5.201],
							"rotation": [0, 0, -8],
							"uv": {
								"north": {"uv": [118, 141], "uv_size": [1, 4]},
								"east": {"uv": [44, 23], "uv_size": [22, 4]},
								"south": {"uv": [141, 118], "uv_size": [1, 4]},
								"west": {"uv": [44, 27], "uv_size": [22, 4]},
								"up": {"uv": [39, 59], "uv_size": [1, 22]},
								"down": {"uv": [83, 124], "uv_size": [1, -22]}
							}
						},
						{
							"origin": [1.2, 22.9, -16.2],
							"size": [0.5, 3.46, 0.6],
							"inflate": 0.001,
							"pivot": [1.601, 22.199, 5.501],
							"rotation": [0, 0, -8],
							"uv": {
								"north": {"uv": [55, 115], "uv_size": [1, 3]},
								"east": {"uv": [55, 115], "uv_size": [1, 3]},
								"south": {"uv": [55, 115], "uv_size": [1, 3]},
								"west": {"uv": [55, 115], "uv_size": [1, 3]},
								"up": {"uv": [56, 118], "uv_size": [-1, -3]},
								"down": {"uv": [56, 118], "uv_size": [-1, -3]}
							}
						},
						{
							"origin": [1.2, 22.9, -11.6],
							"size": [0.5, 3.46, 0.6],
							"inflate": 0.001,
							"pivot": [1.601, 22.199, 10.101],
							"rotation": [0, 0, -8],
							"uv": {
								"north": {"uv": [55, 115], "uv_size": [1, 3]},
								"east": {"uv": [55, 115], "uv_size": [1, 3]},
								"south": {"uv": [55, 115], "uv_size": [1, 3]},
								"west": {"uv": [55, 115], "uv_size": [1, 3]},
								"up": {"uv": [56, 118], "uv_size": [-1, -3]},
								"down": {"uv": [56, 118], "uv_size": [-1, -3]}
							}
						},
						{
							"origin": [0.64813, 26.22589, -18.7],
							"size": [0.5, 1.85, 22.1],
							"inflate": 0.001,
							"pivot": [1.07153, 26.18348, 3.401],
							"rotation": [0, 0, -90],
							"uv": {
								"north": {"uv": [147, 3], "uv_size": [1, 2]},
								"east": {"uv": [79, 9], "uv_size": [22, 2]},
								"south": {"uv": [5, 147], "uv_size": [1, 2]},
								"west": {"uv": [79, 11], "uv_size": [22, 2]},
								"up": {"uv": [84, 102], "uv_size": [1, 22]},
								"down": {"uv": [85, 124], "uv_size": [1, -22]}
							}
						},
						{
							"origin": [0.1, 22.2, 3.4],
							"size": [1.5, 2.4, 1.8],
							"inflate": 0.001,
							"pivot": [1.601, 22.199, 26.501],
							"rotation": [0, 0, -8],
							"uv": {
								"north": {"uv": [119, 65], "uv_size": [2, 2]},
								"east": {"uv": [121, 83], "uv_size": [2, 2]},
								"south": {"uv": [124, 45], "uv_size": [2, 2]},
								"west": {"uv": [141, 113], "uv_size": [2, 2]},
								"up": {"uv": [141, 122], "uv_size": [2, 2]},
								"down": {"uv": [128, 143], "uv_size": [2, -2]}
							}
						},
						{
							"origin": [-1.03429, 24.37662, 3.4],
							"size": [2.275, 0.2, 1.8],
							"inflate": 0.001,
							"uv": {
								"north": {"uv": [147, 23], "uv_size": [2, 1]},
								"east": {"uv": [147, 24], "uv_size": [2, 1]},
								"south": {"uv": [147, 25], "uv_size": [2, 1]},
								"west": {"uv": [27, 147], "uv_size": [2, 1]},
								"up": {"uv": [15, 142], "uv_size": [2, 2]},
								"down": {"uv": [17, 144], "uv_size": [2, -2]}
							}
						},
						{
							"origin": [0.06571, 24.57862, 3.95],
							"size": [1.2, 2.475, 1.25],
							"inflate": 0.001,
							"pivot": [1.26671, 24.57762, 5.201],
							"rotation": [46.75, 0, -8],
							"uv": {
								"north": {"uv": [6, 147], "uv_size": [1, 2]},
								"east": {"uv": [7, 147], "uv_size": [1, 2]},
								"south": {"uv": [13, 147], "uv_size": [1, 2]},
								"west": {"uv": [14, 147], "uv_size": [1, 2]},
								"up": {"uv": [149, 70], "uv_size": [1, 1]},
								"down": {"uv": [71, 150], "uv_size": [1, -1]}
							}
						},
						{
							"origin": [-1.03429, 24.57862, 3.95],
							"size": [2.275, 0.175, 1.25],
							"inflate": 0.001,
							"pivot": [1.26671, 24.57762, 5.201],
							"rotation": [46.75, 0, 0],
							"uv": {
								"north": {"uv": [147, 10], "uv_size": [2, 1]},
								"east": {"uv": [149, 72], "uv_size": [1, 1]},
								"south": {"uv": [19, 147], "uv_size": [2, 1]},
								"west": {"uv": [73, 149], "uv_size": [1, 1]},
								"up": {"uv": [21, 147], "uv_size": [2, 1]},
								"down": {"uv": [23, 148], "uv_size": [2, -1]}
							}
						},
						{
							"origin": [-0.33429, 25.37862, 5.15],
							"size": [0.875, 0.875, 0.35],
							"inflate": 0.001,
							"pivot": [1.26671, 24.57762, 5.201],
							"rotation": [46.75, 0, 0],
							"uv": {
								"north": {"uv": [102, 149], "uv_size": [1, 1]},
								"east": {"uv": [149, 102], "uv_size": [1, 1]},
								"south": {"uv": [103, 149], "uv_size": [1, 1]},
								"west": {"uv": [149, 103], "uv_size": [1, 1]},
								"up": {"uv": [104, 149], "uv_size": [1, 1]},
								"down": {"uv": [105, 150], "uv_size": [1, -1]}
							}
						},
						{
							"origin": [-0.73429, 26.67862, 4.85],
							"size": [1.675, 0.375, 0.35],
							"inflate": 0.001,
							"pivot": [1.26671, 24.57762, 5.201],
							"rotation": [46.75, 0, 0],
							"uv": {
								"north": {"uv": [147, 37], "uv_size": [2, 1]},
								"east": {"uv": [149, 75], "uv_size": [1, 1]},
								"south": {"uv": [147, 42], "uv_size": [2, 1]},
								"west": {"uv": [76, 149], "uv_size": [1, 1]},
								"up": {"uv": [43, 147], "uv_size": [2, 1]},
								"down": {"uv": [147, 44], "uv_size": [2, -1]}
							}
						},
						{
							"origin": [-0.03429, 24.72862, 3.95],
							"size": [1.275, 2.325, 1.25],
							"inflate": 0.001,
							"pivot": [1.24171, 24.57762, 5.201],
							"rotation": [46.60574, 4.18483, -3.94683],
							"uv": {
								"north": {"uv": [29, 147], "uv_size": [1, 2]},
								"east": {"uv": [30, 147], "uv_size": [1, 2]},
								"south": {"uv": [31, 147], "uv_size": [1, 2]},
								"west": {"uv": [32, 147], "uv_size": [1, 2]},
								"up": {"uv": [149, 73], "uv_size": [1, 1]},
								"down": {"uv": [74, 150], "uv_size": [1, -1]}
							}
						},
						{
							"origin": [-1.04071, 24.72862, 3.95],
							"size": [1.275, 2.325, 1.25],
							"inflate": 0.001,
							"pivot": [-1.04171, 24.57762, 5.201],
							"rotation": [46.60574, -4.18483, 3.94683],
							"uv": {
								"north": {"uv": [33, 147], "uv_size": [1, 2]},
								"east": {"uv": [34, 147], "uv_size": [1, 2]},
								"south": {"uv": [35, 147], "uv_size": [1, 2]},
								"west": {"uv": [147, 35], "uv_size": [1, 2]},
								"up": {"uv": [149, 74], "uv_size": [1, 1]},
								"down": {"uv": [75, 150], "uv_size": [1, -1]}
							}
						},
						{
							"origin": [-1.06571, 24.57862, 3.95],
							"size": [1.2, 2.475, 1.25],
							"inflate": 0.001,
							"pivot": [-1.06671, 24.57762, 5.201],
							"rotation": [46.75, 0, 8],
							"uv": {
								"north": {"uv": [15, 147], "uv_size": [1, 2]},
								"east": {"uv": [15, 147], "uv_size": [-1, 2]},
								"south": {"uv": [17, 147], "uv_size": [1, 2]},
								"west": {"uv": [18, 147], "uv_size": [1, 2]},
								"up": {"uv": [149, 71], "uv_size": [1, 1]},
								"down": {"uv": [72, 150], "uv_size": [1, -1]}
							}
						},
						{
							"origin": [-1.4, 22.2, 3.4],
							"size": [1.5, 2.4, 1.8],
							"inflate": 0.001,
							"pivot": [-1.401, 22.199, 26.501],
							"rotation": [0, 0, 8],
							"uv": {
								"north": {"uv": [141, 134], "uv_size": [2, 2]},
								"east": {"uv": [143, 113], "uv_size": [-2, 2]},
								"south": {"uv": [141, 138], "uv_size": [2, 2]},
								"west": {"uv": [141, 140], "uv_size": [2, 2]},
								"up": {"uv": [142, 9], "uv_size": [2, 2]},
								"down": {"uv": [12, 144], "uv_size": [2, -2]}
							}
						},
						{
							"origin": [-1.4, 22.2, -9.8],
							"size": [0.4, 4.1, 13.2],
							"inflate": 0.001,
							"pivot": [-1.401, 22.199, 5.201],
							"rotation": [0, 0, 8],
							"uv": {
								"north": {"uv": [119, 141], "uv_size": [1, 4]},
								"east": {"uv": [56, 14], "uv_size": [13, 4]},
								"south": {"uv": [141, 130], "uv_size": [1, 4]},
								"west": {"uv": [75, 25], "uv_size": [13, 4]},
								"up": {"uv": [35, 45], "uv_size": [1, 13]},
								"down": {"uv": [39, 136], "uv_size": [1, -13]}
							}
						},
						{
							"origin": [-0.95646, 25.24087, -10],
							"size": [0.4, 0.8, 0.5],
							"inflate": 0.001,
							"pivot": [-0.75646, 25.34087, -9.45],
							"rotation": [45, 0, 8],
							"uv": {
								"north": {"uv": [32, 150], "uv_size": [1, 1]},
								"east": {"uv": [150, 32], "uv_size": [1, 1]},
								"south": {"uv": [33, 150], "uv_size": [1, 1]},
								"west": {"uv": [150, 33], "uv_size": [1, 1]},
								"up": {"uv": [34, 150], "uv_size": [1, 1]},
								"down": {"uv": [150, 35], "uv_size": [1, -1]}
							}
						},
						{
							"origin": [-1.4, 25.5, -18.75],
							"size": [0.4, 0.8, 8.95],
							"inflate": 0.001,
							"pivot": [-1.401, 22.199, -6.199],
							"rotation": [0, 0, 8],
							"uv": {
								"north": {"uv": [31, 150], "uv_size": [1, 1]},
								"east": {"uv": [134, 55], "uv_size": [9, 1]},
								"south": {"uv": [150, 31], "uv_size": [1, 1]},
								"west": {"uv": [134, 56], "uv_size": [9, 1]},
								"up": {"uv": [132, 134], "uv_size": [1, 9]},
								"down": {"uv": [133, 143], "uv_size": [1, -9]}
							}
						},
						{
							"origin": [-1.65, 22.2, -18.7],
							"size": [0.4, 0.5, 23.9],
							"inflate": 0.001,
							"pivot": [-1.651, 22.199, 5.201],
							"rotation": [0, 0, 45],
							"uv": {
								"north": {"uv": [149, 65], "uv_size": [1, 1]},
								"east": {"uv": [95, 66], "uv_size": [24, 1]},
								"south": {"uv": [66, 149], "uv_size": [1, 1]},
								"west": {"uv": [96, 53], "uv_size": [24, 1]},
								"up": {"uv": [72, 92], "uv_size": [1, 24]},
								"down": {"uv": [73, 116], "uv_size": [1, -24]}
							}
						},
						{
							"origin": [1.35, 22.2, 5.3],
							"size": [0.4, 0.5, 0.7],
							"inflate": 0.001,
							"pivot": [1.751, 22.199, 29.201],
							"rotation": [0, 0, -45],
							"uv": {
								"north": {"uv": [105, 150], "uv_size": [1, 1]},
								"east": {"uv": [150, 105], "uv_size": [1, 1]},
								"south": {"uv": [106, 150], "uv_size": [1, 1]},
								"west": {"uv": [150, 106], "uv_size": [1, 1]},
								"up": {"uv": [107, 150], "uv_size": [1, 1]},
								"down": {"uv": [150, 108], "uv_size": [1, -1]}
							}
						},
						{
							"origin": [-1.35, 22.2, 5.3],
							"size": [0.4, 0.5, 0.7],
							"inflate": 0.001,
							"pivot": [-1.351, 22.199, 29.201],
							"rotation": [0, 0, 45],
							"uv": {
								"north": {"uv": [102, 150], "uv_size": [1, 1]},
								"east": {"uv": [150, 102], "uv_size": [1, 1]},
								"south": {"uv": [103, 150], "uv_size": [1, 1]},
								"west": {"uv": [150, 103], "uv_size": [1, 1]},
								"up": {"uv": [104, 150], "uv_size": [1, 1]},
								"down": {"uv": [150, 105], "uv_size": [1, -1]}
							}
						},
						{
							"origin": [-1.41707, 25.84555, -18.76],
							"size": [0.875, 1.3, 21.96],
							"inflate": 0.001,
							"pivot": [-2.43707, 21.94555, -9.36],
							"rotation": [0, 0, 18.75],
							"uv": {
								"north": {"uv": [149, 66], "uv_size": [1, 1]},
								"east": {"uv": [102, 30], "uv_size": [22, 1]},
								"south": {"uv": [67, 149], "uv_size": [1, 1]},
								"west": {"uv": [102, 52], "uv_size": [22, 1]},
								"up": {"uv": [9, 103], "uv_size": [1, 22]},
								"down": {"uv": [10, 125], "uv_size": [1, -22]}
							}
						},
						{
							"origin": [-1.40589, 27.14026, -16.2],
							"size": [0.925, 0.1, 0.6],
							"inflate": 0.001,
							"pivot": [-2.42589, 21.94026, -9.4],
							"rotation": [0, 0, 18.75],
							"uv": {
								"north": {"uv": [150, 109], "uv_size": [-1, -1]},
								"east": {"uv": [150, 109], "uv_size": [-1, -1]},
								"south": {"uv": [150, 109], "uv_size": [-1, -1]},
								"west": {"uv": [150, 109], "uv_size": [-1, -1]},
								"up": {"uv": [149, 108], "uv_size": [1, 1]},
								"down": {"uv": [149, 108], "uv_size": [1, 1]}
							}
						},
						{
							"origin": [-1.40589, 27.14026, -11.6],
							"size": [0.925, 0.1, 0.6],
							"inflate": 0.001,
							"pivot": [-2.42589, 21.94026, -4.8],
							"rotation": [0, 0, 18.75],
							"uv": {
								"north": {"uv": [150, 109], "uv_size": [-1, -1]},
								"east": {"uv": [150, 109], "uv_size": [-1, -1]},
								"south": {"uv": [150, 109], "uv_size": [-1, -1]},
								"west": {"uv": [150, 109], "uv_size": [-1, -1]},
								"up": {"uv": [149, 108], "uv_size": [1, 1]},
								"down": {"uv": [149, 108], "uv_size": [1, 1]}
							}
						},
						{
							"origin": [1.2, 22.9, -7],
							"size": [0.5, 3.46, 0.6],
							"inflate": 0.001,
							"pivot": [1.601, 22.199, 14.701],
							"rotation": [0, 0, -8],
							"uv": {
								"north": {"uv": [55, 115], "uv_size": [1, 3]},
								"east": {"uv": [55, 115], "uv_size": [1, 3]},
								"south": {"uv": [55, 115], "uv_size": [1, 3]},
								"west": {"uv": [55, 115], "uv_size": [1, 3]},
								"up": {"uv": [56, 118], "uv_size": [-1, -3]},
								"down": {"uv": [56, 118], "uv_size": [-1, -3]}
							}
						},
						{
							"origin": [-1.40589, 27.14026, -7],
							"size": [0.925, 0.1, 0.6],
							"inflate": 0.001,
							"pivot": [-2.42589, 21.94026, -0.2],
							"rotation": [0, 0, 18.75],
							"uv": {
								"north": {"uv": [150, 109], "uv_size": [-1, -1]},
								"east": {"uv": [150, 109], "uv_size": [-1, -1]},
								"south": {"uv": [150, 109], "uv_size": [-1, -1]},
								"west": {"uv": [150, 109], "uv_size": [-1, -1]},
								"up": {"uv": [149, 108], "uv_size": [1, 1]},
								"down": {"uv": [149, 108], "uv_size": [1, 1]}
							}
						},
						{
							"origin": [1.2, 22.9, -2.4],
							"size": [0.5, 3.46, 0.6],
							"inflate": 0.001,
							"pivot": [1.601, 22.199, 19.301],
							"rotation": [0, 0, -8],
							"uv": {
								"north": {"uv": [55, 115], "uv_size": [1, 3]},
								"east": {"uv": [55, 115], "uv_size": [1, 3]},
								"south": {"uv": [55, 115], "uv_size": [1, 3]},
								"west": {"uv": [55, 115], "uv_size": [1, 3]},
								"up": {"uv": [56, 118], "uv_size": [-1, -3]},
								"down": {"uv": [56, 118], "uv_size": [-1, -3]}
							}
						},
						{
							"origin": [-1.40589, 27.14026, -2.4],
							"size": [0.925, 0.1, 0.6],
							"inflate": 0.001,
							"pivot": [-2.42589, 21.94026, 4.4],
							"rotation": [0, 0, 18.75],
							"uv": {
								"north": {"uv": [150, 109], "uv_size": [-1, -1]},
								"east": {"uv": [150, 109], "uv_size": [-1, -1]},
								"south": {"uv": [150, 109], "uv_size": [-1, -1]},
								"west": {"uv": [150, 109], "uv_size": [-1, -1]},
								"up": {"uv": [149, 108], "uv_size": [1, 1]},
								"down": {"uv": [149, 108], "uv_size": [1, 1]}
							}
						},
						{
							"origin": [-1.5, 25.7, -16.2],
							"size": [0.5, 0.66, 0.6],
							"inflate": 0.001,
							"pivot": [-1.401, 22.199, 5.501],
							"rotation": [0, 0, 8],
							"uv": {
								"north": {"uv": [150, 7], "uv_size": [1, 1]},
								"east": {"uv": [150, 7], "uv_size": [1, 1]},
								"south": {"uv": [150, 7], "uv_size": [1, 1]},
								"west": {"uv": [150, 7], "uv_size": [1, 1]},
								"up": {"uv": [151, 8], "uv_size": [-1, -1]},
								"down": {"uv": [151, 8], "uv_size": [-1, -1]}
							}
						},
						{
							"origin": [0.68089, 27.14026, -16.2],
							"size": [0.925, 0.1, 0.6],
							"inflate": 0.001,
							"pivot": [2.62589, 21.94026, -9.4],
							"rotation": [0, 0, -18.75],
							"uv": {
								"north": {"uv": [7, 151], "uv_size": [-1, -1]},
								"east": {"uv": [7, 151], "uv_size": [-1, -1]},
								"south": {"uv": [7, 151], "uv_size": [-1, -1]},
								"west": {"uv": [7, 151], "uv_size": [-1, -1]},
								"up": {"uv": [6, 150], "uv_size": [1, 1]},
								"down": {"uv": [6, 150], "uv_size": [1, 1]}
							}
						},
						{
							"origin": [0.68089, 27.14026, -11.6],
							"size": [0.925, 0.1, 0.6],
							"inflate": 0.001,
							"pivot": [2.62589, 21.94026, -4.8],
							"rotation": [0, 0, -18.75],
							"uv": {
								"north": {"uv": [7, 151], "uv_size": [-1, -1]},
								"east": {"uv": [7, 151], "uv_size": [-1, -1]},
								"south": {"uv": [7, 151], "uv_size": [-1, -1]},
								"west": {"uv": [7, 151], "uv_size": [-1, -1]},
								"up": {"uv": [6, 150], "uv_size": [1, 1]},
								"down": {"uv": [6, 150], "uv_size": [1, 1]}
							}
						},
						{
							"origin": [-1.5, 25.7, -11.6],
							"size": [0.5, 0.66, 0.6],
							"inflate": 0.001,
							"pivot": [-1.401, 22.199, 10.101],
							"rotation": [0, 0, 8],
							"uv": {
								"north": {"uv": [150, 7], "uv_size": [1, 1]},
								"east": {"uv": [150, 7], "uv_size": [1, 1]},
								"south": {"uv": [150, 7], "uv_size": [1, 1]},
								"west": {"uv": [150, 7], "uv_size": [1, 1]},
								"up": {"uv": [151, 8], "uv_size": [-1, -1]},
								"down": {"uv": [151, 8], "uv_size": [-1, -1]}
							}
						},
						{
							"origin": [0.68089, 27.14026, -7],
							"size": [0.925, 0.1, 0.6],
							"inflate": 0.001,
							"pivot": [2.62589, 21.94026, -0.2],
							"rotation": [0, 0, -18.75],
							"uv": {
								"north": {"uv": [7, 151], "uv_size": [-1, -1]},
								"east": {"uv": [7, 151], "uv_size": [-1, -1]},
								"south": {"uv": [7, 151], "uv_size": [-1, -1]},
								"west": {"uv": [7, 151], "uv_size": [-1, -1]},
								"up": {"uv": [6, 150], "uv_size": [1, 1]},
								"down": {"uv": [6, 150], "uv_size": [1, 1]}
							}
						},
						{
							"origin": [-1.5, 22.9, -7],
							"size": [0.5, 3.46, 0.6],
							"inflate": 0.001,
							"pivot": [-1.401, 22.199, 14.701],
							"rotation": [0, 0, 8],
							"uv": {
								"north": {"uv": [55, 115], "uv_size": [1, 3]},
								"east": {"uv": [55, 115], "uv_size": [1, 3]},
								"south": {"uv": [55, 115], "uv_size": [1, 3]},
								"west": {"uv": [55, 115], "uv_size": [1, 3]},
								"up": {"uv": [56, 118], "uv_size": [-1, -3]},
								"down": {"uv": [56, 118], "uv_size": [-1, -3]}
							}
						},
						{
							"origin": [0.68089, 27.14026, -2.4],
							"size": [0.925, 0.1, 0.6],
							"inflate": 0.001,
							"pivot": [2.62589, 21.94026, 4.4],
							"rotation": [0, 0, -18.75],
							"uv": {
								"north": {"uv": [7, 151], "uv_size": [-1, -1]},
								"east": {"uv": [7, 151], "uv_size": [-1, -1]},
								"south": {"uv": [7, 151], "uv_size": [-1, -1]},
								"west": {"uv": [7, 151], "uv_size": [-1, -1]},
								"up": {"uv": [6, 150], "uv_size": [1, 1]},
								"down": {"uv": [6, 150], "uv_size": [1, 1]}
							}
						},
						{
							"origin": [-1.5, 22.9, -2.4],
							"size": [0.5, 3.46, 0.6],
							"inflate": 0.001,
							"pivot": [-1.401, 22.199, 19.301],
							"rotation": [0, 0, 8],
							"uv": {
								"north": {"uv": [55, 115], "uv_size": [1, 3]},
								"east": {"uv": [55, 115], "uv_size": [1, 3]},
								"south": {"uv": [55, 115], "uv_size": [1, 3]},
								"west": {"uv": [55, 115], "uv_size": [1, 3]},
								"up": {"uv": [56, 118], "uv_size": [-1, -3]},
								"down": {"uv": [56, 118], "uv_size": [-1, -3]}
							}
						},
						{
							"origin": [0.74207, 25.84555, -18.76],
							"size": [0.875, 1.3, 21.96],
							"inflate": 0.001,
							"pivot": [2.63707, 21.94555, -9.36],
							"rotation": [0, 0, -18.75],
							"uv": {
								"north": {"uv": [149, 69], "uv_size": [1, 1]},
								"east": {"uv": [102, 58], "uv_size": [22, 1]},
								"south": {"uv": [70, 149], "uv_size": [1, 1]},
								"west": {"uv": [104, 93], "uv_size": [22, 1]},
								"up": {"uv": [13, 103], "uv_size": [1, 22]},
								"down": {"uv": [14, 125], "uv_size": [1, -22]}
							}
						},
						{
							"origin": [-0.00707, 25.24555, -18.76],
							"size": [0.205, 1.3, 21.96],
							"inflate": 0.001,
							"uv": {
								"north": {"uv": [68, 149], "uv_size": [1, 1]},
								"east": {"uv": [102, 56], "uv_size": [22, 1]},
								"south": {"uv": [69, 149], "uv_size": [1, 1]},
								"west": {"uv": [102, 57], "uv_size": [22, 1]},
								"up": {"uv": [11, 103], "uv_size": [1, 22]},
								"down": {"uv": [12, 125], "uv_size": [1, -22]}
							}
						},
						{
							"origin": [-0.04198, 26.53139, -16.2],
							"size": [0.28, 0.1, 0.61],
							"inflate": 0.001,
							"uv": {
								"north": {"uv": [15, 151], "uv_size": [-1, -1]},
								"east": {"uv": [15, 151], "uv_size": [-1, -1]},
								"south": {"uv": [15, 151], "uv_size": [-1, -1]},
								"west": {"uv": [15, 151], "uv_size": [-1, -1]},
								"up": {"uv": [14, 150], "uv_size": [1, 1]},
								"down": {"uv": [14, 150], "uv_size": [1, 1]}
							}
						},
						{
							"origin": [-0.04198, 26.53139, -11.6],
							"size": [0.28, 0.1, 0.61],
							"inflate": 0.001,
							"uv": {
								"north": {"uv": [15, 151], "uv_size": [-1, -1]},
								"east": {"uv": [15, 151], "uv_size": [-1, -1]},
								"south": {"uv": [15, 151], "uv_size": [-1, -1]},
								"west": {"uv": [15, 151], "uv_size": [-1, -1]},
								"up": {"uv": [14, 150], "uv_size": [1, 1]},
								"down": {"uv": [14, 150], "uv_size": [1, 1]}
							}
						},
						{
							"origin": [-0.04198, 26.53139, -7],
							"size": [0.28, 0.1, 0.61],
							"inflate": 0.001,
							"uv": {
								"north": {"uv": [15, 151], "uv_size": [-1, -1]},
								"east": {"uv": [15, 151], "uv_size": [-1, -1]},
								"south": {"uv": [15, 151], "uv_size": [-1, -1]},
								"west": {"uv": [15, 151], "uv_size": [-1, -1]},
								"up": {"uv": [14, 150], "uv_size": [1, 1]},
								"down": {"uv": [14, 150], "uv_size": [1, 1]}
							}
						},
						{
							"origin": [-0.04198, 26.53139, -2.4],
							"size": [0.28, 0.1, 0.61],
							"inflate": 0.001,
							"uv": {
								"north": {"uv": [15, 151], "uv_size": [-1, -1]},
								"east": {"uv": [15, 151], "uv_size": [-1, -1]},
								"south": {"uv": [15, 151], "uv_size": [-1, -1]},
								"west": {"uv": [15, 151], "uv_size": [-1, -1]},
								"up": {"uv": [14, 150], "uv_size": [1, 1]},
								"down": {"uv": [14, 150], "uv_size": [1, 1]}
							}
						},
						{
							"origin": [-0.04198, 26.53139, -5.7],
							"size": [0.28, 0.1, 2.61],
							"inflate": 0.001,
							"uv": {
								"north": {"uv": [15, 151], "uv_size": [-1, -1]},
								"east": {"uv": [15, 151], "uv_size": [-1, -1]},
								"south": {"uv": [15, 151], "uv_size": [-1, -1]},
								"west": {"uv": [15, 151], "uv_size": [-1, -1]},
								"up": {"uv": [14, 150], "uv_size": [1, 1]},
								"down": {"uv": [14, 150], "uv_size": [1, 1]}
							}
						},
						{
							"origin": [-0.04198, 26.53139, -10.3],
							"size": [0.28, 0.1, 2.61],
							"inflate": 0.001,
							"uv": {
								"north": {"uv": [15, 151], "uv_size": [-1, -1]},
								"east": {"uv": [15, 151], "uv_size": [-1, -1]},
								"south": {"uv": [15, 151], "uv_size": [-1, -1]},
								"west": {"uv": [15, 151], "uv_size": [-1, -1]},
								"up": {"uv": [14, 150], "uv_size": [1, 1]},
								"down": {"uv": [14, 150], "uv_size": [1, 1]}
							}
						},
						{
							"origin": [-0.04198, 26.53139, -18.75],
							"size": [0.28, 0.1, 1.86],
							"inflate": 0.001,
							"uv": {
								"north": {"uv": [15, 151], "uv_size": [-1, -1]},
								"east": {"uv": [15, 151], "uv_size": [-1, -1]},
								"south": {"uv": [15, 151], "uv_size": [-1, -1]},
								"west": {"uv": [15, 151], "uv_size": [-1, -1]},
								"up": {"uv": [14, 150], "uv_size": [1, 1]},
								"down": {"uv": [14, 150], "uv_size": [1, 1]}
							}
						},
						{
							"origin": [-0.04198, 26.53139, -14.9],
							"size": [0.28, 0.1, 2.61],
							"inflate": 0.001,
							"uv": {
								"north": {"uv": [15, 151], "uv_size": [-1, -1]},
								"east": {"uv": [15, 151], "uv_size": [-1, -1]},
								"south": {"uv": [15, 151], "uv_size": [-1, -1]},
								"west": {"uv": [15, 151], "uv_size": [-1, -1]},
								"up": {"uv": [14, 150], "uv_size": [1, 1]},
								"down": {"uv": [14, 150], "uv_size": [1, 1]}
							}
						},
						{
							"origin": [-0.04198, 26.53139, -1.1],
							"size": [0.28, 0.1, 2.61],
							"inflate": 0.001,
							"uv": {
								"north": {"uv": [15, 151], "uv_size": [-1, -1]},
								"east": {"uv": [15, 151], "uv_size": [-1, -1]},
								"south": {"uv": [15, 151], "uv_size": [-1, -1]},
								"west": {"uv": [15, 151], "uv_size": [-1, -1]},
								"up": {"uv": [14, 150], "uv_size": [1, 1]},
								"down": {"uv": [14, 150], "uv_size": [1, 1]}
							}
						},
						{
							"origin": [3.25, 19.28, 9.575],
							"size": [0.75, 0.3, 0.165],
							"inflate": 0.001,
							"pivot": [2.25, 14.35, -2.975],
							"rotation": [41, 0, -18.75],
							"uv": {
								"north": {"uv": [149, 76], "uv_size": [1, 1]},
								"east": {"uv": [77, 149], "uv_size": [1, 1]},
								"south": {"uv": [79, 149], "uv_size": [1, 1]},
								"west": {"uv": [80, 149], "uv_size": [1, 1]},
								"up": {"uv": [149, 80], "uv_size": [1, 1]},
								"down": {"uv": [81, 150], "uv_size": [1, -1]}
							}
						},
						{
							"origin": [2.37, 38.09, 2.485],
							"size": [0.8, 0.3, 0.16],
							"inflate": 0.001,
							"pivot": [1.45, 33.17, 18.825],
							"rotation": [41, 0, 18.75],
							"uv": {
								"north": {"uv": [149, 81], "uv_size": [1, 1]},
								"east": {"uv": [82, 149], "uv_size": [1, 1]},
								"south": {"uv": [149, 82], "uv_size": [1, 1]},
								"west": {"uv": [83, 149], "uv_size": [1, 1]},
								"up": {"uv": [149, 83], "uv_size": [1, 1]},
								"down": {"uv": [84, 150], "uv_size": [1, -1]}
							}
						},
						{
							"origin": [-0.045, 38.49, 2.425],
							"size": [0.23, 0.2, 0.16],
							"inflate": 0.001,
							"pivot": [-1.25, 33.42, 19.125],
							"rotation": [41, 0, 0],
							"uv": {
								"north": {"uv": [85, 149], "uv_size": [1, 1]},
								"east": {"uv": [149, 85], "uv_size": [1, 1]},
								"south": {"uv": [86, 149], "uv_size": [1, 1]},
								"west": {"uv": [149, 86], "uv_size": [1, 1]},
								"up": {"uv": [87, 149], "uv_size": [1, 1]},
								"down": {"uv": [88, 150], "uv_size": [1, -1]}
							}
						},
						{
							"origin": [0, 38.39, 2.425],
							"size": [0.15, 0.1, 0.16],
							"inflate": 0.001,
							"pivot": [-1.25, 33.42, 19.125],
							"rotation": [41, 0, 0],
							"uv": {
								"north": {"uv": [89, 149], "uv_size": [1, 1]},
								"east": {"uv": [90, 149], "uv_size": [1, 1]},
								"south": {"uv": [149, 90], "uv_size": [1, 1]},
								"west": {"uv": [91, 149], "uv_size": [1, 1]},
								"up": {"uv": [149, 91], "uv_size": [1, 1]},
								"down": {"uv": [92, 150], "uv_size": [1, -1]}
							}
						},
						{
							"origin": [0.475, 32.53, 3.925],
							"size": [0.3, 0.08, 0.16],
							"inflate": 0.001,
							"pivot": [-0.95, 27.67, 20.325],
							"rotation": [20, 0, 18.75],
							"uv": {
								"north": {"uv": [149, 92], "uv_size": [1, 1]},
								"east": {"uv": [93, 149], "uv_size": [1, 1]},
								"south": {"uv": [94, 149], "uv_size": [1, 1]},
								"west": {"uv": [149, 94], "uv_size": [1, 1]},
								"up": {"uv": [95, 149], "uv_size": [1, 1]},
								"down": {"uv": [149, 96], "uv_size": [1, -1]}
							}
						},
						{
							"origin": [0.03, 26.27, 3.185],
							"size": [0.07, 0.07, 0.2],
							"inflate": 0.001,
							"uv": {
								"north": {"uv": [96, 149], "uv_size": [1, 1]},
								"east": {"uv": [149, 96], "uv_size": [1, 1]},
								"south": {"uv": [97, 149], "uv_size": [1, 1]},
								"west": {"uv": [149, 97], "uv_size": [1, 1]},
								"up": {"uv": [98, 149], "uv_size": [1, 1]},
								"down": {"uv": [149, 99], "uv_size": [1, -1]}
							}
						},
						{
							"origin": [2.68, 22.14, 5.645],
							"size": [0.3, 0.08, 0.16],
							"inflate": 0.001,
							"pivot": [1.25, 17.35, -6.875],
							"rotation": [20, 0, -18.75],
							"uv": {
								"north": {"uv": [99, 149], "uv_size": [1, 1]},
								"east": {"uv": [149, 99], "uv_size": [1, 1]},
								"south": {"uv": [100, 149], "uv_size": [1, 1]},
								"west": {"uv": [149, 100], "uv_size": [1, 1]},
								"up": {"uv": [101, 149], "uv_size": [1, 1]},
								"down": {"uv": [149, 102], "uv_size": [1, -1]}
							}
						},
						{
							"origin": [0.05, 26.2, -9.4],
							"size": [0.1, 0.595, 12.7],
							"inflate": -0.002,
							"uv": {
								"north": {"uv": [70, 39], "uv_size": [-2, -14]},
								"east": {"uv": [70, 39], "uv_size": [-2, -14]},
								"south": {"uv": [70, 39], "uv_size": [-2, -14]},
								"west": {"uv": [70, 39], "uv_size": [-2, -14]},
								"up": {"uv": [68, 25], "uv_size": [2, 14]},
								"down": {"uv": [68, 25], "uv_size": [2, 14]}
							}
						},
						{
							"origin": [0.062, 26.7, 3.3],
							"size": [0.083, 0.15, 0.1],
							"inflate": -0.002,
							"pivot": [0.1, 26.7, 3.4],
							"rotation": [53, 0, 0],
							"uv": {
								"north": {"uv": [70, 39], "uv_size": [-2, -14]},
								"east": {"uv": [70, 39], "uv_size": [-2, -14]},
								"south": {"uv": [70, 39], "uv_size": [-2, -14]},
								"west": {"uv": [70, 39], "uv_size": [-2, -14]},
								"up": {"uv": [68, 25], "uv_size": [2, 14]},
								"down": {"uv": [68, 25], "uv_size": [2, 14]}
							}
						},
						{
							"origin": [0.045, 26.8, 3.3],
							"size": [0.11, 0.05, 0.1],
							"inflate": -0.002,
							"pivot": [0.1, 26.7, 3.4],
							"rotation": [53, 0, 0],
							"uv": {
								"north": {"uv": [70, 39], "uv_size": [-2, -14]},
								"east": {"uv": [70, 39], "uv_size": [-2, -14]},
								"south": {"uv": [70, 39], "uv_size": [-2, -14]},
								"west": {"uv": [70, 39], "uv_size": [-2, -14]},
								"up": {"uv": [68, 25], "uv_size": [2, 14]},
								"down": {"uv": [68, 25], "uv_size": [2, 14]}
							}
						},
						{
							"origin": [0.045, 26.78, 3.3],
							"size": [0.1, 0.03, 0.1],
							"inflate": -0.002,
							"pivot": [0.1, 26.7, 3.4],
							"rotation": [53, 0, 0],
							"uv": {
								"north": {"uv": [70, 39], "uv_size": [-2, -14]},
								"east": {"uv": [70, 39], "uv_size": [-2, -14]},
								"south": {"uv": [70, 39], "uv_size": [-2, -14]},
								"west": {"uv": [70, 39], "uv_size": [-2, -14]},
								"up": {"uv": [68, 25], "uv_size": [2, 14]},
								"down": {"uv": [68, 25], "uv_size": [2, 14]}
							}
						},
						{
							"origin": [0.08, 26.67, 3.3],
							"size": [0.05, 0.04, 0.1],
							"inflate": -0.002,
							"pivot": [0.1, 26.7, 3.4],
							"rotation": [53, 0, 0],
							"uv": {
								"north": {"uv": [70, 39], "uv_size": [-2, -14]},
								"east": {"uv": [70, 39], "uv_size": [-2, -14]},
								"south": {"uv": [70, 39], "uv_size": [-2, -14]},
								"west": {"uv": [70, 39], "uv_size": [-2, -14]},
								"up": {"uv": [68, 25], "uv_size": [2, 14]},
								"down": {"uv": [68, 25], "uv_size": [2, 14]}
							}
						},
						{
							"origin": [4.647, 26.9, 2.85],
							"size": [0.3, 0.3, 0.6],
							"inflate": 0.001,
							"pivot": [3.06, 22.3, -9.3],
							"rotation": [0, 0, -45],
							"uv": {
								"north": {"uv": [50, 25], "uv_size": [-2, -2]},
								"east": {"uv": [50, 25], "uv_size": [-2, -2]},
								"south": {"uv": [50, 25], "uv_size": [-2, -2]},
								"west": {"uv": [50, 25], "uv_size": [-2, -2]},
								"up": {"uv": [48, 23], "uv_size": [2, 2]},
								"down": {"uv": [48, 23], "uv_size": [2, 2]}
							}
						},
						{
							"origin": [2.947, 26.9, 2.85],
							"size": [0.3, 0.3, 0.6],
							"inflate": 0.001,
							"pivot": [1.36, 22.3, -9.3],
							"rotation": [0, 0, -45],
							"uv": {
								"north": {"uv": [50, 25], "uv_size": [-2, -2]},
								"east": {"uv": [50, 25], "uv_size": [-2, -2]},
								"south": {"uv": [50, 25], "uv_size": [-2, -2]},
								"west": {"uv": [50, 25], "uv_size": [-2, -2]},
								"up": {"uv": [48, 23], "uv_size": [2, 2]},
								"down": {"uv": [48, 23], "uv_size": [2, 2]}
							}
						},
						{
							"origin": [-0.77, 26.8, 2.85],
							"size": [1.7, 0.3, 0.6],
							"inflate": 0.001,
							"uv": {
								"north": {"uv": [63, 89], "uv_size": [-3, -1]},
								"east": {"uv": [63, 87], "uv_size": [-3, -1]},
								"south": {"uv": [63, 89], "uv_size": [-3, -1]},
								"west": {"uv": [63, 87], "uv_size": [-3, -1]},
								"up": {"uv": [60, 86], "uv_size": [2, 1]},
								"down": {"uv": [60, 86], "uv_size": [3, 1]}
							}
						},
						{
							"origin": [-0.77, 26.2, -18.7],
							"size": [1.7, 0.6, 22.16],
							"inflate": 0.001,
							"uv": {
								"north": {"uv": [56, 97], "uv_size": [2, 1]},
								"east": {"uv": [56, 97], "uv_size": [2, 1]},
								"south": {"uv": [56, 97], "uv_size": [2, 1]},
								"west": {"uv": [56, 97], "uv_size": [2, 1]},
								"up": {"uv": [60, 86], "uv_size": [2, 1]},
								"down": {"uv": [58, 98], "uv_size": [-2, -1]}
							}
						},
						{
							"origin": [2.947, 26.9, 1.55],
							"size": [0.3, 0.3, 0.6],
							"inflate": 0.001,
							"pivot": [1.36, 22.3, -10.6],
							"rotation": [0, 0, -45],
							"uv": {
								"north": {"uv": [50, 25], "uv_size": [-2, -2]},
								"east": {"uv": [50, 25], "uv_size": [-2, -2]},
								"south": {"uv": [50, 25], "uv_size": [-2, -2]},
								"west": {"uv": [50, 25], "uv_size": [-2, -2]},
								"up": {"uv": [48, 23], "uv_size": [2, 2]},
								"down": {"uv": [48, 23], "uv_size": [2, 2]}
							}
						},
						{
							"origin": [-0.77, 26.8, 1.55],
							"size": [1.7, 0.3, 0.6],
							"inflate": 0.001,
							"uv": {
								"north": {"uv": [63, 89], "uv_size": [-3, -1]},
								"east": {"uv": [63, 87], "uv_size": [-3, -1]},
								"south": {"uv": [63, 89], "uv_size": [-3, -1]},
								"west": {"uv": [63, 87], "uv_size": [-3, -1]},
								"up": {"uv": [60, 86], "uv_size": [2, 1]},
								"down": {"uv": [60, 86], "uv_size": [3, 1]}
							}
						},
						{
							"origin": [4.647, 26.9, 1.55],
							"size": [0.3, 0.3, 0.6],
							"inflate": 0.001,
							"pivot": [3.06, 22.3, -10.6],
							"rotation": [0, 0, -45],
							"uv": {
								"north": {"uv": [50, 25], "uv_size": [-2, -2]},
								"east": {"uv": [50, 25], "uv_size": [-2, -2]},
								"south": {"uv": [50, 25], "uv_size": [-2, -2]},
								"west": {"uv": [50, 25], "uv_size": [-2, -2]},
								"up": {"uv": [48, 23], "uv_size": [2, 2]},
								"down": {"uv": [48, 23], "uv_size": [2, 2]}
							}
						},
						{
							"origin": [2.947, 26.9, 0.25],
							"size": [0.3, 0.3, 0.6],
							"inflate": 0.001,
							"pivot": [1.36, 22.3, -11.9],
							"rotation": [0, 0, -45],
							"uv": {
								"north": {"uv": [50, 25], "uv_size": [-2, -2]},
								"east": {"uv": [50, 25], "uv_size": [-2, -2]},
								"south": {"uv": [50, 25], "uv_size": [-2, -2]},
								"west": {"uv": [50, 25], "uv_size": [-2, -2]},
								"up": {"uv": [48, 23], "uv_size": [2, 2]},
								"down": {"uv": [48, 23], "uv_size": [2, 2]}
							}
						},
						{
							"origin": [-0.77, 26.8, 0.25],
							"size": [1.7, 0.3, 0.6],
							"inflate": 0.001,
							"uv": {
								"north": {"uv": [63, 89], "uv_size": [-3, -1]},
								"east": {"uv": [63, 87], "uv_size": [-3, -1]},
								"south": {"uv": [63, 89], "uv_size": [-3, -1]},
								"west": {"uv": [63, 87], "uv_size": [-3, -1]},
								"up": {"uv": [60, 86], "uv_size": [2, 1]},
								"down": {"uv": [60, 86], "uv_size": [3, 1]}
							}
						},
						{
							"origin": [4.647, 26.9, 0.25],
							"size": [0.3, 0.3, 0.6],
							"inflate": 0.001,
							"pivot": [3.06, 22.3, -11.9],
							"rotation": [0, 0, -45],
							"uv": {
								"north": {"uv": [50, 25], "uv_size": [-2, -2]},
								"east": {"uv": [50, 25], "uv_size": [-2, -2]},
								"south": {"uv": [50, 25], "uv_size": [-2, -2]},
								"west": {"uv": [50, 25], "uv_size": [-2, -2]},
								"up": {"uv": [48, 23], "uv_size": [2, 2]},
								"down": {"uv": [48, 23], "uv_size": [2, 2]}
							}
						},
						{
							"origin": [2.947, 26.9, -1.05],
							"size": [0.3, 0.3, 0.6],
							"inflate": 0.001,
							"pivot": [1.36, 22.3, -13.2],
							"rotation": [0, 0, -45],
							"uv": {
								"north": {"uv": [50, 25], "uv_size": [-2, -2]},
								"east": {"uv": [50, 25], "uv_size": [-2, -2]},
								"south": {"uv": [50, 25], "uv_size": [-2, -2]},
								"west": {"uv": [50, 25], "uv_size": [-2, -2]},
								"up": {"uv": [48, 23], "uv_size": [2, 2]},
								"down": {"uv": [48, 23], "uv_size": [2, 2]}
							}
						},
						{
							"origin": [-0.77, 26.8, -1.05],
							"size": [1.7, 0.3, 0.6],
							"inflate": 0.001,
							"uv": {
								"north": {"uv": [63, 89], "uv_size": [-3, -1]},
								"east": {"uv": [63, 87], "uv_size": [-3, -1]},
								"south": {"uv": [63, 89], "uv_size": [-3, -1]},
								"west": {"uv": [63, 87], "uv_size": [-3, -1]},
								"up": {"uv": [60, 86], "uv_size": [2, 1]},
								"down": {"uv": [60, 86], "uv_size": [3, 1]}
							}
						},
						{
							"origin": [4.647, 26.9, -1.05],
							"size": [0.3, 0.3, 0.6],
							"inflate": 0.001,
							"pivot": [3.06, 22.3, -13.2],
							"rotation": [0, 0, -45],
							"uv": {
								"north": {"uv": [50, 25], "uv_size": [-2, -2]},
								"east": {"uv": [50, 25], "uv_size": [-2, -2]},
								"south": {"uv": [50, 25], "uv_size": [-2, -2]},
								"west": {"uv": [50, 25], "uv_size": [-2, -2]},
								"up": {"uv": [48, 23], "uv_size": [2, 2]},
								"down": {"uv": [48, 23], "uv_size": [2, 2]}
							}
						},
						{
							"origin": [2.947, 26.9, -2.35],
							"size": [0.3, 0.3, 0.6],
							"inflate": 0.001,
							"pivot": [1.36, 22.3, -14.5],
							"rotation": [0, 0, -45],
							"uv": {
								"north": {"uv": [50, 25], "uv_size": [-2, -2]},
								"east": {"uv": [50, 25], "uv_size": [-2, -2]},
								"south": {"uv": [50, 25], "uv_size": [-2, -2]},
								"west": {"uv": [50, 25], "uv_size": [-2, -2]},
								"up": {"uv": [48, 23], "uv_size": [2, 2]},
								"down": {"uv": [48, 23], "uv_size": [2, 2]}
							}
						},
						{
							"origin": [-0.77, 26.8, -2.35],
							"size": [1.7, 0.3, 0.6],
							"inflate": 0.001,
							"uv": {
								"north": {"uv": [63, 89], "uv_size": [-3, -1]},
								"east": {"uv": [63, 87], "uv_size": [-3, -1]},
								"south": {"uv": [63, 89], "uv_size": [-3, -1]},
								"west": {"uv": [63, 87], "uv_size": [-3, -1]},
								"up": {"uv": [60, 86], "uv_size": [2, 1]},
								"down": {"uv": [60, 86], "uv_size": [3, 1]}
							}
						},
						{
							"origin": [4.647, 26.9, -2.35],
							"size": [0.3, 0.3, 0.6],
							"inflate": 0.001,
							"pivot": [3.06, 22.3, -14.5],
							"rotation": [0, 0, -45],
							"uv": {
								"north": {"uv": [50, 25], "uv_size": [-2, -2]},
								"east": {"uv": [50, 25], "uv_size": [-2, -2]},
								"south": {"uv": [50, 25], "uv_size": [-2, -2]},
								"west": {"uv": [50, 25], "uv_size": [-2, -2]},
								"up": {"uv": [48, 23], "uv_size": [2, 2]},
								"down": {"uv": [48, 23], "uv_size": [2, 2]}
							}
						},
						{
							"origin": [2.947, 26.9, -3.65],
							"size": [0.3, 0.3, 0.6],
							"inflate": 0.001,
							"pivot": [1.36, 22.3, -15.8],
							"rotation": [0, 0, -45],
							"uv": {
								"north": {"uv": [50, 25], "uv_size": [-2, -2]},
								"east": {"uv": [50, 25], "uv_size": [-2, -2]},
								"south": {"uv": [50, 25], "uv_size": [-2, -2]},
								"west": {"uv": [50, 25], "uv_size": [-2, -2]},
								"up": {"uv": [48, 23], "uv_size": [2, 2]},
								"down": {"uv": [48, 23], "uv_size": [2, 2]}
							}
						},
						{
							"origin": [-0.77, 26.8, -3.65],
							"size": [1.7, 0.3, 0.6],
							"inflate": 0.001,
							"uv": {
								"north": {"uv": [63, 89], "uv_size": [-3, -1]},
								"east": {"uv": [63, 87], "uv_size": [-3, -1]},
								"south": {"uv": [63, 89], "uv_size": [-3, -1]},
								"west": {"uv": [63, 87], "uv_size": [-3, -1]},
								"up": {"uv": [60, 86], "uv_size": [2, 1]},
								"down": {"uv": [60, 86], "uv_size": [3, 1]}
							}
						},
						{
							"origin": [4.647, 26.9, -3.65],
							"size": [0.3, 0.3, 0.6],
							"inflate": 0.001,
							"pivot": [3.06, 22.3, -15.8],
							"rotation": [0, 0, -45],
							"uv": {
								"north": {"uv": [50, 25], "uv_size": [-2, -2]},
								"east": {"uv": [50, 25], "uv_size": [-2, -2]},
								"south": {"uv": [50, 25], "uv_size": [-2, -2]},
								"west": {"uv": [50, 25], "uv_size": [-2, -2]},
								"up": {"uv": [48, 23], "uv_size": [2, 2]},
								"down": {"uv": [48, 23], "uv_size": [2, 2]}
							}
						},
						{
							"origin": [2.947, 26.9, -4.95],
							"size": [0.3, 0.3, 0.6],
							"inflate": 0.001,
							"pivot": [1.36, 22.3, -17.1],
							"rotation": [0, 0, -45],
							"uv": {
								"north": {"uv": [50, 25], "uv_size": [-2, -2]},
								"east": {"uv": [50, 25], "uv_size": [-2, -2]},
								"south": {"uv": [50, 25], "uv_size": [-2, -2]},
								"west": {"uv": [50, 25], "uv_size": [-2, -2]},
								"up": {"uv": [48, 23], "uv_size": [2, 2]},
								"down": {"uv": [48, 23], "uv_size": [2, 2]}
							}
						},
						{
							"origin": [-0.77, 26.8, -4.95],
							"size": [1.7, 0.3, 0.6],
							"inflate": 0.001,
							"uv": {
								"north": {"uv": [63, 89], "uv_size": [-3, -1]},
								"east": {"uv": [63, 87], "uv_size": [-3, -1]},
								"south": {"uv": [63, 89], "uv_size": [-3, -1]},
								"west": {"uv": [63, 87], "uv_size": [-3, -1]},
								"up": {"uv": [60, 86], "uv_size": [2, 1]},
								"down": {"uv": [60, 86], "uv_size": [3, 1]}
							}
						},
						{
							"origin": [4.647, 26.9, -4.95],
							"size": [0.3, 0.3, 0.6],
							"inflate": 0.001,
							"pivot": [3.06, 22.3, -17.1],
							"rotation": [0, 0, -45],
							"uv": {
								"north": {"uv": [50, 25], "uv_size": [-2, -2]},
								"east": {"uv": [50, 25], "uv_size": [-2, -2]},
								"south": {"uv": [50, 25], "uv_size": [-2, -2]},
								"west": {"uv": [50, 25], "uv_size": [-2, -2]},
								"up": {"uv": [48, 23], "uv_size": [2, 2]},
								"down": {"uv": [48, 23], "uv_size": [2, 2]}
							}
						},
						{
							"origin": [2.947, 26.9, -6.25],
							"size": [0.3, 0.3, 0.6],
							"inflate": 0.001,
							"pivot": [1.36, 22.3, -18.4],
							"rotation": [0, 0, -45],
							"uv": {
								"north": {"uv": [50, 25], "uv_size": [-2, -2]},
								"east": {"uv": [50, 25], "uv_size": [-2, -2]},
								"south": {"uv": [50, 25], "uv_size": [-2, -2]},
								"west": {"uv": [50, 25], "uv_size": [-2, -2]},
								"up": {"uv": [48, 23], "uv_size": [2, 2]},
								"down": {"uv": [48, 23], "uv_size": [2, 2]}
							}
						},
						{
							"origin": [-0.77, 26.8, -6.25],
							"size": [1.7, 0.3, 0.6],
							"inflate": 0.001,
							"uv": {
								"north": {"uv": [63, 89], "uv_size": [-3, -1]},
								"east": {"uv": [63, 87], "uv_size": [-3, -1]},
								"south": {"uv": [63, 89], "uv_size": [-3, -1]},
								"west": {"uv": [63, 87], "uv_size": [-3, -1]},
								"up": {"uv": [60, 86], "uv_size": [2, 1]},
								"down": {"uv": [60, 86], "uv_size": [3, 1]}
							}
						},
						{
							"origin": [4.647, 26.9, -6.25],
							"size": [0.3, 0.3, 0.6],
							"inflate": 0.001,
							"pivot": [3.06, 22.3, -18.4],
							"rotation": [0, 0, -45],
							"uv": {
								"north": {"uv": [50, 25], "uv_size": [-2, -2]},
								"east": {"uv": [50, 25], "uv_size": [-2, -2]},
								"south": {"uv": [50, 25], "uv_size": [-2, -2]},
								"west": {"uv": [50, 25], "uv_size": [-2, -2]},
								"up": {"uv": [48, 23], "uv_size": [2, 2]},
								"down": {"uv": [48, 23], "uv_size": [2, 2]}
							}
						},
						{
							"origin": [2.947, 26.9, -7.55],
							"size": [0.3, 0.3, 0.6],
							"inflate": 0.001,
							"pivot": [1.36, 22.3, -19.7],
							"rotation": [0, 0, -45],
							"uv": {
								"north": {"uv": [50, 25], "uv_size": [-2, -2]},
								"east": {"uv": [50, 25], "uv_size": [-2, -2]},
								"south": {"uv": [50, 25], "uv_size": [-2, -2]},
								"west": {"uv": [50, 25], "uv_size": [-2, -2]},
								"up": {"uv": [48, 23], "uv_size": [2, 2]},
								"down": {"uv": [48, 23], "uv_size": [2, 2]}
							}
						},
						{
							"origin": [-0.77, 26.8, -7.55],
							"size": [1.7, 0.3, 0.6],
							"inflate": 0.001,
							"uv": {
								"north": {"uv": [63, 89], "uv_size": [-3, -1]},
								"east": {"uv": [63, 87], "uv_size": [-3, -1]},
								"south": {"uv": [63, 89], "uv_size": [-3, -1]},
								"west": {"uv": [63, 87], "uv_size": [-3, -1]},
								"up": {"uv": [60, 86], "uv_size": [2, 1]},
								"down": {"uv": [60, 86], "uv_size": [3, 1]}
							}
						},
						{
							"origin": [4.647, 26.9, -7.55],
							"size": [0.3, 0.3, 0.6],
							"inflate": 0.001,
							"pivot": [3.06, 22.3, -19.7],
							"rotation": [0, 0, -45],
							"uv": {
								"north": {"uv": [50, 25], "uv_size": [-2, -2]},
								"east": {"uv": [50, 25], "uv_size": [-2, -2]},
								"south": {"uv": [50, 25], "uv_size": [-2, -2]},
								"west": {"uv": [50, 25], "uv_size": [-2, -2]},
								"up": {"uv": [48, 23], "uv_size": [2, 2]},
								"down": {"uv": [48, 23], "uv_size": [2, 2]}
							}
						},
						{
							"origin": [2.947, 26.9, -8.85],
							"size": [0.3, 0.3, 0.6],
							"inflate": 0.001,
							"pivot": [1.36, 22.3, -21],
							"rotation": [0, 0, -45],
							"uv": {
								"north": {"uv": [50, 25], "uv_size": [-2, -2]},
								"east": {"uv": [50, 25], "uv_size": [-2, -2]},
								"south": {"uv": [50, 25], "uv_size": [-2, -2]},
								"west": {"uv": [50, 25], "uv_size": [-2, -2]},
								"up": {"uv": [48, 23], "uv_size": [2, 2]},
								"down": {"uv": [48, 23], "uv_size": [2, 2]}
							}
						},
						{
							"origin": [-0.77, 26.8, -8.85],
							"size": [1.7, 0.3, 0.6],
							"inflate": 0.001,
							"uv": {
								"north": {"uv": [63, 89], "uv_size": [-3, -1]},
								"east": {"uv": [63, 87], "uv_size": [-3, -1]},
								"south": {"uv": [63, 89], "uv_size": [-3, -1]},
								"west": {"uv": [63, 87], "uv_size": [-3, -1]},
								"up": {"uv": [60, 86], "uv_size": [2, 1]},
								"down": {"uv": [60, 86], "uv_size": [3, 1]}
							}
						},
						{
							"origin": [4.647, 26.9, -8.85],
							"size": [0.3, 0.3, 0.6],
							"inflate": 0.001,
							"pivot": [3.06, 22.3, -21],
							"rotation": [0, 0, -45],
							"uv": {
								"north": {"uv": [50, 25], "uv_size": [-2, -2]},
								"east": {"uv": [50, 25], "uv_size": [-2, -2]},
								"south": {"uv": [50, 25], "uv_size": [-2, -2]},
								"west": {"uv": [50, 25], "uv_size": [-2, -2]},
								"up": {"uv": [48, 23], "uv_size": [2, 2]},
								"down": {"uv": [48, 23], "uv_size": [2, 2]}
							}
						},
						{
							"origin": [-0.77, 26.8, -10.15],
							"size": [1.7, 0.3, 0.6],
							"inflate": 0.001,
							"uv": {
								"north": {"uv": [63, 89], "uv_size": [-3, -1]},
								"east": {"uv": [63, 87], "uv_size": [-3, -1]},
								"south": {"uv": [63, 89], "uv_size": [-3, -1]},
								"west": {"uv": [63, 87], "uv_size": [-3, -1]},
								"up": {"uv": [60, 86], "uv_size": [2, 1]},
								"down": {"uv": [60, 86], "uv_size": [3, 1]}
							}
						},
						{
							"origin": [2.947, 26.9, -10.15],
							"size": [0.3, 0.3, 0.6],
							"inflate": 0.001,
							"pivot": [1.36, 22.3, -22.3],
							"rotation": [0, 0, -45],
							"uv": {
								"north": {"uv": [50, 25], "uv_size": [-2, -2]},
								"east": {"uv": [50, 25], "uv_size": [-2, -2]},
								"south": {"uv": [50, 25], "uv_size": [-2, -2]},
								"west": {"uv": [50, 25], "uv_size": [-2, -2]},
								"up": {"uv": [48, 23], "uv_size": [2, 2]},
								"down": {"uv": [48, 23], "uv_size": [2, 2]}
							}
						},
						{
							"origin": [4.647, 26.9, -10.15],
							"size": [0.3, 0.3, 0.6],
							"inflate": 0.001,
							"pivot": [3.06, 22.3, -22.3],
							"rotation": [0, 0, -45],
							"uv": {
								"north": {"uv": [50, 25], "uv_size": [-2, -2]},
								"east": {"uv": [50, 25], "uv_size": [-2, -2]},
								"south": {"uv": [50, 25], "uv_size": [-2, -2]},
								"west": {"uv": [50, 25], "uv_size": [-2, -2]},
								"up": {"uv": [48, 23], "uv_size": [2, 2]},
								"down": {"uv": [48, 23], "uv_size": [2, 2]}
							}
						},
						{
							"origin": [-0.77, 26.8, -11.45],
							"size": [1.7, 0.3, 0.6],
							"inflate": 0.001,
							"uv": {
								"north": {"uv": [63, 89], "uv_size": [-3, -1]},
								"east": {"uv": [63, 87], "uv_size": [-3, -1]},
								"south": {"uv": [63, 89], "uv_size": [-3, -1]},
								"west": {"uv": [63, 87], "uv_size": [-3, -1]},
								"up": {"uv": [60, 86], "uv_size": [2, 1]},
								"down": {"uv": [60, 86], "uv_size": [3, 1]}
							}
						},
						{
							"origin": [2.947, 26.9, -11.45],
							"size": [0.3, 0.3, 0.6],
							"inflate": 0.001,
							"pivot": [1.36, 22.3, -23.6],
							"rotation": [0, 0, -45],
							"uv": {
								"north": {"uv": [50, 25], "uv_size": [-2, -2]},
								"east": {"uv": [50, 25], "uv_size": [-2, -2]},
								"south": {"uv": [50, 25], "uv_size": [-2, -2]},
								"west": {"uv": [50, 25], "uv_size": [-2, -2]},
								"up": {"uv": [48, 23], "uv_size": [2, 2]},
								"down": {"uv": [48, 23], "uv_size": [2, 2]}
							}
						},
						{
							"origin": [4.647, 26.9, -11.45],
							"size": [0.3, 0.3, 0.6],
							"inflate": 0.001,
							"pivot": [3.06, 22.3, -23.6],
							"rotation": [0, 0, -45],
							"uv": {
								"north": {"uv": [50, 25], "uv_size": [-2, -2]},
								"east": {"uv": [50, 25], "uv_size": [-2, -2]},
								"south": {"uv": [50, 25], "uv_size": [-2, -2]},
								"west": {"uv": [50, 25], "uv_size": [-2, -2]},
								"up": {"uv": [48, 23], "uv_size": [2, 2]},
								"down": {"uv": [48, 23], "uv_size": [2, 2]}
							}
						},
						{
							"origin": [-0.77, 26.8, -12.75],
							"size": [1.7, 0.3, 0.6],
							"inflate": 0.001,
							"uv": {
								"north": {"uv": [63, 89], "uv_size": [-3, -1]},
								"east": {"uv": [63, 87], "uv_size": [-3, -1]},
								"south": {"uv": [63, 89], "uv_size": [-3, -1]},
								"west": {"uv": [63, 87], "uv_size": [-3, -1]},
								"up": {"uv": [60, 86], "uv_size": [2, 1]},
								"down": {"uv": [60, 86], "uv_size": [3, 1]}
							}
						},
						{
							"origin": [2.947, 26.9, -12.75],
							"size": [0.3, 0.3, 0.6],
							"inflate": 0.001,
							"pivot": [1.36, 22.3, -24.9],
							"rotation": [0, 0, -45],
							"uv": {
								"north": {"uv": [50, 25], "uv_size": [-2, -2]},
								"east": {"uv": [50, 25], "uv_size": [-2, -2]},
								"south": {"uv": [50, 25], "uv_size": [-2, -2]},
								"west": {"uv": [50, 25], "uv_size": [-2, -2]},
								"up": {"uv": [48, 23], "uv_size": [2, 2]},
								"down": {"uv": [48, 23], "uv_size": [2, 2]}
							}
						},
						{
							"origin": [4.647, 26.9, -12.75],
							"size": [0.3, 0.3, 0.6],
							"inflate": 0.001,
							"pivot": [3.06, 22.3, -24.9],
							"rotation": [0, 0, -45],
							"uv": {
								"north": {"uv": [50, 25], "uv_size": [-2, -2]},
								"east": {"uv": [50, 25], "uv_size": [-2, -2]},
								"south": {"uv": [50, 25], "uv_size": [-2, -2]},
								"west": {"uv": [50, 25], "uv_size": [-2, -2]},
								"up": {"uv": [48, 23], "uv_size": [2, 2]},
								"down": {"uv": [48, 23], "uv_size": [2, 2]}
							}
						},
						{
							"origin": [-0.77, 26.8, -14.05],
							"size": [1.7, 0.3, 0.6],
							"inflate": 0.001,
							"uv": {
								"north": {"uv": [63, 89], "uv_size": [-3, -1]},
								"east": {"uv": [63, 87], "uv_size": [-3, -1]},
								"south": {"uv": [63, 89], "uv_size": [-3, -1]},
								"west": {"uv": [63, 87], "uv_size": [-3, -1]},
								"up": {"uv": [60, 86], "uv_size": [2, 1]},
								"down": {"uv": [60, 86], "uv_size": [3, 1]}
							}
						},
						{
							"origin": [2.947, 26.9, -14.05],
							"size": [0.3, 0.3, 0.6],
							"inflate": 0.001,
							"pivot": [1.36, 22.3, -26.2],
							"rotation": [0, 0, -45],
							"uv": {
								"north": {"uv": [50, 25], "uv_size": [-2, -2]},
								"east": {"uv": [50, 25], "uv_size": [-2, -2]},
								"south": {"uv": [50, 25], "uv_size": [-2, -2]},
								"west": {"uv": [50, 25], "uv_size": [-2, -2]},
								"up": {"uv": [48, 23], "uv_size": [2, 2]},
								"down": {"uv": [48, 23], "uv_size": [2, 2]}
							}
						},
						{
							"origin": [4.647, 26.9, -14.05],
							"size": [0.3, 0.3, 0.6],
							"inflate": 0.001,
							"pivot": [3.06, 22.3, -26.2],
							"rotation": [0, 0, -45],
							"uv": {
								"north": {"uv": [50, 25], "uv_size": [-2, -2]},
								"east": {"uv": [50, 25], "uv_size": [-2, -2]},
								"south": {"uv": [50, 25], "uv_size": [-2, -2]},
								"west": {"uv": [50, 25], "uv_size": [-2, -2]},
								"up": {"uv": [48, 23], "uv_size": [2, 2]},
								"down": {"uv": [48, 23], "uv_size": [2, 2]}
							}
						},
						{
							"origin": [-0.77, 26.8, -15.35],
							"size": [1.7, 0.3, 0.6],
							"inflate": 0.001,
							"uv": {
								"north": {"uv": [63, 89], "uv_size": [-3, -1]},
								"east": {"uv": [63, 87], "uv_size": [-3, -1]},
								"south": {"uv": [63, 89], "uv_size": [-3, -1]},
								"west": {"uv": [63, 87], "uv_size": [-3, -1]},
								"up": {"uv": [60, 86], "uv_size": [2, 1]},
								"down": {"uv": [60, 86], "uv_size": [3, 1]}
							}
						},
						{
							"origin": [2.947, 26.9, -15.35],
							"size": [0.3, 0.3, 0.6],
							"inflate": 0.001,
							"pivot": [1.36, 22.3, -27.5],
							"rotation": [0, 0, -45],
							"uv": {
								"north": {"uv": [50, 25], "uv_size": [-2, -2]},
								"east": {"uv": [50, 25], "uv_size": [-2, -2]},
								"south": {"uv": [50, 25], "uv_size": [-2, -2]},
								"west": {"uv": [50, 25], "uv_size": [-2, -2]},
								"up": {"uv": [48, 23], "uv_size": [2, 2]},
								"down": {"uv": [48, 23], "uv_size": [2, 2]}
							}
						},
						{
							"origin": [4.647, 26.9, -15.35],
							"size": [0.3, 0.3, 0.6],
							"inflate": 0.001,
							"pivot": [3.06, 22.3, -27.5],
							"rotation": [0, 0, -45],
							"uv": {
								"north": {"uv": [50, 25], "uv_size": [-2, -2]},
								"east": {"uv": [50, 25], "uv_size": [-2, -2]},
								"south": {"uv": [50, 25], "uv_size": [-2, -2]},
								"west": {"uv": [50, 25], "uv_size": [-2, -2]},
								"up": {"uv": [48, 23], "uv_size": [2, 2]},
								"down": {"uv": [48, 23], "uv_size": [2, 2]}
							}
						},
						{
							"origin": [-0.77, 26.8, -16.65],
							"size": [1.7, 0.3, 0.6],
							"inflate": 0.001,
							"uv": {
								"north": {"uv": [63, 89], "uv_size": [-3, -1]},
								"east": {"uv": [63, 87], "uv_size": [-3, -1]},
								"south": {"uv": [63, 89], "uv_size": [-3, -1]},
								"west": {"uv": [63, 87], "uv_size": [-3, -1]},
								"up": {"uv": [60, 86], "uv_size": [2, 1]},
								"down": {"uv": [60, 86], "uv_size": [3, 1]}
							}
						},
						{
							"origin": [2.947, 26.9, -16.65],
							"size": [0.3, 0.3, 0.6],
							"inflate": 0.001,
							"pivot": [1.36, 22.3, -28.8],
							"rotation": [0, 0, -45],
							"uv": {
								"north": {"uv": [50, 25], "uv_size": [-2, -2]},
								"east": {"uv": [50, 25], "uv_size": [-2, -2]},
								"south": {"uv": [50, 25], "uv_size": [-2, -2]},
								"west": {"uv": [50, 25], "uv_size": [-2, -2]},
								"up": {"uv": [48, 23], "uv_size": [2, 2]},
								"down": {"uv": [48, 23], "uv_size": [2, 2]}
							}
						},
						{
							"origin": [4.647, 26.9, -16.65],
							"size": [0.3, 0.3, 0.6],
							"inflate": 0.001,
							"pivot": [3.06, 22.3, -28.8],
							"rotation": [0, 0, -45],
							"uv": {
								"north": {"uv": [50, 25], "uv_size": [-2, -2]},
								"east": {"uv": [50, 25], "uv_size": [-2, -2]},
								"south": {"uv": [50, 25], "uv_size": [-2, -2]},
								"west": {"uv": [50, 25], "uv_size": [-2, -2]},
								"up": {"uv": [48, 23], "uv_size": [2, 2]},
								"down": {"uv": [48, 23], "uv_size": [2, 2]}
							}
						},
						{
							"origin": [-0.77, 26.8, -17.95],
							"size": [1.7, 0.3, 0.6],
							"inflate": 0.001,
							"uv": {
								"north": {"uv": [63, 89], "uv_size": [-3, -1]},
								"east": {"uv": [63, 87], "uv_size": [-3, -1]},
								"south": {"uv": [63, 89], "uv_size": [-3, -1]},
								"west": {"uv": [63, 87], "uv_size": [-3, -1]},
								"up": {"uv": [60, 86], "uv_size": [2, 1]},
								"down": {"uv": [60, 86], "uv_size": [3, 1]}
							}
						},
						{
							"origin": [2.947, 26.9, -17.95],
							"size": [0.3, 0.3, 0.6],
							"inflate": 0.001,
							"pivot": [1.36, 22.3, -30.1],
							"rotation": [0, 0, -45],
							"uv": {
								"north": {"uv": [50, 25], "uv_size": [-2, -2]},
								"east": {"uv": [50, 25], "uv_size": [-2, -2]},
								"south": {"uv": [50, 25], "uv_size": [-2, -2]},
								"west": {"uv": [50, 25], "uv_size": [-2, -2]},
								"up": {"uv": [48, 23], "uv_size": [2, 2]},
								"down": {"uv": [48, 23], "uv_size": [2, 2]}
							}
						},
						{
							"origin": [4.647, 26.9, -17.95],
							"size": [0.3, 0.3, 0.6],
							"inflate": 0.001,
							"pivot": [3.06, 22.3, -30.1],
							"rotation": [0, 0, -45],
							"uv": {
								"north": {"uv": [50, 25], "uv_size": [-2, -2]},
								"east": {"uv": [50, 25], "uv_size": [-2, -2]},
								"south": {"uv": [50, 25], "uv_size": [-2, -2]},
								"west": {"uv": [50, 25], "uv_size": [-2, -2]},
								"up": {"uv": [48, 23], "uv_size": [2, 2]},
								"down": {"uv": [48, 23], "uv_size": [2, 2]}
							}
						}
					]
				},
				{
					"name": "_ca_dustcover",
					"parent": "main",
					"pivot": [-0.1, 22.75, -7.825],
					"cubes": [
						{"origin": [-0.35, 24.05, -0.025], "size": [1, 1, 1], "uv": [32, 4]}
					]
				}
			]
		}
	]
}