{
	"format_version": "1.12.0",
	"minecraft:geometry": [
		{
			"description": {
				"identifier": "geometry.unknown",
				"texture_width": 256,
				"texture_height": 256,
				"visible_bounds_width": 11,
				"visible_bounds_height": 4,
				"visible_bounds_offset": [0, 1, 0]
			},
			"bones": [
				{
					"name": "main",
					"pivot": [0, 20, 0]
				},
				{
					"name": "_ca_dustcover",
					"parent": "main",
					"pivot": [-0.2, 27.25, -18.2],
					"cubes": [
						{
							"origin": [-0.45, 28.55, -10.4],
							"size": [1, 1, 1],
							"uv": {
								"north": {"uv": [250, 84], "uv_size": [2, 2]},
								"east": {"uv": [86, 250], "uv_size": [2, 2]},
								"south": {"uv": [250, 86], "uv_size": [2, 2]},
								"west": {"uv": [88, 250], "uv_size": [2, 2]},
								"up": {"uv": [250, 88], "uv_size": [2, 2]},
								"down": {"uv": [90, 252], "uv_size": [2, -2]}
							}
						}
					]
				},
				{
					"name": "rail",
					"parent": "main",
					"pivot": [-1.15, 24.2, -9.1],
					"cubes": [
						{
							"origin": [4.647, 29.5, -4.15],
							"size": [0.3, 0.3, 0.6],
							"inflate": 0.001,
							"pivot": [3.06, 24.9, -16.3],
							"rotation": [0, 0, -45],
							"uv": {
								"north": {"uv": [58, 169], "uv_size": [1, 1]},
								"east": {"uv": [59, 169], "uv_size": [1, 1]},
								"south": {"uv": [169, 59], "uv_size": [1, 1]},
								"west": {"uv": [60, 169], "uv_size": [1, 1]},
								"up": {"uv": [169, 60], "uv_size": [1, 1]},
								"down": {"uv": [61, 170], "uv_size": [1, -1]}
							}
						},
						{
							"origin": [0.43, 29.4, -4.15],
							"size": [0.5, 0.3, 0.6],
							"inflate": 0.001,
							"uv": {
								"north": {"uv": [169, 61], "uv_size": [1, 1]},
								"east": {"uv": [62, 169], "uv_size": [1, 1]},
								"south": {"uv": [169, 62], "uv_size": [1, 1]},
								"west": {"uv": [63, 169], "uv_size": [1, 1]},
								"up": {"uv": [169, 63], "uv_size": [1, 1]},
								"down": {"uv": [64, 170], "uv_size": [1, -1]}
							}
						},
						{
							"origin": [2.947, 29.5, -4.15],
							"size": [0.3, 0.3, 0.6],
							"inflate": 0.001,
							"pivot": [1.36, 24.9, -16.3],
							"rotation": [0, 0, -45],
							"uv": {
								"north": {"uv": [169, 64], "uv_size": [1, 1]},
								"east": {"uv": [65, 169], "uv_size": [1, 1]},
								"south": {"uv": [66, 169], "uv_size": [1, 1]},
								"west": {"uv": [67, 169], "uv_size": [1, 1]},
								"up": {"uv": [68, 169], "uv_size": [1, 1]},
								"down": {"uv": [69, 170], "uv_size": [1, -1]}
							}
						},
						{
							"origin": [4.647, 29.5, -5.45],
							"size": [0.3, 0.3, 0.6],
							"inflate": 0.001,
							"pivot": [3.06, 24.9, -17.6],
							"rotation": [0, 0, -45],
							"uv": {
								"north": {"uv": [70, 169], "uv_size": [1, 1]},
								"east": {"uv": [169, 70], "uv_size": [1, 1]},
								"south": {"uv": [71, 169], "uv_size": [1, 1]},
								"west": {"uv": [169, 71], "uv_size": [1, 1]},
								"up": {"uv": [72, 169], "uv_size": [1, 1]},
								"down": {"uv": [169, 73], "uv_size": [1, -1]}
							}
						},
						{
							"origin": [2.947, 29.5, -5.45],
							"size": [0.3, 0.3, 0.6],
							"inflate": 0.001,
							"pivot": [1.36, 24.9, -17.6],
							"rotation": [0, 0, -45],
							"uv": {
								"north": {"uv": [73, 169], "uv_size": [1, 1]},
								"east": {"uv": [169, 73], "uv_size": [1, 1]},
								"south": {"uv": [74, 169], "uv_size": [1, 1]},
								"west": {"uv": [169, 74], "uv_size": [1, 1]},
								"up": {"uv": [75, 169], "uv_size": [1, 1]},
								"down": {"uv": [169, 76], "uv_size": [1, -1]}
							}
						},
						{
							"origin": [0.43, 29.4, -5.45],
							"size": [0.5, 0.3, 0.6],
							"inflate": 0.001,
							"uv": {
								"north": {"uv": [76, 169], "uv_size": [1, 1]},
								"east": {"uv": [77, 169], "uv_size": [1, 1]},
								"south": {"uv": [169, 77], "uv_size": [1, 1]},
								"west": {"uv": [78, 169], "uv_size": [1, 1]},
								"up": {"uv": [169, 78], "uv_size": [1, 1]},
								"down": {"uv": [79, 170], "uv_size": [1, -1]}
							}
						},
						{
							"origin": [4.647, 29.5, -6.75],
							"size": [0.3, 0.3, 0.6],
							"inflate": 0.001,
							"pivot": [3.06, 24.9, -18.9],
							"rotation": [0, 0, -45],
							"uv": {
								"north": {"uv": [169, 79], "uv_size": [1, 1]},
								"east": {"uv": [80, 169], "uv_size": [1, 1]},
								"south": {"uv": [169, 80], "uv_size": [1, 1]},
								"west": {"uv": [81, 169], "uv_size": [1, 1]},
								"up": {"uv": [169, 81], "uv_size": [1, 1]},
								"down": {"uv": [82, 170], "uv_size": [1, -1]}
							}
						},
						{
							"origin": [0.43, 29.4, -6.75],
							"size": [0.5, 0.3, 0.6],
							"inflate": 0.001,
							"uv": {
								"north": {"uv": [169, 82], "uv_size": [1, 1]},
								"east": {"uv": [83, 169], "uv_size": [1, 1]},
								"south": {"uv": [169, 83], "uv_size": [1, 1]},
								"west": {"uv": [84, 169], "uv_size": [1, 1]},
								"up": {"uv": [169, 84], "uv_size": [1, 1]},
								"down": {"uv": [85, 170], "uv_size": [1, -1]}
							}
						},
						{
							"origin": [2.947, 29.5, -6.75],
							"size": [0.3, 0.3, 0.6],
							"inflate": 0.001,
							"pivot": [1.36, 24.9, -18.9],
							"rotation": [0, 0, -45],
							"uv": {
								"north": {"uv": [169, 85], "uv_size": [1, 1]},
								"east": {"uv": [86, 169], "uv_size": [1, 1]},
								"south": {"uv": [169, 86], "uv_size": [1, 1]},
								"west": {"uv": [87, 169], "uv_size": [1, 1]},
								"up": {"uv": [169, 87], "uv_size": [1, 1]},
								"down": {"uv": [88, 170], "uv_size": [1, -1]}
							}
						},
						{
							"origin": [4.647, 29.5, -8.05],
							"size": [0.3, 0.3, 0.6],
							"inflate": 0.001,
							"pivot": [3.06, 24.9, -20.2],
							"rotation": [0, 0, -45],
							"uv": {
								"north": {"uv": [169, 88], "uv_size": [1, 1]},
								"east": {"uv": [89, 169], "uv_size": [1, 1]},
								"south": {"uv": [169, 89], "uv_size": [1, 1]},
								"west": {"uv": [90, 169], "uv_size": [1, 1]},
								"up": {"uv": [169, 90], "uv_size": [1, 1]},
								"down": {"uv": [91, 170], "uv_size": [1, -1]}
							}
						},
						{
							"origin": [2.947, 29.5, -8.05],
							"size": [0.3, 0.3, 0.6],
							"inflate": 0.001,
							"pivot": [1.36, 24.9, -20.2],
							"rotation": [0, 0, -45],
							"uv": {
								"north": {"uv": [169, 91], "uv_size": [1, 1]},
								"east": {"uv": [92, 169], "uv_size": [1, 1]},
								"south": {"uv": [169, 92], "uv_size": [1, 1]},
								"west": {"uv": [93, 169], "uv_size": [1, 1]},
								"up": {"uv": [169, 93], "uv_size": [1, 1]},
								"down": {"uv": [94, 170], "uv_size": [1, -1]}
							}
						},
						{
							"origin": [0.43, 29.4, -8.05],
							"size": [0.5, 0.3, 0.6],
							"inflate": 0.001,
							"uv": {
								"north": {"uv": [169, 94], "uv_size": [1, 1]},
								"east": {"uv": [95, 169], "uv_size": [1, 1]},
								"south": {"uv": [169, 95], "uv_size": [1, 1]},
								"west": {"uv": [96, 169], "uv_size": [1, 1]},
								"up": {"uv": [169, 96], "uv_size": [1, 1]},
								"down": {"uv": [97, 170], "uv_size": [1, -1]}
							}
						},
						{
							"origin": [4.647, 29.5, -9.35],
							"size": [0.3, 0.3, 0.6],
							"inflate": 0.001,
							"pivot": [3.06, 24.9, -21.5],
							"rotation": [0, 0, -45],
							"uv": {
								"north": {"uv": [169, 97], "uv_size": [1, 1]},
								"east": {"uv": [98, 169], "uv_size": [1, 1]},
								"south": {"uv": [169, 98], "uv_size": [1, 1]},
								"west": {"uv": [99, 169], "uv_size": [1, 1]},
								"up": {"uv": [169, 99], "uv_size": [1, 1]},
								"down": {"uv": [100, 170], "uv_size": [1, -1]}
							}
						},
						{
							"origin": [0.43, 29.4, -9.35],
							"size": [0.5, 0.3, 0.6],
							"inflate": 0.001,
							"uv": {
								"north": {"uv": [169, 100], "uv_size": [1, 1]},
								"east": {"uv": [101, 169], "uv_size": [1, 1]},
								"south": {"uv": [169, 101], "uv_size": [1, 1]},
								"west": {"uv": [102, 169], "uv_size": [1, 1]},
								"up": {"uv": [169, 102], "uv_size": [1, 1]},
								"down": {"uv": [103, 170], "uv_size": [1, -1]}
							}
						},
						{
							"origin": [2.947, 29.5, -9.35],
							"size": [0.3, 0.3, 0.6],
							"inflate": 0.001,
							"pivot": [1.36, 24.9, -21.5],
							"rotation": [0, 0, -45],
							"uv": {
								"north": {"uv": [169, 103], "uv_size": [1, 1]},
								"east": {"uv": [104, 169], "uv_size": [1, 1]},
								"south": {"uv": [169, 104], "uv_size": [1, 1]},
								"west": {"uv": [105, 169], "uv_size": [1, 1]},
								"up": {"uv": [169, 105], "uv_size": [1, 1]},
								"down": {"uv": [106, 170], "uv_size": [1, -1]}
							}
						},
						{
							"origin": [4.647, 29.5, -10.65],
							"size": [0.3, 0.3, 0.6],
							"inflate": 0.001,
							"pivot": [3.06, 24.9, -22.8],
							"rotation": [0, 0, -45],
							"uv": {
								"north": {"uv": [169, 106], "uv_size": [1, 1]},
								"east": {"uv": [107, 169], "uv_size": [1, 1]},
								"south": {"uv": [169, 107], "uv_size": [1, 1]},
								"west": {"uv": [108, 169], "uv_size": [1, 1]},
								"up": {"uv": [169, 108], "uv_size": [1, 1]},
								"down": {"uv": [109, 170], "uv_size": [1, -1]}
							}
						},
						{
							"origin": [2.947, 29.5, -10.65],
							"size": [0.3, 0.3, 0.6],
							"inflate": 0.001,
							"pivot": [1.36, 24.9, -22.8],
							"rotation": [0, 0, -45],
							"uv": {
								"north": {"uv": [169, 109], "uv_size": [1, 1]},
								"east": {"uv": [110, 169], "uv_size": [1, 1]},
								"south": {"uv": [169, 110], "uv_size": [1, 1]},
								"west": {"uv": [111, 169], "uv_size": [1, 1]},
								"up": {"uv": [169, 111], "uv_size": [1, 1]},
								"down": {"uv": [112, 170], "uv_size": [1, -1]}
							}
						},
						{
							"origin": [0.43, 29.4, -10.65],
							"size": [0.5, 0.3, 0.6],
							"inflate": 0.001,
							"uv": {
								"north": {"uv": [169, 112], "uv_size": [1, 1]},
								"east": {"uv": [113, 169], "uv_size": [1, 1]},
								"south": {"uv": [169, 113], "uv_size": [1, 1]},
								"west": {"uv": [114, 169], "uv_size": [1, 1]},
								"up": {"uv": [169, 114], "uv_size": [1, 1]},
								"down": {"uv": [115, 170], "uv_size": [1, -1]}
							}
						},
						{
							"origin": [4.647, 29.5, -11.95],
							"size": [0.3, 0.3, 0.6],
							"inflate": 0.001,
							"pivot": [3.06, 24.9, -24.1],
							"rotation": [0, 0, -45],
							"uv": {
								"north": {"uv": [169, 115], "uv_size": [1, 1]},
								"east": {"uv": [116, 169], "uv_size": [1, 1]},
								"south": {"uv": [169, 116], "uv_size": [1, 1]},
								"west": {"uv": [117, 169], "uv_size": [1, 1]},
								"up": {"uv": [169, 117], "uv_size": [1, 1]},
								"down": {"uv": [118, 170], "uv_size": [1, -1]}
							}
						},
						{
							"origin": [0.43, 29.4, -11.95],
							"size": [0.5, 0.3, 0.6],
							"inflate": 0.001,
							"uv": {
								"north": {"uv": [169, 118], "uv_size": [1, 1]},
								"east": {"uv": [119, 169], "uv_size": [1, 1]},
								"south": {"uv": [169, 119], "uv_size": [1, 1]},
								"west": {"uv": [120, 169], "uv_size": [1, 1]},
								"up": {"uv": [169, 120], "uv_size": [1, 1]},
								"down": {"uv": [121, 170], "uv_size": [1, -1]}
							}
						},
						{
							"origin": [2.947, 29.5, -11.95],
							"size": [0.3, 0.3, 0.6],
							"inflate": 0.001,
							"pivot": [1.36, 24.9, -24.1],
							"rotation": [0, 0, -45],
							"uv": {
								"north": {"uv": [169, 121], "uv_size": [1, 1]},
								"east": {"uv": [122, 169], "uv_size": [1, 1]},
								"south": {"uv": [169, 122], "uv_size": [1, 1]},
								"west": {"uv": [123, 169], "uv_size": [1, 1]},
								"up": {"uv": [169, 123], "uv_size": [1, 1]},
								"down": {"uv": [124, 170], "uv_size": [1, -1]}
							}
						},
						{
							"origin": [4.647, 29.5, -13.25],
							"size": [0.3, 0.3, 0.6],
							"inflate": 0.001,
							"pivot": [3.06, 24.9, -25.4],
							"rotation": [0, 0, -45],
							"uv": {
								"north": {"uv": [169, 124], "uv_size": [1, 1]},
								"east": {"uv": [125, 169], "uv_size": [1, 1]},
								"south": {"uv": [169, 125], "uv_size": [1, 1]},
								"west": {"uv": [126, 169], "uv_size": [1, 1]},
								"up": {"uv": [169, 126], "uv_size": [1, 1]},
								"down": {"uv": [127, 170], "uv_size": [1, -1]}
							}
						},
						{
							"origin": [2.947, 29.5, -13.25],
							"size": [0.3, 0.3, 0.6],
							"inflate": 0.001,
							"pivot": [1.36, 24.9, -25.4],
							"rotation": [0, 0, -45],
							"uv": {
								"north": {"uv": [169, 127], "uv_size": [1, 1]},
								"east": {"uv": [128, 169], "uv_size": [1, 1]},
								"south": {"uv": [169, 128], "uv_size": [1, 1]},
								"west": {"uv": [129, 169], "uv_size": [1, 1]},
								"up": {"uv": [169, 129], "uv_size": [1, 1]},
								"down": {"uv": [130, 170], "uv_size": [1, -1]}
							}
						},
						{
							"origin": [0.43, 29.4, -13.25],
							"size": [0.5, 0.3, 0.6],
							"inflate": 0.001,
							"uv": {
								"north": {"uv": [169, 130], "uv_size": [1, 1]},
								"east": {"uv": [131, 169], "uv_size": [1, 1]},
								"south": {"uv": [169, 131], "uv_size": [1, 1]},
								"west": {"uv": [132, 169], "uv_size": [1, 1]},
								"up": {"uv": [169, 132], "uv_size": [1, 1]},
								"down": {"uv": [133, 170], "uv_size": [1, -1]}
							}
						},
						{
							"origin": [-0.77, 29.4, -4.15],
							"size": [0.5, 0.3, 0.6],
							"inflate": 0.001,
							"uv": {
								"north": {"uv": [33, 174], "uv_size": [1, 1]},
								"east": {"uv": [174, 33], "uv_size": [1, 1]},
								"south": {"uv": [34, 174], "uv_size": [1, 1]},
								"west": {"uv": [174, 34], "uv_size": [1, 1]},
								"up": {"uv": [35, 174], "uv_size": [1, 1]},
								"down": {"uv": [174, 36], "uv_size": [1, -1]}
							}
						},
						{
							"origin": [-0.77, 29.4, -5.45],
							"size": [0.5, 0.3, 0.6],
							"inflate": 0.001,
							"uv": {
								"north": {"uv": [36, 174], "uv_size": [1, 1]},
								"east": {"uv": [174, 36], "uv_size": [1, 1]},
								"south": {"uv": [37, 174], "uv_size": [1, 1]},
								"west": {"uv": [174, 37], "uv_size": [1, 1]},
								"up": {"uv": [38, 174], "uv_size": [1, 1]},
								"down": {"uv": [174, 39], "uv_size": [1, -1]}
							}
						},
						{
							"origin": [-0.77, 29.4, -6.75],
							"size": [0.5, 0.3, 0.6],
							"inflate": 0.001,
							"uv": {
								"north": {"uv": [39, 174], "uv_size": [1, 1]},
								"east": {"uv": [174, 39], "uv_size": [1, 1]},
								"south": {"uv": [40, 174], "uv_size": [1, 1]},
								"west": {"uv": [174, 40], "uv_size": [1, 1]},
								"up": {"uv": [41, 174], "uv_size": [1, 1]},
								"down": {"uv": [174, 42], "uv_size": [1, -1]}
							}
						},
						{
							"origin": [-0.77, 29.4, -8.05],
							"size": [0.5, 0.3, 0.6],
							"inflate": 0.001,
							"uv": {
								"north": {"uv": [42, 174], "uv_size": [1, 1]},
								"east": {"uv": [174, 42], "uv_size": [1, 1]},
								"south": {"uv": [43, 174], "uv_size": [1, 1]},
								"west": {"uv": [174, 43], "uv_size": [1, 1]},
								"up": {"uv": [44, 174], "uv_size": [1, 1]},
								"down": {"uv": [174, 45], "uv_size": [1, -1]}
							}
						},
						{
							"origin": [-0.77, 29.4, -9.35],
							"size": [0.5, 0.3, 0.6],
							"inflate": 0.001,
							"uv": {
								"north": {"uv": [45, 174], "uv_size": [1, 1]},
								"east": {"uv": [174, 45], "uv_size": [1, 1]},
								"south": {"uv": [46, 174], "uv_size": [1, 1]},
								"west": {"uv": [174, 46], "uv_size": [1, 1]},
								"up": {"uv": [47, 174], "uv_size": [1, 1]},
								"down": {"uv": [174, 48], "uv_size": [1, -1]}
							}
						},
						{
							"origin": [-0.77, 29.4, -10.65],
							"size": [0.5, 0.3, 0.6],
							"inflate": 0.001,
							"uv": {
								"north": {"uv": [48, 174], "uv_size": [1, 1]},
								"east": {"uv": [174, 48], "uv_size": [1, 1]},
								"south": {"uv": [49, 174], "uv_size": [1, 1]},
								"west": {"uv": [174, 49], "uv_size": [1, 1]},
								"up": {"uv": [50, 174], "uv_size": [1, 1]},
								"down": {"uv": [174, 51], "uv_size": [1, -1]}
							}
						},
						{
							"origin": [-0.77, 29.4, -11.95],
							"size": [0.5, 0.3, 0.6],
							"inflate": 0.001,
							"uv": {
								"north": {"uv": [51, 174], "uv_size": [1, 1]},
								"east": {"uv": [174, 51], "uv_size": [1, 1]},
								"south": {"uv": [52, 174], "uv_size": [1, 1]},
								"west": {"uv": [174, 52], "uv_size": [1, 1]},
								"up": {"uv": [53, 174], "uv_size": [1, 1]},
								"down": {"uv": [174, 54], "uv_size": [1, -1]}
							}
						},
						{
							"origin": [-0.77, 29.4, -13.25],
							"size": [0.5, 0.3, 0.6],
							"inflate": 0.001,
							"uv": {
								"north": {"uv": [54, 174], "uv_size": [1, 1]},
								"east": {"uv": [174, 54], "uv_size": [1, 1]},
								"south": {"uv": [55, 174], "uv_size": [1, 1]},
								"west": {"uv": [174, 55], "uv_size": [1, 1]},
								"up": {"uv": [56, 174], "uv_size": [1, 1]},
								"down": {"uv": [174, 57], "uv_size": [1, -1]}
							}
						},
						{
							"origin": [0.43, 29.4, -14.55],
							"size": [0.5, 0.3, 0.6],
							"inflate": 0.001,
							"uv": {
								"north": {"uv": [169, 130], "uv_size": [1, 1]},
								"east": {"uv": [131, 169], "uv_size": [1, 1]},
								"south": {"uv": [169, 131], "uv_size": [1, 1]},
								"west": {"uv": [132, 169], "uv_size": [1, 1]},
								"up": {"uv": [169, 132], "uv_size": [1, 1]},
								"down": {"uv": [133, 170], "uv_size": [1, -1]}
							}
						},
						{
							"origin": [4.647, 29.5, -14.55],
							"size": [0.3, 0.3, 0.6],
							"inflate": 0.001,
							"pivot": [3.06, 24.9, -26.7],
							"rotation": [0, 0, -45],
							"uv": {
								"north": {"uv": [169, 124], "uv_size": [1, 1]},
								"east": {"uv": [125, 169], "uv_size": [1, 1]},
								"south": {"uv": [169, 125], "uv_size": [1, 1]},
								"west": {"uv": [126, 169], "uv_size": [1, 1]},
								"up": {"uv": [169, 126], "uv_size": [1, 1]},
								"down": {"uv": [127, 170], "uv_size": [1, -1]}
							}
						},
						{
							"origin": [-0.77, 29.4, -14.55],
							"size": [0.5, 0.3, 0.6],
							"inflate": 0.001,
							"uv": {
								"north": {"uv": [54, 174], "uv_size": [1, 1]},
								"east": {"uv": [174, 54], "uv_size": [1, 1]},
								"south": {"uv": [55, 174], "uv_size": [1, 1]},
								"west": {"uv": [174, 55], "uv_size": [1, 1]},
								"up": {"uv": [56, 174], "uv_size": [1, 1]},
								"down": {"uv": [174, 57], "uv_size": [1, -1]}
							}
						},
						{
							"origin": [2.947, 29.5, -14.55],
							"size": [0.3, 0.3, 0.6],
							"inflate": 0.001,
							"pivot": [1.36, 24.9, -26.7],
							"rotation": [0, 0, -45],
							"uv": {
								"north": {"uv": [169, 127], "uv_size": [1, 1]},
								"east": {"uv": [128, 169], "uv_size": [1, 1]},
								"south": {"uv": [169, 128], "uv_size": [1, 1]},
								"west": {"uv": [129, 169], "uv_size": [1, 1]},
								"up": {"uv": [169, 129], "uv_size": [1, 1]},
								"down": {"uv": [130, 170], "uv_size": [1, -1]}
							}
						},
						{
							"origin": [-0.77, 28.3, -14.6],
							"size": [1.7, 1.1, 11.06],
							"inflate": 0.001,
							"uv": {
								"north": {"uv": [166, 57], "uv_size": [2, 1]},
								"east": {"uv": [91, 80], "uv_size": [29, 1]},
								"south": {"uv": [62, 166], "uv_size": [2, 1]},
								"west": {"uv": [91, 81], "uv_size": [29, 1]},
								"up": {"uv": [34, 91], "uv_size": [2, 11]},
								"down": {"uv": [36, 102], "uv_size": [2, -29]}
							}
						}
					]
				}
			]
		}
	]
}