{
	"format_version": "1.12.0",
	"minecraft:geometry": [
		{
			"description": {
				"identifier": "geometry.unknown",
				"texture_width": 256,
				"texture_height": 256,
				"visible_bounds_width": 9,
				"visible_bounds_height": 5,
				"visible_bounds_offset": [0, 0.5, 0]
			},
			"bones": [
				{
					"name": "main",
					"pivot": [0, 20, 0]
				},
				{
					"name": "_ca_stock",
					"parent": "main",
					"pivot": [-0.2, 19.45, -1.025],
					"cubes": [
						{"origin": [-0.45, 20.75, 6.775], "size": [1, 1, 1], "uv": [24, 121]}
					]
				},
				{
					"name": "stock",
					"parent": "main",
					"pivot": [0.65, 8.1, 23.4],
					"cubes": [
						{
							"origin": [-1.3, 10.8, 29.1],
							"size": [2.8, 12.2, 2],
							"uv": {
								"north": {"uv": [43, 29], "uv_size": [14, 5]},
								"east": {"uv": [77, 200], "uv_size": [-2, -12]},
								"south": {"uv": [43, 29], "uv_size": [14, 5]},
								"west": {"uv": [75, 200], "uv_size": [2, -12]},
								"up": {"uv": [77, 199], "uv_size": [-3, -2]},
								"down": {"uv": [77, 199], "uv_size": [-3, -2]}
							}
						},
						{
							"origin": [-1.31, 10.9, 30.4],
							"size": [2.82, 5.8, 1.4],
							"pivot": [0.65, 18.7, 31.5],
							"rotation": [5, 0, 0],
							"uv": {
								"north": {"uv": [43, 29], "uv_size": [14, 5]},
								"east": {"uv": [80, 47], "uv_size": [3, 6]},
								"south": {"uv": [68, 80], "uv_size": [4, 6]},
								"west": {"uv": [80, 47], "uv_size": [3, 6]},
								"up": {"uv": [57, 34], "uv_size": [-14, -5]},
								"down": {"uv": [134, 104], "uv_size": [4, 3]}
							}
						},
						{
							"origin": [-1.31, 16.25, 30.9],
							"size": [2.82, 6.7, 1.4],
							"pivot": [0.65, 20.9, 32],
							"rotation": [-5, 0, 0],
							"uv": {
								"north": {"uv": [43, 29], "uv_size": [14, 5]},
								"east": {"uv": [138, 107], "uv_size": [-4, -3]},
								"south": {"uv": [68, 79], "uv_size": [4, 7]},
								"west": {"uv": [80, 47], "uv_size": [3, 7]},
								"up": {"uv": [134, 104], "uv_size": [4, 3]},
								"down": {"uv": [57, 34], "uv_size": [-14, -5]}
							}
						},
						{
							"origin": [-1.3, 13.7, 14.5],
							"size": [2.8, 11.3, 8.3],
							"pivot": [0.65, 21.5, 21.3],
							"rotation": [90, 0, 0],
							"uv": {
								"north": {"uv": [60, 69], "uv_size": [-3, -16]},
								"east": {"uv": [49, 196], "uv_size": [8, -11]},
								"south": {"uv": [74, 191], "uv_size": [3, 8]},
								"west": {"uv": [57, 196], "uv_size": [-8, -11]},
								"up": {"uv": [57, 53], "uv_size": [3, 16]},
								"down": {"uv": [57, 53], "uv_size": [3, 16]}
							}
						},
						{
							"origin": [-1.3, 21.5, 15.2],
							"size": [2.8, 5.7, 4.4],
							"pivot": [0.65, 21.5, 18.1],
							"rotation": [100, 0, 0],
							"uv": {
								"north": {"uv": [60, 69], "uv_size": [-3, -16]},
								"east": {"uv": [49, 188], "uv_size": [5, -3]},
								"south": {"uv": [74, 193], "uv_size": [3, 6]},
								"west": {"uv": [54, 188], "uv_size": [-5, -3]},
								"up": {"uv": [57, 53], "uv_size": [3, 16]},
								"down": {"uv": [57, 53], "uv_size": [3, 16]}
							}
						},
						{
							"origin": [-1.298, 21.9, 10.5],
							"size": [2.796, 3.1, 3.2],
							"pivot": [0.65, 21.9, 11.6],
							"rotation": [-100, 0, 0],
							"uv": {
								"north": {"uv": [74, 196], "uv_size": [3, 3]},
								"east": {"uv": [52, 188], "uv_size": [-3, -3]},
								"south": {"uv": [60, 69], "uv_size": [-3, -16]},
								"west": {"uv": [49, 188], "uv_size": [3, -3]},
								"up": {"uv": [57, 53], "uv_size": [3, 16]},
								"down": {"uv": [57, 53], "uv_size": [3, 16]}
							}
						},
						{
							"origin": [-1.3, 20, 9.2],
							"size": [2.8, 5, 2.6],
							"pivot": [0.65, 21.5, 10.3],
							"rotation": [90, 0, 0],
							"uv": {
								"north": {"uv": [60, 69], "uv_size": [-3, -16]},
								"east": {"uv": [49, 190], "uv_size": [2, -5]},
								"south": {"uv": [74, 194], "uv_size": [3, 5]},
								"west": {"uv": [51, 190], "uv_size": [-2, -5]},
								"up": {"uv": [57, 53], "uv_size": [3, 16]},
								"down": {"uv": [57, 53], "uv_size": [3, 16]}
							}
						},
						{
							"origin": [-1.305, 3.9, 17.5],
							"size": [2.81, 24.5, 3.9],
							"pivot": [0.65, 15.3, 18.6],
							"rotation": [72, 0, 0],
							"uv": {
								"north": {"uv": [74, 189], "uv_size": [3, 10]},
								"east": {"uv": [53, 198], "uv_size": [-4, -15]},
								"south": {"uv": [60, 69], "uv_size": [-3, -16]},
								"west": {"uv": [49, 198], "uv_size": [4, -15]},
								"up": {"uv": [57, 53], "uv_size": [3, 16]},
								"down": {"uv": [57, 53], "uv_size": [3, 16]}
							}
						}
					]
				}
			]
		}
	]
}