{
	"format_version": "1.12.0",
	"minecraft:geometry": [
		{
			"description": {
				"identifier": "geometry.unknown",
				"texture_width": 256,
				"texture_height": 256,
				"visible_bounds_width": 9,
				"visible_bounds_height": 5,
				"visible_bounds_offset": [0, 0.5, 0]
			},
			"bones": [
				{
					"name": "main",
					"pivot": [0, 20, 0]
				},
				{
					"name": "_ca_stock",
					"parent": "main",
					"pivot": [-0.2, 19.45, -1.025],
					"cubes": [
						{"origin": [-0.45, 20.75, 6.775], "size": [1, 1, 1], "uv": [24, 121]}
					]
				},
				{
					"name": "stock",
					"parent": "main",
					"pivot": [0.65, 8.1, 23.4],
					"cubes": [
						{
							"origin": [-1.49, 20.5, 8.5],
							"size": [3.18, 1.7, 5.2],
							"pivot": [0, 21, 9.8],
							"rotation": [-12, 0, 0],
							"uv": {
								"north": {"uv": [65, 65], "uv_size": [5, 8]},
								"east": {"uv": [54, 185], "uv_size": [5, -2]},
								"south": {"uv": [65, 65], "uv_size": [5, 8]},
								"west": {"uv": [54, 185], "uv_size": [5, -2]},
								"up": {"uv": [77, 195], "uv_size": [-3, -5]},
								"down": {"uv": [70, 73], "uv_size": [-5, -8]}
							}
						},
						{
							"origin": [-1.5, 18.6, 12.5],
							"size": [3.2, 3.5, 3.8],
							"pivot": [0, 20.9, 14.9],
							"rotation": [32, 0, 0],
							"uv": {
								"north": {"uv": [65, 65], "uv_size": [5, 8]},
								"east": {"uv": [58, 185], "uv_size": [-4, -3]},
								"south": {"uv": [65, 65], "uv_size": [5, 8]},
								"west": {"uv": [58, 185], "uv_size": [-4, -3]},
								"up": {"uv": [77, 189], "uv_size": [-3, -4]},
								"down": {"uv": [70, 73], "uv_size": [-5, -8]}
							}
						},
						{
							"origin": [-1.5, 21.7, 15.2],
							"size": [3.2, 0.7, 17.6],
							"pivot": [0, 21.2, 16.5],
							"rotation": [-9, 0, 0],
							"uv": {
								"north": {"uv": [65, 65], "uv_size": [5, 8]},
								"east": {"uv": [71, 185], "uv_size": [-17, -1]},
								"south": {"uv": [65, 65], "uv_size": [5, 8]},
								"west": {"uv": [71, 185], "uv_size": [-17, -1]},
								"up": {"uv": [77, 202], "uv_size": [-3, -18]},
								"down": {"uv": [70, 73], "uv_size": [-5, -8]}
							}
						},
						{
							"origin": [-1.51, 9.08, 31.2],
							"size": [3.22, 13.7, 0.4],
							"pivot": [0, 13.6, 17.7],
							"rotation": [-12, 0, 0],
							"uv": {
								"north": {"uv": [43, 29], "uv_size": [14, 5]},
								"east": {"uv": [47, 29], "uv_size": [1, 13]},
								"south": {"uv": [47, 29], "uv_size": [3, 13]},
								"west": {"uv": [47, 29], "uv_size": [1, 13]},
								"up": {"uv": [50, 30], "uv_size": [-3, -1]},
								"down": {"uv": [50, 30], "uv_size": [-3, -1]}
							}
						},
						{
							"origin": [-1.5, -6.55, 32.3],
							"size": [3.2, 15.4, 2],
							"pivot": [0, -2.3, 19.7],
							"rotation": [60, 0, 0],
							"uv": {
								"north": {"uv": [74, 184], "uv_size": [3, 15]},
								"east": {"uv": [51, 183], "uv_size": [-2, 15]},
								"south": {"uv": [65, 65], "uv_size": [5, 8]},
								"west": {"uv": [49, 183], "uv_size": [2, 15]},
								"up": {"uv": [70, 73], "uv_size": [-5, -8]},
								"down": {"uv": [70, 73], "uv_size": [-5, -8]}
							}
						},
						{
							"origin": [-1.5, -6.85, 32.3],
							"size": [3.2, 0.3, 1.2],
							"pivot": [0, -2.3, 19.7],
							"rotation": [60, 0, 0],
							"uv": {
								"north": {"uv": [50.1, 184.1], "uv_size": [1, 1]},
								"east": {"uv": [50.1, 184.1], "uv_size": [1, 1]},
								"south": {"uv": [65, 65], "uv_size": [5, 8]},
								"west": {"uv": [50.1, 184.1], "uv_size": [1, 1]},
								"up": {"uv": [70, 73], "uv_size": [-5, -8]},
								"down": {"uv": [70, 73], "uv_size": [-5, -8]}
							}
						},
						{
							"origin": [-1.49, 2.15, 23.8],
							"size": [3.18, 11.3, 3.9],
							"pivot": [0, 2.6, 11.2],
							"rotation": [63, 0, 0],
							"uv": {
								"north": {"uv": [74, 184], "uv_size": [3, 11]},
								"east": {"uv": [53, 183], "uv_size": [-4, 11]},
								"south": {"uv": [65, 65], "uv_size": [5, 8]},
								"west": {"uv": [49, 183], "uv_size": [4, 11]},
								"up": {"uv": [70, 73], "uv_size": [-5, -8]},
								"down": {"uv": [70, 73], "uv_size": [-5, -8]}
							}
						},
						{
							"origin": [-1.5, -4.85, 34.3],
							"size": [3.2, 18, 4.6],
							"pivot": [0, -2.3, 19.7],
							"rotation": [60, 0, 0],
							"uv": {
								"north": {"uv": [65, 65], "uv_size": [5, 8]},
								"east": {"uv": [50.1, 183.1], "uv_size": [4.9, 18]},
								"south": {"uv": [65, 65], "uv_size": [5, 8]},
								"west": {"uv": [50.1, 183.1], "uv_size": [4.9, 17.9]},
								"up": {"uv": [70, 73], "uv_size": [-5, -8]},
								"down": {"uv": [70, 73], "uv_size": [-5, -8]}
							}
						},
						{
							"origin": [-1.5, -2.85, 38.9],
							"size": [3.2, 9.5, 2.8],
							"pivot": [0, -2.3, 19.7],
							"rotation": [60, 0, 0],
							"uv": {
								"north": {"uv": [65, 65], "uv_size": [5, 8]},
								"east": {"uv": [50.1, 184.1], "uv_size": [3, 9]},
								"south": {"uv": [65, 65], "uv_size": [5, 8]},
								"west": {"uv": [50.1, 184.1], "uv_size": [3, 9]},
								"up": {"uv": [70, 73], "uv_size": [-5, -8]},
								"down": {"uv": [70, 73], "uv_size": [-5, -8]}
							}
						},
						{
							"origin": [-1.5, 17, 15.2],
							"size": [3.2, 4.7, 17.7],
							"pivot": [0, 21.2, 16.5],
							"rotation": [-9, 0, 0],
							"uv": {
								"north": {"uv": [65, 65], "uv_size": [5, 8]},
								"east": {"uv": [55.1, 186.1], "uv_size": [17, 5]},
								"south": {"uv": [65, 65], "uv_size": [5, 8]},
								"west": {"uv": [55.1, 186.1], "uv_size": [17, 5]},
								"up": {"uv": [70, 73], "uv_size": [-5, -8]},
								"down": {"uv": [70, 73], "uv_size": [-5, -8]}
							}
						},
						{
							"origin": [-1.5, 15.5, 30.7],
							"size": [3.2, 1.6, 1.9],
							"pivot": [0, 21.2, 16.5],
							"rotation": [-9, 0, 0],
							"uv": {
								"north": {"uv": [65, 65], "uv_size": [5, 8]},
								"east": {"uv": [50.1, 183.1], "uv_size": [1.9, 2]},
								"south": {"uv": [65, 65], "uv_size": [5, 8]},
								"west": {"uv": [50.1, 183.1], "uv_size": [1.9, 2]},
								"up": {"uv": [70, 73], "uv_size": [-5, -8]},
								"down": {"uv": [70, 73], "uv_size": [-5, -8]}
							}
						},
						{
							"origin": [-1.5, 10.3, 30.7],
							"size": [3.2, 4.8, 1.8],
							"pivot": [0, 21.2, 16.5],
							"rotation": [-9, 0, 0],
							"uv": {
								"north": {"uv": [65, 65], "uv_size": [5, 8]},
								"east": {"uv": [50.1, 184.1], "uv_size": [2, 5]},
								"south": {"uv": [65, 65], "uv_size": [5, 8]},
								"west": {"uv": [50.1, 184.1], "uv_size": [2, 5]},
								"up": {"uv": [70, 73], "uv_size": [-5, -8]},
								"down": {"uv": [70, 73], "uv_size": [-5, -8]}
							}
						},
						{
							"origin": [-1.5, 18, 6.7],
							"size": [3.2, 4.4, 2.1],
							"uv": {
								"north": {"uv": [40, 87], "uv_size": [3, 5]},
								"east": {"uv": [82, 4], "uv_size": [2, 4]},
								"south": {"uv": [40, 87], "uv_size": [3, 5]},
								"west": {"uv": [82, 4], "uv_size": [2, 4]},
								"up": {"uv": [43, 92], "uv_size": [-3, -5]},
								"down": {"uv": [43, 92], "uv_size": [-3, -5]}
							}
						},
						{
							"origin": [-1.5, 22.1, 6.3],
							"size": [3.2, 0.7, 2.2],
							"pivot": [0, 21.6, 7.5],
							"rotation": [-20, 0, 0],
							"uv": {
								"north": {"uv": [40, 87], "uv_size": [3, 5]},
								"east": {"uv": [42, 89], "uv_size": [-2, 1]},
								"south": {"uv": [40, 87], "uv_size": [3, 5]},
								"west": {"uv": [40, 89], "uv_size": [2, 1]},
								"up": {"uv": [43, 90], "uv_size": [-3, -2]},
								"down": {"uv": [43, 92], "uv_size": [-3, -5]}
							}
						}
					]
				}
			]
		}
	]
}