{
	"format_version": "1.12.0",
	"minecraft:geometry": [
		{
			"description": {
				"identifier": "geometry.unknown",
				"texture_width": 64,
				"texture_height": 64,
				"visible_bounds_width": 9,
				"visible_bounds_height": 5,
				"visible_bounds_offset": [0, 0.5, 0]
			},
			"bones": [
				{
					"name": "main",
					"pivot": [0, 20, 0]
				},
				{
					"name": "gun",
					"parent": "main",
					"pivot": [1, 11, -1]
				},
				{
					"name": "stock",
					"parent": "gun",
					"pivot": [0.75, 8, 23.4],
					"cubes": [
						{
							"origin": [-1.3, 9.63, 28.15],
							"size": [2.8, 1, 2.7],
							"uv": {
								"north": {"uv": [15, 40], "uv_size": [3, 1]},
								"east": {"uv": [24, 40], "uv_size": [3, 1]},
								"south": {"uv": [46, 45], "uv_size": [3, 1]},
								"west": {"uv": [51, 14], "uv_size": [3, 1]},
								"up": {"uv": [43, 40], "uv_size": [3, 3]},
								"down": {"uv": [43, 46], "uv_size": [3, -3]}
							}
						},
						{
							"origin": [-1.5, 17.9, 6.9],
							"size": [3.2, 5.3, 3.7],
							"inflate": -0.3,
							"uv": {
								"north": {"uv": [33, 28], "uv_size": [3, 5]},
								"east": {"uv": [3, 25], "uv_size": [4, 5]},
								"south": {"uv": [33, 33], "uv_size": [3, 5]},
								"west": {"uv": [25, 24], "uv_size": [4, 5]},
								"up": {"uv": [12, 40], "uv_size": [3, 4]},
								"down": {"uv": [40, 16], "uv_size": [3, -4]}
							}
						},
						{
							"origin": [-1.4, 17.9, 10],
							"size": [3, 5.3, 11.5],
							"inflate": -0.3,
							"uv": {
								"north": {"uv": [18, 36], "uv_size": [3, 5]},
								"east": {"uv": [8, 0], "uv_size": [11, 5]},
								"south": {"uv": [36, 24], "uv_size": [3, 5]},
								"west": {"uv": [8, 5], "uv_size": [11, 5]},
								"up": {"uv": [0, 16], "uv_size": [3, 11]},
								"down": {"uv": [17, 21], "uv_size": [3, -11]}
							}
						},
						{
							"origin": [-1.16, 22.5, 7.3],
							"size": [1.76, 1.3, 14.2],
							"inflate": -0.3,
							"pivot": [-0.1, 22.8, 0.15],
							"rotation": [0, 0, -36],
							"uv": {
								"north": {"uv": [53, 42], "uv_size": [2, 1]},
								"east": {"uv": [40, 3], "uv_size": [14, 1]},
								"south": {"uv": [43, 53], "uv_size": [2, 1]},
								"west": {"uv": [40, 4], "uv_size": [14, 1]},
								"up": {"uv": [18, 21], "uv_size": [2, 14]},
								"down": {"uv": [20, 36], "uv_size": [2, -14]}
							}
						},
						{
							"origin": [-0.64, 21.9, 7.3],
							"size": [1.8, 1.3, 14.2],
							"inflate": -0.3,
							"pivot": [1.1, 22.2, 0.15],
							"rotation": [0, 0, 36],
							"uv": {
								"north": {"uv": [53, 40], "uv_size": [2, 1]},
								"east": {"uv": [40, 1], "uv_size": [14, 1]},
								"south": {"uv": [53, 41], "uv_size": [2, 1]},
								"west": {"uv": [40, 2], "uv_size": [14, 1]},
								"up": {"uv": [14, 21], "uv_size": [2, 14]},
								"down": {"uv": [16, 35], "uv_size": [2, -14]}
							}
						},
						{
							"origin": [-0.48, 22.5, 7.3],
							"size": [1.13, 1.4, 14.2],
							"inflate": -0.3,
							"uv": {
								"north": {"uv": [5, 50], "uv_size": [1, 1]},
								"east": {"uv": [38, 39], "uv_size": [14, 1]},
								"south": {"uv": [55, 1], "uv_size": [1, 1]},
								"west": {"uv": [40, 0], "uv_size": [14, 1]},
								"up": {"uv": [5, 36], "uv_size": [1, 14]},
								"down": {"uv": [23, 53], "uv_size": [1, -14]}
							}
						},
						{
							"origin": [-0.78, 22.6, 6.9],
							"size": [1.73, 1, 1],
							"inflate": -0.3,
							"uv": {
								"north": {"uv": [54, 14], "uv_size": [2, 1]},
								"east": {"uv": [8, 55], "uv_size": [1, 1]},
								"south": {"uv": [54, 17], "uv_size": [2, 1]},
								"west": {"uv": [55, 8], "uv_size": [1, 1]},
								"up": {"uv": [54, 19], "uv_size": [2, 1]},
								"down": {"uv": [54, 29], "uv_size": [2, -1]}
							}
						},
						{
							"origin": [-0.38, 23, 6.9],
							"size": [0.93, 1.15, 0.9],
							"inflate": -0.3,
							"uv": {
								"north": {"uv": [9, 55], "uv_size": [1, 1]},
								"east": {"uv": [55, 9], "uv_size": [1, 1]},
								"south": {"uv": [55, 10], "uv_size": [1, 1]},
								"west": {"uv": [55, 11], "uv_size": [1, 1]},
								"up": {"uv": [55, 12], "uv_size": [1, 1]},
								"down": {"uv": [55, 16], "uv_size": [1, -1]}
							}
						},
						{
							"origin": [-0.38, 23.6, 6.9],
							"size": [0.93, 1.65, 0.8],
							"inflate": -0.3,
							"uv": {
								"north": {"uv": [36, 54], "uv_size": [1, 2]},
								"east": {"uv": [37, 54], "uv_size": [1, 2]},
								"south": {"uv": [54, 38], "uv_size": [1, 2]},
								"west": {"uv": [43, 54], "uv_size": [1, 2]},
								"up": {"uv": [55, 23], "uv_size": [1, 1]},
								"down": {"uv": [24, 56], "uv_size": [1, -1]}
							}
						},
						{
							"origin": [-0.38, 23.4, 6.9],
							"size": [0.93, 0.9, 0.9],
							"inflate": -0.3,
							"pivot": [0.1, 23.9, 7.35],
							"rotation": [-45, 0, 0],
							"uv": {
								"north": {"uv": [55, 16], "uv_size": [1, 1]},
								"east": {"uv": [55, 18], "uv_size": [1, 1]},
								"south": {"uv": [55, 20], "uv_size": [1, 1]},
								"west": {"uv": [55, 21], "uv_size": [1, 1]},
								"up": {"uv": [55, 22], "uv_size": [1, 1]},
								"down": {"uv": [23, 56], "uv_size": [1, -1]}
							}
						},
						{
							"origin": [-1.3, 18, 20.9],
							"size": [2.8, 5.2, 2.4],
							"inflate": -0.3,
							"uv": {
								"north": {"uv": [6, 35], "uv_size": [3, 5]},
								"east": {"uv": [26, 43], "uv_size": [2, 5]},
								"south": {"uv": [9, 35], "uv_size": [3, 5]},
								"west": {"uv": [28, 43], "uv_size": [2, 5]},
								"up": {"uv": [47, 30], "uv_size": [3, 2]},
								"down": {"uv": [43, 49], "uv_size": [3, -2]}
							}
						},
						{
							"origin": [-1.3, 18, 6.6],
							"size": [2.8, 5.1, 2.4],
							"inflate": -0.3,
							"uv": {
								"north": {"uv": [33, 38], "uv_size": [3, 5]},
								"east": {"uv": [38, 43], "uv_size": [2, 5]},
								"south": {"uv": [39, 20], "uv_size": [3, 5]},
								"west": {"uv": [40, 43], "uv_size": [2, 5]},
								"up": {"uv": [50, 29], "uv_size": [3, 2]},
								"down": {"uv": [38, 52], "uv_size": [3, -2]}
							}
						},
						{
							"origin": [-0.96, 22.4, 20.9],
							"size": [1.56, 1.3, 2.4],
							"inflate": -0.3,
							"pivot": [-0.1, 22.7, -1.55],
							"rotation": [0, 0, -36],
							"uv": {
								"north": {"uv": [53, 26], "uv_size": [2, 1]},
								"east": {"uv": [53, 29], "uv_size": [2, 1]},
								"south": {"uv": [53, 30], "uv_size": [2, 1]},
								"west": {"uv": [53, 32], "uv_size": [2, 1]},
								"up": {"uv": [51, 43], "uv_size": [2, 2]},
								"down": {"uv": [51, 49], "uv_size": [2, -2]}
							}
						},
						{
							"origin": [-0.48, 22.4, 20.9],
							"size": [1.13, 1.4, 2.4],
							"inflate": -0.3,
							"uv": {
								"north": {"uv": [43, 15], "uv_size": [1, 1]},
								"east": {"uv": [53, 24], "uv_size": [2, 1]},
								"south": {"uv": [14, 47], "uv_size": [1, 1]},
								"west": {"uv": [53, 25], "uv_size": [2, 1]},
								"up": {"uv": [30, 36], "uv_size": [1, 2]},
								"down": {"uv": [35, 45], "uv_size": [1, -2]}
							}
						},
						{
							"origin": [-0.64, 21.8, 20.9],
							"size": [1.6, 1.3, 2.4],
							"inflate": -0.3,
							"pivot": [1.1, 22.1, -1.55],
							"rotation": [0, 0, 36],
							"uv": {
								"north": {"uv": [21, 53], "uv_size": [2, 1]},
								"east": {"uv": [53, 21], "uv_size": [2, 1]},
								"south": {"uv": [53, 22], "uv_size": [2, 1]},
								"west": {"uv": [53, 23], "uv_size": [2, 1]},
								"up": {"uv": [29, 8], "uv_size": [2, 2]},
								"down": {"uv": [43, 53], "uv_size": [2, -2]}
							}
						},
						{
							"origin": [-1.6, 17.9, 22.7],
							"size": [3.4, 5.3, 2.2],
							"inflate": -0.3,
							"uv": {
								"north": {"uv": [34, 10], "uv_size": [3, 5]},
								"east": {"uv": [19, 43], "uv_size": [2, 5]},
								"south": {"uv": [34, 15], "uv_size": [3, 5]},
								"west": {"uv": [24, 43], "uv_size": [2, 5]},
								"up": {"uv": [34, 0], "uv_size": [3, 2]},
								"down": {"uv": [46, 45], "uv_size": [3, -2]}
							}
						},
						{
							"origin": [-1.6, 15.8, 30.2],
							"size": [3.4, 7.4, 0.9],
							"inflate": -0.3,
							"uv": {
								"north": {"uv": [22, 24], "uv_size": [3, 7]},
								"east": {"uv": [19, 0], "uv_size": [1, 7]},
								"south": {"uv": [25, 2], "uv_size": [3, 7]},
								"west": {"uv": [2, 45], "uv_size": [1, 7]},
								"up": {"uv": [52, 9], "uv_size": [3, 1]},
								"down": {"uv": [52, 11], "uv_size": [3, -1]}
							}
						},
						{
							"origin": [-1.6, 21.1, 24.3],
							"size": [3.4, 2.1, 6.5],
							"inflate": -0.3,
							"uv": {
								"north": {"uv": [24, 48], "uv_size": [3, 2]},
								"east": {"uv": [41, 25], "uv_size": [6, 2]},
								"south": {"uv": [27, 48], "uv_size": [3, 2]},
								"west": {"uv": [41, 27], "uv_size": [6, 2]},
								"up": {"uv": [29, 24], "uv_size": [3, 6]},
								"down": {"uv": [25, 35], "uv_size": [3, -6]}
							}
						},
						{
							"origin": [-1.6, 31.26, 33.815],
							"size": [3.4, 1.6, 10.6],
							"inflate": -0.3,
							"pivot": [1.3, 34.7, 16.75],
							"rotation": [-59, 0, 0],
							"uv": {
								"north": {"uv": [6, 47], "uv_size": [3, 2]},
								"east": {"uv": [22, 22], "uv_size": [11, 2]},
								"south": {"uv": [9, 47], "uv_size": [3, 2]},
								"west": {"uv": [23, 0], "uv_size": [11, 2]},
								"up": {"uv": [4, 14], "uv_size": [3, 11]},
								"down": {"uv": [14, 21], "uv_size": [3, -11]}
							}
						},
						{
							"origin": [-1.6, 32.26, 33.815],
							"size": [3.4, 1, 3.9],
							"inflate": -0.3,
							"pivot": [1.3, 34.7, 16.75],
							"rotation": [-59, 0, 0],
							"uv": {
								"north": {"uv": [38, 48], "uv_size": [3, 2]},
								"east": {"uv": [45, 9], "uv_size": [4, 2]},
								"south": {"uv": [6, 49], "uv_size": [3, 2]},
								"west": {"uv": [45, 11], "uv_size": [4, 2]},
								"up": {"uv": [0, 41], "uv_size": [3, 4]},
								"down": {"uv": [41, 33], "uv_size": [3, -4]}
							}
						},
						{
							"origin": [-1.6, 1.76, 32.815],
							"size": [3.4, 1.5, 1.2],
							"inflate": -0.3,
							"pivot": [1.3, 5.2, 12.85],
							"rotation": [59, 0, 0],
							"uv": {
								"north": {"uv": [9, 49], "uv_size": [3, 2]},
								"east": {"uv": [23, 53], "uv_size": [1, 2]},
								"south": {"uv": [49, 9], "uv_size": [3, 2]},
								"west": {"uv": [53, 33], "uv_size": [1, 2]},
								"up": {"uv": [52, 11], "uv_size": [3, 1]},
								"down": {"uv": [52, 13], "uv_size": [3, -1]}
							}
						},
						{
							"origin": [-1.59, 1.76, 29.915],
							"size": [3.38, 2.1, 3.5],
							"inflate": -0.3,
							"pivot": [1.3, 5.2, 12.85],
							"rotation": [59, 0, 0],
							"uv": {
								"north": {"uv": [49, 11], "uv_size": [3, 2]},
								"east": {"uv": [49, 15], "uv_size": [3, 2]},
								"south": {"uv": [49, 27], "uv_size": [3, 2]},
								"west": {"uv": [30, 49], "uv_size": [3, 2]},
								"up": {"uv": [44, 20], "uv_size": [3, 3]},
								"down": {"uv": [44, 32], "uv_size": [3, -3]}
							}
						},
						{
							"origin": [-1.6, -4.44, 42.515],
							"size": [3.4, 1.8, 6.2],
							"inflate": -0.3,
							"pivot": [1.3, -1.3, 24.95],
							"rotation": [81, 0, 0],
							"uv": {
								"north": {"uv": [33, 49], "uv_size": [3, 2]},
								"east": {"uv": [41, 33], "uv_size": [6, 2]},
								"south": {"uv": [49, 33], "uv_size": [3, 2]},
								"west": {"uv": [41, 35], "uv_size": [6, 2]},
								"up": {"uv": [3, 30], "uv_size": [3, 6]},
								"down": {"uv": [28, 36], "uv_size": [3, -6]}
							}
						},
						{
							"origin": [-1.6, 33.16, 40.415],
							"size": [3.4, 3, 4.5],
							"inflate": -0.3,
							"pivot": [1.3, 34.7, 16.75],
							"rotation": [-59, 0, 0],
							"uv": {
								"north": {"uv": [12, 44], "uv_size": [3, 3]},
								"east": {"uv": [29, 10], "uv_size": [5, 3]},
								"south": {"uv": [44, 15], "uv_size": [3, 3]},
								"west": {"uv": [33, 21], "uv_size": [5, 3]},
								"up": {"uv": [24, 35], "uv_size": [3, 5]},
								"down": {"uv": [2, 41], "uv_size": [3, -5]}
							}
						},
						{
							"origin": [-1.36, 22.6, 22.7],
							"size": [1.96, 1.3, 8.4],
							"inflate": -0.3,
							"pivot": [-0.1, 22.9, 12.85],
							"rotation": [0, 0, -36],
							"uv": {
								"north": {"uv": [53, 8], "uv_size": [2, 1]},
								"east": {"uv": [44, 32], "uv_size": [8, 1]},
								"south": {"uv": [13, 53], "uv_size": [2, 1]},
								"west": {"uv": [45, 8], "uv_size": [8, 1]},
								"up": {"uv": [31, 30], "uv_size": [2, 8]},
								"down": {"uv": [0, 41], "uv_size": [2, -8]}
							}
						},
						{
							"origin": [-0.48, 22.6, 22.7],
							"size": [1.13, 1.4, 8.4],
							"inflate": -0.3,
							"uv": {
								"north": {"uv": [28, 29], "uv_size": [1, 1]},
								"east": {"uv": [44, 23], "uv_size": [8, 1]},
								"south": {"uv": [27, 35], "uv_size": [1, 1]},
								"west": {"uv": [44, 24], "uv_size": [8, 1]},
								"up": {"uv": [7, 14], "uv_size": [1, 8]},
								"down": {"uv": [3, 24], "uv_size": [1, -8]}
							}
						},
						{
							"origin": [-0.64, 22, 22.7],
							"size": [2, 1.3, 8.4],
							"inflate": -0.3,
							"pivot": [1.1, 22.3, 12.85],
							"rotation": [0, 0, 36],
							"uv": {
								"north": {"uv": [52, 38], "uv_size": [2, 1]},
								"east": {"uv": [23, 21], "uv_size": [8, 1]},
								"south": {"uv": [52, 39], "uv_size": [2, 1]},
								"west": {"uv": [44, 18], "uv_size": [8, 1]},
								"up": {"uv": [31, 2], "uv_size": [2, 8]},
								"down": {"uv": [22, 39], "uv_size": [2, -8]}
							}
						},
						{
							"origin": [-0.64, 22, 30.5],
							"size": [2.2, 1.3, 2.5],
							"inflate": -0.3,
							"pivot": [1.3, 22.3, 20.65],
							"rotation": [0, 0, 36],
							"uv": {
								"north": {"uv": [19, 53], "uv_size": [2, 1]},
								"east": {"uv": [51, 49], "uv_size": [3, 1]},
								"south": {"uv": [53, 20], "uv_size": [2, 1]},
								"west": {"uv": [5, 52], "uv_size": [3, 1]},
								"up": {"uv": [47, 27], "uv_size": [2, 3]},
								"down": {"uv": [47, 36], "uv_size": [2, -3]}
							}
						},
						{
							"origin": [-0.52, 22.6, 30.5],
							"size": [1.19, 1.54, 2.5],
							"inflate": -0.3,
							"uv": {
								"north": {"uv": [7, 22], "uv_size": [1, 2]},
								"east": {"uv": [47, 20], "uv_size": [3, 2]},
								"south": {"uv": [32, 28], "uv_size": [1, 2]},
								"west": {"uv": [47, 25], "uv_size": [3, 2]},
								"up": {"uv": [19, 7], "uv_size": [1, 3]},
								"down": {"uv": [2, 36], "uv_size": [1, -3]}
							}
						},
						{
							"origin": [-1.56, 22.6, 30.5],
							"size": [2.16, 1.3, 2.5],
							"inflate": -0.3,
							"pivot": [-0.3, 22.9, 20.65],
							"rotation": [0, 0, -36],
							"uv": {
								"north": {"uv": [15, 53], "uv_size": [2, 1]},
								"east": {"uv": [51, 19], "uv_size": [3, 1]},
								"south": {"uv": [17, 53], "uv_size": [2, 1]},
								"west": {"uv": [51, 45], "uv_size": [3, 1]},
								"up": {"uv": [12, 47], "uv_size": [2, 3]},
								"down": {"uv": [47, 18], "uv_size": [2, -3]}
							}
						},
						{
							"origin": [-1.8, 9.1, 30.5],
							"size": [3.8, 14.1, 2.5],
							"inflate": -0.3,
							"uv": {
								"north": {"uv": [0, 2], "uv_size": [4, 14]},
								"east": {"uv": [8, 10], "uv_size": [3, 14]},
								"south": {"uv": [4, 0], "uv_size": [4, 14]},
								"west": {"uv": [11, 10], "uv_size": [3, 14]},
								"up": {"uv": [40, 16], "uv_size": [4, 3]},
								"down": {"uv": [38, 43], "uv_size": [4, -3]}
							}
						},
						{
							"origin": [-0.8, 20.2, 23.4],
							"size": [1.8, 1.2, 7.1],
							"inflate": -0.3,
							"uv": {
								"north": {"uv": [53, 35], "uv_size": [2, 1]},
								"east": {"uv": [46, 40], "uv_size": [7, 1]},
								"south": {"uv": [36, 53], "uv_size": [2, 1]},
								"west": {"uv": [46, 41], "uv_size": [7, 1]},
								"up": {"uv": [21, 39], "uv_size": [2, 7]},
								"down": {"uv": [39, 32], "uv_size": [2, -7]}
							}
						},
						{
							"origin": [-0.4, 18.8, 24.4],
							"size": [1, 1.4, 5.9],
							"inflate": -0.3,
							"uv": {
								"north": {"uv": [49, 29], "uv_size": [1, 1]},
								"east": {"uv": [5, 51], "uv_size": [5, 1]},
								"south": {"uv": [48, 49], "uv_size": [1, 1]},
								"west": {"uv": [51, 13], "uv_size": [5, 1]},
								"up": {"uv": [41, 48], "uv_size": [1, 5]},
								"down": {"uv": [10, 56], "uv_size": [1, -5]}
							}
						},
						{
							"origin": [-1.1, 19.6, 23.4],
							"size": [2.4, 1.2, 7.1],
							"inflate": -0.3,
							"uv": {
								"north": {"uv": [53, 36], "uv_size": [2, 1]},
								"east": {"uv": [46, 42], "uv_size": [7, 1]},
								"south": {"uv": [53, 37], "uv_size": [2, 1]},
								"west": {"uv": [43, 46], "uv_size": [7, 1]},
								"up": {"uv": [39, 32], "uv_size": [2, 7]},
								"down": {"uv": [36, 46], "uv_size": [2, -7]}
							}
						},
						{
							"origin": [-1.6, 14.2, 25.1],
							"size": [3.4, 2.2, 6],
							"inflate": -0.3,
							"uv": {
								"north": {"uv": [46, 47], "uv_size": [3, 2]},
								"east": {"uv": [15, 41], "uv_size": [6, 2]},
								"south": {"uv": [48, 13], "uv_size": [3, 2]},
								"west": {"uv": [24, 41], "uv_size": [6, 2]},
								"up": {"uv": [0, 27], "uv_size": [3, 6]},
								"down": {"uv": [28, 8], "uv_size": [3, -6]}
							}
						},
						{
							"origin": [-1.6, 13.2, 25.7],
							"size": [3.4, 1.6, 5.4],
							"inflate": -0.3,
							"uv": {
								"north": {"uv": [14, 48], "uv_size": [3, 2]},
								"east": {"uv": [43, 13], "uv_size": [5, 2]},
								"south": {"uv": [17, 48], "uv_size": [3, 2]},
								"west": {"uv": [30, 43], "uv_size": [5, 2]},
								"up": {"uv": [12, 35], "uv_size": [3, 5]},
								"down": {"uv": [15, 40], "uv_size": [3, -5]}
							}
						}
					]
				},
				{
					"name": "retractable",
					"parent": "stock",
					"pivot": [0.1, 23.4, 16.15],
					"rotation": [-10, 0, 0],
					"cubes": [
						{
							"origin": [-1.36, 24.1, 10.4],
							"size": [1.96, 1.3, 11.5],
							"inflate": -0.3,
							"pivot": [-0.1, 24.4, 0.55],
							"rotation": [0, 0, -36],
							"uv": {
								"north": {"uv": [53, 43], "uv_size": [2, 1]},
								"east": {"uv": [40, 19], "uv_size": [11, 1]},
								"south": {"uv": [53, 44], "uv_size": [2, 1]},
								"west": {"uv": [41, 37], "uv_size": [11, 1]},
								"up": {"uv": [23, 2], "uv_size": [2, 11]},
								"down": {"uv": [7, 35], "uv_size": [2, -11]}
							}
						},
						{
							"origin": [-0.48, 24.1, 10.4],
							"size": [1.13, 1.4, 11.5],
							"inflate": -0.3,
							"uv": {
								"north": {"uv": [55, 2], "uv_size": [1, 1]},
								"east": {"uv": [41, 38], "uv_size": [11, 1]},
								"south": {"uv": [55, 3], "uv_size": [1, 1]},
								"west": {"uv": [42, 5], "uv_size": [11, 1]},
								"up": {"uv": [13, 24], "uv_size": [1, 11]},
								"down": {"uv": [3, 52], "uv_size": [1, -11]}
							}
						},
						{
							"origin": [-0.64, 23.5, 10.4],
							"size": [2, 1.3, 11.5],
							"inflate": -0.3,
							"pivot": [1.1, 23.8, 0.55],
							"rotation": [0, 0, 36],
							"uv": {
								"north": {"uv": [53, 47], "uv_size": [2, 1]},
								"east": {"uv": [42, 6], "uv_size": [11, 1]},
								"south": {"uv": [53, 48], "uv_size": [2, 1]},
								"west": {"uv": [42, 7], "uv_size": [11, 1]},
								"up": {"uv": [9, 24], "uv_size": [2, 11]},
								"down": {"uv": [11, 35], "uv_size": [2, -11]}
							}
						},
						{
							"origin": [-1.6, 20.3, 17.9],
							"size": [1.2, 4.4, 4],
							"inflate": -0.3,
							"uv": {
								"north": {"uv": [24, 31], "uv_size": [1, 4]},
								"east": {"uv": [25, 9], "uv_size": [4, 4]},
								"south": {"uv": [42, 8], "uv_size": [1, 4]},
								"west": {"uv": [32, 24], "uv_size": [4, 4]},
								"up": {"uv": [45, 51], "uv_size": [1, 4]},
								"down": {"uv": [48, 55], "uv_size": [1, -4]}
							}
						},
						{
							"origin": [0.6, 20.3, 17.9],
							"size": [1.2, 4.4, 4],
							"inflate": -0.3,
							"uv": {
								"north": {"uv": [49, 51], "uv_size": [1, 4]},
								"east": {"uv": [33, 2], "uv_size": [4, 4]},
								"south": {"uv": [50, 51], "uv_size": [1, 4]},
								"west": {"uv": [33, 6], "uv_size": [4, 4]},
								"up": {"uv": [51, 51], "uv_size": [1, 4]},
								"down": {"uv": [0, 56], "uv_size": [1, -4]}
							}
						},
						{
							"origin": [0.6, 20.3, 14.4],
							"size": [1.2, 4.9, 2.8],
							"inflate": -0.3,
							"pivot": [1.2, 23.2, 16.45],
							"rotation": [69, 0, 0],
							"uv": {
								"north": {"uv": [11, 51], "uv_size": [1, 5]},
								"east": {"uv": [27, 36], "uv_size": [3, 5]},
								"south": {"uv": [30, 51], "uv_size": [1, 5]},
								"west": {"uv": [36, 29], "uv_size": [3, 5]},
								"up": {"uv": [21, 36], "uv_size": [1, 3]},
								"down": {"uv": [38, 24], "uv_size": [1, -3]}
							}
						},
						{
							"origin": [-1, 22.7, 7.4],
							"size": [2.8, 2, 11.1],
							"inflate": -0.3,
							"uv": {
								"north": {"uv": [49, 35], "uv_size": [3, 2]},
								"east": {"uv": [23, 13], "uv_size": [11, 2]},
								"south": {"uv": [43, 49], "uv_size": [3, 2]},
								"west": {"uv": [23, 15], "uv_size": [11, 2]},
								"up": {"uv": [20, 0], "uv_size": [3, 11]},
								"down": {"uv": [20, 22], "uv_size": [3, -11]}
							}
						},
						{
							"origin": [0.6, 24.6, 14.4],
							"size": [1.2, 3, 1.5],
							"inflate": -0.3,
							"pivot": [1.2, 23.2, 16.45],
							"rotation": [69, 0, 0],
							"uv": {
								"north": {"uv": [8, 52], "uv_size": [1, 3]},
								"east": {"uv": [9, 52], "uv_size": [1, 3]},
								"south": {"uv": [52, 22], "uv_size": [1, 3]},
								"west": {"uv": [24, 52], "uv_size": [1, 3]},
								"up": {"uv": [55, 4], "uv_size": [1, 1]},
								"down": {"uv": [55, 6], "uv_size": [1, -1]}
							}
						},
						{
							"origin": [1.2, 20.5, 14.6],
							"size": [0.7, 7, 1.7],
							"inflate": -0.3,
							"pivot": [1.2, 23.2, 16.45],
							"rotation": [69, 0, 0],
							"uv": {
								"north": {"uv": [21, 46], "uv_size": [1, 7]},
								"east": {"uv": [40, 5], "uv_size": [2, 7]},
								"south": {"uv": [22, 46], "uv_size": [1, 7]},
								"west": {"uv": [6, 40], "uv_size": [2, 7]},
								"up": {"uv": [41, 53], "uv_size": [1, 2]},
								"down": {"uv": [53, 52], "uv_size": [1, -2]}
							}
						},
						{
							"origin": [1.2, 26.2, 14.9],
							"size": [0.7, 2.8, 1.5],
							"inflate": -0.3,
							"pivot": [1.2, 24.7, 16.55],
							"rotation": [90, 0, 0],
							"uv": {
								"north": {"uv": [25, 52], "uv_size": [1, 3]},
								"east": {"uv": [0, 49], "uv_size": [2, 3]},
								"south": {"uv": [26, 52], "uv_size": [1, 3]},
								"west": {"uv": [49, 43], "uv_size": [2, 3]},
								"up": {"uv": [53, 52], "uv_size": [1, 2]},
								"down": {"uv": [54, 2], "uv_size": [1, -2]}
							}
						},
						{
							"origin": [1.2, 23.8, 14],
							"size": [0.7, 3, 2.4],
							"inflate": -0.3,
							"pivot": [1.2, 24.7, 16.55],
							"rotation": [90, 0, 0],
							"uv": {
								"north": {"uv": [27, 52], "uv_size": [1, 3]},
								"east": {"uv": [46, 49], "uv_size": [2, 3]},
								"south": {"uv": [28, 52], "uv_size": [1, 3]},
								"west": {"uv": [49, 47], "uv_size": [2, 3]},
								"up": {"uv": [54, 2], "uv_size": [1, 2]},
								"down": {"uv": [54, 6], "uv_size": [1, -2]}
							}
						},
						{
							"origin": [1.2, 19.5, 12.44],
							"size": [0.7, 3.92, 1.6],
							"inflate": -0.3,
							"pivot": [1.2, 24.7, 16.55],
							"rotation": [90, 0, 0],
							"uv": {
								"north": {"uv": [1, 52], "uv_size": [1, 4]},
								"east": {"uv": [0, 45], "uv_size": [2, 4]},
								"south": {"uv": [2, 52], "uv_size": [1, 4]},
								"west": {"uv": [30, 45], "uv_size": [2, 4]},
								"up": {"uv": [54, 6], "uv_size": [1, 2]},
								"down": {"uv": [13, 56], "uv_size": [1, -2]}
							}
						},
						{
							"origin": [1.2, 19.5, 13.4],
							"size": [0.7, 4.9, 3],
							"inflate": -0.3,
							"pivot": [1.2, 24.7, 16.55],
							"rotation": [90, 0, 0],
							"uv": {
								"north": {"uv": [31, 51], "uv_size": [1, 5]},
								"east": {"uv": [36, 34], "uv_size": [3, 5]},
								"south": {"uv": [32, 51], "uv_size": [1, 5]},
								"west": {"uv": [37, 0], "uv_size": [3, 5]},
								"up": {"uv": [29, 52], "uv_size": [1, 3]},
								"down": {"uv": [52, 35], "uv_size": [1, -3]}
							}
						},
						{
							"origin": [-1.7, 19.5, 12.44],
							"size": [0.7, 3.92, 1.6],
							"inflate": -0.3,
							"pivot": [-1.7, 24.7, 16.55],
							"rotation": [90, 0, 0],
							"uv": {
								"north": {"uv": [3, 52], "uv_size": [1, 4]},
								"east": {"uv": [32, 45], "uv_size": [2, 4]},
								"south": {"uv": [4, 52], "uv_size": [1, 4]},
								"west": {"uv": [34, 45], "uv_size": [2, 4]},
								"up": {"uv": [14, 54], "uv_size": [1, 2]},
								"down": {"uv": [15, 56], "uv_size": [1, -2]}
							}
						},
						{
							"origin": [-1.7, 23.8, 14],
							"size": [0.7, 3, 2.4],
							"inflate": -0.3,
							"pivot": [-1.7, 24.7, 16.55],
							"rotation": [90, 0, 0],
							"uv": {
								"north": {"uv": [52, 35], "uv_size": [1, 3]},
								"east": {"uv": [12, 50], "uv_size": [2, 3]},
								"south": {"uv": [38, 52], "uv_size": [1, 3]},
								"west": {"uv": [14, 50], "uv_size": [2, 3]},
								"up": {"uv": [16, 54], "uv_size": [1, 2]},
								"down": {"uv": [17, 56], "uv_size": [1, -2]}
							}
						},
						{
							"origin": [-1.7, 19.5, 13.4],
							"size": [0.7, 4.9, 3],
							"inflate": -0.3,
							"pivot": [-1.7, 24.7, 16.55],
							"rotation": [90, 0, 0],
							"uv": {
								"north": {"uv": [33, 51], "uv_size": [1, 5]},
								"east": {"uv": [37, 5], "uv_size": [3, 5]},
								"south": {"uv": [34, 51], "uv_size": [1, 5]},
								"west": {"uv": [37, 10], "uv_size": [3, 5]},
								"up": {"uv": [39, 52], "uv_size": [1, 3]},
								"down": {"uv": [40, 55], "uv_size": [1, -3]}
							}
						},
						{
							"origin": [-1.7, 26.2, 14.9],
							"size": [0.7, 2.8, 1.5],
							"inflate": -0.3,
							"pivot": [-1.7, 24.7, 16.55],
							"rotation": [90, 0, 0],
							"uv": {
								"north": {"uv": [46, 52], "uv_size": [1, 3]},
								"east": {"uv": [16, 50], "uv_size": [2, 3]},
								"south": {"uv": [47, 52], "uv_size": [1, 3]},
								"west": {"uv": [18, 50], "uv_size": [2, 3]},
								"up": {"uv": [18, 54], "uv_size": [1, 2]},
								"down": {"uv": [19, 56], "uv_size": [1, -2]}
							}
						},
						{
							"origin": [-1.7, 20.5, 14.6],
							"size": [0.7, 7, 1.7],
							"inflate": -0.3,
							"pivot": [-1.7, 23.2, 16.45],
							"rotation": [69, 0, 0],
							"uv": {
								"north": {"uv": [36, 46], "uv_size": [1, 7]},
								"east": {"uv": [8, 40], "uv_size": [2, 7]},
								"south": {"uv": [37, 46], "uv_size": [1, 7]},
								"west": {"uv": [10, 40], "uv_size": [2, 7]},
								"up": {"uv": [20, 54], "uv_size": [1, 2]},
								"down": {"uv": [21, 56], "uv_size": [1, -2]}
							}
						},
						{
							"origin": [-1.6, 20.3, 14.4],
							"size": [1.2, 4.9, 2.8],
							"inflate": -0.3,
							"pivot": [-1, 23.2, 16.45],
							"rotation": [69, 0, 0],
							"uv": {
								"north": {"uv": [35, 51], "uv_size": [1, 5]},
								"east": {"uv": [37, 15], "uv_size": [3, 5]},
								"south": {"uv": [42, 51], "uv_size": [1, 5]},
								"west": {"uv": [30, 38], "uv_size": [3, 5]},
								"up": {"uv": [52, 51], "uv_size": [1, 3]},
								"down": {"uv": [5, 56], "uv_size": [1, -3]}
							}
						},
						{
							"origin": [-1.6, 24.6, 14.4],
							"size": [1.2, 3, 1.5],
							"inflate": -0.3,
							"pivot": [-1, 23.2, 16.45],
							"rotation": [69, 0, 0],
							"uv": {
								"north": {"uv": [53, 5], "uv_size": [1, 3]},
								"east": {"uv": [6, 53], "uv_size": [1, 3]},
								"south": {"uv": [7, 53], "uv_size": [1, 3]},
								"west": {"uv": [12, 53], "uv_size": [1, 3]},
								"up": {"uv": [55, 6], "uv_size": [1, 1]},
								"down": {"uv": [55, 8], "uv_size": [1, -1]}
							}
						},
						{
							"origin": [-1.6, 22.7, 7.4],
							"size": [1.2, 2, 11.1],
							"inflate": -0.3,
							"uv": {
								"north": {"uv": [22, 54], "uv_size": [1, 2]},
								"east": {"uv": [23, 17], "uv_size": [11, 2]},
								"south": {"uv": [54, 33], "uv_size": [1, 2]},
								"west": {"uv": [23, 19], "uv_size": [11, 2]},
								"up": {"uv": [4, 41], "uv_size": [1, 11]},
								"down": {"uv": [42, 51], "uv_size": [1, -11]}
							}
						},
						{
							"origin": [-1.6, 23.4, 6],
							"size": [3.4, 1.3, 2],
							"inflate": -0.3,
							"uv": {
								"north": {"uv": [52, 18], "uv_size": [3, 1]},
								"east": {"uv": [54, 45], "uv_size": [2, 1]},
								"south": {"uv": [52, 27], "uv_size": [3, 1]},
								"west": {"uv": [55, 0], "uv_size": [2, 1]},
								"up": {"uv": [50, 25], "uv_size": [3, 2]},
								"down": {"uv": [27, 52], "uv_size": [3, -2]}
							}
						},
						{
							"origin": [-1, 10.26, 14.2],
							"size": [2.8, 2.15, 1.2],
							"inflate": -0.3,
							"pivot": [3.3, 11.23, 0.95],
							"rotation": [63, 0, 0],
							"uv": {
								"north": {"uv": [50, 20], "uv_size": [3, 2]},
								"east": {"uv": [53, 54], "uv_size": [1, 2]},
								"south": {"uv": [24, 50], "uv_size": [3, 2]},
								"west": {"uv": [54, 53], "uv_size": [1, 2]},
								"up": {"uv": [52, 15], "uv_size": [3, 1]},
								"down": {"uv": [52, 17], "uv_size": [3, -1]}
							}
						},
						{
							"origin": [-1.6, 10.26, 14.2],
							"size": [1.2, 2.15, 1.2],
							"inflate": -0.3,
							"pivot": [1.1, 11.23, 0.95],
							"rotation": [63, 0, 0],
							"uv": {
								"north": {"uv": [44, 54], "uv_size": [1, 2]},
								"east": {"uv": [54, 49], "uv_size": [1, 2]},
								"south": {"uv": [54, 51], "uv_size": [1, 2]},
								"west": {"uv": [52, 54], "uv_size": [1, 2]},
								"up": {"uv": [55, 24], "uv_size": [1, 1]},
								"down": {"uv": [25, 56], "uv_size": [1, -1]}
							}
						},
						{
							"origin": [-0.64, 23.5, 6],
							"size": [2, 1.3, 5],
							"inflate": -0.3,
							"pivot": [1.1, 23.8, -2.85],
							"rotation": [0, 0, 36],
							"uv": {
								"north": {"uv": [31, 21], "uv_size": [2, 1]},
								"east": {"uv": [34, 20], "uv_size": [5, 1]},
								"south": {"uv": [18, 35], "uv_size": [2, 1]},
								"west": {"uv": [47, 22], "uv_size": [5, 1]},
								"up": {"uv": [42, 20], "uv_size": [2, 5]},
								"down": {"uv": [43, 13], "uv_size": [2, -5]}
							}
						},
						{
							"origin": [-1.36, 24.1, 6],
							"size": [1.96, 1.3, 5],
							"inflate": -0.3,
							"pivot": [-0.1, 24.4, -2.85],
							"rotation": [0, 0, -36],
							"uv": {
								"north": {"uv": [47, 36], "uv_size": [2, 1]},
								"east": {"uv": [50, 46], "uv_size": [5, 1]},
								"south": {"uv": [52, 28], "uv_size": [2, 1]},
								"west": {"uv": [48, 50], "uv_size": [5, 1]},
								"up": {"uv": [15, 43], "uv_size": [2, 5]},
								"down": {"uv": [17, 48], "uv_size": [2, -5]}
							}
						},
						{
							"origin": [-0.48, 24.1, 6],
							"size": [1.13, 1.4, 5],
							"inflate": -0.3,
							"uv": {
								"north": {"uv": [3, 24], "uv_size": [1, 1]},
								"east": {"uv": [49, 17], "uv_size": [5, 1]},
								"south": {"uv": [28, 8], "uv_size": [1, 1]},
								"west": {"uv": [50, 31], "uv_size": [5, 1]},
								"up": {"uv": [6, 30], "uv_size": [1, 5]},
								"down": {"uv": [20, 53], "uv_size": [1, -5]}
							}
						}
					]
				},
				{
					"name": "_ca_stock",
					"parent": "main",
					"pivot": [-0.2, 19.45, -1.025],
					"cubes": [
						{"origin": [-0.45, 20.75, 6.9], "size": [1, 1, 1], "uv": [0, 0]}
					]
				}
			]
		}
	]
}