{
	"format_version": "1.12.0",
	"minecraft:geometry": [
		{
			"description": {
				"identifier": "geometry.unknown",
				"texture_width": 64,
				"texture_height": 64,
				"visible_bounds_width": 9,
				"visible_bounds_height": 5,
				"visible_bounds_offset": [0, 0.5, 0]
			},
			"bones": [
				{
					"name": "main",
					"pivot": [0, 20, 0]
				},
				{
					"name": "gun",
					"parent": "main",
					"pivot": [1, 11, -1],
					"cubes": [
						{
							"origin": [-1.7, 17.9, 6.9],
							"size": [3.4, 5, 3.7],
							"inflate": -0.3,
							"uv": {
								"north": {"uv": [25, 8], "uv_size": [3, 5]},
								"east": {"uv": [24, 14], "uv_size": [4, 5]},
								"south": {"uv": [27, 19], "uv_size": [3, 5]},
								"west": {"uv": [20, 24], "uv_size": [4, 5]},
								"up": {"uv": [28, 0], "uv_size": [3, 4]},
								"down": {"uv": [20, 33], "uv_size": [3, -4]}
							}
						},
						{
							"origin": [-0.8, 18.1, 10],
							"size": [1.7, 2.1, 11.1],
							"inflate": -0.3,
							"uv": {
								"north": {"uv": [18, 35], "uv_size": [2, 2]},
								"east": {"uv": [16, 20], "uv_size": [11, 2]},
								"south": {"uv": [35, 18], "uv_size": [2, 2]},
								"west": {"uv": [16, 22], "uv_size": [11, 2]},
								"up": {"uv": [16, 24], "uv_size": [2, 11]},
								"down": {"uv": [18, 35], "uv_size": [2, -11]}
							}
						},
						{
							"origin": [-0.8, 10.7, 17.3],
							"size": [1.7, 2.1, 15.7],
							"inflate": -0.3,
							"pivot": [1.2, 11.8, 29.25],
							"rotation": [-40, 0, 0],
							"uv": {
								"north": {"uv": [32, 35], "uv_size": [2, 2]},
								"east": {"uv": [12, 0], "uv_size": [16, 2]},
								"south": {"uv": [36, 0], "uv_size": [2, 2]},
								"west": {"uv": [12, 2], "uv_size": [16, 2]},
								"up": {"uv": [12, 4], "uv_size": [2, 16]},
								"down": {"uv": [14, 20], "uv_size": [2, -16]}
							}
						},
						{
							"origin": [-0.8, 20.5, 10],
							"size": [1.7, 2.1, 5.2],
							"inflate": -0.3,
							"uv": {
								"north": {"uv": [20, 35], "uv_size": [2, 2]},
								"east": {"uv": [28, 16], "uv_size": [5, 2]},
								"south": {"uv": [30, 35], "uv_size": [2, 2]},
								"west": {"uv": [30, 12], "uv_size": [5, 2]},
								"up": {"uv": [30, 18], "uv_size": [2, 5]},
								"down": {"uv": [31, 5], "uv_size": [2, -5]}
							}
						},
						{
							"origin": [-0.8, 20.5, 16.5],
							"size": [1.7, 2, 15.1],
							"inflate": -0.3,
							"uv": {
								"north": {"uv": [0, 37], "uv_size": [2, 2]},
								"east": {"uv": [16, 4], "uv_size": [15, 2]},
								"south": {"uv": [2, 37], "uv_size": [2, 2]},
								"west": {"uv": [16, 6], "uv_size": [15, 2]},
								"up": {"uv": [6, 14], "uv_size": [2, 15]},
								"down": {"uv": [8, 29], "uv_size": [2, -15]}
							}
						},
						{
							"origin": [-0.6, 19.5, 22],
							"size": [1.3, 1.2, 2],
							"inflate": -0.3,
							"uv": {
								"north": {"uv": [6, 37], "uv_size": [1, 1]},
								"east": {"uv": [36, 29], "uv_size": [2, 1]},
								"south": {"uv": [37, 6], "uv_size": [1, 1]},
								"west": {"uv": [37, 5], "uv_size": [2, 1]},
								"up": {"uv": [30, 33], "uv_size": [1, 2]},
								"down": {"uv": [22, 37], "uv_size": [1, -2]}
							}
						},
						{
							"origin": [-0.6, 20.1, 22],
							"size": [1.3, 1, 1.2],
							"inflate": -0.3,
							"uv": {
								"north": {"uv": [7, 37], "uv_size": [1, 1]},
								"east": {"uv": [8, 37], "uv_size": [1, 1]},
								"south": {"uv": [37, 13], "uv_size": [1, 1]},
								"west": {"uv": [14, 37], "uv_size": [1, 1]},
								"up": {"uv": [37, 14], "uv_size": [1, 1]},
								"down": {"uv": [15, 38], "uv_size": [1, -1]}
							}
						},
						{
							"origin": [-1.7, 8.56, 31],
							"size": [3.4, 13.66, 2.5],
							"inflate": -0.3,
							"uv": {
								"north": {"uv": [0, 2], "uv_size": [3, 14]},
								"east": {"uv": [3, 2], "uv_size": [3, 14]},
								"south": {"uv": [6, 0], "uv_size": [3, 14]},
								"west": {"uv": [9, 0], "uv_size": [3, 14]},
								"up": {"uv": [31, 5], "uv_size": [3, 3]},
								"down": {"uv": [31, 26], "uv_size": [3, -3]}
							}
						},
						{
							"origin": [-1.5, 19.16, 23.3],
							"size": [3, 2.96, 8.3],
							"inflate": -0.3,
							"uv": {
								"north": {"uv": [32, 18], "uv_size": [3, 3]},
								"east": {"uv": [16, 14], "uv_size": [8, 3]},
								"south": {"uv": [31, 32], "uv_size": [3, 3]},
								"west": {"uv": [16, 17], "uv_size": [8, 3]},
								"up": {"uv": [10, 20], "uv_size": [3, 8]},
								"down": {"uv": [13, 28], "uv_size": [3, -8]}
							}
						},
						{
							"origin": [-1.2, 20.66, 13.8],
							"size": [2.5, 2.96, 9.4],
							"inflate": -0.3,
							"pivot": [0, 22, 17.85],
							"rotation": [0, 0, -10],
							"uv": {
								"north": {"uv": [3, 25], "uv_size": [-3, -3]},
								"east": {"uv": [16, 11], "uv_size": [9, 3]},
								"south": {"uv": [3, 25], "uv_size": [-3, -3]},
								"west": {"uv": [16, 11], "uv_size": [9, 3]},
								"up": {"uv": [0, 16], "uv_size": [3, 9]},
								"down": {"uv": [0, 16], "uv_size": [3, 9]}
							}
						},
						{
							"origin": [-0.8, 11.16, 29.8],
							"size": [1.7, 9.46, 1.8],
							"inflate": -0.3,
							"uv": {
								"north": {"uv": [24, 24], "uv_size": [2, 9]},
								"east": {"uv": [0, 25], "uv_size": [2, 9]},
								"south": {"uv": [2, 25], "uv_size": [2, 9]},
								"west": {"uv": [4, 25], "uv_size": [2, 9]},
								"up": {"uv": [4, 36], "uv_size": [2, 2]},
								"down": {"uv": [36, 9], "uv_size": [2, -2]}
							}
						},
						{
							"origin": [-0.7, 11.66, 29],
							"size": [1.4, 8.96, 1.4],
							"inflate": -0.3,
							"uv": {
								"north": {"uv": [9, 29], "uv_size": [1, 9]},
								"east": {"uv": [23, 29], "uv_size": [1, 9]},
								"south": {"uv": [26, 32], "uv_size": [1, 9]},
								"west": {"uv": [27, 32], "uv_size": [1, 9]},
								"up": {"uv": [30, 23], "uv_size": [1, 1]},
								"down": {"uv": [6, 37], "uv_size": [1, -1]}
							}
						},
						{
							"origin": [-1.7, 8.7, 32.8],
							"size": [3.4, 4.2, 2],
							"inflate": -0.3,
							"pivot": [1.2, 14.6, 33.15],
							"rotation": [-40, 0, 0],
							"uv": {
								"north": {"uv": [28, 29], "uv_size": [3, 4]},
								"east": {"uv": [14, 33], "uv_size": [2, 4]},
								"south": {"uv": [30, 8], "uv_size": [3, 4]},
								"west": {"uv": [33, 14], "uv_size": [2, 4]},
								"up": {"uv": [34, 23], "uv_size": [3, 2]},
								"down": {"uv": [34, 27], "uv_size": [3, -2]}
							}
						},
						{
							"origin": [-0.8, 10.4, 32.6],
							"size": [1.7, 2.4, 2.4],
							"inflate": -0.3,
							"pivot": [1.2, 16.7, 33.55],
							"rotation": [-45, 0, 0],
							"uv": {
								"north": {"uv": [36, 9], "uv_size": [2, 2]},
								"east": {"uv": [10, 36], "uv_size": [2, 2]},
								"south": {"uv": [12, 36], "uv_size": [2, 2]},
								"west": {"uv": [24, 36], "uv_size": [2, 2]},
								"up": {"uv": [36, 27], "uv_size": [2, 2]},
								"down": {"uv": [28, 38], "uv_size": [2, -2]}
							}
						},
						{
							"origin": [-0.8, 17.4, 31.4],
							"size": [1.7, 1.8, 3.3],
							"inflate": -0.3,
							"pivot": [1.2, 23.3, 32.35],
							"rotation": [-40, 0, 0],
							"uv": {
								"north": {"uv": [34, 36], "uv_size": [2, 2]},
								"east": {"uv": [34, 34], "uv_size": [3, 2]},
								"south": {"uv": [36, 36], "uv_size": [2, 2]},
								"west": {"uv": [35, 11], "uv_size": [3, 2]},
								"up": {"uv": [35, 13], "uv_size": [2, 3]},
								"down": {"uv": [16, 38], "uv_size": [2, -3]}
							}
						},
						{
							"origin": [-1.7, 8.7, 34.2],
							"size": [3.4, 3.1, 1.5],
							"inflate": -0.3,
							"pivot": [1.2, 14.6, 33.15],
							"rotation": [-40, 0, 0],
							"uv": {
								"north": {"uv": [31, 26], "uv_size": [3, 3]},
								"east": {"uv": [7, 34], "uv_size": [2, 3]},
								"south": {"uv": [31, 29], "uv_size": [3, 3]},
								"west": {"uv": [34, 27], "uv_size": [2, 3]},
								"up": {"uv": [34, 30], "uv_size": [3, 2]},
								"down": {"uv": [34, 34], "uv_size": [3, -2]}
							}
						},
						{
							"origin": [-1.46, 21.4, 31],
							"size": [2.26, 1.5, 2.5],
							"inflate": -0.3,
							"pivot": [-0.2, 21.9, 21.15],
							"rotation": [0, 0, -36],
							"uv": {
								"north": {"uv": [4, 0], "uv_size": [2, 2]},
								"east": {"uv": [30, 14], "uv_size": [3, 2]},
								"south": {"uv": [35, 16], "uv_size": [2, 2]},
								"west": {"uv": [20, 33], "uv_size": [3, 2]},
								"up": {"uv": [24, 33], "uv_size": [2, 3]},
								"down": {"uv": [28, 36], "uv_size": [2, -3]}
							}
						},
						{
							"origin": [-1.04, 21, 31],
							"size": [2.3, 1.3, 2.5],
							"inflate": -0.3,
							"pivot": [1, 21.3, 21.15],
							"rotation": [0, 0, 36],
							"uv": {
								"north": {"uv": [10, 19], "uv_size": [2, 1]},
								"east": {"uv": [24, 19], "uv_size": [3, 1]},
								"south": {"uv": [28, 18], "uv_size": [2, 1]},
								"west": {"uv": [25, 13], "uv_size": [3, 1]},
								"up": {"uv": [0, 34], "uv_size": [2, 3]},
								"down": {"uv": [2, 37], "uv_size": [2, -3]}
							}
						},
						{
							"origin": [-0.94, 20.9, 23.3],
							"size": [2, 1.2, 8.3],
							"inflate": -0.3,
							"pivot": [1, 21.2, 19.25],
							"rotation": [0, 0, 36],
							"uv": {
								"north": {"uv": [35, 20], "uv_size": [2, 1]},
								"east": {"uv": [33, 3], "uv_size": [8, 1]},
								"south": {"uv": [36, 2], "uv_size": [2, 1]},
								"west": {"uv": [33, 4], "uv_size": [8, 1]},
								"up": {"uv": [10, 28], "uv_size": [2, 8]},
								"down": {"uv": [12, 36], "uv_size": [2, -8]}
							}
						},
						{
							"origin": [-1.26, 21.3, 23.3],
							"size": [1.96, 1.4, 8.3],
							"inflate": -0.3,
							"pivot": [-0.2, 21.8, 19.25],
							"rotation": [0, 0, -36],
							"uv": {
								"north": {"uv": [33, 11], "uv_size": [2, 1]},
								"east": {"uv": [32, 21], "uv_size": [8, 1]},
								"south": {"uv": [34, 7], "uv_size": [2, 1]},
								"west": {"uv": [32, 22], "uv_size": [8, 1]},
								"up": {"uv": [26, 24], "uv_size": [2, 8]},
								"down": {"uv": [28, 16], "uv_size": [2, -8]}
							}
						},
						{
							"origin": [-1.4, 18, 6.6],
							"size": [2.8, 4.8, 2.4],
							"inflate": -0.3,
							"uv": {
								"north": {"uv": [28, 24], "uv_size": [3, 5]},
								"east": {"uv": [10, 14], "uv_size": [2, 5]},
								"south": {"uv": [6, 29], "uv_size": [3, 5]},
								"west": {"uv": [14, 28], "uv_size": [2, 5]},
								"up": {"uv": [4, 34], "uv_size": [3, 2]},
								"down": {"uv": [34, 7], "uv_size": [3, -2]}
							}
						}
					]
				},
				{
					"name": "_ca_stock",
					"parent": "main",
					"pivot": [-0.2, 19.45, -1.025],
					"cubes": [
						{"origin": [-0.45, 20.75, 6.9], "size": [1, 1, 1], "uv": [0, 0]}
					]
				}
			]
		}
	]
}