{
	"format_version": "1.12.0",
	"minecraft:geometry": [
		{
			"description": {
				"identifier": "geometry.unknown",
				"texture_width": 256,
				"texture_height": 256,
				"visible_bounds_width": 9,
				"visible_bounds_height": 5,
				"visible_bounds_offset": [0, 0.5, 0]
			},
			"bones": [
				{
					"name": "main",
					"pivot": [0, 20, 0]
				},
				{
					"name": "_ca_stock",
					"parent": "main",
					"pivot": [-0.2, 19.45, -1.025],
					"cubes": [
						{"origin": [-0.45, 20.75, 6.9], "size": [1, 1, 1], "uv": [27, 69]}
					]
				},
				{
					"name": "stock",
					"parent": "main",
					"pivot": [0.65, 8.1, 23.2],
					"cubes": [
						{
							"origin": [-1.7, 17.9, 6.7],
							"size": [3.4, 5.5, 3.7],
							"inflate": -0.3,
							"uv": {
								"north": {"uv": [48, 125], "uv_size": [-3, -5]},
								"east": {"uv": [48, 125], "uv_size": [-3, -5]},
								"south": {"uv": [48, 125], "uv_size": [-3, -5]},
								"west": {"uv": [48, 125], "uv_size": [-3, -5]},
								"up": {"uv": [45, 123], "uv_size": [3, -3]},
								"down": {"uv": [45, 120], "uv_size": [3, 3]}
							}
						},
						{
							"origin": [-1.2, 12.035, 30.8],
							"size": [2.4, 10.685, 2],
							"inflate": -0.3,
							"uv": {
								"north": {"uv": [53, 95], "uv_size": [2, 10]},
								"east": {"uv": [53, 95], "uv_size": [2, 10]},
								"south": {"uv": [53, 95], "uv_size": [2, 10]},
								"west": {"uv": [53, 95], "uv_size": [2, 10]},
								"up": {"uv": [55, 106], "uv_size": [-2, -2]},
								"down": {"uv": [55, 106], "uv_size": [-2, -2]}
							}
						},
						{
							"origin": [-1.4, 18, 6.4],
							"size": [2.8, 5.3, 2.4],
							"inflate": -0.3,
							"uv": {
								"north": {"uv": [54, 9], "uv_size": [19, 3]},
								"east": {"uv": [48, 125], "uv_size": [-3, -5]},
								"south": {"uv": [54, 9], "uv_size": [19, 3]},
								"west": {"uv": [48, 125], "uv_size": [-3, -5]},
								"up": {"uv": [45, 123], "uv_size": [3, -3]},
								"down": {"uv": [45, 120], "uv_size": [3, 5]}
							}
						},
						{
							"origin": [-1, 21.3, 9.8],
							"size": [2, 2, 21.7],
							"inflate": -0.3,
							"pivot": [0.7, 23, 10.1],
							"rotation": [-1.5, 0, 0],
							"uv": {
								"north": {"uv": [40, 87], "uv_size": [3, 5]},
								"east": {"uv": [89, 21], "uv_size": [18, 2]},
								"south": {"uv": [40, 87], "uv_size": [3, 5]},
								"west": {"uv": [89, 21], "uv_size": [18, 2]},
								"up": {"uv": [55, 113], "uv_size": [-2, -18]},
								"down": {"uv": [55, 113], "uv_size": [-2, -18]}
							}
						},
						{
							"origin": [-1, 18.28029, 9.06245],
							"size": [2, 2, 23.25],
							"inflate": -0.3,
							"pivot": [0.7, 18.58029, 9.36245],
							"rotation": [-16, 0, 0],
							"uv": {
								"north": {"uv": [40, 87], "uv_size": [3, 5]},
								"east": {"uv": [89, 21], "uv_size": [18, 2]},
								"south": {"uv": [40, 87], "uv_size": [3, 5]},
								"west": {"uv": [89, 21], "uv_size": [18, 2]},
								"up": {"uv": [55, 113], "uv_size": [-2, -18]},
								"down": {"uv": [55, 113], "uv_size": [-2, -18]}
							}
						},
						{
							"origin": [-1, 19.1, 9.8],
							"size": [2, 2.8, 2.1],
							"inflate": -0.3,
							"uv": {
								"north": {"uv": [40, 87], "uv_size": [3, 5]},
								"east": {"uv": [45, 125], "uv_size": [2, -3]},
								"south": {"uv": [47, 125], "uv_size": [-2, -3]},
								"west": {"uv": [47, 125], "uv_size": [-2, -3]},
								"up": {"uv": [43, 92], "uv_size": [-3, -5]},
								"down": {"uv": [43, 92], "uv_size": [-3, -5]}
							}
						}
					]
				}
			]
		}
	]
}