{
	"format_version": "1.12.0",
	"minecraft:geometry": [
		{
			"description": {
				"identifier": "geometry.unknown",
				"texture_width": 256,
				"texture_height": 256,
				"visible_bounds_width": 9,
				"visible_bounds_height": 5,
				"visible_bounds_offset": [0, 0.5, 0]
			},
			"bones": [
				{
					"name": "main",
					"pivot": [0, 20, 0]
				},
				{
					"name": "gun",
					"parent": "main",
					"pivot": [1, 11, -1]
				},
				{
					"name": "stock",
					"parent": "gun",
					"pivot": [0.65, 8.1, 23.4],
					"cubes": [
						{
							"origin": [-1.1, 10.8, 29.1],
							"size": [2.4, 12.2, 2],
							"uv": {
								"north": {"uv": [43, 29], "uv_size": [14, 5]},
								"east": {"uv": [111, 130], "uv_size": [-2, -12]},
								"south": {"uv": [43, 29], "uv_size": [14, 5]},
								"west": {"uv": [109, 130], "uv_size": [2, -12]},
								"up": {"uv": [52, 87], "uv_size": [2, 2]},
								"down": {"uv": [52, 87], "uv_size": [2, 2]}
							}
						},
						{
							"origin": [-1.11, 10.9, 30.4],
							"size": [2.42, 5.8, 1.4],
							"pivot": [0.65, 18.7, 31.5],
							"rotation": [5, 0, 0],
							"uv": {
								"north": {"uv": [43, 29], "uv_size": [14, 5]},
								"east": {"uv": [80, 47], "uv_size": [3, 6]},
								"south": {"uv": [68, 80], "uv_size": [4, 6]},
								"west": {"uv": [80, 47], "uv_size": [3, 6]},
								"up": {"uv": [57, 34], "uv_size": [-14, -5]},
								"down": {"uv": [134, 104], "uv_size": [4, 3]}
							}
						},
						{
							"origin": [-0.59, 14.18135, 31.32706],
							"size": [1.4, 1.4, 1.4],
							"pivot": [0.15, 14.9, 32],
							"rotation": [3.54002, -3.53329, 44.89078],
							"uv": {
								"north": {"uv": [91, 111], "uv_size": [1, 1]},
								"east": {"uv": [91, 111], "uv_size": [1, 1]},
								"south": {"uv": [91, 111], "uv_size": [1, 1]},
								"west": {"uv": [91, 111], "uv_size": [1, 1]},
								"up": {"uv": [92, 112], "uv_size": [-1, -1]},
								"down": {"uv": [92, 112], "uv_size": [-1, -1]}
							}
						},
						{
							"origin": [-1.11, 16.25, 30.9],
							"size": [2.42, 6.7, 1.4],
							"pivot": [0.65, 20.9, 32],
							"rotation": [-5, 0, 0],
							"uv": {
								"north": {"uv": [43, 29], "uv_size": [14, 5]},
								"east": {"uv": [138, 107], "uv_size": [-4, -3]},
								"south": {"uv": [68, 79], "uv_size": [4, 7]},
								"west": {"uv": [80, 47], "uv_size": [3, 7]},
								"up": {"uv": [134, 104], "uv_size": [4, 3]},
								"down": {"uv": [57, 34], "uv_size": [-14, -5]}
							}
						},
						{
							"origin": [-1.1, 13.7, 14.5],
							"size": [2.4, 11.3, 8.3],
							"pivot": [0.65, 21.5, 21.3],
							"rotation": [90, 0, 0],
							"uv": {
								"north": {"uv": [60, 69], "uv_size": [-3, -16]},
								"east": {"uv": [109, 129], "uv_size": [-8, -11]},
								"south": {"uv": [54, 95], "uv_size": [-2, -8]},
								"west": {"uv": [101, 129], "uv_size": [8, -11]},
								"up": {"uv": [57, 53], "uv_size": [3, 16]},
								"down": {"uv": [57, 53], "uv_size": [3, 16]}
							}
						},
						{
							"origin": [-1.1, 21.5, 15.2],
							"size": [2.4, 5.7, 4.4],
							"pivot": [0.65, 21.5, 18.1],
							"rotation": [100, 0, 0],
							"uv": {
								"north": {"uv": [60, 69], "uv_size": [-3, -16]},
								"east": {"uv": [109, 125], "uv_size": [-4, -6]},
								"south": {"uv": [55, 90], "uv_size": [-2, -3]},
								"west": {"uv": [105, 125], "uv_size": [4, -6]},
								"up": {"uv": [57, 53], "uv_size": [3, 16]},
								"down": {"uv": [57, 53], "uv_size": [3, 16]}
							}
						},
						{
							"origin": [-1.098, 21.9, 10.5],
							"size": [2.396, 3.1, 3.2],
							"pivot": [0.65, 21.9, 11.6],
							"rotation": [-100, 0, 0],
							"uv": {
								"north": {"uv": [55, 90], "uv_size": [-2, -3]},
								"east": {"uv": [106, 121], "uv_size": [3, -3]},
								"south": {"uv": [60, 69], "uv_size": [-3, -16]},
								"west": {"uv": [109, 122], "uv_size": [-3, -3]},
								"up": {"uv": [57, 53], "uv_size": [3, 16]},
								"down": {"uv": [57, 53], "uv_size": [3, 16]}
							}
						},
						{
							"origin": [-1.1, 20, 9.2],
							"size": [2.4, 5, 2.6],
							"pivot": [0.65, 21.5, 10.3],
							"rotation": [90, 0, 0],
							"uv": {
								"north": {"uv": [60, 69], "uv_size": [-3, -16]},
								"east": {"uv": [109, 118], "uv_size": [-3, 5]},
								"south": {"uv": [54, 92], "uv_size": [-2, -5]},
								"west": {"uv": [106, 118], "uv_size": [3, 5]},
								"up": {"uv": [57, 53], "uv_size": [3, 16]},
								"down": {"uv": [57, 53], "uv_size": [3, 16]}
							}
						},
						{
							"origin": [-1.105, 3.9, 17.5],
							"size": [2.41, 24.5, 3.9],
							"pivot": [0.65, 15.3, 18.6],
							"rotation": [72, 0, 0],
							"uv": {
								"north": {"uv": [54, 104], "uv_size": [-2, -17]},
								"east": {"uv": [5, 210], "uv_size": [3, -24]},
								"south": {"uv": [60, 69], "uv_size": [-3, -16]},
								"west": {"uv": [8, 210], "uv_size": [-3, -24]},
								"up": {"uv": [57, 53], "uv_size": [3, 16]},
								"down": {"uv": [57, 53], "uv_size": [3, 16]}
							}
						},
						{
							"origin": [-1.3, 5.6, 20.9],
							"size": [2.8, 15.4, 1.8],
							"pivot": [0.65, 15.3, 18.6],
							"rotation": [76, 0, 0],
							"uv": {
								"north": {"uv": [43, 29], "uv_size": [14, 5]},
								"east": {"uv": [14, 207], "uv_size": [2, -15]},
								"south": {"uv": [43, 29], "uv_size": [14, 5]},
								"west": {"uv": [14, 207], "uv_size": [2, -15]},
								"up": {"uv": [57, 34], "uv_size": [-14, -5]},
								"down": {"uv": [57, 34], "uv_size": [-14, -5]}
							}
						},
						{
							"origin": [-1.25, 24.8, 7.45],
							"size": [2.7, 0.8, 0.8],
							"pivot": [-1.7, 21.2, 2.65],
							"rotation": [-45, 0, 0],
							"uv": {
								"north": {"uv": [170, 46], "uv_size": [1, 1]},
								"east": {"uv": [170, 46], "uv_size": [1, 1]},
								"south": {"uv": [170, 46], "uv_size": [1, 1]},
								"west": {"uv": [170, 46], "uv_size": [1, 1]},
								"up": {"uv": [171, 47], "uv_size": [-1, -1]},
								"down": {"uv": [171, 47], "uv_size": [-1, -1]}
							}
						}
					]
				},
				{
					"name": "_ca_stock",
					"parent": "main",
					"pivot": [-0.2, 19.45, -1.025],
					"cubes": [
						{"origin": [-0.45, 20.75, 6.775], "size": [1, 1, 1], "uv": [24, 121]}
					]
				}
			]
		}
	]
}