{
	"format_version": "1.12.0",
	"minecraft:geometry": [
		{
			"description": {
				"identifier": "geometry.unknown",
				"texture_width": 64,
				"texture_height": 64,
				"visible_bounds_width": 8,
				"visible_bounds_height": 4,
				"visible_bounds_offset": [0, 1, 0]
			},
			"bones": [
				{
					"name": "main",
					"pivot": [0, 20, 0]
				},
				{
					"name": "gun",
					"parent": "main",
					"pivot": [1, 11, -1]
				},
				{
					"name": "stock",
					"parent": "gun",
					"pivot": [0.65, 25.9, 5.7]
				},
				{
					"name": "stockad",
					"parent": "stock",
					"pivot": [0.75, 20.7, 6],
					"cubes": [
						{
							"origin": [-0.85, 23.3, 6.1],
							"size": [1.8, 3.6, 1.9],
							"pivot": [0.65, 25.9, 5.7],
							"rotation": [37, 0, 0],
							"uv": {
								"north": {"uv": [35, 26], "uv_size": [2, 4]},
								"east": {"uv": [35, 30], "uv_size": [2, 4]},
								"south": {"uv": [35, 34], "uv_size": [2, 4]},
								"west": {"uv": [36, 0], "uv_size": [2, 4]},
								"up": {"uv": [10, 0], "uv_size": [2, 2]},
								"down": {"uv": [12, 2], "uv_size": [2, -2]}
							}
						},
						{
							"origin": [-1.5, 19.5, 7],
							"size": [3.1, 5.7, 3.12],
							"uv": {
								"north": {"uv": [17, 27], "uv_size": [3, 6]},
								"east": {"uv": [28, 22], "uv_size": [3, 6]},
								"south": {"uv": [28, 28], "uv_size": [3, 6]},
								"west": {"uv": [31, 22], "uv_size": [3, 6]},
								"up": {"uv": [0, 35], "uv_size": [3, 3]},
								"down": {"uv": [13, 38], "uv_size": [3, -3]}
							}
						},
						{
							"origin": [-1.2987, 20.25742, 15.20338],
							"size": [2.68398, 3.98268, 16.64068],
							"uv": {
								"north": {"uv": [28, 6], "uv_size": [3, 4]},
								"east": {"uv": [0, 10], "uv_size": [17, 4]},
								"south": {"uv": [31, 6], "uv_size": [3, 4]},
								"west": {"uv": [0, 14], "uv_size": [17, 4]},
								"up": {"uv": [17, 10], "uv_size": [3, 17]},
								"down": {"uv": [0, 35], "uv_size": [3, -17]}
							}
						},
						{
							"origin": [-0.77922, 14.62972, 23.94796],
							"size": [1.64502, 3.11688, 7.63636],
							"uv": {
								"north": {"uv": [37, 32], "uv_size": [2, 3]},
								"east": {"uv": [28, 0], "uv_size": [8, 3]},
								"south": {"uv": [37, 35], "uv_size": [2, 3]},
								"west": {"uv": [28, 3], "uv_size": [8, 3]},
								"up": {"uv": [33, 28], "uv_size": [2, 8]},
								"down": {"uv": [3, 42], "uv_size": [2, -8]}
							}
						},
						{
							"origin": [-0.77922, 11.33968, 28.27696],
							"size": [1.64502, 4.06926, 3.30736],
							"uv": {
								"north": {"uv": [37, 21], "uv_size": [2, 4]},
								"east": {"uv": [34, 22], "uv_size": [3, 4]},
								"south": {"uv": [37, 25], "uv_size": [2, 4]},
								"west": {"uv": [28, 34], "uv_size": [3, 4]},
								"up": {"uv": [37, 38], "uv_size": [2, 3]},
								"down": {"uv": [39, 12], "uv_size": [2, -3]}
							}
						},
						{
							"origin": [-0.8658, 23.8072, 31.65358],
							"size": [1.81818, 0.8658, 0.8658],
							"pivot": [0.64935, 22.33534, 15.9826],
							"rotation": [-45, 0, 0],
							"uv": {
								"north": {"uv": [39, 33], "uv_size": [1, 1]},
								"east": {"uv": [39, 33], "uv_size": [1, 1]},
								"south": {"uv": [39, 33], "uv_size": [1, 1]},
								"west": {"uv": [39, 33], "uv_size": [1, 1]},
								"up": {"uv": [40, 34], "uv_size": [-1, -1]},
								"down": {"uv": [40, 34], "uv_size": [-1, -1]}
							}
						},
						{
							"origin": [-0.8658, 29.17516, 27.32458],
							"size": [1.81818, 0.8658, 0.8658],
							"pivot": [0.64935, 27.7033, 11.6536],
							"rotation": [-45, 0, 0],
							"uv": {
								"north": {"uv": [39, 33], "uv_size": [1, 1]},
								"east": {"uv": [39, 33], "uv_size": [1, 1]},
								"south": {"uv": [39, 33], "uv_size": [1, 1]},
								"west": {"uv": [39, 33], "uv_size": [1, 1]},
								"up": {"uv": [40, 34], "uv_size": [-1, -1]},
								"down": {"uv": [40, 34], "uv_size": [-1, -1]}
							}
						},
						{
							"origin": [-0.8658, 30.82018, 22.12978],
							"size": [1.81818, 0.8658, 0.8658],
							"pivot": [0.64935, 29.34832, 6.4588],
							"rotation": [-45, 0, 0],
							"uv": {
								"north": {"uv": [39, 33], "uv_size": [1, 1]},
								"east": {"uv": [39, 33], "uv_size": [1, 1]},
								"south": {"uv": [39, 33], "uv_size": [1, 1]},
								"west": {"uv": [39, 33], "uv_size": [1, 1]},
								"up": {"uv": [40, 34], "uv_size": [-1, -1]},
								"down": {"uv": [40, 34], "uv_size": [-1, -1]}
							}
						},
						{
							"origin": [-0.77922, 16.53448, 22.30294],
							"size": [1.64502, 1.21212, 1.66234],
							"uv": {
								"north": {"uv": [26, 9], "uv_size": [2, 1]},
								"east": {"uv": [34, 9], "uv_size": [2, 1]},
								"south": {"uv": [36, 4], "uv_size": [2, 1]},
								"west": {"uv": [36, 5], "uv_size": [2, 1]},
								"up": {"uv": [14, 0], "uv_size": [2, 2]},
								"down": {"uv": [16, 2], "uv_size": [2, -2]}
							}
						},
						{
							"origin": [-0.77922, 17.7466, 19.8787],
							"size": [1.64502, 2.51082, 4],
							"uv": {
								"north": {"uv": [0, 38], "uv_size": [2, 3]},
								"east": {"uv": [5, 34], "uv_size": [4, 3]},
								"south": {"uv": [38, 0], "uv_size": [2, 3]},
								"west": {"uv": [34, 6], "uv_size": [4, 3]},
								"up": {"uv": [7, 37], "uv_size": [2, 4]},
								"down": {"uv": [37, 13], "uv_size": [2, -4]}
							}
						},
						{
							"origin": [-0.77922, 17.7466, 28.27696],
							"size": [1.64502, 2.51082, 1.8355],
							"uv": {
								"north": {"uv": [38, 3], "uv_size": [2, 3]},
								"east": {"uv": [38, 6], "uv_size": [2, 3]},
								"south": {"uv": [13, 38], "uv_size": [2, 3]},
								"west": {"uv": [15, 38], "uv_size": [2, 3]},
								"up": {"uv": [18, 0], "uv_size": [2, 2]},
								"down": {"uv": [20, 2], "uv_size": [2, -2]}
							}
						},
						{
							"origin": [-0.77922, 17.7466, 23.86138],
							"size": [1.64502, 1.21212, 4.4329],
							"uv": {
								"north": {"uv": [39, 13], "uv_size": [2, 1]},
								"east": {"uv": [22, 9], "uv_size": [4, 1]},
								"south": {"uv": [39, 14], "uv_size": [2, 1]},
								"west": {"uv": [39, 12], "uv_size": [4, 1]},
								"up": {"uv": [37, 13], "uv_size": [2, 4]},
								"down": {"uv": [37, 21], "uv_size": [2, -4]}
							}
						},
						{
							"origin": [-0.4329, 18.78556, 27.84406],
							"size": [0.95238, 0.60606, 1.14286],
							"pivot": [0.64935, 18.78556, 28.27696],
							"rotation": [45, 0, 0],
							"uv": {
								"north": {"uv": [19, 33], "uv_size": [1, 1]},
								"east": {"uv": [19, 34], "uv_size": [1, 1]},
								"south": {"uv": [34, 26], "uv_size": [1, 1]},
								"west": {"uv": [34, 27], "uv_size": [1, 1]},
								"up": {"uv": [16, 35], "uv_size": [1, 1]},
								"down": {"uv": [19, 36], "uv_size": [1, -1]}
							}
						},
						{
							"origin": [-0.4329, 19.82452, 23.68822],
							"size": [0.95238, 0.60606, 1.14286],
							"pivot": [0.64935, 19.82452, 24.12112],
							"rotation": [45, 0, 0],
							"uv": {
								"north": {"uv": [39, 27], "uv_size": [1, 1]},
								"east": {"uv": [39, 28], "uv_size": [1, 1]},
								"south": {"uv": [39, 29], "uv_size": [1, 1]},
								"west": {"uv": [30, 39], "uv_size": [1, 1]},
								"up": {"uv": [39, 30], "uv_size": [1, 1]},
								"down": {"uv": [39, 32], "uv_size": [1, -1]}
							}
						},
						{
							"origin": [-0.4329, 18.35266, 24.12112],
							"size": [0.95238, 0.95238, 0.45022],
							"pivot": [0.64935, 18.52582, 23.86138],
							"rotation": [45, 0, 0],
							"uv": {
								"north": {"uv": [36, 9], "uv_size": [1, 1]},
								"east": {"uv": [16, 36], "uv_size": [1, 1]},
								"south": {"uv": [19, 36], "uv_size": [1, 1]},
								"west": {"uv": [16, 37], "uv_size": [1, 1]},
								"up": {"uv": [19, 37], "uv_size": [1, 1]},
								"down": {"uv": [2, 39], "uv_size": [1, -1]}
							}
						},
						{
							"origin": [-0.4329, 19.39162, 28.27696],
							"size": [0.95238, 0.95238, 0.45022],
							"pivot": [0.64935, 19.56478, 28.01722],
							"rotation": [45, 0, 0],
							"uv": {
								"north": {"uv": [19, 38], "uv_size": [1, 1]},
								"east": {"uv": [30, 38], "uv_size": [1, 1]},
								"south": {"uv": [2, 39], "uv_size": [1, 1]},
								"west": {"uv": [23, 39], "uv_size": [1, 1]},
								"up": {"uv": [39, 25], "uv_size": [1, 1]},
								"down": {"uv": [39, 27], "uv_size": [1, -1]}
							}
						},
						{
							"origin": [-0.77922, 11.32628, 28.26392],
							"size": [1.64502, 16.10388, 3.39394],
							"pivot": [-0.04329, 11.33968, 28.27696],
							"rotation": [55, 0, 0],
							"uv": {
								"north": {"uv": [24, 22], "uv_size": [2, 16]},
								"east": {"uv": [3, 18], "uv_size": [3, 16]},
								"south": {"uv": [26, 22], "uv_size": [2, 16]},
								"west": {"uv": [6, 18], "uv_size": [3, 16]},
								"up": {"uv": [37, 29], "uv_size": [2, 3]},
								"down": {"uv": [31, 40], "uv_size": [2, -3]}
							}
						},
						{
							"origin": [-1.2987, 11.33968, 30.09514],
							"size": [2.68398, 8.91774, 1.74892],
							"uv": {
								"north": {"uv": [22, 0], "uv_size": [3, 9]},
								"east": {"uv": [31, 28], "uv_size": [2, 9]},
								"south": {"uv": [25, 0], "uv_size": [3, 9]},
								"west": {"uv": [17, 33], "uv_size": [2, 9]},
								"up": {"uv": [4, 0], "uv_size": [3, 2]},
								"down": {"uv": [7, 2], "uv_size": [3, -2]}
							}
						},
						{
							"origin": [-1.03896, 20.43058, 10.00858],
							"size": [2.1645, 3.8961, 21.66232],
							"uv": {
								"north": {"uv": [33, 36], "uv_size": [2, 4]},
								"east": {"uv": [0, 2], "uv_size": [22, 4]},
								"south": {"uv": [5, 37], "uv_size": [2, 4]},
								"west": {"uv": [0, 6], "uv_size": [22, 4]},
								"up": {"uv": [9, 18], "uv_size": [2, 22]},
								"down": {"uv": [11, 40], "uv_size": [2, -22]}
							}
						},
						{
							"origin": [-1.42436, 22.6243, 15.00727],
							"size": [2.23344, 2.59134, 17.13678],
							"inflate": -0.3,
							"pivot": [-0.17198, 24.30958, 7.08217],
							"rotation": [0, 0, -36],
							"uv": {
								"north": {"uv": [24, 38], "uv_size": [2, 3]},
								"east": {"uv": [20, 10], "uv_size": [17, 3]},
								"south": {"uv": [28, 38], "uv_size": [2, 3]},
								"west": {"uv": [20, 13], "uv_size": [17, 3]},
								"up": {"uv": [13, 18], "uv_size": [2, 17]},
								"down": {"uv": [15, 35], "uv_size": [2, -17]}
							}
						},
						{
							"origin": [-0.89137, 22.30376, 14.9207],
							"size": [2.27002, 2.50476, 17.22336],
							"inflate": -0.3,
							"pivot": [0.81891, 23.90246, 7.03889],
							"rotation": [0, 0, 36],
							"uv": {
								"north": {"uv": [28, 38], "uv_size": [2, 3]},
								"east": {"uv": [22, 39], "uv_size": [-2, -17]},
								"south": {"uv": [28, 38], "uv_size": [2, 3]},
								"west": {"uv": [20, 19], "uv_size": [17, 3]},
								"up": {"uv": [20, 22], "uv_size": [2, 17]},
								"down": {"uv": [22, 39], "uv_size": [2, -17]}
							}
						}
					]
				},
				{
					"name": "_ca_stock",
					"parent": "main",
					"pivot": [-0.2, 20.95, 0.075],
					"cubes": [
						{"origin": [-0.45, 22.35, 6.975], "size": [1, 1, 1], "uv": [0, 0]}
					]
				}
			]
		}
	]
}