{
	"format_version": "1.12.0",
	"minecraft:geometry": [
		{
			"description": {
				"identifier": "geometry.unknown",
				"texture_width": 64,
				"texture_height": 64,
				"visible_bounds_width": 8,
				"visible_bounds_height": 4,
				"visible_bounds_offset": [0, 1, 0]
			},
			"bones": [
				{
					"name": "main",
					"pivot": [0, 20, 0]
				},
				{
					"name": "gun",
					"parent": "main",
					"pivot": [1, 11, -1]
				},
				{
					"name": "stock",
					"parent": "gun",
					"pivot": [0.65, 25.9, 5.7],
					"cubes": [
						{
							"origin": [-1.4, 24.7, 8.2],
							"size": [2.8, 1.4, 6.92],
							"pivot": [0.75, 20.8, 10],
							"rotation": [-8, 0, 0],
							"uv": {
								"north": {"uv": [37, 2], "uv_size": [3, 1]},
								"east": {"uv": [34, 17], "uv_size": [7, 1]},
								"south": {"uv": [40, 2], "uv_size": [3, 1]},
								"west": {"uv": [34, 34], "uv_size": [7, 1]},
								"up": {"uv": [11, 26], "uv_size": [3, 7]},
								"down": {"uv": [14, 33], "uv_size": [3, -7]}
							}
						},
						{
							"origin": [-1.5, 25.2, 11.4],
							"size": [3, 0.6, 1.52],
							"pivot": [0.75, 20.8, 10],
							"rotation": [-8, 0, 0],
							"uv": {
								"north": {"uv": [41, 27], "uv_size": [3, 1]},
								"east": {"uv": [34, 42], "uv_size": [2, 1]},
								"south": {"uv": [34, 41], "uv_size": [3, 1]},
								"west": {"uv": [42, 35], "uv_size": [2, 1]},
								"up": {"uv": [37, 0], "uv_size": [3, 2]},
								"down": {"uv": [11, 39], "uv_size": [3, -2]}
							}
						},
						{
							"origin": [-1.4, 24.1, 15.3],
							"size": [2.8, 1.4, 11.92],
							"pivot": [0.75, 20.2, 13.7],
							"rotation": [-3, 0, 0],
							"uv": {
								"north": {"uv": [4, 41], "uv_size": [3, 1]},
								"east": {"uv": [33, 24], "uv_size": [12, 1]},
								"south": {"uv": [7, 41], "uv_size": [3, 1]},
								"west": {"uv": [33, 25], "uv_size": [12, 1]},
								"up": {"uv": [11, 14], "uv_size": [3, 12]},
								"down": {"uv": [14, 26], "uv_size": [3, -12]}
							}
						},
						{
							"origin": [-1.4, 24.5, 27.2],
							"size": [2.8, 1.4, 1.12],
							"pivot": [0.75, 20.6, 5.8],
							"rotation": [-3, 0, 0],
							"uv": {
								"north": {"uv": [42, 4], "uv_size": [3, 1]},
								"east": {"uv": [14, 43], "uv_size": [1, 1]},
								"south": {"uv": [42, 5], "uv_size": [3, 1]},
								"west": {"uv": [15, 43], "uv_size": [1, 1]},
								"up": {"uv": [6, 42], "uv_size": [3, 1]},
								"down": {"uv": [42, 7], "uv_size": [3, -1]}
							}
						},
						{
							"origin": [-1.381, 19.5, 10.5],
							"size": [2.78, 5.3, 3.72],
							"uv": {
								"north": {"uv": [29, 23], "uv_size": [3, 5]},
								"east": {"uv": [27, 0], "uv_size": [4, 5]},
								"south": {"uv": [29, 28], "uv_size": [3, 5]},
								"west": {"uv": [5, 27], "uv_size": [4, 5]},
								"up": {"uv": [11, 33], "uv_size": [3, 4]},
								"down": {"uv": [14, 37], "uv_size": [3, -4]}
							}
						},
						{
							"origin": [-1.4, 11.5, 27.4],
							"size": [2.8, 11.9, 1.02],
							"uv": {
								"north": {"uv": [0, 16], "uv_size": [3, 12]},
								"east": {"uv": [23, 33], "uv_size": [1, 12]},
								"south": {"uv": [16, 0], "uv_size": [3, 12]},
								"west": {"uv": [24, 33], "uv_size": [1, 12]},
								"up": {"uv": [41, 7], "uv_size": [3, 1]},
								"down": {"uv": [41, 9], "uv_size": [3, -1]}
							}
						},
						{
							"origin": [-1.5, 11.5, 28.4],
							"size": [3, 13.2, 1.72],
							"uv": {
								"north": {"uv": [5, 14], "uv_size": [3, 13]},
								"east": {"uv": [3, 16], "uv_size": [2, 13]},
								"south": {"uv": [8, 14], "uv_size": [3, 13]},
								"west": {"uv": [17, 22], "uv_size": [2, 13]},
								"up": {"uv": [35, 11], "uv_size": [3, 2]},
								"down": {"uv": [35, 15], "uv_size": [3, -2]}
							}
						},
						{
							"origin": [-1.5, 24.9, 7],
							"size": [3, 1.4, 1.95],
							"uv": {
								"north": {"uv": [10, 42], "uv_size": [3, 1]},
								"east": {"uv": [43, 2], "uv_size": [2, 1]},
								"south": {"uv": [13, 42], "uv_size": [3, 1]},
								"west": {"uv": [6, 43], "uv_size": [2, 1]},
								"up": {"uv": [38, 26], "uv_size": [3, 2]},
								"down": {"uv": [27, 40], "uv_size": [3, -2]}
							}
						},
						{
							"origin": [-1.4, 11.5, 17.8],
							"size": [2.8, 0.9, 9.62],
							"pivot": [0.05, 11.5, 27.4],
							"rotation": [-53, 0, 0],
							"uv": {
								"north": {"uv": [41, 9], "uv_size": [3, 1]},
								"east": {"uv": [33, 32], "uv_size": [10, 1]},
								"south": {"uv": [10, 41], "uv_size": [3, 1]},
								"west": {"uv": [33, 33], "uv_size": [10, 1]},
								"up": {"uv": [17, 12], "uv_size": [3, 10]},
								"down": {"uv": [19, 10], "uv_size": [3, -10]}
							}
						},
						{
							"origin": [-1.4, 6.24508, 13.94354],
							"size": [2.8, 13.8, 4.7],
							"pivot": [0.05, 19.6, 14.1],
							"rotation": [87, 0, 0],
							"uv": {
								"north": {"uv": [10, 0], "uv_size": [3, 14]},
								"east": {"uv": [0, 2], "uv_size": [5, 14]},
								"south": {"uv": [13, 0], "uv_size": [3, 14]},
								"west": {"uv": [5, 0], "uv_size": [5, 14]},
								"up": {"uv": [30, 5], "uv_size": [3, 5]},
								"down": {"uv": [30, 15], "uv_size": [3, -5]}
							}
						},
						{
							"origin": [-1.5, 3.84508, 9.34354],
							"size": [3, 7.1, 2.2],
							"pivot": [0.05, 20, 8.4],
							"rotation": [87, 0, 0],
							"uv": {
								"north": {"uv": [23, 26], "uv_size": [3, 7]},
								"east": {"uv": [5, 32], "uv_size": [2, 7]},
								"south": {"uv": [26, 26], "uv_size": [3, 7]},
								"west": {"uv": [7, 32], "uv_size": [2, 7]},
								"up": {"uv": [35, 30], "uv_size": [3, 2]},
								"down": {"uv": [34, 37], "uv_size": [3, -2]}
							}
						},
						{
							"origin": [-1.7, 8.94508, 9.94354],
							"size": [3.4, 1.6, 1],
							"pivot": [0.05, 20, 8.4],
							"rotation": [87, 0, 0],
							"uv": {
								"north": {"uv": [31, 42], "uv_size": [1, 2]},
								"east": {"uv": [31, 42], "uv_size": [1, 2]},
								"south": {"uv": [31, 42], "uv_size": [1, 2]},
								"west": {"uv": [31, 42], "uv_size": [1, 2]},
								"up": {"uv": [32, 44], "uv_size": [-1, -2]},
								"down": {"uv": [32, 44], "uv_size": [-1, -2]}
							}
						},
						{
							"origin": [-1.6, 4.44508, 9.84354],
							"size": [3.2, 6.3, 1.2],
							"pivot": [0.05, 20, 8.4],
							"rotation": [87, 0, 0],
							"uv": {
								"north": {"uv": [27, 17], "uv_size": [3, 6]},
								"east": {"uv": [19, 22], "uv_size": [1, 6]},
								"south": {"uv": [0, 28], "uv_size": [3, 6]},
								"west": {"uv": [17, 35], "uv_size": [1, 6]},
								"up": {"uv": [16, 41], "uv_size": [3, 1]},
								"down": {"uv": [41, 18], "uv_size": [3, -1]}
							}
						},
						{
							"origin": [-1.5, -1.25492, 8.64354],
							"size": [3, 1.7, 1.1],
							"pivot": [0.05, 20, 7.1],
							"rotation": [87, 0, 0],
							"uv": {
								"north": {"uv": [35, 26], "uv_size": [3, 2]},
								"east": {"uv": [22, 42], "uv_size": [1, 2]},
								"south": {"uv": [35, 28], "uv_size": [3, 2]},
								"west": {"uv": [42, 30], "uv_size": [1, 2]},
								"up": {"uv": [41, 13], "uv_size": [3, 1]},
								"down": {"uv": [41, 15], "uv_size": [3, -1]}
							}
						},
						{
							"origin": [-1.5, 2.84508, 11.74354],
							"size": [3, 2.9, 1.4],
							"pivot": [0.05, 19.9, 10.4],
							"rotation": [87, 0, 0],
							"uv": {
								"north": {"uv": [0, 34], "uv_size": [3, 3]},
								"east": {"uv": [32, 40], "uv_size": [1, 3]},
								"south": {"uv": [34, 0], "uv_size": [3, 3]},
								"west": {"uv": [25, 41], "uv_size": [1, 3]},
								"up": {"uv": [42, 0], "uv_size": [3, 1]},
								"down": {"uv": [42, 2], "uv_size": [3, -1]}
							}
						},
						{
							"origin": [-1.5, 17.14508, 16.44354],
							"size": [3, 8.7, 1.3],
							"pivot": [0.05, 19.6, 15],
							"rotation": [87, 0, 0],
							"uv": {
								"north": {"uv": [20, 10], "uv_size": [3, 9]},
								"east": {"uv": [22, 0], "uv_size": [1, 9]},
								"south": {"uv": [20, 19], "uv_size": [3, 9]},
								"west": {"uv": [31, 33], "uv_size": [1, 9]},
								"up": {"uv": [3, 42], "uv_size": [3, 1]},
								"down": {"uv": [42, 4], "uv_size": [3, -1]}
							}
						},
						{
							"origin": [-1.381, 19.5, 8.9],
							"size": [2.78, 5.7, 1.62],
							"uv": {
								"north": {"uv": [27, 5], "uv_size": [3, 6]},
								"east": {"uv": [25, 33], "uv_size": [2, 6]},
								"south": {"uv": [27, 11], "uv_size": [3, 6]},
								"west": {"uv": [33, 26], "uv_size": [2, 6]},
								"up": {"uv": [35, 7], "uv_size": [3, 2]},
								"down": {"uv": [35, 11], "uv_size": [3, -2]}
							}
						},
						{
							"origin": [-1.481, 19.5, 7],
							"size": [2.98, 5.4, 1.92],
							"uv": {
								"north": {"uv": [30, 15], "uv_size": [3, 5]},
								"east": {"uv": [27, 33], "uv_size": [2, 5]},
								"south": {"uv": [31, 0], "uv_size": [3, 5]},
								"west": {"uv": [29, 33], "uv_size": [2, 5]},
								"up": {"uv": [14, 37], "uv_size": [3, 2]},
								"down": {"uv": [34, 39], "uv_size": [3, -2]}
							}
						},
						{
							"origin": [-0.85, 24.1, 6.7],
							"size": [1.8, 2.8, 1.3],
							"pivot": [0.65, 25.9, 5.7],
							"rotation": [37, 0, 0],
							"uv": {
								"north": {"uv": [27, 23], "uv_size": [2, 3]},
								"east": {"uv": [32, 37], "uv_size": [1, 3]},
								"south": {"uv": [9, 35], "uv_size": [2, 3]},
								"west": {"uv": [22, 39], "uv_size": [1, 3]},
								"up": {"uv": [0, 41], "uv_size": [2, 1]},
								"down": {"uv": [42, 16], "uv_size": [2, -1]}
							}
						},
						{
							"origin": [-1.65, 20.6, 26.4],
							"size": [3.3, 0.9, 0.9],
							"pivot": [0.65, 21.2, 26.8],
							"rotation": [-45, 0, 0],
							"uv": {
								"north": {"uv": [4, 40], "uv_size": [1, 1]},
								"east": {"uv": [4, 40], "uv_size": [1, 1]},
								"south": {"uv": [4, 40], "uv_size": [1, 1]},
								"west": {"uv": [4, 40], "uv_size": [1, 1]},
								"up": {"uv": [5, 41], "uv_size": [-1, -1]},
								"down": {"uv": [5, 41], "uv_size": [-1, -1]}
							}
						},
						{
							"origin": [-1.45, 12, 27.5],
							"size": [2.9, 0.7, 0.7],
							"pivot": [0.65, 12.5, 27.8],
							"rotation": [-45, 0, 0],
							"uv": {
								"north": {"uv": [41, 34], "uv_size": [3, 1]},
								"east": {"uv": [10, 43], "uv_size": [1, 1]},
								"south": {"uv": [37, 41], "uv_size": [3, 1]},
								"west": {"uv": [11, 43], "uv_size": [1, 1]},
								"up": {"uv": [40, 41], "uv_size": [3, 1]},
								"down": {"uv": [0, 43], "uv_size": [3, -1]}
							}
						}
					]
				},
				{
					"name": "bone",
					"parent": "stock",
					"pivot": [1, 22.7, 5.75],
					"rotation": [-3, 0, 0],
					"cubes": [
						{
							"origin": [-1.40155, 25.58045, 15.0974],
							"size": [1.96, 1.3, 12.5],
							"inflate": -0.3,
							"pivot": [-0.2, 25.8, 5.75],
							"rotation": [0, 0, -36],
							"uv": {
								"north": {"uv": [16, 42], "uv_size": [2, 1]},
								"east": {"uv": [30, 20], "uv_size": [13, 1]},
								"south": {"uv": [42, 16], "uv_size": [2, 1]},
								"west": {"uv": [30, 21], "uv_size": [13, 1]},
								"up": {"uv": [23, 0], "uv_size": [2, 13]},
								"down": {"uv": [23, 26], "uv_size": [2, -13]}
							}
						},
						{
							"origin": [-0.58, 25.59944, 15.0974],
							"size": [1.13, 1.4, 12.5],
							"inflate": -0.3,
							"uv": {
								"north": {"uv": [22, 9], "uv_size": [1, 1]},
								"east": {"uv": [30, 22], "uv_size": [13, 1]},
								"south": {"uv": [18, 35], "uv_size": [1, 1]},
								"west": {"uv": [32, 23], "uv_size": [13, 1]},
								"up": {"uv": [32, 24], "uv_size": [1, 13]},
								"down": {"uv": [33, 18], "uv_size": [1, -13]}
							}
						},
						{
							"origin": [-0.79845, 24.98045, 15.0974],
							"size": [2, 1.3, 12.5],
							"inflate": -0.3,
							"pivot": [1, 25.2, 5.75],
							"rotation": [0, 0, 36],
							"uv": {
								"north": {"uv": [18, 42], "uv_size": [2, 1]},
								"east": {"uv": [33, 18], "uv_size": [13, 1]},
								"south": {"uv": [20, 42], "uv_size": [2, 1]},
								"west": {"uv": [33, 19], "uv_size": [13, 1]},
								"up": {"uv": [25, 0], "uv_size": [2, 13]},
								"down": {"uv": [25, 26], "uv_size": [2, -13]}
							}
						},
						{
							"origin": [-1.40978, 25.56912, 26.98729],
							"size": [1.96, 1.3, 1.7],
							"inflate": -0.3,
							"pivot": [-0.2, 25.8, 5.75],
							"rotation": [0, 0, -36],
							"uv": {
								"north": {"uv": [42, 40], "uv_size": [2, 1]},
								"east": {"uv": [42, 42], "uv_size": [2, 1]},
								"south": {"uv": [0, 43], "uv_size": [2, 1]},
								"west": {"uv": [2, 43], "uv_size": [2, 1]},
								"up": {"uv": [40, 28], "uv_size": [2, 2]},
								"down": {"uv": [29, 42], "uv_size": [2, -2]}
							}
						},
						{
							"origin": [-0.58, 25.58544, 26.98729],
							"size": [1.13, 1.4, 1.7],
							"inflate": -0.3,
							"uv": {
								"north": {"uv": [12, 43], "uv_size": [1, 1]},
								"east": {"uv": [42, 38], "uv_size": [2, 1]},
								"south": {"uv": [13, 43], "uv_size": [1, 1]},
								"west": {"uv": [42, 39], "uv_size": [2, 1]},
								"up": {"uv": [40, 42], "uv_size": [1, 2]},
								"down": {"uv": [41, 44], "uv_size": [1, -2]}
							}
						},
						{
							"origin": [-0.79022, 24.96912, 26.98729],
							"size": [2, 1.3, 1.7],
							"inflate": -0.3,
							"pivot": [1, 25.2, 5.75],
							"rotation": [0, 0, 36],
							"uv": {
								"north": {"uv": [36, 42], "uv_size": [2, 1]},
								"east": {"uv": [42, 36], "uv_size": [2, 1]},
								"south": {"uv": [42, 37], "uv_size": [2, 1]},
								"west": {"uv": [38, 42], "uv_size": [2, 1]},
								"up": {"uv": [2, 40], "uv_size": [2, 2]},
								"down": {"uv": [27, 42], "uv_size": [2, -2]}
							}
						}
					]
				},
				{
					"name": "bone3",
					"parent": "stock",
					"pivot": [1, 21.2, 7.25],
					"cubes": [
						{
							"origin": [-1.66, 24.2, 28.1],
							"size": [2.16, 1.6, 2.3],
							"inflate": -0.3,
							"pivot": [-0.2, 24.8, 1.25],
							"rotation": [0, 0, -36],
							"uv": {
								"north": {"uv": [38, 28], "uv_size": [2, 2]},
								"east": {"uv": [38, 30], "uv_size": [2, 2]},
								"south": {"uv": [0, 39], "uv_size": [2, 2]},
								"west": {"uv": [5, 39], "uv_size": [2, 2]},
								"up": {"uv": [7, 39], "uv_size": [2, 2]},
								"down": {"uv": [11, 41], "uv_size": [2, -2]}
							}
						},
						{
							"origin": [-0.58, 24.1, 28.1],
							"size": [1.13, 1.8, 2.3],
							"inflate": -0.3,
							"uv": {
								"north": {"uv": [4, 0], "uv_size": [1, 2]},
								"east": {"uv": [13, 39], "uv_size": [2, 2]},
								"south": {"uv": [16, 12], "uv_size": [1, 2]},
								"west": {"uv": [15, 39], "uv_size": [2, 2]},
								"up": {"uv": [19, 10], "uv_size": [1, 2]},
								"down": {"uv": [30, 40], "uv_size": [1, -2]}
							}
						},
						{
							"origin": [-0.74, 23.5, 28.1],
							"size": [2.2, 1.7, 2.3],
							"inflate": -0.3,
							"pivot": [1, 24.2, 1.25],
							"rotation": [0, 0, 36],
							"uv": {
								"north": {"uv": [20, 39], "uv_size": [2, 2]},
								"east": {"uv": [25, 39], "uv_size": [2, 2]},
								"south": {"uv": [34, 39], "uv_size": [2, 2]},
								"west": {"uv": [36, 39], "uv_size": [2, 2]},
								"up": {"uv": [38, 39], "uv_size": [2, 2]},
								"down": {"uv": [40, 2], "uv_size": [2, -2]}
							}
						},
						{
							"origin": [-1.46, 25.7, 6.7],
							"size": [1.96, 1.6, 2.7],
							"inflate": -0.3,
							"pivot": [-0.2, 26.3, -19.65],
							"rotation": [0, 0, -36],
							"uv": {
								"north": {"uv": [40, 37], "uv_size": [2, 2]},
								"east": {"uv": [38, 11], "uv_size": [3, 2]},
								"south": {"uv": [40, 39], "uv_size": [2, 2]},
								"west": {"uv": [38, 13], "uv_size": [3, 2]},
								"up": {"uv": [9, 38], "uv_size": [2, 3]},
								"down": {"uv": [18, 41], "uv_size": [2, -3]}
							}
						},
						{
							"origin": [-0.58, 25.6, 6.7],
							"size": [1.13, 1.8, 2.7],
							"inflate": -0.3,
							"uv": {
								"north": {"uv": [4, 43], "uv_size": [1, 2]},
								"east": {"uv": [38, 7], "uv_size": [3, 2]},
								"south": {"uv": [5, 43], "uv_size": [1, 2]},
								"west": {"uv": [38, 9], "uv_size": [3, 2]},
								"up": {"uv": [26, 41], "uv_size": [1, 3]},
								"down": {"uv": [9, 45], "uv_size": [1, -3]}
							}
						},
						{
							"origin": [-0.74, 25, 6.7],
							"size": [2, 1.7, 2.7],
							"inflate": -0.3,
							"pivot": [1, 25.7, -19.65],
							"rotation": [0, 0, 36],
							"uv": {
								"north": {"uv": [40, 30], "uv_size": [2, 2]},
								"east": {"uv": [37, 35], "uv_size": [3, 2]},
								"south": {"uv": [40, 35], "uv_size": [2, 2]},
								"west": {"uv": [37, 37], "uv_size": [3, 2]},
								"up": {"uv": [21, 36], "uv_size": [2, 3]},
								"down": {"uv": [3, 40], "uv_size": [2, -3]}
							}
						}
					]
				},
				{
					"name": "bone2",
					"parent": "stock",
					"pivot": [1, 24.3, -0.85],
					"rotation": [-8, 0, 0],
					"cubes": [
						{
							"origin": [-1.30457, 27.31393, 8.28151],
							"size": [1.96, 1.3, 7.8],
							"inflate": -0.3,
							"pivot": [-0.2, 27.4, -0.85],
							"rotation": [0, 0, -36],
							"uv": {
								"north": {"uv": [27, 42], "uv_size": [2, 1]},
								"east": {"uv": [34, 3], "uv_size": [8, 1]},
								"south": {"uv": [42, 28], "uv_size": [2, 1]},
								"west": {"uv": [34, 4], "uv_size": [8, 1]},
								"up": {"uv": [9, 27], "uv_size": [2, 8]},
								"down": {"uv": [19, 36], "uv_size": [2, -8]}
							}
						},
						{
							"origin": [-0.58, 27.36443, 8.28151],
							"size": [1.13, 1.4, 7.8],
							"inflate": -0.3,
							"uv": {
								"north": {"uv": [20, 38], "uv_size": [1, 1]},
								"east": {"uv": [34, 5], "uv_size": [8, 1]},
								"south": {"uv": [2, 39], "uv_size": [1, 1]},
								"west": {"uv": [34, 6], "uv_size": [8, 1]},
								"up": {"uv": [34, 7], "uv_size": [1, 8]},
								"down": {"uv": [33, 42], "uv_size": [1, -8]}
							}
						},
						{
							"origin": [-0.89543, 26.71393, 8.28151],
							"size": [2, 1.3, 7.8],
							"inflate": -0.3,
							"pivot": [1, 26.8, -0.85],
							"rotation": [0, 0, 36],
							"uv": {
								"north": {"uv": [29, 42], "uv_size": [2, 1]},
								"east": {"uv": [34, 15], "uv_size": [8, 1]},
								"south": {"uv": [42, 29], "uv_size": [2, 1]},
								"west": {"uv": [34, 16], "uv_size": [8, 1]},
								"up": {"uv": [21, 28], "uv_size": [2, 8]},
								"down": {"uv": [3, 37], "uv_size": [2, -8]}
							}
						}
					]
				},
				{
					"name": "_ca_stock",
					"parent": "main",
					"pivot": [-0.2, 20.95, 0.075],
					"cubes": [
						{"origin": [-0.45, 22.35, 6.975], "size": [1, 1, 1], "uv": [0, 0]}
					]
				}
			]
		}
	]
}