{
	"format_version": "1.12.0",
	"minecraft:geometry": [
		{
			"description": {
				"identifier": "geometry.unknown",
				"texture_width": 256,
				"texture_height": 256,
				"visible_bounds_width": 9,
				"visible_bounds_height": 5,
				"visible_bounds_offset": [0, 0.5, 0]
			},
			"bones": [
				{
					"name": "main",
					"pivot": [0, 20, 0]
				},
				{
					"name": "_ca_stock",
					"parent": "main",
					"pivot": [-0.2, 18.85, 1.475],
					"cubes": [
						{"origin": [-0.45, 20.75, 6.775], "size": [1, 1, 1], "uv": [24, 121]}
					]
				},
				{
					"name": "stock",
					"parent": "main",
					"pivot": [0.65, 8.1, 23.4],
					"cubes": [
						{
							"origin": [-1.9, 9.9, 29.1],
							"size": [4, 13.8, 2],
							"uv": {
								"north": {"uv": [6, 87], "uv_size": [3, 5]},
								"east": {"uv": [80, 47], "uv_size": [3, 15]},
								"south": {"uv": [68, 74], "uv_size": [4, 12]},
								"west": {"uv": [80, 47], "uv_size": [3, 15]},
								"up": {"uv": [83, 62], "uv_size": [-3, -15]},
								"down": {"uv": [83, 62], "uv_size": [-3, -15]}
							}
						},
						{
							"origin": [-1.5, 17.9, 13.5],
							"size": [3.2, 4.4, 15.6],
							"uv": {
								"north": {"uv": [82, 20], "uv_size": [5, 4]},
								"east": {"uv": [105, 21], "uv_size": [-15, 3]},
								"south": {"uv": [82, 20], "uv_size": [5, 4]},
								"west": {"uv": [90, 21], "uv_size": [15, 3]},
								"up": {"uv": [52, 87], "uv_size": [3, 15]},
								"down": {"uv": [87, 24], "uv_size": [-5, -4]}
							}
						},
						{
							"origin": [-0.9, 21.7, 23.3],
							"size": [2, 0.6, 1.4],
							"pivot": [0.65, 22.3, 23.3],
							"rotation": [55, 0, 0],
							"uv": {
								"north": {"uv": [82, 20], "uv_size": [5, 4]},
								"east": {"uv": [89, 23], "uv_size": [1, 1]},
								"south": {"uv": [82, 20], "uv_size": [5, 4]},
								"west": {"uv": [89, 23], "uv_size": [1, 1]},
								"up": {"uv": [91, 24], "uv_size": [-2, -1]},
								"down": {"uv": [91, 24], "uv_size": [-2, -1]}
							}
						},
						{
							"origin": [-0.9, 8.5, 28.2],
							"size": [2, 1.5, 10.2],
							"pivot": [0.65, 10, 28.2],
							"rotation": [138, 0, 0],
							"uv": {
								"north": {"uv": [82, 20], "uv_size": [5, 4]},
								"east": {"uv": [89, 23], "uv_size": [10, 1]},
								"south": {"uv": [82, 20], "uv_size": [5, 4]},
								"west": {"uv": [89, 23], "uv_size": [10, 1]},
								"up": {"uv": [91, 24], "uv_size": [-2, -7]},
								"down": {"uv": [91, 24], "uv_size": [-2, -7]}
							}
						},
						{
							"origin": [-0.9, 9.5, 33.1],
							"size": [2, 1.5, 1.9],
							"pivot": [0.65, 11, 24.5],
							"rotation": [138, 0, 0],
							"uv": {
								"north": {"uv": [82, 20], "uv_size": [5, 4]},
								"east": {"uv": [89, 23], "uv_size": [1, 1]},
								"south": {"uv": [82, 20], "uv_size": [5, 4]},
								"west": {"uv": [89, 23], "uv_size": [1, 1]},
								"up": {"uv": [91, 24], "uv_size": [-2, -2]},
								"down": {"uv": [87, 24], "uv_size": [-5, -4]}
							}
						},
						{
							"origin": [-0.9, 22.845, 24.1],
							"size": [2, 0.6, 5.6],
							"uv": {
								"north": {"uv": [82, 20], "uv_size": [5, 4]},
								"east": {"uv": [89, 23], "uv_size": [5, 1]},
								"south": {"uv": [82, 20], "uv_size": [5, 4]},
								"west": {"uv": [89, 23], "uv_size": [5, 1]},
								"up": {"uv": [91, 24], "uv_size": [-2, -5]},
								"down": {"uv": [91, 24], "uv_size": [-2, -5]}
							}
						},
						{
							"origin": [-0.9, 16.745, 18.1],
							"size": [2, 1.2, 11.6],
							"uv": {
								"north": {"uv": [82, 20], "uv_size": [5, 4]},
								"east": {"uv": [89, 23], "uv_size": [10, 1]},
								"south": {"uv": [82, 20], "uv_size": [5, 4]},
								"west": {"uv": [89, 23], "uv_size": [10, 1]},
								"up": {"uv": [87, 24], "uv_size": [-5, -4]},
								"down": {"uv": [91, 24], "uv_size": [-2, -7]}
							}
						},
						{
							"origin": [-1, 16.445, 18.7],
							"size": [2.2, 1.5, 1.2],
							"uv": {
								"north": {"uv": [0, 135], "uv_size": [1, 2]},
								"east": {"uv": [0, 135], "uv_size": [1, 2]},
								"south": {"uv": [0, 135], "uv_size": [1, 2]},
								"west": {"uv": [0, 135], "uv_size": [1, 2]},
								"up": {"uv": [1, 137], "uv_size": [-1, -2]},
								"down": {"uv": [1, 137], "uv_size": [-1, -2]}
							}
						},
						{
							"origin": [-1.1, 16.245, 18.7],
							"size": [2.4, 0.2, 2.25],
							"uv": {
								"north": {"uv": [0, 135], "uv_size": [1, 2]},
								"east": {"uv": [0, 135], "uv_size": [1, 2]},
								"south": {"uv": [0, 135], "uv_size": [1, 2]},
								"west": {"uv": [0, 135], "uv_size": [1, 2]},
								"up": {"uv": [1, 137], "uv_size": [-1, -2]},
								"down": {"uv": [1, 137], "uv_size": [-1, -2]}
							}
						},
						{
							"origin": [1.3, 16.245, 18.7],
							"size": [0.2, 0.9, 2.45],
							"uv": {
								"north": {"uv": [0, 135], "uv_size": [1, 2]},
								"east": {"uv": [0, 135], "uv_size": [1, 2]},
								"south": {"uv": [0, 135], "uv_size": [1, 2]},
								"west": {"uv": [0, 135], "uv_size": [1, 2]},
								"up": {"uv": [1, 137], "uv_size": [-1, -2]},
								"down": {"uv": [1, 137], "uv_size": [-1, -2]}
							}
						},
						{
							"origin": [-1.3, 16.245, 18.7],
							"size": [0.2, 0.9, 2.45],
							"uv": {
								"north": {"uv": [0, 135], "uv_size": [1, 2]},
								"east": {"uv": [0, 135], "uv_size": [1, 2]},
								"south": {"uv": [0, 135], "uv_size": [1, 2]},
								"west": {"uv": [0, 135], "uv_size": [1, 2]},
								"up": {"uv": [1, 137], "uv_size": [-1, -2]},
								"down": {"uv": [1, 137], "uv_size": [-1, -2]}
							}
						},
						{
							"origin": [-0.9, 10, 28.2],
							"size": [2, 6.8, 0.9],
							"uv": {
								"north": {"uv": [89, 17], "uv_size": [2, 7]},
								"east": {"uv": [89, 17], "uv_size": [1, 7]},
								"south": {"uv": [82, 20], "uv_size": [5, 4]},
								"west": {"uv": [89, 17], "uv_size": [1, 7]},
								"up": {"uv": [87, 24], "uv_size": [-5, -4]},
								"down": {"uv": [91, 18], "uv_size": [-2, -1]}
							}
						},
						{
							"origin": [-1.6, 18.5, 22.2],
							"size": [3.4, 3.2, 6.9],
							"uv": {
								"north": {"uv": [0, 135], "uv_size": [3, 3]},
								"east": {"uv": [0, 135], "uv_size": [3, 3]},
								"south": {"uv": [0, 135], "uv_size": [3, 3]},
								"west": {"uv": [0, 135], "uv_size": [3, 3]},
								"up": {"uv": [3, 138], "uv_size": [-3, -3]},
								"down": {"uv": [3, 138], "uv_size": [-3, -3]}
							}
						},
						{
							"origin": [-1.7, 20.9, 22.2],
							"size": [3.6, 0.8, 6.9],
							"uv": {
								"north": {"uv": [82, 20], "uv_size": [5, 4]},
								"east": {"uv": [89, 23], "uv_size": [7, 1]},
								"south": {"uv": [82, 20], "uv_size": [5, 4]},
								"west": {"uv": [89, 23], "uv_size": [7, 1]},
								"up": {"uv": [87, 24], "uv_size": [-5, -4]},
								"down": {"uv": [87, 24], "uv_size": [-5, -4]}
							}
						},
						{
							"origin": [-1.7, 18.4, 22.2],
							"size": [3.6, 0.8, 6.9],
							"uv": {
								"north": {"uv": [82, 20], "uv_size": [5, 4]},
								"east": {"uv": [89, 23], "uv_size": [7, 1]},
								"south": {"uv": [82, 20], "uv_size": [5, 4]},
								"west": {"uv": [89, 23], "uv_size": [7, 1]},
								"up": {"uv": [87, 24], "uv_size": [-5, -4]},
								"down": {"uv": [87, 24], "uv_size": [-5, -4]}
							}
						},
						{
							"origin": [-1.7, 19.6, 22.2],
							"size": [3.6, 0.9, 6.9],
							"uv": {
								"north": {"uv": [82, 20], "uv_size": [5, 4]},
								"east": {"uv": [89, 23], "uv_size": [7, 1]},
								"south": {"uv": [82, 20], "uv_size": [5, 4]},
								"west": {"uv": [89, 23], "uv_size": [7, 1]},
								"up": {"uv": [87, 24], "uv_size": [-5, -4]},
								"down": {"uv": [87, 24], "uv_size": [-5, -4]}
							}
						}
					]
				},
				{
					"name": "bone21",
					"parent": "stock",
					"pivot": [0.15, 16.4, 20.7],
					"rotation": [-42, 0, 0],
					"cubes": [
						{
							"origin": [-1.1, 16.345, 20.73],
							"size": [2.4, 0.2, 2.3],
							"uv": {
								"north": {"uv": [0, 135], "uv_size": [1, 2]},
								"east": {"uv": [0, 135], "uv_size": [1, 2]},
								"south": {"uv": [0, 135], "uv_size": [1, 2]},
								"west": {"uv": [0, 135], "uv_size": [1, 2]},
								"up": {"uv": [1, 137], "uv_size": [-1, -2]},
								"down": {"uv": [1, 137], "uv_size": [-1, -2]}
							}
						},
						{
							"origin": [-1.3, 16.345, 20.53],
							"size": [0.2, 0.9, 2.8],
							"uv": {
								"north": {"uv": [0, 135], "uv_size": [1, 2]},
								"east": {"uv": [0, 135], "uv_size": [1, 2]},
								"south": {"uv": [0, 135], "uv_size": [1, 2]},
								"west": {"uv": [0, 135], "uv_size": [1, 2]},
								"up": {"uv": [1, 137], "uv_size": [-1, -2]},
								"down": {"uv": [1, 137], "uv_size": [-1, -2]}
							}
						},
						{
							"origin": [1.3, 16.345, 20.53],
							"size": [0.2, 0.9, 2.8],
							"uv": {
								"north": {"uv": [0, 135], "uv_size": [1, 2]},
								"east": {"uv": [0, 135], "uv_size": [1, 2]},
								"south": {"uv": [0, 135], "uv_size": [1, 2]},
								"west": {"uv": [0, 135], "uv_size": [1, 2]},
								"up": {"uv": [1, 137], "uv_size": [-1, -2]},
								"down": {"uv": [1, 137], "uv_size": [-1, -2]}
							}
						}
					]
				},
				{
					"name": "bone23",
					"parent": "stock",
					"pivot": [0.15, 14.8, 22.5],
					"rotation": [-68, 0, 0],
					"cubes": [
						{
							"origin": [-1.1, 14.7296, 22.12173],
							"size": [2.4, 0.2, 2.8],
							"uv": {
								"north": {"uv": [0, 135], "uv_size": [1, 2]},
								"east": {"uv": [0, 135], "uv_size": [1, 2]},
								"south": {"uv": [0, 135], "uv_size": [1, 2]},
								"west": {"uv": [0, 135], "uv_size": [1, 2]},
								"up": {"uv": [1, 137], "uv_size": [-1, -2]},
								"down": {"uv": [1, 137], "uv_size": [-1, -2]}
							}
						},
						{
							"origin": [-1.3, 14.7296, 22.32173],
							"size": [0.2, 0.9, 2.6],
							"uv": {
								"north": {"uv": [0, 135], "uv_size": [1, 2]},
								"east": {"uv": [0, 135], "uv_size": [1, 2]},
								"south": {"uv": [0, 135], "uv_size": [1, 2]},
								"west": {"uv": [0, 135], "uv_size": [1, 2]},
								"up": {"uv": [1, 137], "uv_size": [-1, -2]},
								"down": {"uv": [1, 137], "uv_size": [-1, -2]}
							}
						},
						{
							"origin": [1.3, 14.7296, 22.32173],
							"size": [0.2, 0.9, 2.6],
							"uv": {
								"north": {"uv": [0, 135], "uv_size": [1, 2]},
								"east": {"uv": [0, 135], "uv_size": [1, 2]},
								"south": {"uv": [0, 135], "uv_size": [1, 2]},
								"west": {"uv": [0, 135], "uv_size": [1, 2]},
								"up": {"uv": [1, 137], "uv_size": [-1, -2]},
								"down": {"uv": [1, 137], "uv_size": [-1, -2]}
							}
						}
					]
				},
				{
					"name": "stockadapter2",
					"parent": "stock",
					"pivot": [0.65, 18.1, -9],
					"cubes": [
						{
							"origin": [-1.645, 19.1, 6.6],
							"size": [3.49, 4.1, 2.7],
							"pivot": [0.05, 23.2, 6.5],
							"rotation": [-15, 0, 0],
							"uv": {
								"north": {"uv": [81, 78], "uv_size": [4, 5]},
								"east": {"uv": [136, 25], "uv_size": [3, 4]},
								"south": {"uv": [82, 0], "uv_size": [4, 5]},
								"west": {"uv": [136, 25], "uv_size": [3, 3]},
								"up": {"uv": [139, 29], "uv_size": [-3, -4]},
								"down": {"uv": [90, 39], "uv_size": [4, -3]}
							}
						},
						{
							"origin": [-1.65, 17.8, 6.7],
							"size": [3.5, 4.7, 2.5],
							"uv": {
								"north": {"uv": [6, 87], "uv_size": [3, 5]},
								"east": {"uv": [136, 25], "uv_size": [3, 4]},
								"south": {"uv": [133, 25], "uv_size": [3, 4]},
								"west": {"uv": [133, 25], "uv_size": [3, 4]},
								"up": {"uv": [9, 92], "uv_size": [-3, -5]},
								"down": {"uv": [139, 29], "uv_size": [-3, -4]}
							}
						},
						{
							"origin": [-1.25, 18.4, 9.2],
							"size": [2.7, 3.6, 20.2],
							"uv": {
								"north": {"uv": [81, 78], "uv_size": [4, 5]},
								"east": {"uv": [21, 184], "uv_size": [-10, 3]},
								"south": {"uv": [82, 0], "uv_size": [4, 5]},
								"west": {"uv": [11, 184], "uv_size": [10, 3]},
								"up": {"uv": [11, 197], "uv_size": [-3, -13]},
								"down": {"uv": [11, 184], "uv_size": [-3, 13]}
							}
						}
					]
				}
			]
		}
	]
}