{
	"format_version": "1.12.0",
	"minecraft:geometry": [
		{
			"description": {
				"identifier": "geometry.unknown",
				"texture_width": 64,
				"texture_height": 64,
				"visible_bounds_width": 8,
				"visible_bounds_height": 4,
				"visible_bounds_offset": [0, 1, 0]
			},
			"bones": [
				{
					"name": "main",
					"pivot": [0, 20, 0]
				},
				{
					"name": "gun",
					"parent": "main",
					"pivot": [1, 11, -1]
				},
				{
					"name": "stock",
					"parent": "gun",
					"pivot": [1.35, 27.8, -5.5],
					"cubes": [
						{
							"origin": [-1.1, 19.18, 8.1],
							"size": [2.3, 1, 2.4],
							"inflate": 0.001,
							"pivot": [-0.65, 21, 20.3],
							"rotation": [-37, 0, 0],
							"uv": {
								"north": {"uv": [24, 6], "uv_size": [2, 1]},
								"east": {"uv": [29, 0], "uv_size": [2, 1]},
								"south": {"uv": [29, 1], "uv_size": [2, 1]},
								"west": {"uv": [29, 2], "uv_size": [2, 1]},
								"up": {"uv": [26, 6], "uv_size": [2, 2]},
								"down": {"uv": [8, 28], "uv_size": [2, -2]}
							}
						},
						{
							"origin": [-1.1, 22.1, 11.4],
							"size": [2.3, 1, 2.5],
							"inflate": 0.001,
							"pivot": [-0.65, 23.9, 23.3],
							"rotation": [-16, 0, 0],
							"uv": {
								"north": {"uv": [29, 3], "uv_size": [2, 1]},
								"east": {"uv": [28, 16], "uv_size": [3, 1]},
								"south": {"uv": [29, 4], "uv_size": [2, 1]},
								"west": {"uv": [28, 17], "uv_size": [3, 1]},
								"up": {"uv": [2, 21], "uv_size": [2, 3]},
								"down": {"uv": [21, 12], "uv_size": [2, -3]}
							}
						},
						{
							"origin": [-1.1, 23.4, 13.2],
							"size": [2.3, 1, 2.3],
							"inflate": 0.001,
							"pivot": [-0.65, 25.2, 25.1],
							"rotation": [-7, 0, 0],
							"uv": {
								"north": {"uv": [5, 29], "uv_size": [2, 1]},
								"east": {"uv": [29, 5], "uv_size": [2, 1]},
								"south": {"uv": [29, 6], "uv_size": [2, 1]},
								"west": {"uv": [29, 7], "uv_size": [2, 1]},
								"up": {"uv": [26, 15], "uv_size": [2, 2]},
								"down": {"uv": [26, 19], "uv_size": [2, -2]}
							}
						},
						{
							"origin": [-1.1, 25.45454, 15.05083],
							"size": [2.3, 1, 18.8],
							"inflate": 0.001,
							"pivot": [-0.65, 25.5, 34.2],
							"rotation": [2.6, 0, 0],
							"uv": {
								"north": {"uv": [29, 8], "uv_size": [2, 1]},
								"east": {"uv": [8, 0], "uv_size": [19, 1]},
								"south": {"uv": [29, 9], "uv_size": [2, 1]},
								"west": {"uv": [8, 1], "uv_size": [19, 1]},
								"up": {"uv": [0, 2], "uv_size": [2, 19]},
								"down": {"uv": [2, 21], "uv_size": [2, -19]}
							}
						},
						{
							"origin": [-1.1, 10.9, 32.4],
							"size": [2.3, 15.3, 1.4],
							"inflate": 0.001,
							"uv": {
								"north": {"uv": [4, 0], "uv_size": [2, 15]},
								"east": {"uv": [8, 11], "uv_size": [1, 15]},
								"south": {"uv": [6, 0], "uv_size": [2, 15]},
								"west": {"uv": [9, 11], "uv_size": [1, 15]},
								"up": {"uv": [29, 12], "uv_size": [2, 1]},
								"down": {"uv": [29, 14], "uv_size": [2, -1]}
							}
						},
						{
							"origin": [-1.1, 14.6, 17.4],
							"size": [2.3, 4, 1.4],
							"inflate": 0.001,
							"pivot": [0.55, 25.9, 20.4],
							"rotation": [50, 0, 0],
							"uv": {
								"north": {"uv": [18, 2], "uv_size": [2, 4]},
								"east": {"uv": [22, 24], "uv_size": [1, 4]},
								"south": {"uv": [18, 18], "uv_size": [2, 4]},
								"west": {"uv": [11, 25], "uv_size": [1, 4]},
								"up": {"uv": [16, 29], "uv_size": [2, 1]},
								"down": {"uv": [29, 21], "uv_size": [2, -1]}
							}
						},
						{
							"origin": [-1.1, 13.5, 11.6],
							"size": [2.3, 3.4, 1.5],
							"inflate": 0.001,
							"pivot": [0.55, 24.8, 14.7],
							"rotation": [73, 0, 0],
							"uv": {
								"north": {"uv": [21, 12], "uv_size": [2, 3]},
								"east": {"uv": [21, 15], "uv_size": [2, 3]},
								"south": {"uv": [21, 18], "uv_size": [2, 3]},
								"west": {"uv": [21, 21], "uv_size": [2, 3]},
								"up": {"uv": [26, 19], "uv_size": [2, 2]},
								"down": {"uv": [26, 23], "uv_size": [2, -2]}
							}
						},
						{
							"origin": [-1.1, 13.1, 8.5],
							"size": [2.3, 3.7, 1.4],
							"inflate": 0.001,
							"pivot": [0.55, 24.4, 11.6],
							"rotation": [80, 0, 0],
							"uv": {
								"north": {"uv": [19, 9], "uv_size": [2, 4]},
								"east": {"uv": [26, 23], "uv_size": [1, 4]},
								"south": {"uv": [19, 13], "uv_size": [2, 4]},
								"west": {"uv": [4, 27], "uv_size": [1, 4]},
								"up": {"uv": [29, 21], "uv_size": [2, 1]},
								"down": {"uv": [29, 23], "uv_size": [2, -1]}
							}
						},
						{
							"origin": [-1.1, 11.5, 4.1],
							"size": [2.3, 9, 1.4],
							"inflate": 0.001,
							"pivot": [-0.65, 23.1, 7.2],
							"rotation": [90, 0, 0],
							"uv": {
								"north": {"uv": [8, 2], "uv_size": [2, 9]},
								"east": {"uv": [18, 9], "uv_size": [1, 9]},
								"south": {"uv": [10, 2], "uv_size": [2, 9]},
								"west": {"uv": [10, 18], "uv_size": [1, 9]},
								"up": {"uv": [28, 29], "uv_size": [2, 1]},
								"down": {"uv": [2, 31], "uv_size": [2, -1]}
							}
						},
						{
							"origin": [-1.1, 21.4, 9.8],
							"size": [2.3, 5, 1.7],
							"inflate": 0.001,
							"uv": {
								"north": {"uv": [4, 15], "uv_size": [2, 5]},
								"east": {"uv": [6, 15], "uv_size": [2, 5]},
								"south": {"uv": [14, 15], "uv_size": [2, 5]},
								"west": {"uv": [16, 2], "uv_size": [2, 5]},
								"up": {"uv": [27, 0], "uv_size": [2, 2]},
								"down": {"uv": [5, 29], "uv_size": [2, -2]}
							}
						},
						{
							"origin": [-0.3, 21.4, 11.5],
							"size": [0.7, 4.1, 0.7],
							"inflate": 0.001,
							"uv": {
								"north": {"uv": [7, 27], "uv_size": [1, 4]},
								"east": {"uv": [27, 8], "uv_size": [1, 4]},
								"south": {"uv": [10, 27], "uv_size": [1, 4]},
								"west": {"uv": [14, 27], "uv_size": [1, 4]},
								"up": {"uv": [19, 17], "uv_size": [1, 1]},
								"down": {"uv": [26, 9], "uv_size": [1, -1]}
							}
						},
						{
							"origin": [-0.3, 21.3, 12],
							"size": [0.7, 0.9, 2.5],
							"inflate": 0.001,
							"pivot": [-1.45, 23, 23.9],
							"rotation": [-16, 0, 0],
							"uv": {
								"north": {"uv": [27, 14], "uv_size": [1, 1]},
								"east": {"uv": [28, 18], "uv_size": [3, 1]},
								"south": {"uv": [7, 31], "uv_size": [1, 1]},
								"west": {"uv": [28, 19], "uv_size": [3, 1]},
								"up": {"uv": [9, 28], "uv_size": [1, 3]},
								"down": {"uv": [18, 31], "uv_size": [1, -3]}
							}
						},
						{
							"origin": [-0.3, 22.5, 14.5],
							"size": [0.7, 0.9, 1.9],
							"inflate": 0.001,
							"pivot": [-1.45, 24.2, 26.4],
							"rotation": [-7, 0, 0],
							"uv": {
								"north": {"uv": [31, 9], "uv_size": [1, 1]},
								"east": {"uv": [5, 30], "uv_size": [2, 1]},
								"south": {"uv": [11, 31], "uv_size": [1, 1]},
								"west": {"uv": [30, 10], "uv_size": [2, 1]},
								"up": {"uv": [22, 28], "uv_size": [1, 2]},
								"down": {"uv": [11, 31], "uv_size": [1, -2]}
							}
						},
						{
							"origin": [-0.3, 23.7, 16.2],
							"size": [0.7, 1.3, 6],
							"inflate": 0.001,
							"uv": {
								"north": {"uv": [31, 12], "uv_size": [1, 1]},
								"east": {"uv": [18, 6], "uv_size": [6, 1]},
								"south": {"uv": [31, 13], "uv_size": [1, 1]},
								"west": {"uv": [22, 2], "uv_size": [6, 1]},
								"up": {"uv": [12, 22], "uv_size": [1, 6]},
								"down": {"uv": [13, 28], "uv_size": [1, -6]}
							}
						},
						{
							"origin": [-0.3, 24.7, 21.9],
							"size": [0.7, 1.3, 10.4],
							"inflate": 0.001,
							"pivot": [-0.65, 26.5, 33.5],
							"rotation": [5, 0, 0],
							"uv": {
								"north": {"uv": [14, 31], "uv_size": [1, 1]},
								"east": {"uv": [16, 7], "uv_size": [10, 1]},
								"south": {"uv": [31, 14], "uv_size": [1, 1]},
								"west": {"uv": [16, 8], "uv_size": [10, 1]},
								"up": {"uv": [16, 9], "uv_size": [1, 10]},
								"down": {"uv": [17, 19], "uv_size": [1, -10]}
							}
						},
						{
							"origin": [-0.3, 12.2, 31.5],
							"size": [0.7, 13.1, 0.9],
							"inflate": 0.001,
							"uv": {
								"north": {"uv": [12, 9], "uv_size": [1, 13]},
								"east": {"uv": [13, 9], "uv_size": [1, 13]},
								"south": {"uv": [14, 2], "uv_size": [1, 13]},
								"west": {"uv": [15, 2], "uv_size": [1, 13]},
								"up": {"uv": [15, 31], "uv_size": [1, 1]},
								"down": {"uv": [31, 16], "uv_size": [1, -1]}
							}
						},
						{
							"origin": [-0.3, 12, 29.4],
							"size": [0.7, 6.7, 2.1],
							"inflate": 0.001,
							"uv": {
								"north": {"uv": [11, 18], "uv_size": [1, 7]},
								"east": {"uv": [10, 11], "uv_size": [2, 7]},
								"south": {"uv": [4, 20], "uv_size": [1, 7]},
								"west": {"uv": [12, 2], "uv_size": [2, 7]},
								"up": {"uv": [12, 30], "uv_size": [1, 2]},
								"down": {"uv": [13, 32], "uv_size": [1, -2]}
							}
						},
						{
							"origin": [-0.3, 15.2, 27.6],
							"size": [0.7, 3.5, 1.9],
							"inflate": 0.001,
							"uv": {
								"north": {"uv": [19, 28], "uv_size": [1, 3]},
								"east": {"uv": [22, 3], "uv_size": [2, 3]},
								"south": {"uv": [28, 20], "uv_size": [1, 3]},
								"west": {"uv": [18, 22], "uv_size": [2, 3]},
								"up": {"uv": [30, 14], "uv_size": [1, 2]},
								"down": {"uv": [16, 32], "uv_size": [1, -2]}
							}
						},
						{
							"origin": [-0.3, 17.6, 25.9],
							"size": [0.7, 1.1, 1.6],
							"inflate": 0.001,
							"uv": {
								"north": {"uv": [31, 16], "uv_size": [1, 1]},
								"east": {"uv": [30, 11], "uv_size": [2, 1]},
								"south": {"uv": [31, 17], "uv_size": [1, 1]},
								"west": {"uv": [28, 30], "uv_size": [2, 1]},
								"up": {"uv": [17, 30], "uv_size": [1, 2]},
								"down": {"uv": [22, 32], "uv_size": [1, -2]}
							}
						},
						{
							"origin": [-0.3, 15.2, 17.4],
							"size": [0.7, 3.7, 1.4],
							"inflate": 0.001,
							"pivot": [0.55, 26.9, 20.4],
							"rotation": [50, 0, 0],
							"uv": {
								"north": {"uv": [15, 27], "uv_size": [1, 4]},
								"east": {"uv": [20, 27], "uv_size": [1, 4]},
								"south": {"uv": [21, 27], "uv_size": [1, 4]},
								"west": {"uv": [23, 27], "uv_size": [1, 4]},
								"up": {"uv": [18, 31], "uv_size": [1, 1]},
								"down": {"uv": [31, 19], "uv_size": [1, -1]}
							}
						},
						{
							"origin": [-0.3, 13.7, 11.6],
							"size": [0.7, 4, 1.5],
							"inflate": 0.001,
							"pivot": [0.55, 25.5, 14.7],
							"rotation": [73, 0, 0],
							"uv": {
								"north": {"uv": [27, 23], "uv_size": [1, 4]},
								"east": {"uv": [16, 19], "uv_size": [2, 4]},
								"south": {"uv": [24, 27], "uv_size": [1, 4]},
								"west": {"uv": [20, 2], "uv_size": [2, 4]},
								"up": {"uv": [30, 29], "uv_size": [1, 2]},
								"down": {"uv": [31, 2], "uv_size": [1, -2]}
							}
						},
						{
							"origin": [-0.3, 14, 7.8],
							"size": [0.7, 3.7, 1.4],
							"inflate": 0.001,
							"pivot": [0.55, 25.3, 10.9],
							"rotation": [80, 0, 0],
							"uv": {
								"north": {"uv": [25, 27], "uv_size": [1, 4]},
								"east": {"uv": [26, 27], "uv_size": [1, 4]},
								"south": {"uv": [27, 27], "uv_size": [1, 4]},
								"west": {"uv": [0, 28], "uv_size": [1, 4]},
								"up": {"uv": [19, 31], "uv_size": [1, 1]},
								"down": {"uv": [31, 20], "uv_size": [1, -1]}
							}
						},
						{
							"origin": [-0.3, 12.4, 3.4],
							"size": [0.7, 5.9, 1.4],
							"inflate": 0.001,
							"pivot": [-0.65, 24, 6.5],
							"rotation": [90, 0, 0],
							"uv": {
								"north": {"uv": [23, 9], "uv_size": [1, 6]},
								"east": {"uv": [23, 15], "uv_size": [1, 6]},
								"south": {"uv": [16, 23], "uv_size": [1, 6]},
								"west": {"uv": [17, 23], "uv_size": [1, 6]},
								"up": {"uv": [20, 31], "uv_size": [1, 1]},
								"down": {"uv": [31, 21], "uv_size": [1, -1]}
							}
						},
						{
							"origin": [-0.3, 12.7, 36.8],
							"size": [0.7, 2, 1],
							"inflate": 0.001,
							"pivot": [0.55, 23, 39.8],
							"rotation": [-50, 0, 0],
							"uv": {
								"north": {"uv": [2, 31], "uv_size": [1, 2]},
								"east": {"uv": [31, 2], "uv_size": [1, 2]},
								"south": {"uv": [3, 31], "uv_size": [1, 2]},
								"west": {"uv": [4, 31], "uv_size": [1, 2]},
								"up": {"uv": [21, 31], "uv_size": [1, 1]},
								"down": {"uv": [31, 22], "uv_size": [1, -1]}
							}
						},
						{
							"origin": [-0.3, 21.5, 22.6],
							"size": [0.7, 2, 1.1],
							"inflate": 0.001,
							"pivot": [0.55, 31.9, 25.3],
							"rotation": [50, 0, 0],
							"uv": {
								"north": {"uv": [31, 4], "uv_size": [1, 2]},
								"east": {"uv": [5, 31], "uv_size": [1, 2]},
								"south": {"uv": [6, 31], "uv_size": [1, 2]},
								"west": {"uv": [31, 6], "uv_size": [1, 2]},
								"up": {"uv": [31, 22], "uv_size": [1, 1]},
								"down": {"uv": [23, 32], "uv_size": [1, -1]}
							}
						},
						{
							"origin": [-0.3, 19.9, 4.2],
							"size": [0.7, 1, 0.5],
							"inflate": 0.001,
							"pivot": [0.55, 29.9, 6.3],
							"rotation": [50, 0, 0],
							"uv": {
								"north": {"uv": [31, 23], "uv_size": [1, 1]},
								"east": {"uv": [24, 31], "uv_size": [1, 1]},
								"south": {"uv": [31, 24], "uv_size": [1, 1]},
								"west": {"uv": [25, 31], "uv_size": [1, 1]},
								"up": {"uv": [31, 25], "uv_size": [1, 1]},
								"down": {"uv": [26, 32], "uv_size": [1, -1]}
							}
						},
						{
							"origin": [-0.3, 18.8, 18.4],
							"size": [0.7, 0.9, 0.6],
							"inflate": 0.001,
							"pivot": [0.55, 28.6, 21],
							"rotation": [-50, 0, 0],
							"uv": {
								"north": {"uv": [31, 26], "uv_size": [1, 1]},
								"east": {"uv": [27, 31], "uv_size": [1, 1]},
								"south": {"uv": [31, 27], "uv_size": [1, 1]},
								"west": {"uv": [28, 31], "uv_size": [1, 1]},
								"up": {"uv": [31, 28], "uv_size": [1, 1]},
								"down": {"uv": [29, 32], "uv_size": [1, -1]}
							}
						},
						{
							"origin": [-0.3, 7.3, 4.1],
							"size": [0.7, 3.6, 1.2],
							"inflate": 0.001,
							"pivot": [-0.65, 18.4, 7],
							"rotation": [133, 0, 0],
							"uv": {
								"north": {"uv": [1, 28], "uv_size": [1, 4]},
								"east": {"uv": [28, 2], "uv_size": [1, 4]},
								"south": {"uv": [28, 6], "uv_size": [1, 4]},
								"west": {"uv": [8, 28], "uv_size": [1, 4]},
								"up": {"uv": [31, 29], "uv_size": [1, 1]},
								"down": {"uv": [30, 32], "uv_size": [1, -1]}
							}
						},
						{
							"origin": [-0.3, 0.8, 25.6],
							"size": [0.7, 6, 1.2],
							"inflate": 0.001,
							"pivot": [-0.65, 13.7, 28.5],
							"rotation": [-133, 0, 0],
							"uv": {
								"north": {"uv": [23, 21], "uv_size": [1, 6]},
								"east": {"uv": [2, 24], "uv_size": [1, 6]},
								"south": {"uv": [3, 24], "uv_size": [1, 6]},
								"west": {"uv": [24, 9], "uv_size": [1, 6]},
								"up": {"uv": [31, 30], "uv_size": [1, 1]},
								"down": {"uv": [31, 32], "uv_size": [1, -1]}
							}
						},
						{
							"origin": [-0.3, 18.7, 29.3],
							"size": [0.7, 1.1, 0.6],
							"inflate": 0.001,
							"uv": {
								"north": {"uv": [0, 32], "uv_size": [1, 1]},
								"east": {"uv": [32, 0], "uv_size": [1, 1]},
								"south": {"uv": [1, 32], "uv_size": [1, 1]},
								"west": {"uv": [32, 1], "uv_size": [1, 1]},
								"up": {"uv": [32, 2], "uv_size": [1, 1]},
								"down": {"uv": [32, 4], "uv_size": [1, -1]}
							}
						},
						{
							"origin": [-0.3, 20.1, 30.3],
							"size": [0.7, 0.6, 1.2],
							"inflate": 0.001,
							"uv": {
								"north": {"uv": [32, 4], "uv_size": [1, 1]},
								"east": {"uv": [32, 5], "uv_size": [1, 1]},
								"south": {"uv": [32, 6], "uv_size": [1, 1]},
								"west": {"uv": [7, 32], "uv_size": [1, 1]},
								"up": {"uv": [32, 7], "uv_size": [1, 1]},
								"down": {"uv": [8, 33], "uv_size": [1, -1]}
							}
						},
						{
							"origin": [-0.3, 14.4, 35.8],
							"size": [0.7, 1.3, 0.6],
							"inflate": 0.001,
							"pivot": [0.55, 24.1, 38.4],
							"rotation": [-50, 0, 0],
							"uv": {
								"north": {"uv": [9, 32], "uv_size": [1, 1]},
								"east": {"uv": [32, 9], "uv_size": [1, 1]},
								"south": {"uv": [10, 32], "uv_size": [1, 1]},
								"west": {"uv": [32, 10], "uv_size": [1, 1]},
								"up": {"uv": [11, 32], "uv_size": [1, 1]},
								"down": {"uv": [32, 12], "uv_size": [1, -1]}
							}
						},
						{
							"origin": [-0.6, 20, 10],
							"size": [0.5, 6.9, 1.4],
							"inflate": 0.001,
							"pivot": [1.15, 21.8, 13],
							"rotation": [0, -34, 0],
							"uv": {
								"north": {"uv": [5, 20], "uv_size": [1, 7]},
								"east": {"uv": [6, 20], "uv_size": [1, 7]},
								"south": {"uv": [7, 20], "uv_size": [1, 7]},
								"west": {"uv": [14, 20], "uv_size": [1, 7]},
								"up": {"uv": [12, 32], "uv_size": [1, 1]},
								"down": {"uv": [32, 13], "uv_size": [1, -1]}
							}
						},
						{
							"origin": [-0.3, 20, 8.3],
							"size": [1, 6.9, 1.3],
							"inflate": 0.001,
							"pivot": [1.35, 21.8, 11.3],
							"rotation": [0, 35, 0],
							"uv": {
								"north": {"uv": [15, 20], "uv_size": [1, 7]},
								"east": {"uv": [20, 17], "uv_size": [1, 7]},
								"south": {"uv": [0, 21], "uv_size": [1, 7]},
								"west": {"uv": [1, 21], "uv_size": [1, 7]},
								"up": {"uv": [13, 32], "uv_size": [1, 1]},
								"down": {"uv": [32, 14], "uv_size": [1, -1]}
							}
						},
						{
							"origin": [-1.1, 13.8, 22.5],
							"size": [2.3, 3.4, 1.5],
							"inflate": 0.001,
							"pivot": [0.55, 24.5, 25.5],
							"rotation": [31, 0, 0],
							"uv": {
								"north": {"uv": [24, 3], "uv_size": [2, 3]},
								"east": {"uv": [24, 15], "uv_size": [2, 3]},
								"south": {"uv": [24, 18], "uv_size": [2, 3]},
								"west": {"uv": [20, 24], "uv_size": [2, 3]},
								"up": {"uv": [27, 12], "uv_size": [2, 2]},
								"down": {"uv": [28, 12], "uv_size": [2, -2]}
							}
						},
						{
							"origin": [-1.1, 11.2, 25.1],
							"size": [2.3, 3.4, 1.5],
							"inflate": 0.001,
							"pivot": [0.55, 21.9, 28.1],
							"rotation": [24, 0, 0],
							"uv": {
								"north": {"uv": [24, 21], "uv_size": [2, 3]},
								"east": {"uv": [24, 24], "uv_size": [2, 3]},
								"south": {"uv": [25, 9], "uv_size": [2, 3]},
								"west": {"uv": [25, 12], "uv_size": [2, 3]},
								"up": {"uv": [12, 28], "uv_size": [2, 2]},
								"down": {"uv": [28, 16], "uv_size": [2, -2]}
							}
						},
						{
							"origin": [-1.1, 10.9, 29.8],
							"size": [2.3, 1.3, 2.6],
							"inflate": 0.001,
							"uv": {
								"north": {"uv": [31, 8], "uv_size": [2, 1]},
								"east": {"uv": [28, 23], "uv_size": [3, 1]},
								"south": {"uv": [9, 31], "uv_size": [2, 1]},
								"west": {"uv": [28, 24], "uv_size": [3, 1]},
								"up": {"uv": [18, 25], "uv_size": [2, 3]},
								"down": {"uv": [26, 6], "uv_size": [2, -3]}
							}
						},
						{
							"origin": [-1.15, 26.85, 9.5],
							"size": [2.5, 1.34, 0.6],
							"inflate": 0.001,
							"uv": {
								"north": {"uv": [28, 25], "uv_size": [3, 1]},
								"east": {"uv": [14, 32], "uv_size": [1, 1]},
								"south": {"uv": [28, 26], "uv_size": [3, 1]},
								"west": {"uv": [32, 14], "uv_size": [1, 1]},
								"up": {"uv": [28, 27], "uv_size": [3, 1]},
								"down": {"uv": [28, 29], "uv_size": [3, -1]}
							}
						}
					]
				},
				{
					"name": "_ca_stock",
					"parent": "main",
					"pivot": [-0.2, 21.35, 1.175],
					"cubes": [
						{"origin": [-0.45, 23.45, 9.675], "size": [1, 1, 1], "uv": [0, 0]}
					]
				}
			]
		}
	]
}