{
	"format_version": "1.12.0",
	"minecraft:geometry": [
		{
			"description": {
				"identifier": "geometry.unknown",
				"texture_width": 256,
				"texture_height": 256,
				"visible_bounds_width": 9,
				"visible_bounds_height": 4,
				"visible_bounds_offset": [0, 1, 0]
			},
			"bones": [
				{
					"name": "main",
					"pivot": [0, 20, 0]
				},
				{
					"name": "_ca_stock",
					"parent": "main",
					"pivot": [-0.2, 21.85, -1.425],
					"cubes": [
						{
							"origin": [-0.45, 23.95, 5.975],
							"size": [1, 1, 1],
							"uv": {
								"north": {"uv": [38, 187], "uv_size": [3, 5]},
								"east": {"uv": [38, 187], "uv_size": [3, 5]},
								"south": {"uv": [38, 187], "uv_size": [3, 5]},
								"west": {"uv": [38, 187], "uv_size": [3, 5]},
								"up": {"uv": [41, 192], "uv_size": [-3, -5]},
								"down": {"uv": [41, 192], "uv_size": [-3, -5]}
							}
						}
					]
				},
				{
					"name": "stock",
					"parent": "main",
					"pivot": [1, 11, -1],
					"cubes": [
						{
							"origin": [0, 24.5, 7.05],
							"size": [1.7, 2, 28.8],
							"pivot": [0, 26.5, 12.15],
							"rotation": [0, 0, 22],
							"uv": {
								"north": {"uv": [44, 0], "uv_size": [5, 4]},
								"east": {"uv": [44, 0], "uv_size": [5, 4]},
								"south": {"uv": [44, 0], "uv_size": [5, 4]},
								"west": {"uv": [44, 0], "uv_size": [5, 4]},
								"up": {"uv": [20, 199], "uv_size": [-2, -28]},
								"down": {"uv": [49, 4], "uv_size": [-5, -4]}
							}
						},
						{
							"origin": [1.55, 23.75, 7.05],
							"size": [2, 2, 28.8],
							"inflate": 0.001,
							"pivot": [1.55, 25.75, 12.15],
							"rotation": [0, 0, 85],
							"uv": {
								"north": {"uv": [44, 0], "uv_size": [5, 4]},
								"east": {"uv": [44, 0], "uv_size": [5, 4]},
								"south": {"uv": [44, 0], "uv_size": [5, 4]},
								"west": {"uv": [44, 0], "uv_size": [5, 4]},
								"up": {"uv": [18, 199], "uv_size": [-2, -28]},
								"down": {"uv": [49, 4], "uv_size": [-5, -4]}
							}
						},
						{
							"origin": [1.55, 20.445, 7.05],
							"size": [3.7, 3.485, 28.8],
							"inflate": 0.001,
							"pivot": [1.55, 23.75, 12.15],
							"rotation": [0, 0, 90],
							"uv": {
								"north": {"uv": [44, 0], "uv_size": [5, 4]},
								"east": {"uv": [44, 0], "uv_size": [5, 4]},
								"south": {"uv": [44, 0], "uv_size": [5, 4]},
								"west": {"uv": [44, 0], "uv_size": [5, 4]},
								"up": {"uv": [8, 199], "uv_size": [-4, -28]},
								"down": {"uv": [4, 199], "uv_size": [4, -28]}
							}
						},
						{
							"origin": [5.25, 20.45, 30.85],
							"size": [6.2, 3.5, 5],
							"inflate": 0.001,
							"pivot": [1.55, 23.75, 12.15],
							"rotation": [0, 0, 90],
							"uv": {
								"north": {"uv": [44, 0], "uv_size": [5, 4]},
								"east": {"uv": [44, 0], "uv_size": [5, 4]},
								"south": {"uv": [44, 0], "uv_size": [5, 4]},
								"west": {"uv": [44, 0], "uv_size": [5, 4]},
								"up": {"uv": [14, 187], "uv_size": [-6, -5]},
								"down": {"uv": [8, 182], "uv_size": [6, 5]}
							}
						},
						{
							"origin": [5.25, 20.45, 19.75],
							"size": [1.8, 3.5, 11.1],
							"inflate": 0.001,
							"pivot": [1.55, 23.75, 7.05],
							"rotation": [0, 0, 90],
							"uv": {
								"north": {"uv": [44, 0], "uv_size": [5, 4]},
								"east": {"uv": [44, 0], "uv_size": [5, 4]},
								"south": {"uv": [44, 0], "uv_size": [5, 4]},
								"west": {"uv": [44, 0], "uv_size": [5, 4]},
								"up": {"uv": [10, 182], "uv_size": [-2, -11]},
								"down": {"uv": [8, 171], "uv_size": [2, 11]}
							}
						},
						{
							"origin": [5.25, 18.65, 24.05],
							"size": [2.6, 3.5, 6.8],
							"inflate": 0.001,
							"pivot": [1.55, 21.95, 7.05],
							"rotation": [0, 0, 90],
							"uv": {
								"north": {"uv": [44, 0], "uv_size": [5, 4]},
								"east": {"uv": [44, 0], "uv_size": [5, 4]},
								"south": {"uv": [44, 0], "uv_size": [5, 4]},
								"west": {"uv": [44, 0], "uv_size": [5, 4]},
								"up": {"uv": [11, 194], "uv_size": [-3, -7]},
								"down": {"uv": [11, 194], "uv_size": [-3, -7]}
							}
						},
						{
							"origin": [-3.55, 17.95, 7.05],
							"size": [3.7, 3.5, 5.2],
							"inflate": 0.001,
							"pivot": [0.25, 19.95, 7.05],
							"rotation": [0, 12, 90],
							"uv": {
								"north": {"uv": [44, 0], "uv_size": [5, 4]},
								"east": {"uv": [44, 0], "uv_size": [5, 4]},
								"south": {"uv": [44, 0], "uv_size": [5, 4]},
								"west": {"uv": [20, 187], "uv_size": [5, 4]},
								"up": {"uv": [4, 176], "uv_size": [-4, -5]},
								"down": {"uv": [4, 176], "uv_size": [-4, -5]}
							}
						},
						{
							"origin": [-3.55, 16.85, 11.95],
							"size": [3.7, 3.5, 24.5],
							"inflate": 0.001,
							"pivot": [0.25, 18.85, 12.15],
							"rotation": [0, 21, 90],
							"uv": {
								"north": {"uv": [44, 0], "uv_size": [5, 4]},
								"east": {"uv": [44, 0], "uv_size": [5, 4]},
								"south": {"uv": [44, 0], "uv_size": [5, 4]},
								"west": {"uv": [25, 187], "uv_size": [25, 4]},
								"up": {"uv": [4, 196], "uv_size": [-4, -25]},
								"down": {"uv": [4, 171], "uv_size": [-4, 25]}
							}
						},
						{
							"origin": [-1.15, 16.85, 36.45],
							"size": [1.3, 3.5, 1.1],
							"inflate": 0.001,
							"pivot": [0.25, 18.85, 12.15],
							"rotation": [0, 21, 90],
							"uv": {
								"north": {"uv": [44, 0], "uv_size": [5, 4]},
								"east": {"uv": [44, 0], "uv_size": [5, 4]},
								"south": {"uv": [44, 0], "uv_size": [5, 4]},
								"west": {"uv": [20, 187], "uv_size": [1, 4]},
								"up": {"uv": [13.3, 172.1], "uv_size": [-1.3, -1.1]},
								"down": {"uv": [13.3, 171], "uv_size": [-1.3, 1.1]}
							}
						},
						{
							"origin": [-2.85, 16.85, 36.45],
							"size": [1.8, 3.5, 0.7],
							"inflate": 0.001,
							"pivot": [0.25, 18.85, 12.15],
							"rotation": [0, 21, 90],
							"uv": {
								"north": {"uv": [44, 0], "uv_size": [5, 4]},
								"east": {"uv": [44, 0], "uv_size": [5, 4]},
								"south": {"uv": [44, 0], "uv_size": [5, 4]},
								"west": {"uv": [44, 0], "uv_size": [5, 4]},
								"up": {"uv": [13.8, 173.7], "uv_size": [-1.8, -0.7]},
								"down": {"uv": [13.8, 173], "uv_size": [-1.8, 0.7]}
							}
						},
						{
							"origin": [-1.98, 9.65, 35.85],
							"size": [3.9, 13.4, 0.9],
							"uv": {
								"north": {"uv": [21, 177], "uv_size": [2.05, 0.9]},
								"east": {"uv": [21, 177], "uv_size": [2.05, 0.9]},
								"south": {"uv": [21, 177], "uv_size": [2.05, 0.9]},
								"west": {"uv": [21, 177], "uv_size": [2.05, 0.9]},
								"up": {"uv": [23.05, 177.9], "uv_size": [-2.05, -0.9]},
								"down": {"uv": [23.05, 177.9], "uv_size": [-2.05, -0.9]}
							}
						},
						{
							"origin": [-3.02, 21.65, 35.85],
							"size": [1.02, 2.2, 0.9],
							"pivot": [-2.02, 23.75, 15.05],
							"rotation": [0, 0, -94],
							"uv": {
								"north": {"uv": [21, 177], "uv_size": [2.05, 0.9]},
								"east": {"uv": [21, 177], "uv_size": [2.05, 0.9]},
								"south": {"uv": [21, 177], "uv_size": [2.05, 0.9]},
								"west": {"uv": [21, 177], "uv_size": [2.05, 0.9]},
								"up": {"uv": [23.05, 177.9], "uv_size": [-2.05, -0.9]},
								"down": {"uv": [23.05, 177.9], "uv_size": [-2.05, -0.9]}
							}
						},
						{
							"origin": [-3.55, 23.75, 7.05],
							"size": [2, 2, 28.8],
							"inflate": 0.001,
							"pivot": [-1.55, 25.75, 12.15],
							"rotation": [0, 0, -85],
							"uv": {
								"north": {"uv": [44, 0], "uv_size": [5, 4]},
								"east": {"uv": [44, 0], "uv_size": [5, 4]},
								"south": {"uv": [44, 0], "uv_size": [5, 4]},
								"west": {"uv": [44, 0], "uv_size": [5, 4]},
								"up": {"uv": [16, 199], "uv_size": [2, -28]},
								"down": {"uv": [49, 4], "uv_size": [-5, -4]}
							}
						},
						{
							"origin": [-3.85, 23.75, 35.85],
							"size": [2.05, 2.1, 0.9],
							"inflate": 0.001,
							"pivot": [-1.85, 25.75, 14.85],
							"rotation": [0, 0, -85],
							"uv": {
								"north": {"uv": [21, 177], "uv_size": [2.05, 0.9]},
								"east": {"uv": [21, 177], "uv_size": [2.05, 0.9]},
								"south": {"uv": [21, 177], "uv_size": [2.05, 0.9]},
								"west": {"uv": [21, 177], "uv_size": [2.05, 0.9]},
								"up": {"uv": [23.05, 177.9], "uv_size": [-2.05, -0.9]},
								"down": {"uv": [23.05, 177.9], "uv_size": [-2.05, -0.9]}
							}
						},
						{
							"origin": [-1.7, 24.5, 7.05],
							"size": [1.7, 2, 28.8],
							"inflate": -0.001,
							"pivot": [0, 26.5, 12.15],
							"rotation": [0, 0, -22],
							"uv": {
								"north": {"uv": [44, 0], "uv_size": [5, 4]},
								"east": {"uv": [44, 0], "uv_size": [5, 4]},
								"south": {"uv": [44, 0], "uv_size": [5, 4]},
								"west": {"uv": [44, 0], "uv_size": [5, 4]},
								"up": {"uv": [18, 199], "uv_size": [2, -28]},
								"down": {"uv": [49, 4], "uv_size": [-5, -4]}
							}
						},
						{
							"origin": [-2.06, 24.5, 35.85],
							"size": [2.1, 2.1, 0.9],
							"inflate": -0.001,
							"pivot": [0, 26.5, 14.85],
							"rotation": [0, 0, -22],
							"uv": {
								"north": {"uv": [21, 177], "uv_size": [2.05, 0.9]},
								"east": {"uv": [21, 177], "uv_size": [2.05, 0.9]},
								"south": {"uv": [21, 177], "uv_size": [2.05, 0.9]},
								"west": {"uv": [21, 177], "uv_size": [2.05, 0.9]},
								"up": {"uv": [23.05, 177.9], "uv_size": [-2.05, -0.9]},
								"down": {"uv": [23.05, 177.9], "uv_size": [-2.05, -0.9]}
							}
						},
						{
							"origin": [2, 21.75, 35.85],
							"size": [1.02, 2.1, 0.9],
							"pivot": [2.02, 23.75, 15.05],
							"rotation": [0, 0, 94],
							"uv": {
								"north": {"uv": [21, 177], "uv_size": [2.05, 0.9]},
								"east": {"uv": [21, 177], "uv_size": [2.05, 0.9]},
								"south": {"uv": [21, 177], "uv_size": [2.05, 0.9]},
								"west": {"uv": [21, 177], "uv_size": [2.05, 0.9]},
								"up": {"uv": [23.05, 177.9], "uv_size": [-2.05, -0.9]},
								"down": {"uv": [23.05, 177.9], "uv_size": [-2.05, -0.9]}
							}
						},
						{
							"origin": [1.8, 23.65, 35.85],
							"size": [2.05, 2.2, 0.9],
							"inflate": 0.001,
							"pivot": [1.85, 25.75, 14.85],
							"rotation": [0, 0, 85],
							"uv": {
								"north": {"uv": [21, 177], "uv_size": [2.05, 0.9]},
								"east": {"uv": [21, 177], "uv_size": [2.05, 0.9]},
								"south": {"uv": [21, 177], "uv_size": [2.05, 0.9]},
								"west": {"uv": [21, 177], "uv_size": [2.05, 0.9]},
								"up": {"uv": [23.05, 177.9], "uv_size": [-2.05, -0.9]},
								"down": {"uv": [23.05, 177.9], "uv_size": [-2.05, -0.9]}
							}
						},
						{
							"origin": [-0.04, 24.5, 35.85],
							"size": [2.1, 2.1, 0.9],
							"inflate": -0.001,
							"pivot": [0, 26.5, 14.85],
							"rotation": [0, 0, 22],
							"uv": {
								"north": {"uv": [21, 177], "uv_size": [2.05, 0.9]},
								"east": {"uv": [21, 177], "uv_size": [2.05, 0.9]},
								"south": {"uv": [21, 177], "uv_size": [2.05, 0.9]},
								"west": {"uv": [21, 177], "uv_size": [2.05, 0.9]},
								"up": {"uv": [23.05, 177.9], "uv_size": [-2.05, -0.9]},
								"down": {"uv": [23.05, 177.9], "uv_size": [-2.05, -0.9]}
							}
						}
					]
				},
				{
					"name": "bone14",
					"parent": "stock",
					"pivot": [-1.78, 19.15, 20.15],
					"rotation": [-27, 0, 0]
				},
				{
					"name": "bone15",
					"parent": "stock",
					"pivot": [-1.78, 16.85, 24.85],
					"rotation": [-69, 0, 0]
				}
			]
		}
	]
}