{
	"format_version": "1.12.0",
	"minecraft:geometry": [
		{
			"description": {
				"identifier": "geometry.unknown",
				"texture_width": 256,
				"texture_height": 256,
				"visible_bounds_width": 8,
				"visible_bounds_height": 4,
				"visible_bounds_offset": [0, 1, 0]
			},
			"bones": [
				{
					"name": "main",
					"pivot": [0, 20, 0]
				},
				{
					"name": "stock",
					"parent": "main",
					"pivot": [1, 11, -1],
					"cubes": [
						{
							"origin": [0, 24.5, 12.15],
							"size": [2, 2, 21],
							"pivot": [0, 26.5, 12.15],
							"rotation": [0, 0, 22],
							"uv": {
								"north": {"uv": [53, 88], "uv_size": [2, 2]},
								"east": {"uv": [66, 59], "uv_size": [21, 2]},
								"south": {"uv": [123, 12], "uv_size": [2, 2]},
								"west": {"uv": [66, 61], "uv_size": [21, 2]},
								"up": {"uv": [43, 66], "uv_size": [2, 21]},
								"down": {"uv": [45, 87], "uv_size": [2, -21]}
							}
						},
						{
							"origin": [1.85, 23.75, 12.15],
							"size": [2, 2, 21],
							"inflate": 0.001,
							"pivot": [1.85, 25.75, 12.15],
							"rotation": [0, 0, 85],
							"uv": {
								"north": {"uv": [135, 138], "uv_size": [2, 2]},
								"east": {"uv": [69, 0], "uv_size": [21, 2]},
								"south": {"uv": [138, 135], "uv_size": [2, 2]},
								"west": {"uv": [69, 2], "uv_size": [21, 2]},
								"up": {"uv": [57, 69], "uv_size": [2, 21]},
								"down": {"uv": [59, 90], "uv_size": [2, -21]}
							}
						},
						{
							"origin": [2.02, 21.75, 12.15],
							"size": [1, 2, 21],
							"pivot": [2.02, 23.75, 12.15],
							"rotation": [0, 0, 94],
							"uv": {
								"north": {"uv": [2, 150], "uv_size": [1, 2]},
								"east": {"uv": [71, 28], "uv_size": [21, 2]},
								"south": {"uv": [150, 2], "uv_size": [1, 2]},
								"west": {"uv": [71, 30], "uv_size": [21, 2]},
								"up": {"uv": [94, 105], "uv_size": [1, 21]},
								"down": {"uv": [95, 126], "uv_size": [1, -21]}
							}
						},
						{
							"origin": [-1.98, 11.95, 33.15],
							"size": [3.9, 11.1, 0.9],
							"uv": {
								"north": {"uv": [35, 66], "uv_size": [4, 11]},
								"east": {"uv": [84, 126], "uv_size": [1, 11]},
								"south": {"uv": [39, 66], "uv_size": [4, 11]},
								"west": {"uv": [85, 126], "uv_size": [1, 11]},
								"up": {"uv": [141, 139], "uv_size": [4, 1]},
								"down": {"uv": [142, 16], "uv_size": [4, -1]}
							}
						},
						{
							"origin": [-1.28, 20.35, 14.95],
							"size": [2.5, 2.7, 14.4],
							"uv": {
								"north": {"uv": [127, 19], "uv_size": [3, 3]},
								"east": {"uv": [71, 40], "uv_size": [14, 3]},
								"south": {"uv": [127, 28], "uv_size": [3, 3]},
								"west": {"uv": [75, 71], "uv_size": [14, 3]},
								"up": {"uv": [75, 74], "uv_size": [3, 14]},
								"down": {"uv": [35, 91], "uv_size": [3, -14]}
							}
						},
						{
							"origin": [-1.28, 20.35, 33.05],
							"size": [2.5, 2.7, 0.1],
							"uv": {
								"north": {"uv": [127, 62], "uv_size": [3, 3]},
								"east": {"uv": [14, 147], "uv_size": [1, 3]},
								"south": {"uv": [127, 65], "uv_size": [3, 3]},
								"west": {"uv": [19, 147], "uv_size": [1, 3]},
								"up": {"uv": [147, 19], "uv_size": [3, 1]},
								"down": {"uv": [147, 21], "uv_size": [3, -1]}
							}
						},
						{
							"origin": [-1.28, 21.95, 29.35],
							"size": [2.5, 1.1, 3.7],
							"uv": {
								"north": {"uv": [147, 21], "uv_size": [3, 1]},
								"east": {"uv": [142, 103], "uv_size": [4, 1]},
								"south": {"uv": [147, 22], "uv_size": [3, 1]},
								"west": {"uv": [142, 112], "uv_size": [4, 1]},
								"up": {"uv": [45, 125], "uv_size": [3, 4]},
								"down": {"uv": [125, 84], "uv_size": [3, -4]}
							}
						},
						{
							"origin": [-1.28, 20.05, 29.35],
							"size": [2.5, 1.1, 3.7],
							"uv": {
								"north": {"uv": [23, 147], "uv_size": [3, 1]},
								"east": {"uv": [142, 119], "uv_size": [4, 1]},
								"south": {"uv": [26, 147], "uv_size": [3, 1]},
								"west": {"uv": [142, 126], "uv_size": [4, 1]},
								"up": {"uv": [125, 88], "uv_size": [3, 4]},
								"down": {"uv": [89, 129], "uv_size": [3, -4]}
							}
						},
						{
							"origin": [-1.28, 20.95, 32.85],
							"size": [2.5, 0.4, 0.4],
							"pivot": [1.42, 21.15, 33.05],
							"rotation": [-45, 0, 0],
							"uv": {
								"north": {"uv": [147, 26], "uv_size": [3, 1]},
								"east": {"uv": [7, 166], "uv_size": [1, 1]},
								"south": {"uv": [147, 27], "uv_size": [3, 1]},
								"west": {"uv": [166, 7], "uv_size": [1, 1]},
								"up": {"uv": [147, 28], "uv_size": [3, 1]},
								"down": {"uv": [30, 148], "uv_size": [3, -1]}
							}
						},
						{
							"origin": [-1.28, 21.75, 32.85],
							"size": [2.5, 0.4, 0.4],
							"pivot": [1.42, 21.95, 33.05],
							"rotation": [-45, 0, 0],
							"uv": {
								"north": {"uv": [147, 35], "uv_size": [3, 1]},
								"east": {"uv": [8, 166], "uv_size": [1, 1]},
								"south": {"uv": [147, 36], "uv_size": [3, 1]},
								"west": {"uv": [166, 8], "uv_size": [1, 1]},
								"up": {"uv": [147, 37], "uv_size": [3, 1]},
								"down": {"uv": [40, 148], "uv_size": [3, -1]}
							}
						},
						{
							"origin": [-1.28, 21.75, 29.05],
							"size": [2.5, 0.4, 0.4],
							"pivot": [1.42, 21.95, 29.25],
							"rotation": [-45, 0, 0],
							"uv": {
								"north": {"uv": [147, 49], "uv_size": [3, 1]},
								"east": {"uv": [10, 166], "uv_size": [1, 1]},
								"south": {"uv": [147, 50], "uv_size": [3, 1]},
								"west": {"uv": [166, 10], "uv_size": [1, 1]},
								"up": {"uv": [147, 51], "uv_size": [3, 1]},
								"down": {"uv": [52, 148], "uv_size": [3, -1]}
							}
						},
						{
							"origin": [-1.28, 20.95, 29.05],
							"size": [2.5, 0.4, 0.4],
							"pivot": [1.42, 21.15, 29.25],
							"rotation": [-45, 0, 0],
							"uv": {
								"north": {"uv": [44, 147], "uv_size": [3, 1]},
								"east": {"uv": [9, 166], "uv_size": [1, 1]},
								"south": {"uv": [147, 45], "uv_size": [3, 1]},
								"west": {"uv": [166, 9], "uv_size": [1, 1]},
								"up": {"uv": [147, 46], "uv_size": [3, 1]},
								"down": {"uv": [147, 48], "uv_size": [3, -1]}
							}
						},
						{
							"origin": [-1.58, 19.15, 14.95],
							"size": [3.1, 0.3, 5.7],
							"uv": {
								"north": {"uv": [134, 146], "uv_size": [3, 1]},
								"east": {"uv": [130, 126], "uv_size": [6, 1]},
								"south": {"uv": [146, 135], "uv_size": [3, 1]},
								"west": {"uv": [131, 65], "uv_size": [6, 1]},
								"up": {"uv": [114, 102], "uv_size": [3, 6]},
								"down": {"uv": [114, 114], "uv_size": [3, -6]}
							}
						},
						{
							"origin": [1.52, 19.15, 14.95],
							"size": [0.2, 2.1, 5.7],
							"uv": {
								"north": {"uv": [101, 154], "uv_size": [1, 2]},
								"east": {"uv": [122, 57], "uv_size": [6, 2]},
								"south": {"uv": [154, 107], "uv_size": [1, 2]},
								"west": {"uv": [123, 95], "uv_size": [6, 2]},
								"up": {"uv": [72, 132], "uv_size": [1, 6]},
								"down": {"uv": [67, 139], "uv_size": [1, -6]}
							}
						},
						{
							"origin": [-1.78, 19.15, 14.95],
							"size": [0.2, 2.1, 5.7],
							"uv": {
								"north": {"uv": [108, 154], "uv_size": [1, 2]},
								"east": {"uv": [125, 68], "uv_size": [6, 2]},
								"south": {"uv": [109, 154], "uv_size": [1, 2]},
								"west": {"uv": [125, 70], "uv_size": [6, 2]},
								"up": {"uv": [79, 133], "uv_size": [1, 6]},
								"down": {"uv": [133, 121], "uv_size": [1, -6]}
							}
						},
						{
							"origin": [-1.48, 20.35, 17.15],
							"size": [2.9, 2.6, 1.5],
							"uv": {
								"north": {"uv": [59, 127], "uv_size": [3, 3]},
								"east": {"uv": [133, 12], "uv_size": [2, 3]},
								"south": {"uv": [127, 59], "uv_size": [3, 3]},
								"west": {"uv": [133, 15], "uv_size": [2, 3]},
								"up": {"uv": [132, 6], "uv_size": [3, 2]},
								"down": {"uv": [132, 20], "uv_size": [3, -2]}
							}
						},
						{
							"origin": [-1.68, 21.55, 17.15],
							"size": [3.3, 1.4, 1.5],
							"uv": {
								"north": {"uv": [146, 125], "uv_size": [3, 1]},
								"east": {"uv": [106, 154], "uv_size": [2, 1]},
								"south": {"uv": [146, 126], "uv_size": [3, 1]},
								"west": {"uv": [154, 106], "uv_size": [2, 1]},
								"up": {"uv": [132, 82], "uv_size": [3, 2]},
								"down": {"uv": [133, 40], "uv_size": [3, -2]}
							}
						},
						{
							"origin": [-1.28, 16.85, 28.75],
							"size": [2.5, 3.5, 4.4],
							"uv": {
								"north": {"uv": [124, 117], "uv_size": [3, 4]},
								"east": {"uv": [83, 117], "uv_size": [4, 4]},
								"south": {"uv": [124, 121], "uv_size": [3, 4]},
								"west": {"uv": [117, 88], "uv_size": [4, 4]},
								"up": {"uv": [125, 12], "uv_size": [3, 4]},
								"down": {"uv": [125, 37], "uv_size": [3, -4]}
							}
						},
						{
							"origin": [-0.98, 12.25, 32.95],
							"size": [1.9, 4.6, 0.2],
							"uv": {
								"north": {"uv": [117, 126], "uv_size": [2, 5]},
								"east": {"uv": [57, 137], "uv_size": [1, 5]},
								"south": {"uv": [126, 125], "uv_size": [2, 5]},
								"west": {"uv": [58, 137], "uv_size": [1, 5]},
								"up": {"uv": [154, 82], "uv_size": [2, 1]},
								"down": {"uv": [154, 84], "uv_size": [2, -1]}
							}
						},
						{
							"origin": [-0.98, 12.65, 32.55],
							"size": [1.9, 0.2, 0.4],
							"uv": {
								"north": {"uv": [154, 99], "uv_size": [2, 1]},
								"east": {"uv": [165, 160], "uv_size": [1, 1]},
								"south": {"uv": [154, 100], "uv_size": [2, 1]},
								"west": {"uv": [161, 165], "uv_size": [1, 1]},
								"up": {"uv": [154, 101], "uv_size": [2, 1]},
								"down": {"uv": [154, 103], "uv_size": [2, -1]}
							}
						},
						{
							"origin": [-0.98, 12.45, 32.75],
							"size": [1.9, 0.2, 0.2],
							"uv": {
								"north": {"uv": [154, 103], "uv_size": [2, 1]},
								"east": {"uv": [165, 161], "uv_size": [1, 1]},
								"south": {"uv": [104, 154], "uv_size": [2, 1]},
								"west": {"uv": [162, 165], "uv_size": [1, 1]},
								"up": {"uv": [154, 104], "uv_size": [2, 1]},
								"down": {"uv": [154, 106], "uv_size": [2, -1]}
							}
						},
						{
							"origin": [-0.98, 12.85, 32.45],
							"size": [1.9, 0.6, 0.5],
							"uv": {
								"north": {"uv": [97, 154], "uv_size": [2, 1]},
								"east": {"uv": [165, 159], "uv_size": [1, 1]},
								"south": {"uv": [154, 97], "uv_size": [2, 1]},
								"west": {"uv": [160, 165], "uv_size": [1, 1]},
								"up": {"uv": [154, 98], "uv_size": [2, 1]},
								"down": {"uv": [99, 155], "uv_size": [2, -1]}
							}
						},
						{
							"origin": [-0.98, 13.45, 31.85],
							"size": [1.9, 1.2, 1.1],
							"uv": {
								"north": {"uv": [154, 90], "uv_size": [2, 1]},
								"east": {"uv": [165, 157], "uv_size": [1, 1]},
								"south": {"uv": [91, 154], "uv_size": [2, 1]},
								"west": {"uv": [158, 165], "uv_size": [1, 1]},
								"up": {"uv": [154, 91], "uv_size": [2, 1]},
								"down": {"uv": [154, 93], "uv_size": [2, -1]}
							}
						},
						{
							"origin": [-0.98, 14.65, 30.75],
							"size": [1.9, 2.2, 2.2],
							"uv": {
								"north": {"uv": [23, 143], "uv_size": [2, 2]},
								"east": {"uv": [143, 23], "uv_size": [2, 2]},
								"south": {"uv": [25, 143], "uv_size": [2, 2]},
								"west": {"uv": [27, 143], "uv_size": [2, 2]},
								"up": {"uv": [29, 143], "uv_size": [2, 2]},
								"down": {"uv": [31, 145], "uv_size": [2, -2]}
							}
						},
						{
							"origin": [-1.28, 20.35, 21.05],
							"size": [2.5, 3.8, 8.4],
							"pivot": [1.02, 20.15, 21.05],
							"rotation": [-25, 0, 0],
							"uv": {
								"north": {"uv": [124, 109], "uv_size": [3, 4]},
								"east": {"uv": [100, 55], "uv_size": [8, 4]},
								"south": {"uv": [124, 113], "uv_size": [3, 4]},
								"west": {"uv": [81, 100], "uv_size": [8, 4]},
								"up": {"uv": [104, 35], "uv_size": [3, 8]},
								"down": {"uv": [65, 112], "uv_size": [3, -8]}
							}
						},
						{
							"origin": [-0.98, 16.75, 28.25],
							"size": [1.9, 0.2, 6.9],
							"pivot": [1.02, 16.65, 28.65],
							"rotation": [-47, 0, 0],
							"uv": {
								"north": {"uv": [154, 81], "uv_size": [2, 1]},
								"east": {"uv": [130, 84], "uv_size": [7, 1]},
								"south": {"uv": [82, 154], "uv_size": [2, 1]},
								"west": {"uv": [130, 85], "uv_size": [7, 1]},
								"up": {"uv": [98, 123], "uv_size": [2, 7]},
								"down": {"uv": [100, 130], "uv_size": [2, -7]}
							}
						},
						{
							"origin": [-0.98, 16.95, 33.25],
							"size": [1.9, 0.7, 0.7],
							"pivot": [1.02, 16.65, 28.65],
							"rotation": [-47, 0, 0],
							"uv": {
								"north": {"uv": [93, 154], "uv_size": [2, 1]},
								"east": {"uv": [165, 158], "uv_size": [1, 1]},
								"south": {"uv": [154, 94], "uv_size": [2, 1]},
								"west": {"uv": [159, 165], "uv_size": [1, 1]},
								"up": {"uv": [154, 95], "uv_size": [2, 1]},
								"down": {"uv": [154, 97], "uv_size": [2, -1]}
							}
						},
						{
							"origin": [-0.98, 16.95, 31.65],
							"size": [1.9, 1.5, 1.4],
							"pivot": [1.02, 16.65, 28.65],
							"rotation": [-47, 0, 0],
							"uv": {
								"north": {"uv": [143, 32], "uv_size": [2, 2]},
								"east": {"uv": [154, 84], "uv_size": [1, 2]},
								"south": {"uv": [33, 143], "uv_size": [2, 2]},
								"west": {"uv": [154, 86], "uv_size": [1, 2]},
								"up": {"uv": [154, 88], "uv_size": [2, 1]},
								"down": {"uv": [154, 90], "uv_size": [2, -1]}
							}
						},
						{
							"origin": [-0.98, 16.95, 28.25],
							"size": [1.9, 3.1, 3.2],
							"pivot": [1.02, 16.65, 28.65],
							"rotation": [-47, 0, 0],
							"uv": {
								"north": {"uv": [132, 129], "uv_size": [2, 3]},
								"east": {"uv": [53, 127], "uv_size": [3, 3]},
								"south": {"uv": [132, 132], "uv_size": [2, 3]},
								"west": {"uv": [56, 127], "uv_size": [3, 3]},
								"up": {"uv": [133, 0], "uv_size": [2, 3]},
								"down": {"uv": [133, 6], "uv_size": [2, -3]}
							}
						},
						{
							"origin": [-3.02, 21.75, 12.15],
							"size": [1, 2, 21],
							"pivot": [-2.02, 23.75, 12.15],
							"rotation": [0, 0, -94],
							"uv": {
								"north": {"uv": [149, 137], "uv_size": [1, 2]},
								"east": {"uv": [71, 24], "uv_size": [21, 2]},
								"south": {"uv": [149, 139], "uv_size": [1, 2]},
								"west": {"uv": [71, 26], "uv_size": [21, 2]},
								"up": {"uv": [92, 105], "uv_size": [1, 21]},
								"down": {"uv": [93, 126], "uv_size": [1, -21]}
							}
						},
						{
							"origin": [-3.02, 21.65, 33.15],
							"size": [1.02, 2.2, 0.9],
							"pivot": [-2.02, 23.75, 12.35],
							"rotation": [0, 0, -94],
							"uv": {
								"north": {"uv": [51, 154], "uv_size": [1, 2]},
								"east": {"uv": [154, 51], "uv_size": [1, 2]},
								"south": {"uv": [52, 154], "uv_size": [1, 2]},
								"west": {"uv": [53, 154], "uv_size": [1, 2]},
								"up": {"uv": [165, 155], "uv_size": [1, 1]},
								"down": {"uv": [156, 166], "uv_size": [1, -1]}
							}
						},
						{
							"origin": [-3.85, 23.75, 12.15],
							"size": [2, 2, 21],
							"inflate": 0.001,
							"pivot": [-1.85, 25.75, 12.15],
							"rotation": [0, 0, -85],
							"uv": {
								"north": {"uv": [138, 137], "uv_size": [2, 2]},
								"east": {"uv": [69, 4], "uv_size": [21, 2]},
								"south": {"uv": [139, 2], "uv_size": [2, 2]},
								"west": {"uv": [61, 69], "uv_size": [21, 2]},
								"up": {"uv": [0, 70], "uv_size": [2, 21]},
								"down": {"uv": [2, 91], "uv_size": [2, -21]}
							}
						},
						{
							"origin": [-3.85, 23.75, 33.15],
							"size": [2.05, 2.1, 0.9],
							"inflate": 0.001,
							"pivot": [-1.85, 25.75, 12.15],
							"rotation": [0, 0, -85],
							"uv": {
								"north": {"uv": [123, 142], "uv_size": [2, 2]},
								"east": {"uv": [154, 53], "uv_size": [1, 2]},
								"south": {"uv": [142, 124], "uv_size": [2, 2]},
								"west": {"uv": [54, 154], "uv_size": [1, 2]},
								"up": {"uv": [154, 55], "uv_size": [2, 1]},
								"down": {"uv": [154, 57], "uv_size": [2, -1]}
							}
						},
						{
							"origin": [-2, 24.5, 12.15],
							"size": [2, 2, 21],
							"inflate": -0.001,
							"pivot": [0, 26.5, 12.15],
							"rotation": [0, 0, -22],
							"uv": {
								"north": {"uv": [133, 138], "uv_size": [2, 2]},
								"east": {"uv": [66, 63], "uv_size": [21, 2]},
								"south": {"uv": [138, 133], "uv_size": [2, 2]},
								"west": {"uv": [55, 67], "uv_size": [21, 2]},
								"up": {"uv": [69, 24], "uv_size": [2, 21]},
								"down": {"uv": [55, 90], "uv_size": [2, -21]}
							}
						},
						{
							"origin": [0.1, 22, 12.15],
							"size": [2, 2, 21],
							"pivot": [0.1, 22, 12.15],
							"rotation": [0, 0, -22],
							"uv": {
								"north": {"uv": [10, 143], "uv_size": [2, 2]},
								"east": {"uv": [71, 36], "uv_size": [21, 2]},
								"south": {"uv": [143, 10], "uv_size": [2, 2]},
								"west": {"uv": [71, 38], "uv_size": [21, 2]},
								"up": {"uv": [71, 71], "uv_size": [2, 21]},
								"down": {"uv": [73, 92], "uv_size": [2, -21]}
							}
						},
						{
							"origin": [-2.1, 22, 12.15],
							"size": [2, 2, 21],
							"inflate": -0.001,
							"pivot": [-0.1, 22, 12.15],
							"rotation": [0, 0, 22],
							"uv": {
								"north": {"uv": [8, 143], "uv_size": [2, 2]},
								"east": {"uv": [71, 32], "uv_size": [21, 2]},
								"south": {"uv": [143, 8], "uv_size": [2, 2]},
								"west": {"uv": [71, 34], "uv_size": [21, 2]},
								"up": {"uv": [67, 71], "uv_size": [2, 21]},
								"down": {"uv": [69, 92], "uv_size": [2, -21]}
							}
						},
						{
							"origin": [-2.06, 24.5, 33.15],
							"size": [2.1, 2.1, 0.9],
							"inflate": -0.001,
							"pivot": [0, 26.5, 12.15],
							"rotation": [0, 0, -22],
							"uv": {
								"north": {"uv": [125, 142], "uv_size": [2, 2]},
								"east": {"uv": [154, 57], "uv_size": [1, 2]},
								"south": {"uv": [142, 141], "uv_size": [2, 2]},
								"west": {"uv": [58, 154], "uv_size": [1, 2]},
								"up": {"uv": [59, 154], "uv_size": [2, 1]},
								"down": {"uv": [154, 60], "uv_size": [2, -1]}
							}
						},
						{
							"origin": [2, 21.75, 33.15],
							"size": [1.02, 2.1, 0.9],
							"pivot": [2.02, 23.75, 12.35],
							"rotation": [0, 0, 94],
							"uv": {
								"north": {"uv": [154, 67], "uv_size": [1, 2]},
								"east": {"uv": [154, 69], "uv_size": [1, 2]},
								"south": {"uv": [71, 154], "uv_size": [1, 2]},
								"west": {"uv": [154, 71], "uv_size": [1, 2]},
								"up": {"uv": [165, 156], "uv_size": [1, 1]},
								"down": {"uv": [157, 166], "uv_size": [1, -1]}
							}
						},
						{
							"origin": [1.8, 23.65, 33.15],
							"size": [2.05, 2.2, 0.9],
							"inflate": 0.001,
							"pivot": [1.85, 25.75, 12.15],
							"rotation": [0, 0, 85],
							"uv": {
								"north": {"uv": [4, 143], "uv_size": [2, 2]},
								"east": {"uv": [62, 154], "uv_size": [1, 2]},
								"south": {"uv": [6, 143], "uv_size": [2, 2]},
								"west": {"uv": [154, 64], "uv_size": [1, 2]},
								"up": {"uv": [65, 154], "uv_size": [2, 1]},
								"down": {"uv": [154, 67], "uv_size": [2, -1]}
							}
						},
						{
							"origin": [-0.04, 24.5, 33.15],
							"size": [2.1, 2.1, 0.9],
							"inflate": -0.001,
							"pivot": [0, 26.5, 12.15],
							"rotation": [0, 0, 22],
							"uv": {
								"north": {"uv": [0, 143], "uv_size": [2, 2]},
								"east": {"uv": [154, 60], "uv_size": [1, 2]},
								"south": {"uv": [143, 0], "uv_size": [2, 2]},
								"west": {"uv": [61, 154], "uv_size": [1, 2]},
								"up": {"uv": [154, 62], "uv_size": [2, 1]},
								"down": {"uv": [154, 64], "uv_size": [2, -1]}
							}
						},
						{
							"origin": [-0.04, 21.9, 33.15],
							"size": [2.2, 2.1, 0.2],
							"inflate": -0.001,
							"pivot": [0, 22, 12.15],
							"rotation": [0, 0, -22],
							"uv": {
								"north": {"uv": [143, 16], "uv_size": [2, 2]},
								"east": {"uv": [154, 76], "uv_size": [1, 2]},
								"south": {"uv": [21, 143], "uv_size": [2, 2]},
								"west": {"uv": [154, 78], "uv_size": [1, 2]},
								"up": {"uv": [80, 154], "uv_size": [2, 1]},
								"down": {"uv": [154, 81], "uv_size": [2, -1]}
							}
						},
						{
							"origin": [-2.16, 21.9, 33.15],
							"size": [2.2, 2.1, 0.2],
							"inflate": -0.001,
							"pivot": [0, 22, 12.15],
							"rotation": [0, 0, 22],
							"uv": {
								"north": {"uv": [12, 143], "uv_size": [2, 2]},
								"east": {"uv": [72, 154], "uv_size": [1, 2]},
								"south": {"uv": [143, 12], "uv_size": [2, 2]},
								"west": {"uv": [154, 73], "uv_size": [1, 2]},
								"up": {"uv": [75, 154], "uv_size": [2, 1]},
								"down": {"uv": [154, 76], "uv_size": [2, -1]}
							}
						},
						{
							"origin": [-0.7, 23.65, 6],
							"size": [2, 2, 6],
							"inflate": 0.2,
							"pivot": [-0.7, 25.65, 8],
							"rotation": [0, 0, 16],
							"uv": {
								"north": {"uv": [131, 138], "uv_size": [2, 2]},
								"east": {"uv": [85, 40], "uv_size": [6, 2]},
								"south": {"uv": [138, 131], "uv_size": [2, 2]},
								"west": {"uv": [119, 14], "uv_size": [6, 2]},
								"up": {"uv": [124, 4], "uv_size": [2, 6]},
								"down": {"uv": [124, 29], "uv_size": [2, -6]}
							}
						}
					]
				},
				{
					"name": "bone14",
					"parent": "stock",
					"pivot": [-1.78, 19.15, 20.15],
					"rotation": [-27, 0, 0],
					"cubes": [
						{
							"origin": [-1.78, 19.15, 19.65],
							"size": [0.2, 2.1, 5.7],
							"uv": {
								"north": {"uv": [111, 154], "uv_size": [1, 2]},
								"east": {"uv": [125, 76], "uv_size": [6, 2]},
								"south": {"uv": [154, 111], "uv_size": [1, 2]},
								"west": {"uv": [125, 78], "uv_size": [6, 2]},
								"up": {"uv": [3, 134], "uv_size": [1, 6]},
								"down": {"uv": [4, 140], "uv_size": [1, -6]}
							}
						},
						{
							"origin": [1.52, 19.15, 19.65],
							"size": [0.2, 2.1, 5.7],
							"uv": {
								"north": {"uv": [154, 109], "uv_size": [1, 2]},
								"east": {"uv": [125, 72], "uv_size": [6, 2]},
								"south": {"uv": [110, 154], "uv_size": [1, 2]},
								"west": {"uv": [125, 74], "uv_size": [6, 2]},
								"up": {"uv": [129, 133], "uv_size": [1, 6]},
								"down": {"uv": [130, 139], "uv_size": [1, -6]}
							}
						},
						{
							"origin": [-1.58, 19.15, 19.65],
							"size": [3.1, 0.3, 5.7],
							"uv": {
								"north": {"uv": [146, 136], "uv_size": [3, 1]},
								"east": {"uv": [131, 98], "uv_size": [6, 1]},
								"south": {"uv": [137, 146], "uv_size": [3, 1]},
								"west": {"uv": [131, 121], "uv_size": [6, 1]},
								"up": {"uv": [114, 114], "uv_size": [3, 6]},
								"down": {"uv": [115, 10], "uv_size": [3, -6]}
							}
						}
					]
				},
				{
					"name": "bone15",
					"parent": "stock",
					"pivot": [-1.78, 16.85, 24.85],
					"rotation": [-69, 0, 0],
					"cubes": [
						{
							"origin": [-1.78, 16.76556, 24.31809],
							"size": [0.2, 0.4, 1.8],
							"uv": {
								"north": {"uv": [165, 162], "uv_size": [1, 1]},
								"east": {"uv": [112, 154], "uv_size": [2, 1]},
								"south": {"uv": [163, 165], "uv_size": [1, 1]},
								"west": {"uv": [154, 113], "uv_size": [2, 1]},
								"up": {"uv": [114, 154], "uv_size": [1, 2]},
								"down": {"uv": [154, 116], "uv_size": [1, -2]}
							}
						},
						{
							"origin": [1.52, 16.76556, 24.31809],
							"size": [0.2, 0.4, 1.8],
							"uv": {
								"north": {"uv": [165, 163], "uv_size": [1, 1]},
								"east": {"uv": [154, 116], "uv_size": [2, 1]},
								"south": {"uv": [164, 165], "uv_size": [1, 1]},
								"west": {"uv": [117, 154], "uv_size": [2, 1]},
								"up": {"uv": [115, 154], "uv_size": [1, 2]},
								"down": {"uv": [154, 119], "uv_size": [1, -2]}
							}
						},
						{
							"origin": [-1.78, 16.76556, 23.21809],
							"size": [0.2, 0.4, 2.9],
							"pivot": [-1.78, 17.16556, 26.11809],
							"rotation": [-24, 0, 0],
							"uv": {
								"north": {"uv": [0, 166], "uv_size": [1, 1]},
								"east": {"uv": [7, 147], "uv_size": [3, 1]},
								"south": {"uv": [166, 0], "uv_size": [1, 1]},
								"west": {"uv": [10, 147], "uv_size": [3, 1]},
								"up": {"uv": [3, 147], "uv_size": [1, 3]},
								"down": {"uv": [4, 150], "uv_size": [1, -3]}
							}
						},
						{
							"origin": [1.52, 16.76556, 23.21809],
							"size": [0.2, 0.4, 2.9],
							"pivot": [-1.78, 17.16556, 26.11809],
							"rotation": [-24, 0, 0],
							"uv": {
								"north": {"uv": [165, 164], "uv_size": [1, 1]},
								"east": {"uv": [140, 146], "uv_size": [3, 1]},
								"south": {"uv": [165, 165], "uv_size": [1, 1]},
								"west": {"uv": [143, 146], "uv_size": [3, 1]},
								"up": {"uv": [146, 145], "uv_size": [1, 3]},
								"down": {"uv": [2, 150], "uv_size": [1, -3]}
							}
						},
						{
							"origin": [-1.78, 16.46556, 24.01809],
							"size": [0.2, 0.3, 1.3],
							"pivot": [-1.78, 17.16556, 26.11809],
							"rotation": [-24, 0, 0],
							"uv": {
								"north": {"uv": [4, 166], "uv_size": [1, 1]},
								"east": {"uv": [166, 4], "uv_size": [1, 1]},
								"south": {"uv": [5, 166], "uv_size": [1, 1]},
								"west": {"uv": [166, 5], "uv_size": [1, 1]},
								"up": {"uv": [6, 166], "uv_size": [1, 1]},
								"down": {"uv": [166, 7], "uv_size": [1, -1]}
							}
						},
						{
							"origin": [1.52, 16.46556, 24.01809],
							"size": [0.2, 0.3, 1.3],
							"pivot": [-1.78, 17.16556, 26.11809],
							"rotation": [-24, 0, 0],
							"uv": {
								"north": {"uv": [1, 166], "uv_size": [1, 1]},
								"east": {"uv": [166, 1], "uv_size": [1, 1]},
								"south": {"uv": [2, 166], "uv_size": [1, 1]},
								"west": {"uv": [166, 2], "uv_size": [1, 1]},
								"up": {"uv": [3, 166], "uv_size": [1, 1]},
								"down": {"uv": [166, 4], "uv_size": [1, -1]}
							}
						},
						{
							"origin": [-1.58, 16.76556, 24.31809],
							"size": [3.1, 0.3, 1.8],
							"uv": {
								"north": {"uv": [146, 137], "uv_size": [3, 1]},
								"east": {"uv": [119, 154], "uv_size": [2, 1]},
								"south": {"uv": [146, 138], "uv_size": [3, 1]},
								"west": {"uv": [154, 119], "uv_size": [2, 1]},
								"up": {"uv": [133, 76], "uv_size": [3, 2]},
								"down": {"uv": [133, 94], "uv_size": [3, -2]}
							}
						}
					]
				},
				{
					"name": "_ca_stock",
					"parent": "main",
					"pivot": [-0.2, 21.85, -1.425],
					"cubes": [
						{
							"origin": [-0.45, 23.95, 5.975],
							"size": [1, 1, 1],
							"uv": {
								"north": {"uv": [38, 187], "uv_size": [3, 5]},
								"east": {"uv": [38, 187], "uv_size": [3, 5]},
								"south": {"uv": [38, 187], "uv_size": [3, 5]},
								"west": {"uv": [38, 187], "uv_size": [3, 5]},
								"up": {"uv": [41, 192], "uv_size": [-3, -5]},
								"down": {"uv": [41, 192], "uv_size": [-3, -5]}
							}
						}
					]
				}
			]
		}
	]
}