{
	"format_version": "1.12.0",
	"minecraft:geometry": [
		{
			"description": {
				"identifier": "geometry.unknown",
				"texture_width": 256,
				"texture_height": 256,
				"visible_bounds_width": 9,
				"visible_bounds_height": 4,
				"visible_bounds_offset": [0, 1, 0]
			},
			"bones": [
				{
					"name": "main",
					"pivot": [0, 20, 0]
				},
				{
					"name": "stock",
					"parent": "main",
					"pivot": [0.65, 19.4, 32.2],
					"cubes": [
						{
							"origin": [-0.8, 24.55, 9.3],
							"size": [2, 2.1, 9.6],
							"inflate": 0.2,
							"pivot": [-0.7, 26.55, 10.4],
							"rotation": [0, 0, 16],
							"uv": {
								"north": {"uv": [24, 149], "uv_size": [2, 2]},
								"east": {"uv": [88, 6], "uv_size": [10, 2]},
								"south": {"uv": [149, 32], "uv_size": [2, 2]},
								"west": {"uv": [110, 96], "uv_size": [10, 2]},
								"up": {"uv": [68, 112], "uv_size": [2, 10]},
								"down": {"uv": [116, 69], "uv_size": [2, -10]}
							}
						},
						{
							"origin": [-2.06, 24.57, 14.965],
							"size": [2.91, 3.13, 20.39],
							"inflate": -0.3,
							"pivot": [-0.22, 26.63, -3.875],
							"rotation": [0, 0, -36],
							"uv": {
								"north": {"uv": [131, 62], "uv_size": [3, 3]},
								"east": {"uv": [69, 12], "uv_size": [20, 3]},
								"south": {"uv": [131, 65], "uv_size": [3, 3]},
								"west": {"uv": [70, 15], "uv_size": [20, 3]},
								"up": {"uv": [44, 74], "uv_size": [3, 20]},
								"down": {"uv": [47, 94], "uv_size": [3, -20]}
							}
						},
						{
							"origin": [-1.07, 24.13, 14.91],
							"size": [3.02, 3.02, 20.5],
							"inflate": -0.3,
							"pivot": [0.99, 26.08, -3.875],
							"rotation": [0, 0, 36],
							"uv": {
								"north": {"uv": [131, 79], "uv_size": [3, 3]},
								"east": {"uv": [70, 18], "uv_size": [20, 3]},
								"south": {"uv": [132, 29], "uv_size": [3, 3]},
								"west": {"uv": [75, 21], "uv_size": [20, 3]},
								"up": {"uv": [50, 74], "uv_size": [3, 20]},
								"down": {"uv": [34, 97], "uv_size": [3, -20]}
							}
						},
						{
							"origin": [-2.28, 24.57, 14.91],
							"size": [4.56, 2.03, 20.5],
							"inflate": -0.3,
							"uv": {
								"north": {"uv": [70, 21], "uv_size": [5, 2]},
								"east": {"uv": [77, 52], "uv_size": [20, 2]},
								"south": {"uv": [90, 19], "uv_size": [5, 2]},
								"west": {"uv": [77, 54], "uv_size": [20, 2]},
								"up": {"uv": [40, 0], "uv_size": [5, 20]},
								"down": {"uv": [40, 40], "uv_size": [5, -20]}
							}
						},
						{
							"origin": [-1.07, 23.58, 14.91],
							"size": [3.02, 2.03, 20.5],
							"inflate": -0.3,
							"pivot": [0.99, 24.54, -3.875],
							"rotation": [0, 0, 36],
							"uv": {
								"north": {"uv": [137, 80], "uv_size": [3, 2]},
								"east": {"uv": [83, 8], "uv_size": [20, 2]},
								"south": {"uv": [138, 29], "uv_size": [3, 2]},
								"west": {"uv": [83, 10], "uv_size": [20, 2]},
								"up": {"uv": [37, 77], "uv_size": [3, 20]},
								"down": {"uv": [78, 79], "uv_size": [3, -20]}
							}
						},
						{
							"origin": [-2.72, 23.91, 14.965],
							"size": [2.91, 2.14, 20.39],
							"inflate": -0.3,
							"pivot": [-0.88, 25.97, -3.875],
							"rotation": [0, 0, -36],
							"uv": {
								"north": {"uv": [138, 36], "uv_size": [3, 2]},
								"east": {"uv": [85, 40], "uv_size": [20, 2]},
								"south": {"uv": [138, 126], "uv_size": [3, 2]},
								"west": {"uv": [85, 42], "uv_size": [20, 2]},
								"up": {"uv": [53, 79], "uv_size": [3, 20]},
								"down": {"uv": [56, 99], "uv_size": [3, -20]}
							}
						},
						{
							"origin": [-1.32, 23.66, 15.23],
							"size": [2.64, 2.86, 19.88],
							"uv": {
								"north": {"uv": [132, 36], "uv_size": [3, 3]},
								"east": {"uv": [75, 24], "uv_size": [20, 3]},
								"south": {"uv": [132, 39], "uv_size": [3, 3]},
								"west": {"uv": [75, 27], "uv_size": [20, 3]},
								"up": {"uv": [59, 79], "uv_size": [3, 20]},
								"down": {"uv": [78, 99], "uv_size": [3, -20]}
							}
						},
						{
							"origin": [-1.32, 14.66, 31.43],
							"size": [2.64, 1.36, 3.68],
							"uv": {
								"north": {"uv": [154, 87], "uv_size": [3, 1]},
								"east": {"uv": [149, 10], "uv_size": [4, 1]},
								"south": {"uv": [154, 88], "uv_size": [3, 1]},
								"west": {"uv": [38, 149], "uv_size": [4, 1]},
								"up": {"uv": [129, 36], "uv_size": [3, 4]},
								"down": {"uv": [129, 44], "uv_size": [3, -4]}
							}
						},
						{
							"origin": [-1.32, 15.96, 33.73],
							"size": [2.64, 7.76, 1.38],
							"uv": {
								"north": {"uv": [110, 88], "uv_size": [3, 8]},
								"east": {"uv": [89, 134], "uv_size": [1, 8]},
								"south": {"uv": [92, 110], "uv_size": [3, 8]},
								"west": {"uv": [90, 134], "uv_size": [1, 8]},
								"up": {"uv": [89, 154], "uv_size": [3, 1]},
								"down": {"uv": [154, 90], "uv_size": [3, -1]}
							}
						},
						{
							"origin": [-0.72, 15.96, 32.73],
							"size": [1.44, 7.76, 0.98],
							"uv": {
								"north": {"uv": [91, 134], "uv_size": [1, 8]},
								"east": {"uv": [104, 134], "uv_size": [1, 8]},
								"south": {"uv": [105, 134], "uv_size": [1, 8]},
								"west": {"uv": [106, 134], "uv_size": [1, 8]},
								"up": {"uv": [179, 8], "uv_size": [1, 1]},
								"down": {"uv": [9, 180], "uv_size": [1, -1]}
							}
						},
						{
							"origin": [-0.72, 17.66, 30.13],
							"size": [1.44, 6.06, 1.48],
							"uv": {
								"north": {"uv": [83, 138], "uv_size": [1, 6]},
								"east": {"uv": [138, 128], "uv_size": [1, 6]},
								"south": {"uv": [130, 138], "uv_size": [1, 6]},
								"west": {"uv": [131, 138], "uv_size": [1, 6]},
								"up": {"uv": [179, 9], "uv_size": [1, 1]},
								"down": {"uv": [10, 180], "uv_size": [1, -1]}
							}
						},
						{
							"origin": [-0.72, 20.36, 16.83],
							"size": [1.44, 3.36, 13.28],
							"uv": {
								"north": {"uv": [85, 154], "uv_size": [1, 3]},
								"east": {"uv": [88, 0], "uv_size": [13, 3]},
								"south": {"uv": [86, 154], "uv_size": [1, 3]},
								"west": {"uv": [88, 3], "uv_size": [13, 3]},
								"up": {"uv": [75, 126], "uv_size": [1, 13]},
								"down": {"uv": [76, 139], "uv_size": [1, -13]}
							}
						},
						{
							"origin": [-0.72, 23.26, 16.71],
							"size": [1.44, 0.46, 0.2],
							"uv": {
								"north": {"uv": [179, 10], "uv_size": [1, 1]},
								"east": {"uv": [11, 179], "uv_size": [1, 1]},
								"south": {"uv": [179, 11], "uv_size": [1, 1]},
								"west": {"uv": [12, 179], "uv_size": [1, 1]},
								"up": {"uv": [179, 12], "uv_size": [1, 1]},
								"down": {"uv": [13, 180], "uv_size": [1, -1]}
							}
						},
						{
							"origin": [-0.72, 22.66, 31.53],
							"size": [1.44, 1.06, 1.28],
							"uv": {
								"north": {"uv": [179, 13], "uv_size": [1, 1]},
								"east": {"uv": [14, 179], "uv_size": [1, 1]},
								"south": {"uv": [179, 14], "uv_size": [1, 1]},
								"west": {"uv": [15, 179], "uv_size": [1, 1]},
								"up": {"uv": [179, 15], "uv_size": [1, 1]},
								"down": {"uv": [16, 180], "uv_size": [1, -1]}
							}
						},
						{
							"origin": [-0.72, 15.96, 31.53],
							"size": [1.44, 2.56, 1.28],
							"uv": {
								"north": {"uv": [92, 154], "uv_size": [1, 3]},
								"east": {"uv": [97, 154], "uv_size": [1, 3]},
								"south": {"uv": [102, 154], "uv_size": [1, 3]},
								"west": {"uv": [103, 154], "uv_size": [1, 3]},
								"up": {"uv": [179, 16], "uv_size": [1, 1]},
								"down": {"uv": [17, 180], "uv_size": [1, -1]}
							}
						},
						{
							"origin": [-0.72, 18.26, 32.53],
							"size": [1.44, 0.56, 0.28],
							"pivot": [0.715, 18.56, 32.73],
							"rotation": [-45, 0, 0],
							"uv": {
								"north": {"uv": [179, 17], "uv_size": [1, 1]},
								"east": {"uv": [18, 179], "uv_size": [1, 1]},
								"south": {"uv": [179, 18], "uv_size": [1, 1]},
								"west": {"uv": [19, 179], "uv_size": [1, 1]},
								"up": {"uv": [179, 19], "uv_size": [1, 1]},
								"down": {"uv": [20, 180], "uv_size": [1, -1]}
							}
						},
						{
							"origin": [-0.72, 22.26, 31.53],
							"size": [1.44, 0.56, 0.28],
							"pivot": [0.715, 22.56, 31.73],
							"rotation": [-45, 0, 0],
							"uv": {
								"north": {"uv": [179, 20], "uv_size": [1, 1]},
								"east": {"uv": [21, 179], "uv_size": [1, 1]},
								"south": {"uv": [179, 21], "uv_size": [1, 1]},
								"west": {"uv": [22, 179], "uv_size": [1, 1]},
								"up": {"uv": [179, 22], "uv_size": [1, 1]},
								"down": {"uv": [23, 180], "uv_size": [1, -1]}
							}
						},
						{
							"origin": [-0.72, 22.26, 32.43],
							"size": [1.44, 0.26, 0.58],
							"pivot": [0.715, 22.56, 32.93],
							"rotation": [-45, 0, 0],
							"uv": {
								"north": {"uv": [179, 23], "uv_size": [1, 1]},
								"east": {"uv": [24, 179], "uv_size": [1, 1]},
								"south": {"uv": [179, 24], "uv_size": [1, 1]},
								"west": {"uv": [25, 179], "uv_size": [1, 1]},
								"up": {"uv": [179, 25], "uv_size": [1, 1]},
								"down": {"uv": [26, 180], "uv_size": [1, -1]}
							}
						},
						{
							"origin": [-0.72, 18.26, 31.43],
							"size": [1.44, 0.26, 0.58],
							"pivot": [0.715, 18.56, 31.93],
							"rotation": [-45, 0, 0],
							"uv": {
								"north": {"uv": [179, 26], "uv_size": [1, 1]},
								"east": {"uv": [27, 179], "uv_size": [1, 1]},
								"south": {"uv": [179, 27], "uv_size": [1, 1]},
								"west": {"uv": [28, 179], "uv_size": [1, 1]},
								"up": {"uv": [179, 28], "uv_size": [1, 1]},
								"down": {"uv": [29, 180], "uv_size": [1, -1]}
							}
						},
						{
							"origin": [-1.32, 20.06, 15.23],
							"size": [2.64, 3.56, 1.38],
							"pivot": [1.315, 23.66, 15.23],
							"rotation": [24.62147, 0, 0],
							"uv": {
								"north": {"uv": [129, 44], "uv_size": [3, 4]},
								"east": {"uv": [26, 149], "uv_size": [1, 4]},
								"south": {"uv": [129, 48], "uv_size": [3, 4]},
								"west": {"uv": [149, 44], "uv_size": [1, 4]},
								"up": {"uv": [154, 95], "uv_size": [3, 1]},
								"down": {"uv": [154, 100], "uv_size": [3, -1]}
							}
						},
						{
							"origin": [-1.32, 14.16, 28.93],
							"size": [2.64, 5.96, 1.38],
							"pivot": [1.315, 20.16, 28.93],
							"rotation": [24.62147, 0, 0],
							"uv": {
								"north": {"uv": [91, 30], "uv_size": [3, 6]},
								"east": {"uv": [138, 134], "uv_size": [1, 6]},
								"south": {"uv": [115, 50], "uv_size": [3, 6]},
								"west": {"uv": [136, 138], "uv_size": [1, 6]},
								"up": {"uv": [154, 100], "uv_size": [3, 1]},
								"down": {"uv": [154, 107], "uv_size": [3, -1]}
							}
						},
						{
							"origin": [-1.32, 6.96, 16.73],
							"size": [2.64, 13.36, 1.38],
							"pivot": [1.315, 20.36, 16.73],
							"rotation": [85.62147, 0, 0],
							"uv": {
								"north": {"uv": [92, 72], "uv_size": [3, 13]},
								"east": {"uv": [77, 126], "uv_size": [1, 13]},
								"south": {"uv": [92, 85], "uv_size": [3, 13]},
								"west": {"uv": [78, 126], "uv_size": [1, 13]},
								"up": {"uv": [108, 154], "uv_size": [3, 1]},
								"down": {"uv": [111, 155], "uv_size": [3, -1]}
							}
						},
						{
							"origin": [-1.32, 21.36, 20.53],
							"size": [2.64, 2.26, 0.38],
							"uv": {
								"north": {"uv": [139, 3], "uv_size": [3, 2]},
								"east": {"uv": [13, 163], "uv_size": [1, 2]},
								"south": {"uv": [139, 5], "uv_size": [3, 2]},
								"west": {"uv": [48, 163], "uv_size": [1, 2]},
								"up": {"uv": [154, 112], "uv_size": [3, 1]},
								"down": {"uv": [154, 114], "uv_size": [3, -1]}
							}
						},
						{
							"origin": [-1.32, 21.36, 19.53],
							"size": [2.64, 2.26, 0.38],
							"uv": {
								"north": {"uv": [7, 139], "uv_size": [3, 2]},
								"east": {"uv": [49, 163], "uv_size": [1, 2]},
								"south": {"uv": [139, 7], "uv_size": [3, 2]},
								"west": {"uv": [163, 49], "uv_size": [1, 2]},
								"up": {"uv": [114, 154], "uv_size": [3, 1]},
								"down": {"uv": [154, 115], "uv_size": [3, -1]}
							}
						},
						{
							"origin": [-1.12, 21.36, 19.83],
							"size": [2.24, 2.26, 0.88],
							"uv": {
								"north": {"uv": [52, 149], "uv_size": [2, 2]},
								"east": {"uv": [50, 163], "uv_size": [1, 2]},
								"south": {"uv": [54, 149], "uv_size": [2, 2]},
								"west": {"uv": [51, 163], "uv_size": [1, 2]},
								"up": {"uv": [163, 51], "uv_size": [2, 1]},
								"down": {"uv": [52, 164], "uv_size": [2, -1]}
							}
						},
						{
							"origin": [-1.52, 13.06, 16.93],
							"size": [3.04, 4.36, 0.98],
							"pivot": [1.315, 22.46, 16.73],
							"rotation": [85.62147, 0, 0],
							"uv": {
								"north": {"uv": [129, 52], "uv_size": [3, 4]},
								"east": {"uv": [59, 149], "uv_size": [1, 4]},
								"south": {"uv": [129, 56], "uv_size": [3, 4]},
								"west": {"uv": [149, 63], "uv_size": [1, 4]},
								"up": {"uv": [154, 115], "uv_size": [3, 1]},
								"down": {"uv": [154, 121], "uv_size": [3, -1]}
							}
						},
						{
							"origin": [-1.52, 13.62, 13.43],
							"size": [3.04, 1.7, 0.35],
							"pivot": [1.315, 22.96, 12.53],
							"rotation": [85.62147, 0, 0],
							"uv": {
								"north": {"uv": [139, 9], "uv_size": [3, 2]},
								"east": {"uv": [163, 53], "uv_size": [1, 2]},
								"south": {"uv": [139, 11], "uv_size": [3, 2]},
								"west": {"uv": [55, 163], "uv_size": [1, 2]},
								"up": {"uv": [154, 121], "uv_size": [3, 1]},
								"down": {"uv": [122, 155], "uv_size": [3, -1]}
							}
						},
						{
							"origin": [-1.52, 22.09468, 25.72145],
							"size": [3.04, 0.8, 0.38],
							"pivot": [1.315, 22.96, 26.13],
							"rotation": [66.62147, 0, 0],
							"uv": {
								"north": {"uv": [154, 124], "uv_size": [3, 1]},
								"east": {"uv": [179, 29], "uv_size": [1, 1]},
								"south": {"uv": [154, 129], "uv_size": [3, 1]},
								"west": {"uv": [30, 179], "uv_size": [1, 1]},
								"up": {"uv": [154, 131], "uv_size": [3, 1]},
								"down": {"uv": [154, 133], "uv_size": [3, -1]}
							}
						},
						{
							"origin": [-1.52, 23.89468, 22.62145],
							"size": [3.04, 0.8, 0.28],
							"pivot": [1.315, 23.36, 23.33],
							"rotation": [66.62147, 0, 0],
							"uv": {
								"north": {"uv": [154, 140], "uv_size": [3, 1]},
								"east": {"uv": [179, 30], "uv_size": [1, 1]},
								"south": {"uv": [154, 145], "uv_size": [3, 1]},
								"west": {"uv": [31, 179], "uv_size": [1, 1]},
								"up": {"uv": [154, 148], "uv_size": [3, 1]},
								"down": {"uv": [150, 155], "uv_size": [3, -1]}
							}
						},
						{
							"origin": [-1.52, 23.89468, 22.12145],
							"size": [3.04, 0.6, 0.18],
							"pivot": [1.315, 23.26, 22.73],
							"rotation": [66.62147, 0, 0],
							"uv": {
								"north": {"uv": [154, 150], "uv_size": [3, 1]},
								"east": {"uv": [179, 31], "uv_size": [1, 1]},
								"south": {"uv": [154, 151], "uv_size": [3, 1]},
								"west": {"uv": [32, 179], "uv_size": [1, 1]},
								"up": {"uv": [154, 152], "uv_size": [3, 1]},
								"down": {"uv": [153, 155], "uv_size": [3, -1]}
							}
						},
						{
							"origin": [-1.52, 21.90532, 25.62145],
							"size": [3.04, 0.73, 0.48],
							"pivot": [1.315, 21.94, 26.13],
							"rotation": [-66.62147, 0, 0],
							"uv": {
								"north": {"uv": [2, 155], "uv_size": [3, 1]},
								"east": {"uv": [179, 32], "uv_size": [1, 1]},
								"south": {"uv": [5, 155], "uv_size": [3, 1]},
								"west": {"uv": [33, 179], "uv_size": [1, 1]},
								"up": {"uv": [9, 155], "uv_size": [3, 1]},
								"down": {"uv": [155, 18], "uv_size": [3, -1]}
							}
						}
					]
				},
				{
					"name": "_ca_stock",
					"parent": "main",
					"pivot": [-0.2, 23.25, 1.275],
					"cubes": [
						{"origin": [-0.45, 24.65, 8.075], "size": [1, 1, 1], "uv": [27, 69]}
					]
				}
			]
		}
	]
}