{
	"format_version": "1.12.0",
	"minecraft:geometry": [
		{
			"description": {
				"identifier": "geometry.unknown",
				"texture_width": 64,
				"texture_height": 64,
				"visible_bounds_width": 9,
				"visible_bounds_height": 4,
				"visible_bounds_offset": [0, 1, 0]
			},
			"bones": [
				{
					"name": "main",
					"pivot": [0, 20, 0]
				},
				{
					"name": "gun",
					"parent": "main",
					"pivot": [1, 11, -1]
				},
				{
					"name": "stock",
					"parent": "gun",
					"pivot": [0.65, 19.4, 32.2],
					"cubes": [
						{
							"origin": [-0.95, 24.3, 9],
							"size": [2, 2.5, 7.2],
							"uv": {
								"north": {"uv": [29, 38], "uv_size": [2, 3]},
								"east": {"uv": [24, 16], "uv_size": [7, 3]},
								"south": {"uv": [38, 34], "uv_size": [2, 3]},
								"west": {"uv": [24, 19], "uv_size": [7, 3]},
								"up": {"uv": [27, 31], "uv_size": [2, 7]},
								"down": {"uv": [29, 38], "uv_size": [2, -7]}
							}
						},
						{
							"origin": [-1.55, 23.794, 16.134],
							"size": [3.2, 2.782, 18.404],
							"uv": {
								"north": {"uv": [34, 7], "uv_size": [3, 3]},
								"east": {"uv": [0, 0], "uv_size": [18, 3]},
								"south": {"uv": [34, 16], "uv_size": [3, 3]},
								"west": {"uv": [0, 3], "uv_size": [18, 3]},
								"up": {"uv": [0, 6], "uv_size": [3, 18]},
								"down": {"uv": [3, 24], "uv_size": [3, -18]}
							}
						},
						{
							"origin": [-0.45, 23.366, 18.30212],
							"size": [1, 0.856, 16.26419],
							"uv": {
								"north": {"uv": [45, 8], "uv_size": [1, 1]},
								"east": {"uv": [23, 30], "uv_size": [16, 1]},
								"south": {"uv": [9, 45], "uv_size": [1, 1]},
								"west": {"uv": [31, 6], "uv_size": [16, 1]},
								"up": {"uv": [23, 31], "uv_size": [1, 16]},
								"down": {"uv": [24, 47], "uv_size": [1, -16]}
							}
						},
						{
							"origin": [-0.45, 21.012, 20.02421],
							"size": [1, 2.354, 14.5421],
							"uv": {
								"north": {"uv": [2, 41], "uv_size": [1, 2]},
								"east": {"uv": [18, 4], "uv_size": [15, 2]},
								"south": {"uv": [3, 41], "uv_size": [1, 2]},
								"west": {"uv": [22, 14], "uv_size": [15, 2]},
								"up": {"uv": [25, 31], "uv_size": [1, 15]},
								"down": {"uv": [26, 46], "uv_size": [1, -15]}
							}
						},
						{
							"origin": [-0.75, 20.263, 23.27705],
							"size": [1.6, 3.959, 11.28926],
							"uv": {
								"north": {"uv": [0, 36], "uv_size": [2, 4]},
								"east": {"uv": [12, 6], "uv_size": [11, 4]},
								"south": {"uv": [2, 37], "uv_size": [2, 4]},
								"west": {"uv": [12, 10], "uv_size": [11, 4]},
								"up": {"uv": [6, 24], "uv_size": [2, 11]},
								"down": {"uv": [8, 35], "uv_size": [2, -11]}
							}
						},
						{
							"origin": [-1.45, 13.415, 31.8875],
							"size": [3, 10.914, 2.67881],
							"uv": {
								"north": {"uv": [12, 18], "uv_size": [3, 11]},
								"east": {"uv": [15, 18], "uv_size": [3, 11]},
								"south": {"uv": [18, 18], "uv_size": [3, 11]},
								"west": {"uv": [21, 18], "uv_size": [3, 11]},
								"up": {"uv": [34, 24], "uv_size": [3, 3]},
								"down": {"uv": [34, 34], "uv_size": [3, -3]}
							}
						},
						{
							"origin": [-1.45, 14.164, 34.5625],
							"size": [3, 0.535, 0.32481],
							"uv": {
								"north": {"uv": [41, 11], "uv_size": [3, 1]},
								"east": {"uv": [0, 46], "uv_size": [1, 1]},
								"south": {"uv": [41, 12], "uv_size": [3, 1]},
								"west": {"uv": [46, 0], "uv_size": [1, 1]},
								"up": {"uv": [41, 13], "uv_size": [3, 1]},
								"down": {"uv": [41, 20], "uv_size": [3, -1]}
							}
						},
						{
							"origin": [-1.45, 16.304, 34.5625],
							"size": [3, 0.535, 0.32481],
							"uv": {
								"north": {"uv": [29, 41], "uv_size": [3, 1]},
								"east": {"uv": [2, 46], "uv_size": [1, 1]},
								"south": {"uv": [37, 41], "uv_size": [3, 1]},
								"west": {"uv": [46, 2], "uv_size": [1, 1]},
								"up": {"uv": [40, 41], "uv_size": [3, 1]},
								"down": {"uv": [42, 8], "uv_size": [3, -1]}
							}
						},
						{
							"origin": [-1.45, 15.127, 34.5625],
							"size": [3, 0.535, 0.32481],
							"uv": {
								"north": {"uv": [41, 20], "uv_size": [3, 1]},
								"east": {"uv": [1, 46], "uv_size": [1, 1]},
								"south": {"uv": [41, 21], "uv_size": [3, 1]},
								"west": {"uv": [46, 1], "uv_size": [1, 1]},
								"up": {"uv": [41, 27], "uv_size": [3, 1]},
								"down": {"uv": [41, 29], "uv_size": [3, -1]}
							}
						},
						{
							"origin": [-1.45, 18.444, 34.5625],
							"size": [3, 0.535, 0.32481],
							"uv": {
								"north": {"uv": [42, 15], "uv_size": [3, 1]},
								"east": {"uv": [4, 46], "uv_size": [1, 1]},
								"south": {"uv": [42, 16], "uv_size": [3, 1]},
								"west": {"uv": [46, 4], "uv_size": [1, 1]},
								"up": {"uv": [42, 17], "uv_size": [3, 1]},
								"down": {"uv": [29, 43], "uv_size": [3, -1]}
							}
						},
						{
							"origin": [-1.45, 17.267, 34.5625],
							"size": [3, 0.535, 0.32481],
							"uv": {
								"north": {"uv": [42, 8], "uv_size": [3, 1]},
								"east": {"uv": [3, 46], "uv_size": [1, 1]},
								"south": {"uv": [42, 9], "uv_size": [3, 1]},
								"west": {"uv": [46, 3], "uv_size": [1, 1]},
								"up": {"uv": [42, 10], "uv_size": [3, 1]},
								"down": {"uv": [42, 15], "uv_size": [3, -1]}
							}
						},
						{
							"origin": [-1.45, 20.584, 34.5625],
							"size": [3, 0.535, 0.32481],
							"uv": {
								"north": {"uv": [43, 4], "uv_size": [3, 1]},
								"east": {"uv": [6, 46], "uv_size": [1, 1]},
								"south": {"uv": [43, 5], "uv_size": [3, 1]},
								"west": {"uv": [7, 46], "uv_size": [1, 1]},
								"up": {"uv": [20, 43], "uv_size": [3, 1]},
								"down": {"uv": [29, 44], "uv_size": [3, -1]}
							}
						},
						{
							"origin": [-1.45, 19.407, 34.5625],
							"size": [3, 0.535, 0.32481],
							"uv": {
								"north": {"uv": [42, 29], "uv_size": [3, 1]},
								"east": {"uv": [5, 46], "uv_size": [1, 1]},
								"south": {"uv": [37, 42], "uv_size": [3, 1]},
								"west": {"uv": [46, 5], "uv_size": [1, 1]},
								"up": {"uv": [40, 42], "uv_size": [3, 1]},
								"down": {"uv": [0, 44], "uv_size": [3, -1]}
							}
						},
						{
							"origin": [-1.45, 22.724, 34.5625],
							"size": [3, 0.535, 0.32481],
							"uv": {
								"north": {"uv": [43, 37], "uv_size": [3, 1]},
								"east": {"uv": [46, 8], "uv_size": [1, 1]},
								"south": {"uv": [43, 38], "uv_size": [3, 1]},
								"west": {"uv": [9, 46], "uv_size": [1, 1]},
								"up": {"uv": [43, 39], "uv_size": [3, 1]},
								"down": {"uv": [40, 44], "uv_size": [3, -1]}
							}
						},
						{
							"origin": [-1.45, 21.547, 34.5625],
							"size": [3, 0.535, 0.32481],
							"uv": {
								"north": {"uv": [43, 34], "uv_size": [3, 1]},
								"east": {"uv": [46, 7], "uv_size": [1, 1]},
								"south": {"uv": [43, 35], "uv_size": [3, 1]},
								"west": {"uv": [8, 46], "uv_size": [1, 1]},
								"up": {"uv": [43, 36], "uv_size": [3, 1]},
								"down": {"uv": [37, 44], "uv_size": [3, -1]}
							}
						},
						{
							"origin": [-1.45, 24.864, 34.5625],
							"size": [3, 0.535, 0.32481],
							"uv": {
								"north": {"uv": [0, 44], "uv_size": [3, 1]},
								"east": {"uv": [46, 10], "uv_size": [1, 1]},
								"south": {"uv": [3, 44], "uv_size": [3, 1]},
								"west": {"uv": [11, 46], "uv_size": [1, 1]},
								"up": {"uv": [9, 44], "uv_size": [3, 1]},
								"down": {"uv": [44, 12], "uv_size": [3, -1]}
							}
						},
						{
							"origin": [-1.45, 25.934, 34.5625],
							"size": [3, 0.535, 0.32481],
							"uv": {
								"north": {"uv": [44, 12], "uv_size": [3, 1]},
								"east": {"uv": [12, 46], "uv_size": [1, 1]},
								"south": {"uv": [44, 13], "uv_size": [3, 1]},
								"west": {"uv": [13, 46], "uv_size": [1, 1]},
								"up": {"uv": [44, 18], "uv_size": [3, 1]},
								"down": {"uv": [44, 20], "uv_size": [3, -1]}
							}
						},
						{
							"origin": [-1.45, 23.687, 34.5625],
							"size": [3, 0.535, 0.32481],
							"uv": {
								"north": {"uv": [43, 40], "uv_size": [3, 1]},
								"east": {"uv": [46, 9], "uv_size": [1, 1]},
								"south": {"uv": [43, 41], "uv_size": [3, 1]},
								"west": {"uv": [10, 46], "uv_size": [1, 1]},
								"up": {"uv": [43, 42], "uv_size": [3, 1]},
								"down": {"uv": [43, 44], "uv_size": [3, -1]}
							}
						},
						{
							"origin": [-1.45, 13.415, 27.0725],
							"size": [3, 0.749, 4.81881],
							"uv": {
								"north": {"uv": [40, 39], "uv_size": [3, 1]},
								"east": {"uv": [38, 37], "uv_size": [5, 1]},
								"south": {"uv": [40, 40], "uv_size": [3, 1]},
								"west": {"uv": [39, 30], "uv_size": [5, 1]},
								"up": {"uv": [31, 7], "uv_size": [3, 5]},
								"down": {"uv": [31, 21], "uv_size": [3, -5]}
							}
						},
						{
							"origin": [-1.45, 14.057, 29.5335],
							"size": [3, 1.819, 2.35781],
							"uv": {
								"north": {"uv": [39, 9], "uv_size": [3, 2]},
								"east": {"uv": [22, 16], "uv_size": [2, 2]},
								"south": {"uv": [39, 14], "uv_size": [3, 2]},
								"west": {"uv": [31, 39], "uv_size": [2, 2]},
								"up": {"uv": [39, 16], "uv_size": [3, 2]},
								"down": {"uv": [40, 6], "uv_size": [3, -2]}
							}
						},
						{
							"origin": [-1.45, 14.057, 28.3565],
							"size": [3, 0.963, 1.18081],
							"uv": {
								"north": {"uv": [44, 25], "uv_size": [3, 1]},
								"east": {"uv": [46, 16], "uv_size": [1, 1]},
								"south": {"uv": [44, 26], "uv_size": [3, 1]},
								"west": {"uv": [46, 17], "uv_size": [1, 1]},
								"up": {"uv": [44, 27], "uv_size": [3, 1]},
								"down": {"uv": [44, 29], "uv_size": [3, -1]}
							}
						},
						{
							"origin": [-1.45, 15.769, 30.7105],
							"size": [3, 0.963, 1.18081],
							"uv": {
								"north": {"uv": [29, 44], "uv_size": [3, 1]},
								"east": {"uv": [20, 46], "uv_size": [1, 1]},
								"south": {"uv": [44, 30], "uv_size": [3, 1]},
								"west": {"uv": [21, 46], "uv_size": [1, 1]},
								"up": {"uv": [32, 44], "uv_size": [3, 1]},
								"down": {"uv": [35, 45], "uv_size": [3, -1]}
							}
						},
						{
							"origin": [-1.45, 22.296, 30.93078],
							"size": [3, 2.033, 0.95672],
							"uv": {
								"north": {"uv": [37, 38], "uv_size": [3, 2]},
								"east": {"uv": [11, 41], "uv_size": [1, 2]},
								"south": {"uv": [39, 7], "uv_size": [3, 2]},
								"west": {"uv": [32, 41], "uv_size": [1, 2]},
								"up": {"uv": [40, 35], "uv_size": [3, 1]},
								"down": {"uv": [40, 37], "uv_size": [3, -1]}
							}
						},
						{
							"origin": [-0.45, 23.366, 18.30212],
							"size": [1, 4.387, 2.87015],
							"pivot": [0, 23.366, 18.30212],
							"rotation": [-54, 0, 0],
							"uv": {
								"north": {"uv": [20, 39], "uv_size": [1, 4]},
								"east": {"uv": [31, 31], "uv_size": [3, 4]},
								"south": {"uv": [21, 39], "uv_size": [1, 4]},
								"west": {"uv": [0, 32], "uv_size": [3, 4]},
								"up": {"uv": [0, 40], "uv_size": [1, 3]},
								"down": {"uv": [1, 43], "uv_size": [1, -3]}
							}
						},
						{
							"origin": [-0.75, 22.617, 19.7372],
							"size": [1.6, 4.387, 4.68791],
							"pivot": [0, 22.617, 21.55496],
							"rotation": [-54, 0, 0],
							"uv": {
								"north": {"uv": [20, 35], "uv_size": [2, 4]},
								"east": {"uv": [24, 22], "uv_size": [5, 4]},
								"south": {"uv": [31, 35], "uv_size": [2, 4]},
								"west": {"uv": [24, 26], "uv_size": [5, 4]},
								"up": {"uv": [3, 32], "uv_size": [2, 5]},
								"down": {"uv": [32, 29], "uv_size": [2, -5]}
							}
						},
						{
							"origin": [-1.05, 21.333, 22.22466],
							"size": [2.2, 4.494, 10.11978],
							"pivot": [0, 21.333, 25.4775],
							"rotation": [-54, 0, 0],
							"uv": {
								"north": {"uv": [37, 7], "uv_size": [2, 4]},
								"east": {"uv": [12, 14], "uv_size": [10, 4]},
								"south": {"uv": [37, 14], "uv_size": [2, 4]},
								"west": {"uv": [18, 0], "uv_size": [10, 4]},
								"up": {"uv": [10, 24], "uv_size": [2, 10]},
								"down": {"uv": [12, 39], "uv_size": [2, -10]}
							}
						},
						{
							"origin": [-0.45, 19.3, 22.22466],
							"size": [1, 0.856, 10.11978],
							"pivot": [0, 21.333, 25.4775],
							"rotation": [-54, 0, 0],
							"uv": {
								"north": {"uv": [45, 9], "uv_size": [1, 1]},
								"east": {"uv": [31, 21], "uv_size": [10, 1]},
								"south": {"uv": [10, 45], "uv_size": [1, 1]},
								"west": {"uv": [32, 29], "uv_size": [10, 1]},
								"up": {"uv": [5, 32], "uv_size": [1, 10]},
								"down": {"uv": [10, 44], "uv_size": [1, -10]}
							}
						},
						{
							"origin": [-0.45, 19.92982, 24.71377],
							"size": [1, 0.428, 0.38278],
							"pivot": [0, 20.156, 24.9425],
							"rotation": [-24, 0, 0],
							"uv": {
								"north": {"uv": [45, 10], "uv_size": [1, 1]},
								"east": {"uv": [11, 45], "uv_size": [1, 1]},
								"south": {"uv": [12, 45], "uv_size": [1, 1]},
								"west": {"uv": [13, 45], "uv_size": [1, 1]},
								"up": {"uv": [45, 14], "uv_size": [1, 1]},
								"down": {"uv": [45, 16], "uv_size": [1, -1]}
							}
						},
						{
							"origin": [-1.05, 15.54282, 29.20777],
							"size": [2.2, 0.428, 0.38278],
							"pivot": [0, 15.769, 29.4365],
							"rotation": [-24, 0, 0],
							"uv": {
								"north": {"uv": [44, 44], "uv_size": [2, 1]},
								"east": {"uv": [38, 45], "uv_size": [1, 1]},
								"south": {"uv": [0, 45], "uv_size": [2, 1]},
								"west": {"uv": [39, 45], "uv_size": [1, 1]},
								"up": {"uv": [2, 45], "uv_size": [2, 1]},
								"down": {"uv": [4, 46], "uv_size": [2, -1]}
							}
						},
						{
							"origin": [-0.75, 20.14382, 25.78377],
							"size": [1.6, 0.428, 0.81078],
							"pivot": [0, 20.37, 26.3335],
							"rotation": [-24, 0, 0],
							"uv": {
								"north": {"uv": [32, 43], "uv_size": [2, 1]},
								"east": {"uv": [36, 45], "uv_size": [1, 1]},
								"south": {"uv": [38, 44], "uv_size": [2, 1]},
								"west": {"uv": [37, 45], "uv_size": [1, 1]},
								"up": {"uv": [40, 44], "uv_size": [2, 1]},
								"down": {"uv": [42, 45], "uv_size": [2, -1]}
							}
						},
						{
							"origin": [-0.45, 15.00782, 28.03077],
							"size": [1, 0.428, 0.59678],
							"pivot": [0, 15.234, 28.4735],
							"rotation": [-24, 0, 0],
							"uv": {
								"north": {"uv": [32, 45], "uv_size": [1, 1]},
								"east": {"uv": [45, 32], "uv_size": [1, 1]},
								"south": {"uv": [33, 45], "uv_size": [1, 1]},
								"west": {"uv": [45, 33], "uv_size": [1, 1]},
								"up": {"uv": [34, 45], "uv_size": [1, 1]},
								"down": {"uv": [35, 46], "uv_size": [1, -1]}
							}
						},
						{
							"origin": [-0.45, 20.14382, 23.42977],
							"size": [1, 0.428, 0.59678],
							"pivot": [0, 20.37, 23.7655],
							"rotation": [-24, 0, 0],
							"uv": {
								"north": {"uv": [28, 45], "uv_size": [1, 1]},
								"east": {"uv": [29, 45], "uv_size": [1, 1]},
								"south": {"uv": [45, 29], "uv_size": [1, 1]},
								"west": {"uv": [30, 45], "uv_size": [1, 1]},
								"up": {"uv": [31, 45], "uv_size": [1, 1]},
								"down": {"uv": [45, 32], "uv_size": [1, -1]}
							}
						},
						{
							"origin": [-0.45, 14.25882, 27.49577],
							"size": [1, 0.642, 0.38278],
							"pivot": [0, 14.592, 27.7245],
							"rotation": [-24, 0, 0],
							"uv": {
								"north": {"uv": [45, 16], "uv_size": [1, 1]},
								"east": {"uv": [45, 17], "uv_size": [1, 1]},
								"south": {"uv": [20, 45], "uv_size": [1, 1]},
								"west": {"uv": [21, 45], "uv_size": [1, 1]},
								"up": {"uv": [22, 45], "uv_size": [1, 1]},
								"down": {"uv": [27, 46], "uv_size": [1, -1]}
							}
						},
						{
							"origin": [-1.45, 21.333, 25.4775],
							"size": [3, 3.21, 8.08678],
							"pivot": [0, 21.333, 28.73033],
							"rotation": [-54, 0, 0],
							"uv": {
								"north": {"uv": [34, 34], "uv_size": [3, 3]},
								"east": {"uv": [23, 6], "uv_size": [8, 3]},
								"south": {"uv": [6, 35], "uv_size": [3, 3]},
								"west": {"uv": [23, 9], "uv_size": [8, 3]},
								"up": {"uv": [0, 24], "uv_size": [3, 8]},
								"down": {"uv": [3, 32], "uv_size": [3, -8]}
							}
						},
						{
							"origin": [-1.45, 10.312, 27.9385],
							"size": [3, 5.992, 0.81078],
							"pivot": [0, 13.094, 31.29833],
							"rotation": [-54, 0, 0],
							"uv": {
								"north": {"uv": [20, 29], "uv_size": [3, 6]},
								"east": {"uv": [12, 39], "uv_size": [1, 6]},
								"south": {"uv": [29, 24], "uv_size": [3, 6]},
								"west": {"uv": [13, 39], "uv_size": [1, 6]},
								"up": {"uv": [37, 40], "uv_size": [3, 1]},
								"down": {"uv": [40, 39], "uv_size": [3, -1]}
							}
						},
						{
							"origin": [-1.65, 24.436, 16.455],
							"size": [3.4, 0.535, 17.655],
							"uv": {
								"north": {"uv": [34, 10], "uv_size": [3, 1]},
								"east": {"uv": [29, 22], "uv_size": [18, 1]},
								"south": {"uv": [40, 34], "uv_size": [3, 1]},
								"west": {"uv": [29, 23], "uv_size": [18, 1]},
								"up": {"uv": [6, 6], "uv_size": [3, 18]},
								"down": {"uv": [9, 24], "uv_size": [3, -18]}
							}
						},
						{
							"origin": [1.05, 26.5, 9],
							"size": [0.2, 0.3, 7.2],
							"uv": {
								"north": {"uv": [23, 29], "uv_size": [1, 1]},
								"east": {"uv": [33, 4], "uv_size": [7, 1]},
								"south": {"uv": [2, 36], "uv_size": [1, 1]},
								"west": {"uv": [33, 5], "uv_size": [7, 1]},
								"up": {"uv": [11, 34], "uv_size": [1, 7]},
								"down": {"uv": [9, 42], "uv_size": [1, -7]}
							}
						},
						{
							"origin": [-1.15, 26.5, 9],
							"size": [0.2, 0.3, 7.2],
							"uv": {
								"north": {"uv": [5, 42], "uv_size": [1, 1]},
								"east": {"uv": [34, 11], "uv_size": [7, 1]},
								"south": {"uv": [9, 42], "uv_size": [1, 1]},
								"west": {"uv": [34, 19], "uv_size": [7, 1]},
								"up": {"uv": [22, 35], "uv_size": [1, 7]},
								"down": {"uv": [33, 42], "uv_size": [1, -7]}
							}
						},
						{
							"origin": [-1.15, 24.3, 9],
							"size": [0.2, 0.3, 7.2],
							"uv": {
								"north": {"uv": [22, 42], "uv_size": [1, 1]},
								"east": {"uv": [34, 20], "uv_size": [7, 1]},
								"south": {"uv": [33, 42], "uv_size": [1, 1]},
								"west": {"uv": [34, 27], "uv_size": [7, 1]},
								"up": {"uv": [4, 37], "uv_size": [1, 7]},
								"down": {"uv": [37, 38], "uv_size": [1, -7]}
							}
						},
						{
							"origin": [1.05, 24.3, 9],
							"size": [0.2, 0.3, 7.2],
							"uv": {
								"north": {"uv": [3, 43], "uv_size": [1, 1]},
								"east": {"uv": [34, 28], "uv_size": [7, 1]},
								"south": {"uv": [5, 43], "uv_size": [1, 1]},
								"west": {"uv": [37, 18], "uv_size": [7, 1]},
								"up": {"uv": [34, 37], "uv_size": [1, 7]},
								"down": {"uv": [35, 44], "uv_size": [1, -7]}
							}
						},
						{
							"origin": [-0.6, 26.52257, 16.17687],
							"size": [1.3, 0.98426, 18.36106],
							"inflate": -0.001,
							"uv": {
								"north": {"uv": [6, 45], "uv_size": [1, 1]},
								"east": {"uv": [28, 0], "uv_size": [18, 1]},
								"south": {"uv": [7, 45], "uv_size": [1, 1]},
								"west": {"uv": [28, 1], "uv_size": [18, 1]},
								"up": {"uv": [16, 29], "uv_size": [1, 18]},
								"down": {"uv": [17, 47], "uv_size": [1, -18]}
							}
						},
						{
							"origin": [-2.05, 26.54397, 16.17687],
							"size": [1.3, 1.39086, 18.36106],
							"inflate": -0.001,
							"pivot": [-0.2, 27.9028, 23.303],
							"rotation": [0, 0, -44],
							"uv": {
								"north": {"uv": [9, 43], "uv_size": [1, 1]},
								"east": {"uv": [23, 12], "uv_size": [18, 1]},
								"south": {"uv": [11, 43], "uv_size": [1, 1]},
								"west": {"uv": [23, 13], "uv_size": [18, 1]},
								"up": {"uv": [14, 29], "uv_size": [1, 18]},
								"down": {"uv": [15, 47], "uv_size": [1, -18]}
							}
						},
						{
							"origin": [0.85, 26.54397, 16.17687],
							"size": [1.3, 1.39086, 18.36106],
							"inflate": -0.001,
							"pivot": [0.3, 27.9028, 23.303],
							"rotation": [0, 0, 44],
							"uv": {
								"north": {"uv": [45, 7], "uv_size": [1, 1]},
								"east": {"uv": [28, 2], "uv_size": [18, 1]},
								"south": {"uv": [8, 45], "uv_size": [1, 1]},
								"west": {"uv": [28, 3], "uv_size": [18, 1]},
								"up": {"uv": [18, 29], "uv_size": [1, 18]},
								"down": {"uv": [19, 47], "uv_size": [1, -18]}
							}
						},
						{
							"origin": [-1.5844, 12.88578, 27.09087],
							"size": [1, 0.74886, 7.44706],
							"inflate": -0.001,
							"pivot": [-0.6, 12.92837, 34.538],
							"rotation": [0, 0, 31],
							"uv": {
								"north": {"uv": [42, 45], "uv_size": [1, 1]},
								"east": {"uv": [37, 26], "uv_size": [7, 1]},
								"south": {"uv": [43, 45], "uv_size": [1, 1]},
								"west": {"uv": [38, 31], "uv_size": [7, 1]},
								"up": {"uv": [7, 38], "uv_size": [1, 7]},
								"down": {"uv": [8, 45], "uv_size": [1, -7]}
							}
						},
						{
							"origin": [0.6844, 12.88578, 27.09087],
							"size": [1, 0.74886, 7.44706],
							"inflate": -0.001,
							"pivot": [0.7, 12.92837, 34.538],
							"rotation": [0, 0, -31],
							"uv": {
								"north": {"uv": [44, 45], "uv_size": [1, 1]},
								"east": {"uv": [38, 32], "uv_size": [7, 1]},
								"south": {"uv": [45, 45], "uv_size": [1, 1]},
								"west": {"uv": [38, 33], "uv_size": [7, 1]},
								"up": {"uv": [27, 38], "uv_size": [1, 7]},
								"down": {"uv": [28, 45], "uv_size": [1, -7]}
							}
						},
						{
							"origin": [-0.6, 12.89634, 27.09087],
							"size": [1.3, 0.98426, 7.44706],
							"inflate": -0.001,
							"uv": {
								"north": {"uv": [40, 45], "uv_size": [1, 1]},
								"east": {"uv": [37, 24], "uv_size": [7, 1]},
								"south": {"uv": [41, 45], "uv_size": [1, 1]},
								"west": {"uv": [37, 25], "uv_size": [7, 1]},
								"up": {"uv": [36, 37], "uv_size": [1, 7]},
								"down": {"uv": [6, 45], "uv_size": [1, -7]}
							}
						},
						{
							"origin": [-1.55, 21.86793, 30.36493],
							"size": [3.2, 1.39114, 1.39114],
							"inflate": 0.001,
							"pivot": [1.9, 22.51, 31.114],
							"rotation": [45, 0, 0],
							"uv": {
								"north": {"uv": [20, 44], "uv_size": [3, 1]},
								"east": {"uv": [46, 14], "uv_size": [1, 1]},
								"south": {"uv": [44, 20], "uv_size": [3, 1]},
								"west": {"uv": [46, 15], "uv_size": [1, 1]},
								"up": {"uv": [44, 21], "uv_size": [3, 1]},
								"down": {"uv": [44, 25], "uv_size": [3, -1]}
							}
						}
					]
				},
				{
					"name": "_ca_stock",
					"parent": "main",
					"pivot": [-0.2, 23.25, 1.275],
					"cubes": [
						{"origin": [-0.45, 24.65, 8.075], "size": [1, 1, 1], "uv": [27, 69]}
					]
				}
			]
		}
	]
}