{
	"format_version": "1.12.0",
	"minecraft:geometry": [
		{
			"description": {
				"identifier": "geometry.acm556.geo",
				"texture_width": 64,
				"texture_height": 64,
				"visible_bounds_width": 11,
				"visible_bounds_height": 4,
				"visible_bounds_offset": [0, 1, 0]
			},
			"bones": [
				{
					"name": "main",
					"pivot": [0, 20, 0]
				},
				{
					"name": "gun",
					"parent": "main",
					"pivot": [1, 11, -1]
				},
				{
					"name": "stock",
					"parent": "gun",
					"pivot": [0.65, 19, 32.2],
					"cubes": [
						{
							"origin": [-1.55, 23.1, 9],
							"size": [3.2, 2.8, 1.1],
							"uv": {
								"north": {"uv": [12, 19], "uv_size": [3, 3]},
								"east": {"uv": [22, 12], "uv_size": [1, 3]},
								"south": {"uv": [19, 12], "uv_size": [3, 3]},
								"west": {"uv": [26, 13], "uv_size": [1, 3]},
								"up": {"uv": [6, 27], "uv_size": [3, 1]},
								"down": {"uv": [12, 28], "uv_size": [3, -1]}
							}
						},
						{
							"origin": [-1.55, 24.7, 10.1],
							"size": [3.2, 1.2, 4.1],
							"uv": {
								"north": {"uv": [21, 27], "uv_size": [3, 1]},
								"east": {"uv": [24, 10], "uv_size": [4, 1]},
								"south": {"uv": [27, 21], "uv_size": [3, 1]},
								"west": {"uv": [24, 16], "uv_size": [4, 1]},
								"up": {"uv": [14, 2], "uv_size": [3, 4]},
								"down": {"uv": [14, 10], "uv_size": [3, -4]}
							}
						},
						{
							"origin": [-1.55, 24.7, 26],
							"size": [3.2, 1.2, 4.1],
							"uv": {
								"north": {"uv": [27, 25], "uv_size": [3, 1]},
								"east": {"uv": [24, 17], "uv_size": [4, 1]},
								"south": {"uv": [27, 26], "uv_size": [3, 1]},
								"west": {"uv": [24, 18], "uv_size": [4, 1]},
								"up": {"uv": [16, 13], "uv_size": [3, 4]},
								"down": {"uv": [17, 6], "uv_size": [3, -4]}
							}
						},
						{
							"origin": [-1.05, 23.9, 26],
							"size": [2.2, 0.8, 2.2],
							"uv": {
								"north": {"uv": [13, 29], "uv_size": [2, 1]},
								"east": {"uv": [15, 29], "uv_size": [2, 1]},
								"south": {"uv": [29, 16], "uv_size": [2, 1]},
								"west": {"uv": [29, 17], "uv_size": [2, 1]},
								"up": {"uv": [6, 25], "uv_size": [2, 2]},
								"down": {"uv": [8, 27], "uv_size": [2, -2]}
							}
						},
						{
							"origin": [-1.05, 22.1, 27.3],
							"size": [2.2, 1.8, 0.9],
							"uv": {
								"north": {"uv": [25, 21], "uv_size": [2, 2]},
								"east": {"uv": [17, 29], "uv_size": [1, 2]},
								"south": {"uv": [23, 25], "uv_size": [2, 2]},
								"west": {"uv": [27, 29], "uv_size": [1, 2]},
								"up": {"uv": [28, 29], "uv_size": [2, 1]},
								"down": {"uv": [29, 29], "uv_size": [2, -1]}
							}
						},
						{
							"origin": [-1.95, 25.2, 9],
							"size": [1.2, 1.7, 5.2],
							"pivot": [-1.2, 26.3, 10.2],
							"rotation": [0, 0, -45],
							"uv": {
								"north": {"uv": [4, 29], "uv_size": [1, 2]},
								"east": {"uv": [17, 6], "uv_size": [5, 2]},
								"south": {"uv": [5, 29], "uv_size": [1, 2]},
								"west": {"uv": [17, 8], "uv_size": [5, 2]},
								"up": {"uv": [14, 22], "uv_size": [1, 5]},
								"down": {"uv": [21, 27], "uv_size": [1, -5]}
							}
						},
						{
							"origin": [0.85, 25.2, 9],
							"size": [1.2, 1.7, 5.2],
							"pivot": [1.3, 26.3, 10.2],
							"rotation": [0, 0, 45],
							"uv": {
								"north": {"uv": [6, 29], "uv_size": [1, 2]},
								"east": {"uv": [12, 17], "uv_size": [5, 2]},
								"south": {"uv": [7, 29], "uv_size": [1, 2]},
								"west": {"uv": [17, 17], "uv_size": [5, 2]},
								"up": {"uv": [22, 22], "uv_size": [1, 5]},
								"down": {"uv": [23, 17], "uv_size": [1, -5]}
							}
						},
						{
							"origin": [0.85, 25.2, 26],
							"size": [1.2, 1.7, 4.2],
							"pivot": [1.3, 26.3, 27.2],
							"rotation": [0, 0, 45],
							"uv": {
								"north": {"uv": [11, 29], "uv_size": [1, 2]},
								"east": {"uv": [20, 2], "uv_size": [4, 2]},
								"south": {"uv": [12, 29], "uv_size": [1, 2]},
								"west": {"uv": [20, 4], "uv_size": [4, 2]},
								"up": {"uv": [19, 24], "uv_size": [1, 4]},
								"down": {"uv": [20, 28], "uv_size": [1, -4]}
							}
						},
						{
							"origin": [-1.95, 25.2, 26],
							"size": [1.2, 1.7, 4.2],
							"pivot": [-1.2, 26.3, 27.2],
							"rotation": [0, 0, -45],
							"uv": {
								"north": {"uv": [8, 29], "uv_size": [1, 2]},
								"east": {"uv": [19, 15], "uv_size": [4, 2]},
								"south": {"uv": [10, 29], "uv_size": [1, 2]},
								"west": {"uv": [17, 19], "uv_size": [4, 2]},
								"up": {"uv": [17, 24], "uv_size": [1, 4]},
								"down": {"uv": [18, 28], "uv_size": [1, -4]}
							}
						},
						{
							"origin": [-1.75, 25.9, 8.9],
							"size": [0.8, 0.8, 17.1],
							"pivot": [-1.2, 26.3, 10.2],
							"rotation": [0, 0, -45],
							"uv": {
								"north": {"uv": [7, 32], "uv_size": [1, 1]},
								"east": {"uv": [12, 0], "uv_size": [17, 1]},
								"south": {"uv": [32, 7], "uv_size": [1, 1]},
								"west": {"uv": [12, 1], "uv_size": [17, 1]},
								"up": {"uv": [2, 13], "uv_size": [1, 17]},
								"down": {"uv": [3, 30], "uv_size": [1, -17]}
							}
						},
						{
							"origin": [1.05, 26, 8.9],
							"size": [0.8, 0.8, 17.1],
							"pivot": [1.3, 26.3, 10.2],
							"rotation": [0, 0, 45],
							"uv": {
								"north": {"uv": [6, 32], "uv_size": [1, 1]},
								"east": {"uv": [8, 11], "uv_size": [17, 1]},
								"south": {"uv": [32, 6], "uv_size": [1, 1]},
								"west": {"uv": [0, 12], "uv_size": [17, 1]},
								"up": {"uv": [0, 13], "uv_size": [1, 17]},
								"down": {"uv": [1, 30], "uv_size": [1, -17]}
							}
						},
						{
							"origin": [-1.55, 24.2, 10.1],
							"size": [3.2, 0.5, 1.1],
							"uv": {
								"north": {"uv": [27, 22], "uv_size": [3, 1]},
								"east": {"uv": [5, 32], "uv_size": [1, 1]},
								"south": {"uv": [27, 23], "uv_size": [3, 1]},
								"west": {"uv": [32, 5], "uv_size": [1, 1]},
								"up": {"uv": [24, 27], "uv_size": [3, 1]},
								"down": {"uv": [27, 25], "uv_size": [3, -1]}
							}
						},
						{
							"origin": [-1.55, 23.1, 10.1],
							"size": [3.2, 1.1, 4.4],
							"pivot": [1.7, 23.1, 10.1],
							"rotation": [21, 0, 0],
							"uv": {
								"north": {"uv": [27, 19], "uv_size": [3, 1]},
								"east": {"uv": [12, 10], "uv_size": [4, 1]},
								"south": {"uv": [27, 20], "uv_size": [3, 1]},
								"west": {"uv": [16, 10], "uv_size": [4, 1]},
								"up": {"uv": [10, 13], "uv_size": [3, 4]},
								"down": {"uv": [13, 17], "uv_size": [3, -4]}
							}
						},
						{
							"origin": [-1.05, 25.2, 30.2],
							"size": [2.2, 1.9, 2.3],
							"uv": {
								"north": {"uv": [22, 9], "uv_size": [2, 2]},
								"east": {"uv": [22, 17], "uv_size": [2, 2]},
								"south": {"uv": [23, 19], "uv_size": [2, 2]},
								"west": {"uv": [23, 21], "uv_size": [2, 2]},
								"up": {"uv": [23, 23], "uv_size": [2, 2]},
								"down": {"uv": [24, 4], "uv_size": [2, -2]}
							}
						},
						{
							"origin": [-1.05, 14.1, 31.4],
							"size": [2.2, 11.1, 1.1],
							"uv": {
								"north": {"uv": [8, 0], "uv_size": [2, 11]},
								"east": {"uv": [10, 17], "uv_size": [1, 11]},
								"south": {"uv": [10, 0], "uv_size": [2, 11]},
								"west": {"uv": [11, 17], "uv_size": [1, 11]},
								"up": {"uv": [17, 12], "uv_size": [2, 1]},
								"down": {"uv": [20, 11], "uv_size": [2, -1]}
							}
						},
						{
							"origin": [-1.05, 19.2, 28.4],
							"size": [2.2, 1.7, 0.9],
							"uv": {
								"north": {"uv": [26, 8], "uv_size": [2, 2]},
								"east": {"uv": [28, 30], "uv_size": [1, 2]},
								"south": {"uv": [26, 11], "uv_size": [2, 2]},
								"west": {"uv": [29, 30], "uv_size": [1, 2]},
								"up": {"uv": [30, 29], "uv_size": [2, 1]},
								"down": {"uv": [30, 31], "uv_size": [2, -1]}
							}
						},
						{
							"origin": [-1.05, 14.1, 29.9],
							"size": [2.2, 1.1, 1.5],
							"uv": {
								"north": {"uv": [15, 27], "uv_size": [2, 1]},
								"east": {"uv": [28, 4], "uv_size": [2, 1]},
								"south": {"uv": [28, 5], "uv_size": [2, 1]},
								"west": {"uv": [28, 6], "uv_size": [2, 1]},
								"up": {"uv": [4, 24], "uv_size": [2, 2]},
								"down": {"uv": [24, 6], "uv_size": [2, -2]}
							}
						},
						{
							"origin": [-1.05, 13.9, 27.9],
							"size": [2.2, 8, 1.1],
							"pivot": [0.65, 19.4, 28.4],
							"rotation": [21, 0, 0],
							"uv": {
								"north": {"uv": [12, 2], "uv_size": [2, 8]},
								"east": {"uv": [15, 19], "uv_size": [1, 8]},
								"south": {"uv": [4, 13], "uv_size": [2, 8]},
								"west": {"uv": [16, 19], "uv_size": [1, 8]},
								"up": {"uv": [7, 28], "uv_size": [2, 1]},
								"down": {"uv": [28, 8], "uv_size": [2, -1]}
							}
						},
						{
							"origin": [-1.05, 14.1, 32.5],
							"size": [2.2, 12.1, 0.8],
							"uv": {
								"north": {"uv": [0, 0], "uv_size": [2, 12]},
								"east": {"uv": [6, 13], "uv_size": [1, 12]},
								"south": {"uv": [2, 0], "uv_size": [2, 12]},
								"west": {"uv": [7, 13], "uv_size": [1, 12]},
								"up": {"uv": [28, 8], "uv_size": [2, 1]},
								"down": {"uv": [28, 10], "uv_size": [2, -1]}
							}
						},
						{
							"origin": [-1.05, 26.08, 32.5],
							"size": [2.2, 1.02, 1.53],
							"uv": {
								"north": {"uv": [10, 28], "uv_size": [2, 1]},
								"east": {"uv": [28, 10], "uv_size": [2, 1]},
								"south": {"uv": [28, 11], "uv_size": [2, 1]},
								"west": {"uv": [12, 28], "uv_size": [2, 1]},
								"up": {"uv": [24, 6], "uv_size": [2, 2]},
								"down": {"uv": [24, 10], "uv_size": [2, -2]}
							}
						},
						{
							"origin": [-1.05, 14.1, 33],
							"size": [2.2, 12, 0.8],
							"pivot": [0.65, 19.4, 33.5],
							"rotation": [-2, 0, 0],
							"uv": {
								"north": {"uv": [4, 0], "uv_size": [2, 12]},
								"east": {"uv": [8, 13], "uv_size": [1, 12]},
								"south": {"uv": [6, 0], "uv_size": [2, 12]},
								"west": {"uv": [9, 13], "uv_size": [1, 12]},
								"up": {"uv": [28, 12], "uv_size": [2, 1]},
								"down": {"uv": [28, 14], "uv_size": [2, -1]}
							}
						},
						{
							"origin": [-1.05, 24.4, 28],
							"size": [2.2, 0.95, 3.4],
							"uv": {
								"north": {"uv": [30, 6], "uv_size": [2, 1]},
								"east": {"uv": [27, 27], "uv_size": [3, 1]},
								"south": {"uv": [30, 7], "uv_size": [2, 1]},
								"west": {"uv": [28, 2], "uv_size": [3, 1]},
								"up": {"uv": [19, 21], "uv_size": [2, 3]},
								"down": {"uv": [21, 22], "uv_size": [2, -3]}
							}
						},
						{
							"origin": [-0.65, 12.7, 36],
							"size": [1.4, 0.6, 0.6],
							"pivot": [0.65, 7.5, 22.3],
							"rotation": [45, 0, 0],
							"uv": {
								"north": {"uv": [25, 11], "uv_size": [1, 1]},
								"east": {"uv": [8, 31], "uv_size": [1, 1]},
								"south": {"uv": [23, 31], "uv_size": [1, 1]},
								"west": {"uv": [24, 31], "uv_size": [1, 1]},
								"up": {"uv": [25, 31], "uv_size": [1, 1]},
								"down": {"uv": [26, 32], "uv_size": [1, -1]}
							}
						},
						{
							"origin": [-0.65, 12.7, 39.2],
							"size": [1.4, 0.6, 0.6],
							"pivot": [0.65, 7.5, 25.5],
							"rotation": [45, 0, 0],
							"uv": {
								"north": {"uv": [27, 31], "uv_size": [1, 1]},
								"east": {"uv": [31, 28], "uv_size": [1, 1]},
								"south": {"uv": [30, 31], "uv_size": [1, 1]},
								"west": {"uv": [31, 31], "uv_size": [1, 1]},
								"up": {"uv": [0, 32], "uv_size": [1, 1]},
								"down": {"uv": [1, 33], "uv_size": [1, -1]}
							}
						},
						{
							"origin": [-1.05, 13.5, 38.8],
							"size": [2.2, 0.6, 1],
							"pivot": [0.65, 8.3, 25.5],
							"rotation": [45, 0, 0],
							"uv": {
								"north": {"uv": [0, 30], "uv_size": [2, 1]},
								"east": {"uv": [8, 32], "uv_size": [1, 1]},
								"south": {"uv": [2, 30], "uv_size": [2, 1]},
								"west": {"uv": [32, 8], "uv_size": [1, 1]},
								"up": {"uv": [30, 4], "uv_size": [2, 1]},
								"down": {"uv": [30, 6], "uv_size": [2, -1]}
							}
						},
						{
							"origin": [-1.05, 15.3, 35.9],
							"size": [2.2, 0.5, 1.1],
							"pivot": [0.65, 10.1, 21.9],
							"rotation": [45, 0, 0],
							"uv": {
								"north": {"uv": [19, 29], "uv_size": [2, 1]},
								"east": {"uv": [21, 29], "uv_size": [2, 1]},
								"south": {"uv": [23, 29], "uv_size": [2, 1]},
								"west": {"uv": [25, 29], "uv_size": [2, 1]},
								"up": {"uv": [12, 25], "uv_size": [2, 2]},
								"down": {"uv": [25, 21], "uv_size": [2, -2]}
							}
						},
						{
							"origin": [-1.05, 13.1, 35.8],
							"size": [2.2, 1, 0.6],
							"pivot": [0.65, 8.3, 22.1],
							"rotation": [45, 0, 0],
							"uv": {
								"north": {"uv": [14, 28], "uv_size": [2, 1]},
								"east": {"uv": [2, 32], "uv_size": [1, 1]},
								"south": {"uv": [28, 14], "uv_size": [2, 1]},
								"west": {"uv": [3, 32], "uv_size": [1, 1]},
								"up": {"uv": [28, 15], "uv_size": [2, 1]},
								"down": {"uv": [16, 29], "uv_size": [2, -1]}
							}
						},
						{
							"origin": [-1.05, 26, 33.9],
							"size": [2.2, 0.9, 0.4],
							"pivot": [0.65, 22.5, 34.8],
							"rotation": [53, 0, 0],
							"uv": {
								"north": {"uv": [24, 12], "uv_size": [2, 2]},
								"east": {"uv": [28, 16], "uv_size": [1, 2]},
								"south": {"uv": [24, 14], "uv_size": [2, 2]},
								"west": {"uv": [18, 28], "uv_size": [1, 2]},
								"up": {"uv": [28, 18], "uv_size": [2, 1]},
								"down": {"uv": [19, 29], "uv_size": [2, -1]}
							}
						},
						{
							"origin": [-1.05, 23.9, 32.6],
							"size": [2.2, 1.1, 0.325],
							"pivot": [0.65, 20.8, 33.5],
							"rotation": [24, 0, 0],
							"uv": {
								"north": {"uv": [21, 28], "uv_size": [2, 1]},
								"east": {"uv": [4, 32], "uv_size": [1, 1]},
								"south": {"uv": [23, 28], "uv_size": [2, 1]},
								"west": {"uv": [32, 4], "uv_size": [1, 1]},
								"up": {"uv": [25, 28], "uv_size": [2, 1]},
								"down": {"uv": [27, 29], "uv_size": [2, -1]}
							}
						},
						{
							"origin": [-1.05, 10.3, 37.1],
							"size": [2.2, 0.8, 0.4],
							"pivot": [0.65, 5.4, 23.2],
							"rotation": [45, 0, 0],
							"uv": {
								"north": {"uv": [25, 30], "uv_size": [2, 1]},
								"east": {"uv": [11, 32], "uv_size": [1, 1]},
								"south": {"uv": [30, 25], "uv_size": [2, 1]},
								"west": {"uv": [32, 11], "uv_size": [1, 1]},
								"up": {"uv": [30, 26], "uv_size": [2, 1]},
								"down": {"uv": [30, 28], "uv_size": [2, -1]}
							}
						},
						{
							"origin": [-1.05, 11.8, 37.1],
							"size": [2.2, 0.4, 0.9],
							"pivot": [0.65, 6.6, 22.9],
							"rotation": [45, 0, 0],
							"uv": {
								"north": {"uv": [30, 22], "uv_size": [2, 1]},
								"east": {"uv": [23, 30], "uv_size": [2, 1]},
								"south": {"uv": [30, 23], "uv_size": [2, 1]},
								"west": {"uv": [30, 24], "uv_size": [2, 1]},
								"up": {"uv": [26, 4], "uv_size": [2, 2]},
								"down": {"uv": [26, 8], "uv_size": [2, -2]}
							}
						},
						{
							"origin": [-1.05, 20.7, 32.6],
							"size": [2.2, 0.6, 0.2],
							"pivot": [0.65, 17.6, 33.5],
							"rotation": [24, 0, 0],
							"uv": {
								"north": {"uv": [30, 19], "uv_size": [2, 1]},
								"east": {"uv": [10, 32], "uv_size": [1, 1]},
								"south": {"uv": [30, 20], "uv_size": [2, 1]},
								"west": {"uv": [32, 10], "uv_size": [0.2, 0.6]},
								"up": {"uv": [21, 30], "uv_size": [2, 1]},
								"down": {"uv": [30, 22], "uv_size": [2, -1]}
							}
						},
						{
							"origin": [-1.05, 22.5, 33.9],
							"size": [2.2, 0.9, 0.4],
							"pivot": [0.65, 19, 34.8],
							"rotation": [53, 0, 0],
							"uv": {
								"north": {"uv": [26, 2], "uv_size": [2, 2]},
								"east": {"uv": [9, 30], "uv_size": [1, 2]},
								"south": {"uv": [4, 26], "uv_size": [2, 2]},
								"west": {"uv": [18, 30], "uv_size": [1, 2]},
								"up": {"uv": [30, 18], "uv_size": [2, 1]},
								"down": {"uv": [19, 31], "uv_size": [2, -1]}
							}
						},
						{
							"origin": [-1.05, 20.9, 28],
							"size": [2.2, 0.95, 3.4],
							"uv": {
								"north": {"uv": [15, 30], "uv_size": [2, 1]},
								"east": {"uv": [28, 3], "uv_size": [3, 1]},
								"south": {"uv": [30, 15], "uv_size": [2, 1]},
								"west": {"uv": [4, 28], "uv_size": [3, 1]},
								"up": {"uv": [22, 6], "uv_size": [2, 3]},
								"down": {"uv": [12, 25], "uv_size": [2, -3]}
							}
						},
						{
							"origin": [-1.05, 10.9, 38.8],
							"size": [2.2, 0.4, 0.9],
							"pivot": [0.65, 5.5, 25.5],
							"rotation": [45, 0, 0],
							"uv": {
								"north": {"uv": [30, 12], "uv_size": [2, 1]},
								"east": {"uv": [9, 32], "uv_size": [1, 1]},
								"south": {"uv": [13, 30], "uv_size": [2, 1]},
								"west": {"uv": [32, 9], "uv_size": [1, 1]},
								"up": {"uv": [30, 13], "uv_size": [2, 1]},
								"down": {"uv": [30, 15], "uv_size": [2, -1]}
							}
						},
						{
							"origin": [-1.05, 10.475, 39.1],
							"size": [2.2, 0.425, 0.3],
							"pivot": [0.65, 5.1, 25.8],
							"rotation": [45, 0, 0],
							"uv": {
								"north": {"uv": [31, 2], "uv_size": [2, 1]},
								"east": {"uv": [13, 32], "uv_size": [1, 1]},
								"south": {"uv": [31, 3], "uv_size": [2, 1]},
								"west": {"uv": [32, 13], "uv_size": [1, 1]},
								"up": {"uv": [4, 31], "uv_size": [2, 1]},
								"down": {"uv": [6, 32], "uv_size": [2, -1]}
							}
						},
						{
							"origin": [-1.05, 10, 36.9],
							"size": [2.2, 0.3, 0.5],
							"pivot": [0.65, 5.1, 23.1],
							"rotation": [45, 0, 0],
							"uv": {
								"north": {"uv": [0, 31], "uv_size": [2, 1]},
								"east": {"uv": [12, 32], "uv_size": [1, 1]},
								"south": {"uv": [31, 0], "uv_size": [2, 1]},
								"west": {"uv": [32, 12], "uv_size": [1, 1]},
								"up": {"uv": [31, 1], "uv_size": [2, 1]},
								"down": {"uv": [2, 32], "uv_size": [2, -1]}
							}
						},
						{
							"origin": [-1.05, 6.5, 38.3],
							"size": [2.2, 0.3, 0.1],
							"pivot": [0.65, 1.6, 24.1],
							"rotation": [45, 0, 0],
							"uv": {
								"north": {"uv": [31, 16], "uv_size": [2, 1]},
								"east": {"uv": [15, 32], "uv_size": [1, 1]},
								"south": {"uv": [31, 17], "uv_size": [2, 1]},
								"west": {"uv": [32, 15], "uv_size": [1, 1]},
								"up": {"uv": [19, 31], "uv_size": [2, 1]},
								"down": {"uv": [21, 32], "uv_size": [2, -1]}
							}
						},
						{
							"origin": [-1.05, 7.3, 39.2],
							"size": [2.2, 0.2, 0.3],
							"pivot": [0.65, 1.7, 25.9],
							"rotation": [45, 0, 0],
							"uv": {
								"north": {"uv": [10, 31], "uv_size": [2, 1]},
								"east": {"uv": [14, 32], "uv_size": [1, 1]},
								"south": {"uv": [12, 31], "uv_size": [2, 1]},
								"west": {"uv": [32, 14], "uv_size": [1, 1]},
								"up": {"uv": [14, 31], "uv_size": [2, 1]},
								"down": {"uv": [16, 32], "uv_size": [2, -1]}
							}
						},
						{
							"origin": [-1.05, 18.6, 29.1],
							"size": [2.2, 0.45, 2.3],
							"uv": {
								"north": {"uv": [30, 8], "uv_size": [2, 1]},
								"east": {"uv": [30, 9], "uv_size": [2, 1]},
								"south": {"uv": [30, 10], "uv_size": [2, 1]},
								"west": {"uv": [30, 11], "uv_size": [2, 1]},
								"up": {"uv": [25, 23], "uv_size": [2, 2]},
								"down": {"uv": [25, 27], "uv_size": [2, -2]}
							}
						},
						{
							"origin": [-1.05, 22.1, 28.3],
							"size": [2.2, 2.7, 1.1],
							"pivot": [0.65, 19, 29.2],
							"rotation": [24, 0, 0],
							"uv": {
								"north": {"uv": [4, 21], "uv_size": [2, 3]},
								"east": {"uv": [9, 27], "uv_size": [1, 3]},
								"south": {"uv": [17, 21], "uv_size": [2, 3]},
								"west": {"uv": [27, 13], "uv_size": [1, 3]},
								"up": {"uv": [29, 0], "uv_size": [2, 1]},
								"down": {"uv": [29, 2], "uv_size": [2, -1]}
							}
						}
					]
				},
				{
					"name": "_ca_stock",
					"parent": "main",
					"pivot": [-0.2, 23.25, 1.275],
					"cubes": [
						{"origin": [-0.45, 24.65, 8.075], "size": [1, 1, 1], "uv": [27, 69]}
					]
				}
			]
		}
	]
}