{
	"format_version": "1.12.0",
	"minecraft:geometry": [
		{
			"description": {
				"identifier": "geometry.unknown",
				"texture_width": 256,
				"texture_height": 256,
				"visible_bounds_width": 9,
				"visible_bounds_height": 5,
				"visible_bounds_offset": [0, 0.5, 0]
			},
			"bones": [
				{
					"name": "main",
					"pivot": [0, 20, 0]
				},
				{
					"name": "_ca_stock",
					"parent": "main",
					"pivot": [-0.2, 21.35, 0.075],
					"cubes": [
						{"origin": [-0.45, 20.75, 6.775], "size": [1, 1, 1], "uv": [27, 69]}
					]
				},
				{
					"name": "stock",
					"parent": "main",
					"pivot": [0.65, 8, 23.4],
					"cubes": [
						{
							"origin": [-2.72, 19.71, 12.665],
							"size": [2.91, 2.14, 16.99],
							"inflate": -0.3,
							"pivot": [-0.88, 21.77, -6.175],
							"rotation": [0, 0, -36],
							"uv": {
								"north": {"uv": [19, 150], "uv_size": [3, 2]},
								"east": {"uv": [83, 14], "uv_size": [17, 2]},
								"south": {"uv": [150, 20], "uv_size": [3, 2]},
								"west": {"uv": [83, 27], "uv_size": [17, 2]},
								"up": {"uv": [77, 29], "uv_size": [3, 17]},
								"down": {"uv": [77, 63], "uv_size": [3, -17]}
							}
						},
						{
							"origin": [-0.17, 20.33, 12.61],
							"size": [2.12, 3.02, 17.1],
							"inflate": -0.3,
							"pivot": [0.99, 22.28, -6.175],
							"rotation": [0, 0, 36],
							"uv": {
								"north": {"uv": [70, 107], "uv_size": [2, 3]},
								"east": {"uv": [77, 63], "uv_size": [17, 3]},
								"south": {"uv": [115, 92], "uv_size": [2, 3]},
								"west": {"uv": [77, 66], "uv_size": [17, 3]},
								"up": {"uv": [52, 87], "uv_size": [2, 17]},
								"down": {"uv": [55, 106], "uv_size": [2, -17]}
							}
						},
						{
							"origin": [-1.95, 20.33, 12.61],
							"size": [2.12, 3.02, 17.1],
							"inflate": -0.3,
							"pivot": [-0.99, 22.28, -6.175],
							"rotation": [0, 0, -36],
							"uv": {
								"north": {"uv": [60, 156], "uv_size": [2, 3]},
								"east": {"uv": [74, 79], "uv_size": [17, 3]},
								"south": {"uv": [67, 156], "uv_size": [2, 3]},
								"west": {"uv": [6, 80], "uv_size": [17, 3]},
								"up": {"uv": [57, 89], "uv_size": [2, 17]},
								"down": {"uv": [59, 106], "uv_size": [2, -17]}
							}
						},
						{
							"origin": [-1.32, 19.46, 13.13],
							"size": [2.64, 2.86, 16.28],
							"uv": {
								"north": {"uv": [141, 116], "uv_size": [3, 3]},
								"east": {"uv": [80, 29], "uv_size": [16, 3]},
								"south": {"uv": [141, 119], "uv_size": [3, 3]},
								"west": {"uv": [80, 32], "uv_size": [16, 3]},
								"up": {"uv": [23, 80], "uv_size": [3, 16]},
								"down": {"uv": [26, 96], "uv_size": [3, -16]}
							}
						},
						{
							"origin": [-0.74684, 20.54844, 12.91],
							"size": [1.49, 2.86, 16.48],
							"uv": {
								"north": {"uv": [149, 165], "uv_size": [1, 3]},
								"east": {"uv": [80, 41], "uv_size": [16, 3]},
								"south": {"uv": [150, 165], "uv_size": [1, 3]},
								"west": {"uv": [80, 44], "uv_size": [16, 3]},
								"up": {"uv": [98, 124], "uv_size": [1, 16]},
								"down": {"uv": [25, 141], "uv_size": [1, -16]}
							}
						},
						{
							"origin": [-2.09, 8.46, 29.41],
							"size": [4.18, 15.07, 2.86],
							"uv": {
								"north": {"uv": [64, 71], "uv_size": [4, 15]},
								"east": {"uv": [29, 80], "uv_size": [3, 15]},
								"south": {"uv": [68, 71], "uv_size": [4, 15]},
								"west": {"uv": [80, 47], "uv_size": [3, 15]},
								"up": {"uv": [134, 104], "uv_size": [4, 3]},
								"down": {"uv": [134, 110], "uv_size": [4, -3]}
							}
						},
						{
							"origin": [-1.32, 5.49, 18.96],
							"size": [2.64, 12.87, 1.1],
							"pivot": [0.715, 13.85, 20.17],
							"rotation": [62, 0, 0],
							"uv": {
								"north": {"uv": [83, 47], "uv_size": [3, 13]},
								"east": {"uv": [122, 132], "uv_size": [1, 13]},
								"south": {"uv": [76, 85], "uv_size": [3, 13]},
								"west": {"uv": [24, 133], "uv_size": [1, 13]},
								"up": {"uv": [161, 84], "uv_size": [3, 1]},
								"down": {"uv": [161, 86], "uv_size": [3, -1]}
							}
						},
						{
							"origin": [-1.32, 8.79, 26.99],
							"size": [2.64, 1.1, 2.42],
							"uv": {
								"north": {"uv": [161, 86], "uv_size": [3, 1]},
								"east": {"uv": [6, 162], "uv_size": [2, 1]},
								"south": {"uv": [87, 161], "uv_size": [3, 1]},
								"west": {"uv": [157, 165], "uv_size": [2, 1]},
								"up": {"uv": [150, 22], "uv_size": [3, 2]},
								"down": {"uv": [150, 31], "uv_size": [3, -2]}
							}
						},
						{
							"origin": [-1.32, 14.73, 14.12],
							"size": [2.64, 5.17, 1.32],
							"pivot": [0.715, 17.92, 14.45],
							"rotation": [26, 0, 0],
							"uv": {
								"north": {"uv": [125, 114], "uv_size": [3, 5]},
								"east": {"uv": [99, 50], "uv_size": [1, 5]},
								"south": {"uv": [125, 119], "uv_size": [3, 5]},
								"west": {"uv": [98, 106], "uv_size": [1, 5]},
								"up": {"uv": [161, 87], "uv_size": [3, 1]},
								"down": {"uv": [90, 162], "uv_size": [3, -1]}
							}
						},
						{
							"origin": [-1.07, 19.38, 12.61],
							"size": [3.02, 2.03, 17.1],
							"inflate": -0.3,
							"pivot": [0.99, 20.34, -6.175],
							"rotation": [0, 0, 36],
							"uv": {
								"north": {"uv": [34, 150], "uv_size": [3, 2]},
								"east": {"uv": [89, 82], "uv_size": [17, 2]},
								"south": {"uv": [37, 150], "uv_size": [3, 2]},
								"west": {"uv": [90, 10], "uv_size": [17, 2]},
								"up": {"uv": [0, 78], "uv_size": [3, 17]},
								"down": {"uv": [3, 95], "uv_size": [3, -17]}
							}
						},
						{
							"origin": [-1.43, 19.16, 12.61],
							"size": [2.8, 1.92, 2.47],
							"inflate": -0.3,
							"uv": {
								"north": {"uv": [150, 38], "uv_size": [3, 2]},
								"east": {"uv": [156, 128], "uv_size": [2, 2]},
								"south": {"uv": [150, 40], "uv_size": [3, 2]},
								"west": {"uv": [156, 130], "uv_size": [2, 2]},
								"up": {"uv": [150, 59], "uv_size": [3, 2]},
								"down": {"uv": [60, 152], "uv_size": [3, -2]}
							}
						},
						{
							"origin": [-0.77, 11.21, 27.98],
							"size": [1.54, 8.25, 1.43],
							"uv": {
								"north": {"uv": [121, 116], "uv_size": [2, 8]},
								"east": {"uv": [43, 146], "uv_size": [1, 8]},
								"south": {"uv": [0, 122], "uv_size": [2, 8]},
								"west": {"uv": [44, 146], "uv_size": [1, 8]},
								"up": {"uv": [159, 165], "uv_size": [2, 1]},
								"down": {"uv": [161, 166], "uv_size": [2, -1]}
							}
						},
						{
							"origin": [-0.77, 11.21, 22.59],
							"size": [1.54, 1.21, 5.39],
							"uv": {
								"north": {"uv": [163, 165], "uv_size": [2, 1]},
								"east": {"uv": [156, 74], "uv_size": [5, 1]},
								"south": {"uv": [165, 165], "uv_size": [2, 1]},
								"west": {"uv": [156, 75], "uv_size": [5, 1]},
								"up": {"uv": [104, 63], "uv_size": [2, 5]},
								"down": {"uv": [138, 109], "uv_size": [2, -5]}
							}
						},
						{
							"origin": [-0.77, 9.67, 28.86],
							"size": [1.54, 1.54, 0.55],
							"uv": {
								"north": {"uv": [156, 132], "uv_size": [2, 2]},
								"east": {"uv": [0, 166], "uv_size": [1, 2]},
								"south": {"uv": [135, 156], "uv_size": [2, 2]},
								"west": {"uv": [166, 0], "uv_size": [1, 2]},
								"up": {"uv": [1, 166], "uv_size": [2, 1]},
								"down": {"uv": [3, 167], "uv_size": [2, -1]}
							}
						},
						{
							"origin": [-0.77, 9.67, 27.43],
							"size": [1.54, 0.55, 1.43],
							"uv": {
								"north": {"uv": [5, 166], "uv_size": [2, 1]},
								"east": {"uv": [168, 158], "uv_size": [1, 1]},
								"south": {"uv": [7, 166], "uv_size": [2, 1]},
								"west": {"uv": [159, 168], "uv_size": [1, 1]},
								"up": {"uv": [166, 7], "uv_size": [2, 1]},
								"down": {"uv": [166, 9], "uv_size": [2, -1]}
							}
						},
						{
							"origin": [-0.77, 4.61, 21.05],
							"size": [1.54, 13.2, 0.44],
							"pivot": [0.715, 12.64, 20.17],
							"rotation": [62, 0, 0],
							"uv": {
								"north": {"uv": [32, 101], "uv_size": [2, 13]},
								"east": {"uv": [132, 133], "uv_size": [1, 13]},
								"south": {"uv": [34, 102], "uv_size": [2, 13]},
								"west": {"uv": [74, 134], "uv_size": [1, 13]},
								"up": {"uv": [9, 166], "uv_size": [2, 1]},
								"down": {"uv": [166, 10], "uv_size": [2, -1]}
							}
						},
						{
							"origin": [-0.77, 12.86, 22.26],
							"size": [1.54, 1.43, 1.87],
							"pivot": [0.715, 19.9, 21.38],
							"rotation": [62, 0, 0],
							"uv": {
								"north": {"uv": [166, 10], "uv_size": [2, 1]},
								"east": {"uv": [11, 166], "uv_size": [2, 1]},
								"south": {"uv": [13, 166], "uv_size": [2, 1]},
								"west": {"uv": [15, 166], "uv_size": [2, 1]},
								"up": {"uv": [139, 156], "uv_size": [2, 2]},
								"down": {"uv": [147, 158], "uv_size": [2, -2]}
							}
						},
						{
							"origin": [-0.77, 18.03, 26.748],
							"size": [1.54, 1.65, 0.88],
							"uv": {
								"north": {"uv": [149, 156], "uv_size": [2, 2]},
								"east": {"uv": [17, 166], "uv_size": [1, 2]},
								"south": {"uv": [151, 156], "uv_size": [2, 2]},
								"west": {"uv": [18, 166], "uv_size": [1, 2]},
								"up": {"uv": [19, 166], "uv_size": [2, 1]},
								"down": {"uv": [21, 167], "uv_size": [2, -1]}
							}
						},
						{
							"origin": [-2.28, 20.37, 12.61],
							"size": [4.56, 2.43, 17.1],
							"inflate": -0.3,
							"uv": {
								"north": {"uv": [9, 60], "uv_size": [5, 2]},
								"east": {"uv": [90, 12], "uv_size": [17, 2]},
								"south": {"uv": [138, 94], "uv_size": [5, 2]},
								"west": {"uv": [90, 21], "uv_size": [17, 2]},
								"up": {"uv": [2, 34], "uv_size": [5, 17]},
								"down": {"uv": [34, 45], "uv_size": [5, -17]}
							}
						},
						{
							"origin": [-0.77, 18.58, 14.758],
							"size": [1.54, 1.1, 11.99],
							"uv": {
								"north": {"uv": [23, 166], "uv_size": [2, 1]},
								"east": {"uv": [133, 1], "uv_size": [12, 1]},
								"south": {"uv": [166, 23], "uv_size": [2, 1]},
								"west": {"uv": [133, 19], "uv_size": [12, 1]},
								"up": {"uv": [36, 102], "uv_size": [2, 12]},
								"down": {"uv": [102, 97], "uv_size": [2, -12]}
							}
						},
						{
							"origin": [-0.77, 16.93, 15.44],
							"size": [1.54, 1.43, 0.66],
							"pivot": [0.715, 17.92, 14.89],
							"rotation": [26, 0, 0],
							"uv": {
								"north": {"uv": [25, 166], "uv_size": [2, 1]},
								"east": {"uv": [160, 168], "uv_size": [1, 1]},
								"south": {"uv": [27, 166], "uv_size": [2, 1]},
								"west": {"uv": [161, 168], "uv_size": [1, 1]},
								"up": {"uv": [29, 166], "uv_size": [2, 1]},
								"down": {"uv": [166, 31], "uv_size": [2, -1]}
							}
						},
						{
							"origin": [-0.77, 14.84, 15.858],
							"size": [1.54, 3.74, 2.97],
							"uv": {
								"north": {"uv": [45, 146], "uv_size": [2, 4]},
								"east": {"uv": [125, 134], "uv_size": [3, 4]},
								"south": {"uv": [146, 55], "uv_size": [2, 4]},
								"west": {"uv": [0, 135], "uv_size": [3, 4]},
								"up": {"uv": [142, 149], "uv_size": [2, 3]},
								"down": {"uv": [3, 153], "uv_size": [2, -3]}
							}
						},
						{
							"origin": [-0.88, 18.14, 17.508],
							"size": [1.76, 0.77, 4.4],
							"uv": {
								"north": {"uv": [31, 166], "uv_size": [2, 1]},
								"east": {"uv": [156, 153], "uv_size": [4, 1]},
								"south": {"uv": [33, 166], "uv_size": [2, 1]},
								"west": {"uv": [156, 154], "uv_size": [4, 1]},
								"up": {"uv": [70, 146], "uv_size": [2, 4]},
								"down": {"uv": [72, 150], "uv_size": [2, -4]}
							}
						},
						{
							"origin": [-0.88, 17.48, 16.958],
							"size": [1.76, 0.77, 6.38],
							"pivot": [0.715, 6.59, 23.69],
							"rotation": [-6, 0, 0],
							"uv": {
								"north": {"uv": [35, 166], "uv_size": [2, 1]},
								"east": {"uv": [104, 96], "uv_size": [6, 1]},
								"south": {"uv": [37, 166], "uv_size": [2, 1]},
								"west": {"uv": [114, 22], "uv_size": [6, 1]},
								"up": {"uv": [3, 135], "uv_size": [2, 6]},
								"down": {"uv": [135, 116], "uv_size": [2, -6]}
							}
						},
						{
							"origin": [-0.88, 18.25, 20.698],
							"size": [1.76, 0.396, 2.585],
							"pivot": [0.715, 7.03, 23.69],
							"rotation": [-6, 0, 0],
							"uv": {
								"north": {"uv": [39, 166], "uv_size": [2, 1]},
								"east": {"uv": [161, 90], "uv_size": [3, 1]},
								"south": {"uv": [41, 166], "uv_size": [2, 1]},
								"west": {"uv": [161, 91], "uv_size": [3, 1]},
								"up": {"uv": [10, 150], "uv_size": [2, 3]},
								"down": {"uv": [22, 153], "uv_size": [2, -3]}
							}
						},
						{
							"origin": [-0.88, 16.93, 22.238],
							"size": [1.76, 1.276, 2.53],
							"pivot": [0.715, 6.59, 23.58],
							"rotation": [-6, 0, 0],
							"uv": {
								"north": {"uv": [43, 166], "uv_size": [2, 1]},
								"east": {"uv": [161, 92], "uv_size": [3, 1]},
								"south": {"uv": [45, 166], "uv_size": [2, 1]},
								"west": {"uv": [93, 161], "uv_size": [3, 1]},
								"up": {"uv": [31, 150], "uv_size": [2, 3]},
								"down": {"uv": [45, 153], "uv_size": [2, -3]}
							}
						},
						{
							"origin": [-0.88, 17.26, 17.398],
							"size": [1.76, 0.55, 1.98],
							"pivot": [0.715, 6.48, 20.83],
							"rotation": [-21, 0, 0],
							"uv": {
								"north": {"uv": [47, 166], "uv_size": [2, 1]},
								"east": {"uv": [49, 166], "uv_size": [2, 1]},
								"south": {"uv": [51, 166], "uv_size": [2, 1]},
								"west": {"uv": [53, 166], "uv_size": [2, 1]},
								"up": {"uv": [3, 157], "uv_size": [2, 2]},
								"down": {"uv": [157, 10], "uv_size": [2, -2]}
							}
						},
						{
							"origin": [-0.88, 17.92, 20.148],
							"size": [1.76, 0.396, 1.595],
							"pivot": [0.715, 6.7, 23.14],
							"rotation": [-21, 0, 0],
							"uv": {
								"north": {"uv": [166, 54], "uv_size": [2, 1]},
								"east": {"uv": [55, 166], "uv_size": [2, 1]},
								"south": {"uv": [166, 55], "uv_size": [2, 1]},
								"west": {"uv": [166, 56], "uv_size": [2, 1]},
								"up": {"uv": [9, 157], "uv_size": [2, 2]},
								"down": {"uv": [157, 12], "uv_size": [2, -2]}
							}
						},
						{
							"origin": [-0.8, 20.35, 6.9],
							"size": [2, 2.1, 9.6],
							"inflate": 0.2,
							"pivot": [-0.7, 22.35, 8],
							"rotation": [0, 0, 16],
							"uv": {
								"north": {"uv": [8, 161], "uv_size": [2, 2]},
								"east": {"uv": [111, 7], "uv_size": [10, 2]},
								"south": {"uv": [161, 9], "uv_size": [2, 2]},
								"west": {"uv": [112, 54], "uv_size": [10, 2]},
								"up": {"uv": [45, 115], "uv_size": [2, 10]},
								"down": {"uv": [52, 125], "uv_size": [2, -10]}
							}
						}
					]
				}
			]
		}
	]
}