{
	"format_version": "1.12.0",
	"minecraft:geometry": [
		{
			"description": {
				"identifier": "geometry.unknown",
				"texture_width": 128,
				"texture_height": 128,
				"visible_bounds_width": 12,
				"visible_bounds_height": 4,
				"visible_bounds_offset": [0, 1, 0]
			},
			"bones": [
				{
					"name": "main",
					"pivot": [0, 20, 0]
				},
				{
					"name": "stock",
					"parent": "main",
					"pivot": [0.65, 20.7, 9.1],
					"cubes": [
						{
							"origin": [-1.64, 20, 9.8],
							"size": [3.28, 2.4, 2.8],
							"pivot": [0.65, 20, 9.8],
							"rotation": [46, 0, 0],
							"uv": {
								"north": {"uv": [9, 107], "uv_size": [3, 2]},
								"east": {"uv": [107, 9], "uv_size": [3, 2]},
								"south": {"uv": [107, 11], "uv_size": [3, 2]},
								"west": {"uv": [107, 13], "uv_size": [3, 2]},
								"up": {"uv": [104, 28], "uv_size": [3, 3]},
								"down": {"uv": [104, 34], "uv_size": [3, -3]}
							}
						},
						{
							"origin": [-0.94, 25.7, 10.2],
							"size": [1.88, 2, 3.3],
							"pivot": [-0.35, 27.7, 10.3],
							"rotation": [-63.89325, 0, 0],
							"uv": {
								"north": {"uv": [91, 111], "uv_size": [2, 2]},
								"east": {"uv": [107, 24], "uv_size": [3, 2]},
								"south": {"uv": [94, 111], "uv_size": [2, 2]},
								"west": {"uv": [107, 26], "uv_size": [3, 2]},
								"up": {"uv": [98, 106], "uv_size": [2, 3]},
								"down": {"uv": [107, 31], "uv_size": [2, -3]}
							}
						},
						{
							"origin": [0.86, 25.7, 13.2],
							"size": [1.08, 2, 0.3],
							"pivot": [-0.35, 27.7, 10.3],
							"rotation": [-63.89325, 0, 0],
							"uv": {
								"north": {"uv": [56, 119], "uv_size": [1, 2]},
								"east": {"uv": [57, 119], "uv_size": [1, 2]},
								"south": {"uv": [58, 119], "uv_size": [1, 2]},
								"west": {"uv": [59, 119], "uv_size": [1, 2]},
								"up": {"uv": [42, 124], "uv_size": [1, 1]},
								"down": {"uv": [124, 43], "uv_size": [1, -1]}
							}
						},
						{
							"origin": [-1.94, 25.7, 13.2],
							"size": [1.08, 2, 0.3],
							"pivot": [0.35, 27.7, 10.3],
							"rotation": [-63.89325, 0, 0],
							"uv": {
								"north": {"uv": [95, 119], "uv_size": [1, 2]},
								"east": {"uv": [96, 119], "uv_size": [1, 2]},
								"south": {"uv": [97, 119], "uv_size": [1, 2]},
								"west": {"uv": [98, 119], "uv_size": [1, 2]},
								"up": {"uv": [61, 124], "uv_size": [1, 1]},
								"down": {"uv": [124, 62], "uv_size": [1, -1]}
							}
						},
						{
							"origin": [-2.05, 23.9, 9.8],
							"size": [4.1, 0.92, 1.9],
							"uv": {
								"north": {"uv": [111, 37], "uv_size": [4, 1]},
								"east": {"uv": [16, 118], "uv_size": [2, 1]},
								"south": {"uv": [111, 38], "uv_size": [4, 1]},
								"west": {"uv": [118, 17], "uv_size": [2, 1]},
								"up": {"uv": [104, 43], "uv_size": [4, 2]},
								"down": {"uv": [105, 95], "uv_size": [4, -2]}
							}
						},
						{
							"origin": [-0.45, 22.135, 11.7],
							"size": [0.9, 2.735, 1.355],
							"uv": {
								"north": {"uv": [114, 52], "uv_size": [1, 3]},
								"east": {"uv": [53, 114], "uv_size": [1, 3]},
								"south": {"uv": [54, 114], "uv_size": [1, 3]},
								"west": {"uv": [55, 114], "uv_size": [1, 3]},
								"up": {"uv": [123, 27], "uv_size": [1, 1]},
								"down": {"uv": [28, 124], "uv_size": [1, -1]}
							}
						},
						{
							"origin": [-1.35, 23.935, 26.1],
							"size": [2.7, 1.935, 8.955],
							"uv": {
								"north": {"uv": [107, 40], "uv_size": [3, 2]},
								"east": {"uv": [57, 82], "uv_size": [9, 2]},
								"south": {"uv": [47, 107], "uv_size": [3, 2]},
								"west": {"uv": [6, 83], "uv_size": [9, 2]},
								"up": {"uv": [75, 62], "uv_size": [3, 9]},
								"down": {"uv": [75, 80], "uv_size": [3, -9]}
							}
						},
						{
							"origin": [-1.65, 14.835, 32.7],
							"size": [3.3, 7.935, 2.355],
							"pivot": [1.95, 22.7, 32.7],
							"rotation": [9, 0, 0],
							"uv": {
								"north": {"uv": [26, 80], "uv_size": [3, 8]},
								"east": {"uv": [6, 65], "uv_size": [2, 8]},
								"south": {"uv": [80, 50], "uv_size": [3, 8]},
								"west": {"uv": [63, 84], "uv_size": [2, 8]},
								"up": {"uv": [107, 49], "uv_size": [3, 2]},
								"down": {"uv": [50, 109], "uv_size": [3, -2]}
							}
						},
						{
							"origin": [-1.25, 15.035, 35],
							"size": [2.5, 8.835, 1.155],
							"pivot": [1.95, 22.7, 32.7],
							"rotation": [9, 0, 0],
							"uv": {
								"north": {"uv": [31, 82], "uv_size": [2, 9]},
								"east": {"uv": [72, 102], "uv_size": [1, 9]},
								"south": {"uv": [33, 82], "uv_size": [2, 9]},
								"west": {"uv": [35, 103], "uv_size": [1, 9]},
								"up": {"uv": [78, 118], "uv_size": [2, 1]},
								"down": {"uv": [80, 119], "uv_size": [2, -1]}
							}
						},
						{
							"origin": [-1.25, 22.835, 35],
							"size": [2.5, 2.435, 1.155],
							"uv": {
								"north": {"uv": [112, 10], "uv_size": [2, 2]},
								"east": {"uv": [82, 118], "uv_size": [1, 2]},
								"south": {"uv": [12, 112], "uv_size": [2, 2]},
								"west": {"uv": [83, 118], "uv_size": [1, 2]},
								"up": {"uv": [84, 118], "uv_size": [2, 1]},
								"down": {"uv": [118, 85], "uv_size": [2, -1]}
							}
						},
						{
							"origin": [-0.4095, 22.24285, 13.021],
							"size": [0.819, 2.48885, 0.13305],
							"uv": {
								"north": {"uv": [68, 118], "uv_size": [1, 2]},
								"east": {"uv": [118, 68], "uv_size": [1, 2]},
								"south": {"uv": [69, 118], "uv_size": [1, 2]},
								"west": {"uv": [70, 118], "uv_size": [1, 2]},
								"up": {"uv": [123, 28], "uv_size": [1, 1]},
								"down": {"uv": [29, 124], "uv_size": [1, -1]}
							}
						},
						{
							"origin": [-0.36855, 22.41857, 13.0989],
							"size": [0.7371, 2.23996, 0.11975],
							"uv": {
								"north": {"uv": [71, 118], "uv_size": [1, 2]},
								"east": {"uv": [118, 71], "uv_size": [1, 2]},
								"south": {"uv": [72, 118], "uv_size": [1, 2]},
								"west": {"uv": [73, 118], "uv_size": [1, 2]},
								"up": {"uv": [123, 53], "uv_size": [1, 1]},
								"down": {"uv": [54, 124], "uv_size": [1, -1]}
							}
						},
						{
							"origin": [-0.33169, 22.57671, 13.16901],
							"size": [0.66339, 2.01597, 0.10777],
							"uv": {
								"north": {"uv": [118, 73], "uv_size": [1, 2]},
								"east": {"uv": [74, 118], "uv_size": [1, 2]},
								"south": {"uv": [76, 118], "uv_size": [1, 2]},
								"west": {"uv": [77, 118], "uv_size": [1, 2]},
								"up": {"uv": [123, 78], "uv_size": [1, 1]},
								"down": {"uv": [79, 124], "uv_size": [1, -1]}
							}
						},
						{
							"origin": [-1.55, 22, 9.8],
							"size": [3.1, 1.92, 1.9],
							"uv": {
								"north": {"uv": [107, 31], "uv_size": [3, 2]},
								"east": {"uv": [110, 111], "uv_size": [2, 2]},
								"south": {"uv": [36, 107], "uv_size": [3, 2]},
								"west": {"uv": [112, 0], "uv_size": [2, 2]},
								"up": {"uv": [107, 36], "uv_size": [3, 2]},
								"down": {"uv": [107, 40], "uv_size": [3, -2]}
							}
						},
						{
							"origin": [1.41155, 22.04261, 9.8],
							"size": [0.6, 1.9, 1.9],
							"pivot": [1.95, 23.9, 9.8],
							"rotation": [0, 0, 12],
							"uv": {
								"north": {"uv": [18, 118], "uv_size": [1, 2]},
								"east": {"uv": [111, 39], "uv_size": [2, 2]},
								"south": {"uv": [118, 18], "uv_size": [1, 2]},
								"west": {"uv": [44, 111], "uv_size": [2, 2]},
								"up": {"uv": [118, 20], "uv_size": [1, 2]},
								"down": {"uv": [118, 24], "uv_size": [1, -2]}
							}
						},
						{
							"origin": [1.41155, 23.04261, 11.6],
							"size": [0.5, 1, 14.6],
							"pivot": [1.95, 23.9, 14.1],
							"rotation": [0, 0, 12],
							"uv": {
								"north": {"uv": [123, 104], "uv_size": [1, 1]},
								"east": {"uv": [83, 87], "uv_size": [15, 1]},
								"south": {"uv": [105, 123], "uv_size": [1, 1]},
								"west": {"uv": [83, 88], "uv_size": [15, 1]},
								"up": {"uv": [40, 86], "uv_size": [1, 15]},
								"down": {"uv": [75, 101], "uv_size": [1, -15]}
							}
						},
						{
							"origin": [1.45, 24, 11.6],
							"size": [0.5, 0.62, 14.6],
							"uv": {
								"north": {"uv": [123, 103], "uv_size": [1, 1]},
								"east": {"uv": [85, 56], "uv_size": [15, 1]},
								"south": {"uv": [104, 123], "uv_size": [1, 1]},
								"west": {"uv": [86, 78], "uv_size": [15, 1]},
								"up": {"uv": [65, 84], "uv_size": [1, 15]},
								"down": {"uv": [14, 100], "uv_size": [1, -15]}
							}
						},
						{
							"origin": [-1.91155, 23.04261, 11.6],
							"size": [0.5, 1, 14.6],
							"pivot": [-1.95, 23.9, 14.1],
							"rotation": [0, 0, -12],
							"uv": {
								"north": {"uv": [123, 106], "uv_size": [1, 1]},
								"east": {"uv": [89, 75], "uv_size": [15, 1]},
								"south": {"uv": [107, 123], "uv_size": [1, 1]},
								"west": {"uv": [89, 76], "uv_size": [15, 1]},
								"up": {"uv": [11, 87], "uv_size": [1, 15]},
								"down": {"uv": [12, 102], "uv_size": [1, -15]}
							}
						},
						{
							"origin": [-1.95, 24, 11.6],
							"size": [0.5, 0.62, 14.6],
							"uv": {
								"north": {"uv": [123, 105], "uv_size": [1, 1]},
								"east": {"uv": [89, 73], "uv_size": [15, 1]},
								"south": {"uv": [106, 123], "uv_size": [1, 1]},
								"west": {"uv": [89, 74], "uv_size": [15, 1]},
								"up": {"uv": [9, 87], "uv_size": [1, 15]},
								"down": {"uv": [10, 102], "uv_size": [1, -15]}
							}
						},
						{
							"origin": [-2.01155, 22.04261, 9.8],
							"size": [0.6, 1.9, 1.9],
							"pivot": [-1.95, 23.9, 9.8],
							"rotation": [0, 0, -12],
							"uv": {
								"north": {"uv": [118, 24], "uv_size": [1, 2]},
								"east": {"uv": [46, 111], "uv_size": [2, 2]},
								"south": {"uv": [25, 118], "uv_size": [1, 2]},
								"west": {"uv": [86, 111], "uv_size": [2, 2]},
								"up": {"uv": [26, 118], "uv_size": [1, 2]},
								"down": {"uv": [27, 120], "uv_size": [1, -2]}
							}
						},
						{
							"origin": [0.24939, 25.25768, 11],
							"size": [1.8, 0.5, 0.7],
							"pivot": [2.05, 24.8, 11.8],
							"rotation": [27.88567, 0.57742, -22.35326],
							"uv": {
								"north": {"uv": [58, 118], "uv_size": [2, 1]},
								"east": {"uv": [122, 122], "uv_size": [1, 1]},
								"south": {"uv": [118, 59], "uv_size": [2, 1]},
								"west": {"uv": [0, 123], "uv_size": [1, 1]},
								"up": {"uv": [118, 60], "uv_size": [2, 1]},
								"down": {"uv": [61, 119], "uv_size": [2, -1]}
							}
						},
						{
							"origin": [0.24939, 25.35768, 10.8],
							"size": [1.8, 0.1, 0.2],
							"pivot": [2.05, 24.8, 11.8],
							"rotation": [27.88567, 0.57742, -22.35326],
							"uv": {
								"north": {"uv": [118, 45], "uv_size": [2, 1]},
								"east": {"uv": [117, 122], "uv_size": [1, 1]},
								"south": {"uv": [118, 46], "uv_size": [2, 1]},
								"west": {"uv": [122, 117], "uv_size": [1, 1]},
								"up": {"uv": [118, 47], "uv_size": [2, 1]},
								"down": {"uv": [118, 49], "uv_size": [2, -1]}
							}
						},
						{
							"origin": [0.24939, 25.45768, 10.5],
							"size": [1.8, 0.2, 0.5],
							"pivot": [2.05, 24.8, 11.8],
							"rotation": [27.88567, 0.57742, -22.35326],
							"uv": {
								"north": {"uv": [118, 42], "uv_size": [2, 1]},
								"east": {"uv": [116, 122], "uv_size": [1, 1]},
								"south": {"uv": [118, 43], "uv_size": [2, 1]},
								"west": {"uv": [122, 116], "uv_size": [1, 1]},
								"up": {"uv": [44, 118], "uv_size": [2, 1]},
								"down": {"uv": [118, 45], "uv_size": [2, -1]}
							}
						},
						{
							"origin": [-2.04939, 25.2, 10.9],
							"size": [1.8, 0.06, 0.1],
							"pivot": [-2.05, 24.8, 11.8],
							"rotation": [27.90955, -2.34503, 21.41721],
							"uv": {
								"north": {"uv": [118, 27], "uv_size": [2, 1]},
								"east": {"uv": [109, 122], "uv_size": [1, 1]},
								"south": {"uv": [28, 118], "uv_size": [2, 1]},
								"west": {"uv": [122, 109], "uv_size": [1, 1]},
								"up": {"uv": [118, 28], "uv_size": [2, 1]},
								"down": {"uv": [118, 30], "uv_size": [2, -1]}
							}
						},
						{
							"origin": [-0.395, 27.7, 9.8],
							"size": [0.825, 0.615, 0.3],
							"uv": {
								"north": {"uv": [110, 122], "uv_size": [1, 1]},
								"east": {"uv": [122, 110], "uv_size": [1, 1]},
								"south": {"uv": [111, 122], "uv_size": [1, 1]},
								"west": {"uv": [122, 111], "uv_size": [1, 1]},
								"up": {"uv": [112, 122], "uv_size": [1, 1]},
								"down": {"uv": [122, 113], "uv_size": [1, -1]}
							}
						},
						{
							"origin": [-0.395, 27.7, 9.8],
							"size": [0.825, 0.615, 0.3],
							"pivot": [-0.05, 28.3, 10.1],
							"rotation": [18, 0, 0],
							"uv": {
								"north": {"uv": [123, 108], "uv_size": [1, 1]},
								"east": {"uv": [109, 123], "uv_size": [1, 1]},
								"south": {"uv": [123, 109], "uv_size": [1, 1]},
								"west": {"uv": [110, 123], "uv_size": [1, 1]},
								"up": {"uv": [123, 110], "uv_size": [1, 1]},
								"down": {"uv": [111, 124], "uv_size": [1, -1]}
							}
						},
						{
							"origin": [-1.09347, 24.30989, 11.657],
							"size": [1.098, 0.854, 1.396],
							"pivot": [-1.1065, 24.321, 25.619],
							"rotation": [0, 0, 49],
							"uv": {
								"north": {"uv": [123, 12], "uv_size": [1, 1]},
								"east": {"uv": [13, 123], "uv_size": [1, 1]},
								"south": {"uv": [123, 13], "uv_size": [1, 1]},
								"west": {"uv": [14, 123], "uv_size": [1, 1]},
								"up": {"uv": [123, 14], "uv_size": [1, 1]},
								"down": {"uv": [15, 124], "uv_size": [1, -1]}
							}
						},
						{
							"origin": [-1.4725, 23.101, 11.657],
							"size": [1.298, 0.854, 1.396],
							"pivot": [-0.0695, 22.918, 22.081],
							"rotation": [0, 0, 17],
							"uv": {
								"north": {"uv": [123, 9], "uv_size": [1, 1]},
								"east": {"uv": [10, 123], "uv_size": [1, 1]},
								"south": {"uv": [123, 10], "uv_size": [1, 1]},
								"west": {"uv": [11, 123], "uv_size": [1, 1]},
								"up": {"uv": [123, 11], "uv_size": [1, 1]},
								"down": {"uv": [12, 124], "uv_size": [1, -1]}
							}
						},
						{
							"origin": [-0.00453, 24.30989, 11.657],
							"size": [1.098, 0.854, 1.396],
							"pivot": [1.1065, 24.321, 25.619],
							"rotation": [0, 0, -49],
							"uv": {
								"north": {"uv": [123, 6], "uv_size": [1, 1]},
								"east": {"uv": [7, 123], "uv_size": [1, 1]},
								"south": {"uv": [123, 7], "uv_size": [1, 1]},
								"west": {"uv": [8, 123], "uv_size": [1, 1]},
								"up": {"uv": [123, 8], "uv_size": [1, 1]},
								"down": {"uv": [9, 124], "uv_size": [1, -1]}
							}
						},
						{
							"origin": [0.3745, 23.101, 11.657],
							"size": [1.098, 0.854, 1.396],
							"pivot": [0.0695, 22.918, 22.081],
							"rotation": [0, 0, -17],
							"uv": {
								"north": {"uv": [123, 3], "uv_size": [1, 1]},
								"east": {"uv": [4, 123], "uv_size": [1, 1]},
								"south": {"uv": [123, 4], "uv_size": [1, 1]},
								"west": {"uv": [5, 123], "uv_size": [1, 1]},
								"up": {"uv": [123, 5], "uv_size": [1, 1]},
								"down": {"uv": [6, 124], "uv_size": [1, -1]}
							}
						},
						{
							"origin": [0.3745, 23.045, 11.657],
							"size": [1.098, 0.854, 1.396],
							"pivot": [0.0695, 24.082, 22.081],
							"rotation": [0, 0, 17],
							"uv": {
								"north": {"uv": [123, 24], "uv_size": [1, 1]},
								"east": {"uv": [25, 123], "uv_size": [1, 1]},
								"south": {"uv": [123, 25], "uv_size": [1, 1]},
								"west": {"uv": [26, 123], "uv_size": [1, 1]},
								"up": {"uv": [123, 26], "uv_size": [1, 1]},
								"down": {"uv": [27, 124], "uv_size": [1, -1]}
							}
						},
						{
							"origin": [-0.00453, 21.83611, 11.657],
							"size": [1.098, 0.854, 1.396],
							"pivot": [1.1065, 22.679, 25.619],
							"rotation": [0, 0, 49],
							"uv": {
								"north": {"uv": [123, 21], "uv_size": [1, 1]},
								"east": {"uv": [22, 123], "uv_size": [1, 1]},
								"south": {"uv": [123, 22], "uv_size": [1, 1]},
								"west": {"uv": [23, 123], "uv_size": [1, 1]},
								"up": {"uv": [123, 23], "uv_size": [1, 1]},
								"down": {"uv": [24, 124], "uv_size": [1, -1]}
							}
						},
						{
							"origin": [-1.09347, 21.83611, 11.657],
							"size": [1.098, 0.854, 1.396],
							"pivot": [-1.1065, 22.679, 25.619],
							"rotation": [0, 0, -49],
							"uv": {
								"north": {"uv": [123, 18], "uv_size": [1, 1]},
								"east": {"uv": [19, 123], "uv_size": [1, 1]},
								"south": {"uv": [123, 19], "uv_size": [1, 1]},
								"west": {"uv": [20, 123], "uv_size": [1, 1]},
								"up": {"uv": [123, 20], "uv_size": [1, 1]},
								"down": {"uv": [21, 124], "uv_size": [1, -1]}
							}
						},
						{
							"origin": [-1.4725, 23.045, 11.657],
							"size": [1.298, 0.854, 1.396],
							"pivot": [-0.0695, 24.082, 22.081],
							"rotation": [0, 0, -17],
							"uv": {
								"north": {"uv": [123, 15], "uv_size": [1, 1]},
								"east": {"uv": [16, 123], "uv_size": [1, 1]},
								"south": {"uv": [123, 16], "uv_size": [1, 1]},
								"west": {"uv": [17, 123], "uv_size": [1, 1]},
								"up": {"uv": [123, 17], "uv_size": [1, 1]},
								"down": {"uv": [18, 124], "uv_size": [1, -1]}
							}
						},
						{
							"origin": [0.3408, 23.12191, 12.98187],
							"size": [0.99918, 0.77714, 0.17036],
							"pivot": [0.06324, 22.95538, 22.46771],
							"rotation": [0, 0, -17],
							"uv": {
								"north": {"uv": [123, 50], "uv_size": [1, 1]},
								"east": {"uv": [51, 123], "uv_size": [1, 1]},
								"south": {"uv": [123, 51], "uv_size": [1, 1]},
								"west": {"uv": [52, 123], "uv_size": [1, 1]},
								"up": {"uv": [123, 52], "uv_size": [1, 1]},
								"down": {"uv": [53, 124], "uv_size": [1, -1]}
							}
						},
						{
							"origin": [-0.00412, 24.222, 12.98187],
							"size": [0.99918, 0.77714, 0.17036],
							"pivot": [1.00691, 24.23211, 25.68729],
							"rotation": [0, 0, -49],
							"uv": {
								"north": {"uv": [123, 47], "uv_size": [1, 1]},
								"east": {"uv": [48, 123], "uv_size": [1, 1]},
								"south": {"uv": [123, 48], "uv_size": [1, 1]},
								"west": {"uv": [49, 123], "uv_size": [1, 1]},
								"up": {"uv": [123, 49], "uv_size": [1, 1]},
								"down": {"uv": [50, 124], "uv_size": [1, -1]}
							}
						},
						{
							"origin": [-1.33997, 23.12191, 12.98187],
							"size": [1.18118, 0.77714, 0.17036],
							"pivot": [-0.06324, 22.95538, 22.46771],
							"rotation": [0, 0, 17],
							"uv": {
								"north": {"uv": [123, 44], "uv_size": [1, 1]},
								"east": {"uv": [45, 123], "uv_size": [1, 1]},
								"south": {"uv": [123, 45], "uv_size": [1, 1]},
								"west": {"uv": [46, 123], "uv_size": [1, 1]},
								"up": {"uv": [123, 46], "uv_size": [1, 1]},
								"down": {"uv": [47, 124], "uv_size": [1, -1]}
							}
						},
						{
							"origin": [-0.99506, 24.222, 12.98187],
							"size": [0.99918, 0.77714, 0.17036],
							"pivot": [-1.00691, 24.23211, 25.68729],
							"rotation": [0, 0, 49],
							"uv": {
								"north": {"uv": [123, 41], "uv_size": [1, 1]},
								"east": {"uv": [42, 123], "uv_size": [1, 1]},
								"south": {"uv": [123, 42], "uv_size": [1, 1]},
								"west": {"uv": [43, 123], "uv_size": [1, 1]},
								"up": {"uv": [123, 43], "uv_size": [1, 1]},
								"down": {"uv": [44, 124], "uv_size": [1, -1]}
							}
						},
						{
							"origin": [-1.33997, 23.07095, 12.98187],
							"size": [1.18118, 0.77714, 0.17036],
							"pivot": [-0.06324, 24.01462, 22.46771],
							"rotation": [0, 0, -17],
							"uv": {
								"north": {"uv": [123, 38], "uv_size": [1, 1]},
								"east": {"uv": [39, 123], "uv_size": [1, 1]},
								"south": {"uv": [123, 39], "uv_size": [1, 1]},
								"west": {"uv": [40, 123], "uv_size": [1, 1]},
								"up": {"uv": [123, 40], "uv_size": [1, 1]},
								"down": {"uv": [41, 124], "uv_size": [1, -1]}
							}
						},
						{
							"origin": [-0.99506, 21.97086, 12.98187],
							"size": [0.99918, 0.77714, 0.17036],
							"pivot": [-1.00691, 22.73789, 25.68729],
							"rotation": [0, 0, -49],
							"uv": {
								"north": {"uv": [123, 35], "uv_size": [1, 1]},
								"east": {"uv": [36, 123], "uv_size": [1, 1]},
								"south": {"uv": [123, 36], "uv_size": [1, 1]},
								"west": {"uv": [37, 123], "uv_size": [1, 1]},
								"up": {"uv": [123, 37], "uv_size": [1, 1]},
								"down": {"uv": [38, 124], "uv_size": [1, -1]}
							}
						},
						{
							"origin": [-0.00412, 21.97086, 12.98187],
							"size": [0.99918, 0.77714, 0.17036],
							"pivot": [1.00691, 22.73789, 25.68729],
							"rotation": [0, 0, 49],
							"uv": {
								"north": {"uv": [123, 32], "uv_size": [1, 1]},
								"east": {"uv": [33, 123], "uv_size": [1, 1]},
								"south": {"uv": [123, 33], "uv_size": [1, 1]},
								"west": {"uv": [34, 123], "uv_size": [1, 1]},
								"up": {"uv": [123, 34], "uv_size": [1, 1]},
								"down": {"uv": [35, 124], "uv_size": [1, -1]}
							}
						},
						{
							"origin": [0.3408, 23.07095, 12.98187],
							"size": [0.99918, 0.77714, 0.17036],
							"pivot": [0.06324, 24.01462, 22.46771],
							"rotation": [0, 0, 17],
							"uv": {
								"north": {"uv": [123, 29], "uv_size": [1, 1]},
								"east": {"uv": [30, 123], "uv_size": [1, 1]},
								"south": {"uv": [123, 30], "uv_size": [1, 1]},
								"west": {"uv": [31, 123], "uv_size": [1, 1]},
								"up": {"uv": [123, 31], "uv_size": [1, 1]},
								"down": {"uv": [32, 124], "uv_size": [1, -1]}
							}
						},
						{
							"origin": [0.30672, 23.20972, 13.06368],
							"size": [0.89926, 0.69943, 0.15332],
							"pivot": [0.05692, 23.05984, 21.60094],
							"rotation": [0, 0, -17],
							"uv": {
								"north": {"uv": [123, 75], "uv_size": [1, 1]},
								"east": {"uv": [76, 123], "uv_size": [1, 1]},
								"south": {"uv": [123, 76], "uv_size": [1, 1]},
								"west": {"uv": [77, 123], "uv_size": [1, 1]},
								"up": {"uv": [123, 77], "uv_size": [1, 1]},
								"down": {"uv": [78, 124], "uv_size": [1, -1]}
							}
						},
						{
							"origin": [-0.00371, 24.1998, 13.06368],
							"size": [0.89926, 0.69943, 0.15332],
							"pivot": [0.90622, 24.2089, 24.49856],
							"rotation": [0, 0, -49],
							"uv": {
								"north": {"uv": [123, 72], "uv_size": [1, 1]},
								"east": {"uv": [73, 123], "uv_size": [1, 1]},
								"south": {"uv": [123, 73], "uv_size": [1, 1]},
								"west": {"uv": [74, 123], "uv_size": [1, 1]},
								"up": {"uv": [123, 74], "uv_size": [1, 1]},
								"down": {"uv": [75, 124], "uv_size": [1, -1]}
							}
						},
						{
							"origin": [-1.20598, 23.20972, 13.06368],
							"size": [1.06306, 0.69943, 0.15332],
							"pivot": [-0.05692, 23.05984, 21.60094],
							"rotation": [0, 0, 17],
							"uv": {
								"north": {"uv": [123, 69], "uv_size": [1, 1]},
								"east": {"uv": [70, 123], "uv_size": [1, 1]},
								"south": {"uv": [123, 70], "uv_size": [1, 1]},
								"west": {"uv": [71, 123], "uv_size": [1, 1]},
								"up": {"uv": [123, 71], "uv_size": [1, 1]},
								"down": {"uv": [72, 124], "uv_size": [1, -1]}
							}
						},
						{
							"origin": [-0.89555, 24.1998, 13.06368],
							"size": [0.89926, 0.69943, 0.15332],
							"pivot": [-0.90622, 24.2089, 24.49856],
							"rotation": [0, 0, 49],
							"uv": {
								"north": {"uv": [123, 66], "uv_size": [1, 1]},
								"east": {"uv": [67, 123], "uv_size": [1, 1]},
								"south": {"uv": [123, 67], "uv_size": [1, 1]},
								"west": {"uv": [68, 123], "uv_size": [1, 1]},
								"up": {"uv": [123, 68], "uv_size": [1, 1]},
								"down": {"uv": [69, 124], "uv_size": [1, -1]}
							}
						},
						{
							"origin": [-1.20598, 23.16386, 13.06368],
							"size": [1.06306, 0.69943, 0.15332],
							"pivot": [-0.05692, 24.01316, 21.60094],
							"rotation": [0, 0, -17],
							"uv": {
								"north": {"uv": [123, 63], "uv_size": [1, 1]},
								"east": {"uv": [64, 123], "uv_size": [1, 1]},
								"south": {"uv": [123, 64], "uv_size": [1, 1]},
								"west": {"uv": [65, 123], "uv_size": [1, 1]},
								"up": {"uv": [123, 65], "uv_size": [1, 1]},
								"down": {"uv": [66, 124], "uv_size": [1, -1]}
							}
						},
						{
							"origin": [-0.89555, 22.17378, 13.06368],
							"size": [0.89926, 0.69943, 0.15332],
							"pivot": [-0.90622, 22.8641, 24.49856],
							"rotation": [0, 0, -49],
							"uv": {
								"north": {"uv": [123, 60], "uv_size": [1, 1]},
								"east": {"uv": [61, 123], "uv_size": [1, 1]},
								"south": {"uv": [123, 61], "uv_size": [1, 1]},
								"west": {"uv": [62, 123], "uv_size": [1, 1]},
								"up": {"uv": [123, 62], "uv_size": [1, 1]},
								"down": {"uv": [63, 124], "uv_size": [1, -1]}
							}
						},
						{
							"origin": [-0.00371, 22.17378, 13.06368],
							"size": [0.89926, 0.69943, 0.15332],
							"pivot": [0.90622, 22.8641, 24.49856],
							"rotation": [0, 0, 49],
							"uv": {
								"north": {"uv": [123, 57], "uv_size": [1, 1]},
								"east": {"uv": [58, 123], "uv_size": [1, 1]},
								"south": {"uv": [123, 58], "uv_size": [1, 1]},
								"west": {"uv": [59, 123], "uv_size": [1, 1]},
								"up": {"uv": [123, 59], "uv_size": [1, 1]},
								"down": {"uv": [60, 124], "uv_size": [1, -1]}
							}
						},
						{
							"origin": [0.30672, 23.16386, 13.06368],
							"size": [0.89926, 0.69943, 0.15332],
							"pivot": [0.05692, 24.01316, 21.60094],
							"rotation": [0, 0, 17],
							"uv": {
								"north": {"uv": [123, 54], "uv_size": [1, 1]},
								"east": {"uv": [55, 123], "uv_size": [1, 1]},
								"south": {"uv": [123, 55], "uv_size": [1, 1]},
								"west": {"uv": [56, 123], "uv_size": [1, 1]},
								"up": {"uv": [123, 56], "uv_size": [1, 1]},
								"down": {"uv": [57, 124], "uv_size": [1, -1]}
							}
						},
						{
							"origin": [0.27604, 23.28875, 13.13731],
							"size": [0.80934, 0.62948, 0.13799],
							"pivot": [0.05123, 23.15386, 20.82085],
							"rotation": [0, 0, -17],
							"uv": {
								"north": {"uv": [123, 100], "uv_size": [1, 1]},
								"east": {"uv": [101, 123], "uv_size": [1, 1]},
								"south": {"uv": [123, 101], "uv_size": [1, 1]},
								"west": {"uv": [102, 123], "uv_size": [1, 1]},
								"up": {"uv": [123, 102], "uv_size": [1, 1]},
								"down": {"uv": [103, 124], "uv_size": [1, -1]}
							}
						},
						{
							"origin": [-1.08538, 23.28875, 13.13731],
							"size": [0.95676, 0.62948, 0.13799],
							"pivot": [-0.05123, 23.15386, 20.82085],
							"rotation": [0, 0, 17],
							"uv": {
								"north": {"uv": [123, 94], "uv_size": [1, 1]},
								"east": {"uv": [95, 123], "uv_size": [1, 1]},
								"south": {"uv": [123, 95], "uv_size": [1, 1]},
								"west": {"uv": [96, 123], "uv_size": [1, 1]},
								"up": {"uv": [123, 96], "uv_size": [1, 1]},
								"down": {"uv": [97, 124], "uv_size": [1, -1]}
							}
						},
						{
							"origin": [-0.80599, 24.17982, 13.13731],
							"size": [0.80934, 0.62948, 0.13799],
							"pivot": [-0.8156, 24.18801, 23.4287],
							"rotation": [0, 0, 49],
							"uv": {
								"north": {"uv": [123, 91], "uv_size": [1, 1]},
								"east": {"uv": [92, 123], "uv_size": [1, 1]},
								"south": {"uv": [123, 92], "uv_size": [1, 1]},
								"west": {"uv": [93, 123], "uv_size": [1, 1]},
								"up": {"uv": [123, 93], "uv_size": [1, 1]},
								"down": {"uv": [94, 124], "uv_size": [1, -1]}
							}
						},
						{
							"origin": [-1.08538, 23.24747, 13.13731],
							"size": [0.95676, 0.62948, 0.13799],
							"pivot": [-0.05123, 24.01184, 20.82085],
							"rotation": [0, 0, -17],
							"uv": {
								"north": {"uv": [123, 88], "uv_size": [1, 1]},
								"east": {"uv": [89, 123], "uv_size": [1, 1]},
								"south": {"uv": [123, 89], "uv_size": [1, 1]},
								"west": {"uv": [90, 123], "uv_size": [1, 1]},
								"up": {"uv": [123, 90], "uv_size": [1, 1]},
								"down": {"uv": [91, 124], "uv_size": [1, -1]}
							}
						},
						{
							"origin": [-0.80599, 22.3564, 13.13731],
							"size": [0.80934, 0.62948, 0.13799],
							"pivot": [-0.8156, 22.97769, 23.4287],
							"rotation": [0, 0, -49],
							"uv": {
								"north": {"uv": [123, 85], "uv_size": [1, 1]},
								"east": {"uv": [86, 123], "uv_size": [1, 1]},
								"south": {"uv": [123, 86], "uv_size": [1, 1]},
								"west": {"uv": [87, 123], "uv_size": [1, 1]},
								"up": {"uv": [123, 87], "uv_size": [1, 1]},
								"down": {"uv": [88, 124], "uv_size": [1, -1]}
							}
						},
						{
							"origin": [-0.00334, 22.3564, 13.13731],
							"size": [0.80934, 0.62948, 0.13799],
							"pivot": [0.8156, 22.97769, 23.4287],
							"rotation": [0, 0, 49],
							"uv": {
								"north": {"uv": [123, 82], "uv_size": [1, 1]},
								"east": {"uv": [83, 123], "uv_size": [1, 1]},
								"south": {"uv": [123, 83], "uv_size": [1, 1]},
								"west": {"uv": [84, 123], "uv_size": [1, 1]},
								"up": {"uv": [123, 84], "uv_size": [1, 1]},
								"down": {"uv": [85, 124], "uv_size": [1, -1]}
							}
						},
						{
							"origin": [0.27604, 23.24747, 13.13731],
							"size": [0.80934, 0.62948, 0.13799],
							"pivot": [0.05123, 24.01184, 20.82085],
							"rotation": [0, 0, 17],
							"uv": {
								"north": {"uv": [123, 79], "uv_size": [1, 1]},
								"east": {"uv": [80, 123], "uv_size": [1, 1]},
								"south": {"uv": [123, 80], "uv_size": [1, 1]},
								"west": {"uv": [81, 123], "uv_size": [1, 1]},
								"up": {"uv": [123, 81], "uv_size": [1, 1]},
								"down": {"uv": [82, 124], "uv_size": [1, -1]}
							}
						},
						{
							"origin": [0.42807, 24.24592, 26.1],
							"size": [1.8, 1.8, 9],
							"pivot": [2.25, 24.2, 28.4],
							"rotation": [0, 0, -27],
							"uv": {
								"north": {"uv": [112, 2], "uv_size": [2, 2]},
								"east": {"uv": [58, 16], "uv_size": [9, 2]},
								"south": {"uv": [112, 8], "uv_size": [2, 2]},
								"west": {"uv": [81, 81], "uv_size": [9, 2]},
								"up": {"uv": [6, 56], "uv_size": [2, 9]},
								"down": {"uv": [29, 91], "uv_size": [2, -9]}
							}
						},
						{
							"origin": [-2.22807, 24.24592, 26.1],
							"size": [1.8, 1.8, 9],
							"pivot": [-2.25, 24.2, 28.4],
							"rotation": [0, 0, 27],
							"uv": {
								"north": {"uv": [112, 12], "uv_size": [2, 2]},
								"east": {"uv": [83, 40], "uv_size": [9, 2]},
								"south": {"uv": [14, 112], "uv_size": [2, 2]},
								"west": {"uv": [83, 42], "uv_size": [9, 2]},
								"up": {"uv": [43, 82], "uv_size": [2, 9]},
								"down": {"uv": [66, 91], "uv_size": [2, -9]}
							}
						},
						{
							"origin": [-1.65, 20.135, 31.8],
							"size": [3.3, 1.535, 0.355],
							"pivot": [1.95, 24.7, 31.8],
							"rotation": [16, 0, 0],
							"uv": {
								"north": {"uv": [60, 107], "uv_size": [3, 2]},
								"east": {"uv": [86, 118], "uv_size": [1, 2]},
								"south": {"uv": [107, 60], "uv_size": [3, 2]},
								"west": {"uv": [90, 118], "uv_size": [1, 2]},
								"up": {"uv": [114, 55], "uv_size": [3, 1]},
								"down": {"uv": [56, 115], "uv_size": [3, -1]}
							}
						},
						{
							"origin": [-1.65, 19.035, 29],
							"size": [3.3, 1.335, 0.555],
							"pivot": [1.95, 23.4, 29],
							"rotation": [64, 0, 0],
							"uv": {
								"north": {"uv": [114, 56], "uv_size": [3, 1]},
								"east": {"uv": [123, 114], "uv_size": [1, 1]},
								"south": {"uv": [114, 58], "uv_size": [3, 1]},
								"west": {"uv": [115, 123], "uv_size": [1, 1]},
								"up": {"uv": [114, 59], "uv_size": [3, 1]},
								"down": {"uv": [114, 61], "uv_size": [3, -1]}
							}
						},
						{
							"origin": [0.46634, 21.9598, 26.1],
							"size": [1.8, 2.3, 9],
							"pivot": [2.15, 24.3, 28.4],
							"rotation": [0, 0, 15],
							"uv": {
								"north": {"uv": [112, 14], "uv_size": [2, 2]},
								"east": {"uv": [83, 44], "uv_size": [9, 2]},
								"south": {"uv": [112, 16], "uv_size": [2, 2]},
								"west": {"uv": [83, 46], "uv_size": [9, 2]},
								"up": {"uv": [83, 48], "uv_size": [2, 9]},
								"down": {"uv": [81, 92], "uv_size": [2, -9]}
							}
						},
						{
							"origin": [-1.65, 22.035, 26.1],
							"size": [3.3, 1.935, 8.955],
							"uv": {
								"north": {"uv": [107, 62], "uv_size": [3, 2]},
								"east": {"uv": [83, 83], "uv_size": [9, 2]},
								"south": {"uv": [107, 64], "uv_size": [3, 2]},
								"west": {"uv": [84, 0], "uv_size": [9, 2]},
								"up": {"uv": [76, 0], "uv_size": [3, 9]},
								"down": {"uv": [77, 18], "uv_size": [3, -9]}
							}
						},
						{
							"origin": [-2.26634, 21.9598, 26.1],
							"size": [1.8, 2.3, 9],
							"pivot": [-2.15, 24.3, 28.4],
							"rotation": [0, 0, -15],
							"uv": {
								"north": {"uv": [112, 18], "uv_size": [2, 2]},
								"east": {"uv": [84, 2], "uv_size": [9, 2]},
								"south": {"uv": [22, 112], "uv_size": [2, 2]},
								"west": {"uv": [84, 10], "uv_size": [9, 2]},
								"up": {"uv": [0, 84], "uv_size": [2, 9]},
								"down": {"uv": [2, 93], "uv_size": [2, -9]}
							}
						},
						{
							"origin": [-0.00334, 24.17982, 13.13731],
							"size": [0.80934, 0.62948, 0.13799],
							"pivot": [0.8156, 24.18801, 23.4287],
							"rotation": [0, 0, -49],
							"uv": {
								"north": {"uv": [123, 97], "uv_size": [1, 1]},
								"east": {"uv": [98, 123], "uv_size": [1, 1]},
								"south": {"uv": [123, 98], "uv_size": [1, 1]},
								"west": {"uv": [99, 123], "uv_size": [1, 1]},
								"up": {"uv": [123, 99], "uv_size": [1, 1]},
								"down": {"uv": [100, 124], "uv_size": [1, -1]}
							}
						}
					]
				},
				{
					"name": "bone27",
					"parent": "stock",
					"pivot": [2.05, 24.82, 11.7],
					"rotation": [0, 0, 6],
					"cubes": [
						{
							"origin": [0.06, 27.1, 10.3],
							"size": [0.78, 0.6, 3.1],
							"pivot": [0.85, 27.7, 10.2],
							"rotation": [-63.89325, 12.74623, -16.82999],
							"uv": {
								"north": {"uv": [105, 122], "uv_size": [1, 1]},
								"east": {"uv": [114, 36], "uv_size": [3, 1]},
								"south": {"uv": [122, 105], "uv_size": [1, 1]},
								"west": {"uv": [114, 41], "uv_size": [3, 1]},
								"up": {"uv": [43, 114], "uv_size": [1, 3]},
								"down": {"uv": [48, 117], "uv_size": [1, -3]}
							}
						},
						{
							"origin": [0.24939, 25.75768, 10.7],
							"size": [1.8, 1.3, 1],
							"pivot": [2.05, 24.8, 11.8],
							"rotation": [27.88567, 0.57742, -22.35326],
							"uv": {
								"north": {"uv": [118, 55], "uv_size": [2, 1]},
								"east": {"uv": [121, 122], "uv_size": [1, 1]},
								"south": {"uv": [56, 118], "uv_size": [2, 1]},
								"west": {"uv": [122, 121], "uv_size": [1, 1]},
								"up": {"uv": [118, 56], "uv_size": [2, 1]},
								"down": {"uv": [118, 58], "uv_size": [2, -1]}
							}
						},
						{
							"origin": [1.74939, 24.75768, 9.8],
							"size": [0.3, 2.9, 0.5],
							"pivot": [2.05, 24.8, 11.8],
							"rotation": [0, 0.57742, -22.35326],
							"uv": {
								"north": {"uv": [49, 114], "uv_size": [1, 3]},
								"east": {"uv": [50, 114], "uv_size": [1, 3]},
								"south": {"uv": [51, 114], "uv_size": [1, 3]},
								"west": {"uv": [52, 114], "uv_size": [1, 3]},
								"up": {"uv": [123, 2], "uv_size": [1, 1]},
								"down": {"uv": [3, 124], "uv_size": [1, -1]}
							}
						},
						{
							"origin": [0.24939, 25.75768, 11.2],
							"size": [1.8, 2.3, 0.5],
							"pivot": [2.05, 24.8, 11.8],
							"rotation": [25.88567, 0.57742, -22.35326],
							"uv": {
								"north": {"uv": [111, 98], "uv_size": [2, 2]},
								"east": {"uv": [42, 118], "uv_size": [1, 2]},
								"south": {"uv": [100, 111], "uv_size": [2, 2]},
								"west": {"uv": [46, 118], "uv_size": [1, 2]},
								"up": {"uv": [118, 53], "uv_size": [2, 1]},
								"down": {"uv": [118, 55], "uv_size": [2, -1]}
							}
						},
						{
							"origin": [0.24939, 25.65768, 10.1],
							"size": [1.8, 0.1, 0.9],
							"pivot": [2.05, 24.8, 11.8],
							"rotation": [27.88567, 0.57742, -22.35326],
							"uv": {
								"north": {"uv": [118, 35], "uv_size": [2, 1]},
								"east": {"uv": [115, 122], "uv_size": [1, 1]},
								"south": {"uv": [118, 39], "uv_size": [2, 1]},
								"west": {"uv": [122, 115], "uv_size": [1, 1]},
								"up": {"uv": [40, 118], "uv_size": [2, 1]},
								"down": {"uv": [118, 41], "uv_size": [2, -1]}
							}
						},
						{
							"origin": [0.24939, 24.75768, 9.8],
							"size": [1.8, 0.5, 1.7],
							"pivot": [2.05, 24.8, 11.8],
							"rotation": [0, 0.57742, -22.35326],
							"uv": {
								"north": {"uv": [118, 49], "uv_size": [2, 1]},
								"east": {"uv": [118, 50], "uv_size": [2, 1]},
								"south": {"uv": [118, 51], "uv_size": [2, 1]},
								"west": {"uv": [118, 52], "uv_size": [2, 1]},
								"up": {"uv": [111, 96], "uv_size": [2, 2]},
								"down": {"uv": [98, 113], "uv_size": [2, -2]}
							}
						},
						{
							"origin": [1.96, 22.81896, 11.36],
							"size": [0.08, 2, 0.3],
							"pivot": [2.05, 24.8, 11.7],
							"rotation": [-64.66978, 6.53972, -13.52888],
							"uv": {
								"north": {"uv": [118, 61], "uv_size": [1, 2]},
								"east": {"uv": [63, 118], "uv_size": [1, 2]},
								"south": {"uv": [118, 63], "uv_size": [1, 2]},
								"west": {"uv": [64, 118], "uv_size": [1, 2]},
								"up": {"uv": [123, 0], "uv_size": [1, 1]},
								"down": {"uv": [1, 124], "uv_size": [1, -1]}
							}
						},
						{
							"origin": [1.74636, 24.85768, 11.49998],
							"size": [0.3, 0.3, 0.2],
							"pivot": [2.05, 24.8, 11.7],
							"rotation": [21, 0.57742, -22.35326],
							"uv": {
								"north": {"uv": [118, 122], "uv_size": [1, 1]},
								"east": {"uv": [122, 118], "uv_size": [1, 1]},
								"south": {"uv": [119, 122], "uv_size": [1, 1]},
								"west": {"uv": [122, 119], "uv_size": [1, 1]},
								"up": {"uv": [120, 122], "uv_size": [1, 1]},
								"down": {"uv": [122, 121], "uv_size": [1, -1]}
							}
						},
						{
							"origin": [1.36, 25.7, 13.2],
							"size": [0.58, 2, 0.3],
							"pivot": [0.95, 27.7, 10.3],
							"rotation": [-63.89325, 0, 0],
							"uv": {
								"north": {"uv": [65, 118], "uv_size": [1, 2]},
								"east": {"uv": [66, 118], "uv_size": [1, 2]},
								"south": {"uv": [118, 66], "uv_size": [1, 2]},
								"west": {"uv": [67, 118], "uv_size": [1, 2]},
								"up": {"uv": [123, 1], "uv_size": [1, 1]},
								"down": {"uv": [2, 124], "uv_size": [1, -1]}
							}
						},
						{
							"origin": [0.76, 25.7, 12.2],
							"size": [0.68, 2, 1.3],
							"pivot": [1.85, 27.7, 10.3],
							"rotation": [-63.89325, 0, 0],
							"uv": {
								"north": {"uv": [118, 33], "uv_size": [1, 2]},
								"east": {"uv": [34, 118], "uv_size": [1, 2]},
								"south": {"uv": [35, 118], "uv_size": [1, 2]},
								"west": {"uv": [118, 37], "uv_size": [1, 2]},
								"up": {"uv": [114, 122], "uv_size": [1, 1]},
								"down": {"uv": [122, 115], "uv_size": [1, -1]}
							}
						}
					]
				},
				{
					"name": "bone28",
					"parent": "stock",
					"pivot": [-2.05, 24.82, 11.7],
					"rotation": [0, 0, -6],
					"cubes": [
						{
							"origin": [-0.84, 27.1, 10.3],
							"size": [0.78, 0.6, 3.1],
							"pivot": [-0.85, 27.7, 10.2],
							"rotation": [-63.89325, -12.74623, 16.82999],
							"uv": {
								"north": {"uv": [51, 124], "uv_size": [1, 1]},
								"east": {"uv": [114, 79], "uv_size": [3, 1]},
								"south": {"uv": [124, 51], "uv_size": [1, 1]},
								"west": {"uv": [80, 114], "uv_size": [3, 1]},
								"up": {"uv": [83, 114], "uv_size": [1, 3]},
								"down": {"uv": [114, 86], "uv_size": [1, -3]}
							}
						},
						{
							"origin": [-2.04939, 25.75768, 10.7],
							"size": [1.8, 1.3, 1],
							"pivot": [-2.05, 24.8, 11.8],
							"rotation": [27.88567, -0.57742, 22.35326],
							"uv": {
								"north": {"uv": [119, 67], "uv_size": [2, 1]},
								"east": {"uv": [52, 124], "uv_size": [1, 1]},
								"south": {"uv": [119, 68], "uv_size": [2, 1]},
								"west": {"uv": [124, 52], "uv_size": [1, 1]},
								"up": {"uv": [119, 69], "uv_size": [2, 1]},
								"down": {"uv": [119, 71], "uv_size": [2, -1]}
							}
						},
						{
							"origin": [-2.04939, 24.75768, 9.8],
							"size": [0.3, 2.9, 0.5],
							"pivot": [-2.05, 24.8, 11.8],
							"rotation": [0, -0.57742, 22.35326],
							"uv": {
								"north": {"uv": [84, 114], "uv_size": [1, 3]},
								"east": {"uv": [85, 114], "uv_size": [1, 3]},
								"south": {"uv": [89, 114], "uv_size": [1, 3]},
								"west": {"uv": [90, 114], "uv_size": [1, 3]},
								"up": {"uv": [53, 124], "uv_size": [1, 1]},
								"down": {"uv": [124, 54], "uv_size": [1, -1]}
							}
						},
						{
							"origin": [-2.04939, 25.75768, 11.2],
							"size": [1.8, 2.3, 0.5],
							"pivot": [-2.05, 24.8, 11.8],
							"rotation": [25.88567, -0.57742, 22.35326],
							"uv": {
								"north": {"uv": [55, 112], "uv_size": [2, 2]},
								"east": {"uv": [62, 119], "uv_size": [1, 2]},
								"south": {"uv": [57, 112], "uv_size": [2, 2]},
								"west": {"uv": [119, 71], "uv_size": [1, 2]},
								"up": {"uv": [119, 73], "uv_size": [2, 1]},
								"down": {"uv": [119, 75], "uv_size": [2, -1]}
							}
						},
						{
							"origin": [-2.04939, 25.65768, 10.1],
							"size": [1.8, 0.1, 0.9],
							"pivot": [-2.05, 24.8, 11.8],
							"rotation": [27.88567, -0.57742, 22.35326],
							"uv": {
								"north": {"uv": [119, 75], "uv_size": [2, 1]},
								"east": {"uv": [54, 124], "uv_size": [1, 1]},
								"south": {"uv": [119, 76], "uv_size": [2, 1]},
								"west": {"uv": [124, 54], "uv_size": [1, 1]},
								"up": {"uv": [119, 77], "uv_size": [2, 1]},
								"down": {"uv": [78, 120], "uv_size": [2, -1]}
							}
						},
						{
							"origin": [-2.04939, 24.75768, 9.8],
							"size": [1.8, 0.5, 1.7],
							"pivot": [-2.05, 24.8, 11.8],
							"rotation": [0, -0.57742, 22.35326],
							"uv": {
								"north": {"uv": [119, 78], "uv_size": [2, 1]},
								"east": {"uv": [119, 79], "uv_size": [2, 1]},
								"south": {"uv": [80, 119], "uv_size": [2, 1]},
								"west": {"uv": [119, 80], "uv_size": [2, 1]},
								"up": {"uv": [112, 58], "uv_size": [2, 2]},
								"down": {"uv": [112, 62], "uv_size": [2, -2]}
							}
						},
						{
							"origin": [-2.04, 22.81896, 11.36],
							"size": [0.08, 2, 0.3],
							"pivot": [-2.05, 24.8, 11.7],
							"rotation": [-64.66978, -6.53972, 13.52888],
							"uv": {
								"north": {"uv": [75, 119], "uv_size": [1, 2]},
								"east": {"uv": [119, 81], "uv_size": [1, 2]},
								"south": {"uv": [84, 119], "uv_size": [1, 2]},
								"west": {"uv": [85, 119], "uv_size": [1, 2]},
								"up": {"uv": [55, 124], "uv_size": [1, 1]},
								"down": {"uv": [124, 56], "uv_size": [1, -1]}
							}
						},
						{
							"origin": [-2.04636, 24.85768, 11.49998],
							"size": [0.3, 0.3, 0.2],
							"pivot": [-2.05, 24.8, 11.7],
							"rotation": [21, -0.57742, 22.35326],
							"uv": {
								"north": {"uv": [56, 124], "uv_size": [1, 1]},
								"east": {"uv": [124, 56], "uv_size": [1, 1]},
								"south": {"uv": [57, 124], "uv_size": [1, 1]},
								"west": {"uv": [124, 57], "uv_size": [1, 1]},
								"up": {"uv": [58, 124], "uv_size": [1, 1]},
								"down": {"uv": [124, 59], "uv_size": [1, -1]}
							}
						},
						{
							"origin": [-1.94, 25.7, 13.2],
							"size": [0.58, 2, 0.3],
							"pivot": [-0.95, 27.7, 10.3],
							"rotation": [-63.89325, 0, 0],
							"uv": {
								"north": {"uv": [87, 119], "uv_size": [1, 2]},
								"east": {"uv": [88, 119], "uv_size": [1, 2]},
								"south": {"uv": [119, 88], "uv_size": [1, 2]},
								"west": {"uv": [89, 119], "uv_size": [1, 2]},
								"up": {"uv": [59, 124], "uv_size": [1, 1]},
								"down": {"uv": [124, 60], "uv_size": [1, -1]}
							}
						},
						{
							"origin": [-1.44, 25.7, 12.2],
							"size": [0.68, 2, 1.3],
							"pivot": [-1.85, 27.7, 10.3],
							"rotation": [-63.89325, 0, 0],
							"uv": {
								"north": {"uv": [91, 119], "uv_size": [1, 2]},
								"east": {"uv": [92, 119], "uv_size": [1, 2]},
								"south": {"uv": [93, 119], "uv_size": [1, 2]},
								"west": {"uv": [94, 119], "uv_size": [1, 2]},
								"up": {"uv": [60, 124], "uv_size": [1, 1]},
								"down": {"uv": [124, 61], "uv_size": [1, -1]}
							}
						}
					]
				},
				{
					"name": "bone3",
					"parent": "stock",
					"pivot": [3.75, 26.1, 28.4]
				},
				{
					"name": "bone23",
					"parent": "stock",
					"pivot": [0.43243, 28.31461, 9.8],
					"rotation": [0, 0, -22],
					"cubes": [
						{
							"origin": [0.21474, 28.00356, 9.8],
							"size": [0.8, 0.7, 0.3],
							"pivot": [-0.05, 28.3, 10.1],
							"rotation": [10.55689, -14.66292, 53.63795],
							"uv": {
								"north": {"uv": [123, 111], "uv_size": [1, 1]},
								"east": {"uv": [112, 123], "uv_size": [1, 1]},
								"south": {"uv": [123, 112], "uv_size": [1, 1]},
								"west": {"uv": [113, 123], "uv_size": [1, 1]},
								"up": {"uv": [123, 113], "uv_size": [1, 1]},
								"down": {"uv": [114, 124], "uv_size": [1, -1]}
							}
						},
						{
							"origin": [-4, 28.1, 9.8],
							"size": [0.8, 0.7, 0.3],
							"pivot": [-2.25, 24.3, 28.4],
							"rotation": [0, 0, 55],
							"uv": {
								"north": {"uv": [106, 122], "uv_size": [1, 1]},
								"east": {"uv": [122, 106], "uv_size": [1, 1]},
								"south": {"uv": [107, 122], "uv_size": [1, 1]},
								"west": {"uv": [122, 107], "uv_size": [1, 1]},
								"up": {"uv": [108, 122], "uv_size": [1, 1]},
								"down": {"uv": [122, 109], "uv_size": [1, -1]}
							}
						},
						{
							"origin": [-0.85, 27.1, 9.8],
							"size": [1.74, 0.56, 0.3],
							"uv": {
								"north": {"uv": [118, 30], "uv_size": [2, 1]},
								"east": {"uv": [113, 122], "uv_size": [1, 1]},
								"south": {"uv": [118, 31], "uv_size": [2, 1]},
								"west": {"uv": [122, 113], "uv_size": [1, 1]},
								"up": {"uv": [32, 118], "uv_size": [2, 1]},
								"down": {"uv": [118, 33], "uv_size": [2, -1]}
							}
						},
						{
							"origin": [-0.85, 27.1, 9.8],
							"size": [1.74, 0.56, 0.3],
							"pivot": [-0.05, 28.3, 10.1],
							"rotation": [18, 0, 0],
							"uv": {
								"north": {"uv": [118, 85], "uv_size": [2, 1]},
								"east": {"uv": [123, 107], "uv_size": [1, 1]},
								"south": {"uv": [118, 87], "uv_size": [2, 1]},
								"west": {"uv": [108, 123], "uv_size": [1, 1]},
								"up": {"uv": [88, 118], "uv_size": [2, 1]},
								"down": {"uv": [118, 92], "uv_size": [2, -1]}
							}
						}
					]
				},
				{
					"name": "bone24",
					"parent": "stock",
					"pivot": [-0.43243, 28.31461, 9.8],
					"rotation": [0, 0, 22],
					"cubes": [
						{
							"origin": [-0.98019, 28.01794, 9.8],
							"size": [0.8, 0.7, 0.3],
							"pivot": [0.08455, 28.31438, 10.1],
							"rotation": [10.55689, 14.66292, -53.63795],
							"uv": {
								"north": {"uv": [43, 124], "uv_size": [1, 1]},
								"east": {"uv": [124, 43], "uv_size": [1, 1]},
								"south": {"uv": [44, 124], "uv_size": [1, 1]},
								"west": {"uv": [124, 44], "uv_size": [1, 1]},
								"up": {"uv": [45, 124], "uv_size": [1, 1]},
								"down": {"uv": [124, 46], "uv_size": [1, -1]}
							}
						},
						{
							"origin": [3.23455, 28.11438, 9.8],
							"size": [0.8, 0.7, 0.3],
							"pivot": [2.28455, 24.31438, 28.4],
							"rotation": [0, 0, -55],
							"uv": {
								"north": {"uv": [46, 124], "uv_size": [1, 1]},
								"east": {"uv": [124, 46], "uv_size": [1, 1]},
								"south": {"uv": [47, 124], "uv_size": [1, 1]},
								"west": {"uv": [124, 47], "uv_size": [1, 1]},
								"up": {"uv": [48, 124], "uv_size": [1, 1]},
								"down": {"uv": [124, 49], "uv_size": [1, -1]}
							}
						},
						{
							"origin": [-0.85545, 27.11438, 9.8],
							"size": [1.74, 0.56, 0.3],
							"uv": {
								"north": {"uv": [119, 58], "uv_size": [2, 1]},
								"east": {"uv": [49, 124], "uv_size": [1, 1]},
								"south": {"uv": [60, 119], "uv_size": [2, 1]},
								"west": {"uv": [124, 49], "uv_size": [1, 1]},
								"up": {"uv": [119, 61], "uv_size": [2, 1]},
								"down": {"uv": [119, 63], "uv_size": [2, -1]}
							}
						},
						{
							"origin": [-0.85545, 27.11438, 9.8],
							"size": [1.74, 0.56, 0.3],
							"pivot": [0.08455, 28.31438, 10.1],
							"rotation": [18, 0, 0],
							"uv": {
								"north": {"uv": [119, 63], "uv_size": [2, 1]},
								"east": {"uv": [50, 124], "uv_size": [1, 1]},
								"south": {"uv": [119, 64], "uv_size": [2, 1]},
								"west": {"uv": [124, 50], "uv_size": [1, 1]},
								"up": {"uv": [119, 65], "uv_size": [2, 1]},
								"down": {"uv": [119, 67], "uv_size": [2, -1]}
							}
						}
					]
				},
				{
					"name": "_ca_stock",
					"parent": "main",
					"pivot": [-0.2, 21.35, 2.675],
					"cubes": [
						{"origin": [-0.45, 24.45, 9.775], "size": [1, 1, 1], "uv": [52, 179]}
					]
				}
			]
		}
	]
}