{
	"format_version": "1.12.0",
	"minecraft:geometry": [
		{
			"description": {
				"identifier": "geometry.unknown",
				"texture_width": 256,
				"texture_height": 256,
				"visible_bounds_width": 10,
				"visible_bounds_height": 5,
				"visible_bounds_offset": [0, 0.5, 0]
			},
			"bones": [
				{
					"name": "main",
					"pivot": [0, 20, 0]
				},
				{
					"name": "_ca_stock",
					"parent": "main",
					"pivot": [-0.2, 19.45, -1.025],
					"cubes": [
						{"origin": [-0.45, 20.75, 6.775], "size": [1, 1, 1], "uv": [24, 121]}
					]
				},
				{
					"name": "stock",
					"parent": "main",
					"pivot": [0.65, 6.6, 23.4],
					"rotation": [-4, 0, 0],
					"cubes": [
						{
							"origin": [-1.3, 9.1, 7.1],
							"size": [2.8, 15.5, 5],
							"pivot": [0.65, 20, 10.3],
							"rotation": [90, 0, 0],
							"uv": {
								"north": {"uv": [54, 102], "uv_size": [-2, -15]},
								"east": {"uv": [109, 129], "uv_size": [-5, -11]},
								"south": {"uv": [54, 102], "uv_size": [-2, -15]},
								"west": {"uv": [104, 129], "uv_size": [5, -11]},
								"up": {"uv": [87, 24], "uv_size": [-5, -4]},
								"down": {"uv": [87, 24], "uv_size": [-5, -4]}
							}
						},
						{
							"origin": [-1.3, 9.8, 14.5],
							"size": [2.8, 7, 2],
							"pivot": [-1.25, 16.8, 14.5],
							"rotation": [75, 0, 0],
							"uv": {
								"north": {"uv": [54, 94], "uv_size": [-2, -7]},
								"east": {"uv": [106, 125], "uv_size": [-2, -7]},
								"south": {"uv": [82, 20], "uv_size": [5, 4]},
								"west": {"uv": [104, 125], "uv_size": [2, -7]},
								"up": {"uv": [87, 24], "uv_size": [-5, -4]},
								"down": {"uv": [87, 24], "uv_size": [-5, -4]}
							}
						},
						{
							"origin": [-1.3, 11.9, 17.7],
							"size": [2.8, 4, 2.1],
							"pivot": [-1.25, 15.9, 17.7],
							"rotation": [41, 0, 0],
							"uv": {
								"north": {"uv": [54, 91], "uv_size": [-2, -4]},
								"east": {"uv": [106, 122], "uv_size": [-2, -4]},
								"south": {"uv": [82, 20], "uv_size": [5, 4]},
								"west": {"uv": [104, 122], "uv_size": [2, -4]},
								"up": {"uv": [87, 24], "uv_size": [-5, -4]},
								"down": {"uv": [87, 24], "uv_size": [-5, -4]}
							}
						},
						{
							"origin": [-1.3, 9.6, 19.7],
							"size": [2.8, 3.9, 9.6],
							"pivot": [-1.25, 13.5, 19.7],
							"rotation": [5, 0, 0],
							"uv": {
								"north": {"uv": [54, 91], "uv_size": [-2, -4]},
								"east": {"uv": [108, 127], "uv_size": [-4, -9]},
								"south": {"uv": [82, 20], "uv_size": [5, 4]},
								"west": {"uv": [104, 127], "uv_size": [4, -9]},
								"up": {"uv": [87, 24], "uv_size": [-5, -4]},
								"down": {"uv": [87, 24], "uv_size": [-5, -4]}
							}
						}
					]
				},
				{
					"name": "bone13",
					"parent": "stock",
					"pivot": [0.15, 13.4, 32],
					"cubes": [
						{
							"origin": [-1.3, 12.2, 14.5],
							"size": [2.8, 7.9, 8.6],
							"pivot": [0.65, 20, 21.3],
							"rotation": [90, 0, 0],
							"uv": {
								"north": {"uv": [82, 20], "uv_size": [5, 4]},
								"east": {"uv": [109, 126], "uv_size": [-8, -8]},
								"south": {"uv": [54, 95], "uv_size": [-2, -8]},
								"west": {"uv": [101, 126], "uv_size": [8, -8]},
								"up": {"uv": [87, 24], "uv_size": [-5, -4]},
								"down": {"uv": [87, 24], "uv_size": [-5, -4]}
							}
						},
						{
							"origin": [-1.31, 12.2, 10.6],
							"size": [2.82, 9.1, 1.2],
							"pivot": [0.65, 20, 21.3],
							"rotation": [90, 0, 0],
							"uv": {
								"north": {"uv": [54, 96], "uv_size": [-2, -9]},
								"east": {"uv": [6, 195], "uv_size": [2, -9]},
								"south": {"uv": [82, 20], "uv_size": [5, 4]},
								"west": {"uv": [8, 195], "uv_size": [-2, -9]},
								"up": {"uv": [52, 87], "uv_size": [2, 2]},
								"down": {"uv": [87, 24], "uv_size": [-5, -4]}
							}
						},
						{
							"origin": [-1.3, 9.3, 29.1],
							"size": [2.8, 12.5, 2],
							"uv": {
								"north": {"uv": [82, 20], "uv_size": [5, 4]},
								"east": {"uv": [111, 130], "uv_size": [-2, -12]},
								"south": {"uv": [82, 20], "uv_size": [5, 4]},
								"west": {"uv": [109, 130], "uv_size": [2, -12]},
								"up": {"uv": [52, 87], "uv_size": [2, 2]},
								"down": {"uv": [52, 87], "uv_size": [2, 2]}
							}
						},
						{
							"origin": [-1.31, 14.75, 30.9],
							"size": [2.82, 7, 1.4],
							"pivot": [0.65, 19.4, 32],
							"rotation": [-5, 0, 0],
							"uv": {
								"north": {"uv": [39, 5], "uv_size": [15, 5]},
								"east": {"uv": [80, 47], "uv_size": [3, 7]},
								"south": {"uv": [68, 79], "uv_size": [4, 7]},
								"west": {"uv": [80, 47], "uv_size": [3, 7]},
								"up": {"uv": [134, 104], "uv_size": [4, 3]},
								"down": {"uv": [54, 10], "uv_size": [-15, -5]}
							}
						},
						{
							"origin": [-1.31, 9.4, 30.4],
							"size": [2.82, 5.8, 1.4],
							"pivot": [0.65, 17.2, 31.5],
							"rotation": [5, 0, 0],
							"uv": {
								"north": {"uv": [39, 5], "uv_size": [15, 5]},
								"east": {"uv": [80, 47], "uv_size": [3, 7]},
								"south": {"uv": [68, 79], "uv_size": [4, 7]},
								"west": {"uv": [80, 47], "uv_size": [3, 7]},
								"up": {"uv": [54, 10], "uv_size": [-15, -5]},
								"down": {"uv": [134, 104], "uv_size": [4, 3]}
							}
						},
						{
							"origin": [-0.59, 12.68135, 31.32706],
							"size": [1.4, 1.4, 1.2],
							"pivot": [0.15, 13.4, 32],
							"rotation": [3.54002, -3.53329, 44.89078],
							"uv": {
								"north": {"uv": [91, 111], "uv_size": [1, 1]},
								"east": {"uv": [91, 111], "uv_size": [1, 1]},
								"south": {"uv": [91, 111], "uv_size": [1, 1]},
								"west": {"uv": [91, 111], "uv_size": [1, 1]},
								"up": {"uv": [92, 112], "uv_size": [-1, -1]},
								"down": {"uv": [92, 112], "uv_size": [-1, -1]}
							}
						}
					]
				}
			]
		}
	]
}