{
	"format_version": "1.12.0",
	"minecraft:geometry": [
		{
			"description": {
				"identifier": "geometry.unknown",
				"texture_width": 256,
				"texture_height": 256,
				"visible_bounds_width": 11,
				"visible_bounds_height": 4,
				"visible_bounds_offset": [0, 1, 0]
			},
			"bones": [
				{
					"name": "main",
					"pivot": [0, 20, 0]
				},
				{
					"name": "gun",
					"parent": "main",
					"pivot": [1, 11, -1]
				},
				{
					"name": "stock",
					"parent": "gun",
					"pivot": [0, 0, 0],
					"cubes": [
						{
							"origin": [-0.6, 20.55, 16.7],
							"size": [1.3, 4, 18.8],
							"inflate": 0.2,
							"uv": {
								"north": {"uv": [64, 52], "uv_size": [44, 4]},
								"east": {"uv": [42, 182], "uv_size": [18.8, 4]},
								"south": {"uv": [64, 52], "uv_size": [44, 4]},
								"west": {"uv": [42, 182], "uv_size": [18.8, 4]},
								"up": {"uv": [12, 75], "uv_size": [2, 17]},
								"down": {"uv": [12, 75], "uv_size": [2, 17]}
							}
						},
						{
							"origin": [-0.6, 18.55, 14.3],
							"size": [1.3, 2.6, 22.6],
							"inflate": 0.2,
							"pivot": [-0.1, 19.35, 17.3],
							"rotation": [-33, 0, 0],
							"uv": {
								"north": {"uv": [64, 52], "uv_size": [44, 4]},
								"east": {"uv": [80, 21], "uv_size": [-19, 3]},
								"south": {"uv": [64, 52], "uv_size": [44, 4]},
								"west": {"uv": [61, 21], "uv_size": [19, 3]},
								"up": {"uv": [12, 75], "uv_size": [2, 17]},
								"down": {"uv": [12, 75], "uv_size": [2, 17]}
							}
						},
						{
							"origin": [-0.6, 3.75, 38.9],
							"size": [1.3, 1.4, 1.6],
							"inflate": 0.2,
							"pivot": [-0.1, 3.85, 34.8],
							"rotation": [90, 0, 0],
							"uv": {
								"north": {"uv": [14, 76], "uv_size": [-2, -1]},
								"east": {"uv": [96.1, 28], "uv_size": [1.6, 1.4]},
								"south": {"uv": [64, 52], "uv_size": [44, 4]},
								"west": {"uv": [96.1, 28], "uv_size": [1.6, 1.4]},
								"up": {"uv": [108, 56], "uv_size": [-44, -4]},
								"down": {"uv": [108, 56], "uv_size": [-44, -4]}
							}
						},
						{
							"origin": [-0.1, 8.55, 38.6],
							"size": [0.2, 3.9, 0.5],
							"inflate": 0.2,
							"pivot": [-0.1, 9.85, 34.3],
							"rotation": [115, 0, 0],
							"uv": {
								"north": {"uv": [70, 138], "uv_size": [1, 4]},
								"east": {"uv": [72, 138], "uv_size": [1, 4]},
								"south": {"uv": [70, 138], "uv_size": [1, 4]},
								"west": {"uv": [72, 138], "uv_size": [1, 4]},
								"up": {"uv": [108, 56], "uv_size": [-44, -4]},
								"down": {"uv": [108, 56], "uv_size": [-44, -4]}
							}
						},
						{
							"origin": [-0.6, 7.65, 35.9],
							"size": [1.3, 1.8, 11.5],
							"inflate": 0.2,
							"pivot": [-0.1, 7.65, 34.8],
							"rotation": [87, 0, 0],
							"uv": {
								"north": {"uv": [64, 52], "uv_size": [44, 4]},
								"east": {"uv": [96, 28], "uv_size": [10, 2]},
								"south": {"uv": [64, 52], "uv_size": [44, 4]},
								"west": {"uv": [96.1, 28], "uv_size": [8, 2]},
								"up": {"uv": [46, 80], "uv_size": [2, 10]},
								"down": {"uv": [108, 56], "uv_size": [-44, -4]}
							}
						},
						{
							"origin": [-0.5, 8.85, 36.9],
							"size": [1.1, 0.6, 16.5],
							"inflate": 0.2,
							"pivot": [-0.1, 7.65, 36.6],
							"rotation": [87, 0, 0],
							"uv": {
								"north": {"uv": [14.1, 111], "uv_size": [-1.1, 0.6]},
								"east": {"uv": [126, 95], "uv_size": [-17, -1]},
								"south": {"uv": [14.1, 111], "uv_size": [-1.1, 0.6]},
								"west": {"uv": [109, 94], "uv_size": [17, 1]},
								"up": {"uv": [108, 56], "uv_size": [-44, -4]},
								"down": {"uv": [13, 128], "uv_size": [1, -17]}
							}
						},
						{
							"origin": [-0.6, 23.95, 38.8],
							"size": [1.3, 2.1, 0.8],
							"inflate": 0.2,
							"pivot": [-0.1, 24.15, 34.8],
							"rotation": [-127, 0, 0],
							"uv": {
								"north": {"uv": [64, 52], "uv_size": [44, 4]},
								"east": {"uv": [19, 150], "uv_size": [1, 2]},
								"south": {"uv": [14, 77], "uv_size": [-2, -2]},
								"west": {"uv": [19, 150], "uv_size": [1, 2]},
								"up": {"uv": [108, 56], "uv_size": [-44, -4]},
								"down": {"uv": [108, 56], "uv_size": [-44, -4]}
							}
						},
						{
							"origin": [-0.6, 23.55, 20.3],
							"size": [1.3, 0.4, 0.4],
							"inflate": 0.2,
							"pivot": [-0.1, 22.85, 15.9],
							"rotation": [-43, 0, 0],
							"uv": {
								"north": {"uv": [23, 150], "uv_size": [2, 1]},
								"east": {"uv": [48, 13], "uv_size": [1, 1]},
								"south": {"uv": [23, 150], "uv_size": [2, 1]},
								"west": {"uv": [48, 13], "uv_size": [1, 1]},
								"up": {"uv": [25, 151], "uv_size": [-2, -1]},
								"down": {"uv": [25, 151], "uv_size": [-2, -1]}
							}
						},
						{
							"origin": [-0.6, 16.75, 21.9],
							"size": [1.3, 0.2, 0],
							"inflate": 0.2,
							"pivot": [-0.1, 15.85, 17.1],
							"rotation": [43, 0, 0],
							"uv": {
								"north": {"uv": [23, 150], "uv_size": [2, 1]},
								"east": {"uv": [23, 150], "uv_size": [2, 1]},
								"south": {"uv": [23, 150], "uv_size": [2, 1]},
								"west": {"uv": [23, 150], "uv_size": [2, 1]},
								"up": {"uv": [25, 151], "uv_size": [-2, -1]},
								"down": {"uv": [25, 151], "uv_size": [-2, -1]}
							}
						},
						{
							"origin": [-0.61, 19.05, 11.7],
							"size": [1.32, 5.5, 4.6],
							"inflate": 0.2,
							"uv": {
								"north": {"uv": [98, 52], "uv_size": [10, 6]},
								"east": {"uv": [71.6, 180], "uv_size": [-4.6, 5.5]},
								"south": {"uv": [98, 52], "uv_size": [10, 6]},
								"west": {"uv": [67, 180], "uv_size": [4.6, 5.5]},
								"up": {"uv": [14, 80], "uv_size": [-2, -5]},
								"down": {"uv": [14, 80], "uv_size": [-2, -5]}
							}
						}
					]
				},
				{
					"name": "shitonstock3",
					"parent": "stock",
					"pivot": [-0.65, 26.25, 8],
					"rotation": [0, 180, 0]
				},
				{
					"name": "shitonstock4",
					"parent": "stock",
					"pivot": [0.75, 26.25, 8]
				},
				{
					"name": "bone36",
					"parent": "stock",
					"pivot": [-0.53, 26.45, 7.1],
					"rotation": [-11, 0, 0]
				},
				{
					"name": "bone37",
					"parent": "stock",
					"pivot": [0.07, 26.85, 7.4]
				},
				{
					"name": "bone38",
					"parent": "stock",
					"pivot": [0.07, 25.15, 12.9],
					"rotation": [11, 0, 0]
				},
				{
					"name": "bone39",
					"parent": "stock",
					"pivot": [0.07, 24.75, 17.9],
					"rotation": [17.5, 0, 0]
				},
				{
					"name": "stock2",
					"parent": "stock",
					"pivot": [0, 0, 0],
					"cubes": [
						{
							"origin": [2.43, 25.65, 10.9],
							"size": [1.08, 0.1, 0.3],
							"pivot": [2.43, 26.05, -13.1],
							"rotation": [0.27597, -6.07605, -22.0845],
							"uv": {
								"north": {"uv": [159, 77], "uv_size": [1, 1]},
								"east": {"uv": [78, 159], "uv_size": [1, 1]},
								"south": {"uv": [159, 78], "uv_size": [1, 1]},
								"west": {"uv": [79, 159], "uv_size": [1, 1]},
								"up": {"uv": [159, 79], "uv_size": [1, 1]},
								"down": {"uv": [80, 160], "uv_size": [1, -1]}
							}
						},
						{
							"origin": [-0.664, 24.25, 6.5],
							"size": [1.436, 2.1, 0.3],
							"inflate": 0.2,
							"pivot": [-0.756, 26.25, 8],
							"rotation": [-19, 0, 0],
							"uv": {
								"north": {"uv": [74, 139], "uv_size": [1, 2]},
								"east": {"uv": [147, 31], "uv_size": [1, 2]},
								"south": {"uv": [147, 40], "uv_size": [1, 2]},
								"west": {"uv": [42, 147], "uv_size": [1, 2]},
								"up": {"uv": [102, 100], "uv_size": [1, 1]},
								"down": {"uv": [111, 33], "uv_size": [1, -1]}
							}
						},
						{
							"origin": [-0.664, 24.25, 7.2],
							"size": [1.436, 2.1, 5.4],
							"inflate": 0.2,
							"pivot": [-0.756, 26.25, 8],
							"rotation": [-19, 0, 0],
							"uv": {
								"north": {"uv": [62, 150], "uv_size": [1, 2]},
								"east": {"uv": [120, 21], "uv_size": [5, 2]},
								"south": {"uv": [150, 62], "uv_size": [1, 2]},
								"west": {"uv": [120, 63], "uv_size": [5, 2]},
								"up": {"uv": [77, 133], "uv_size": [1, 5]},
								"down": {"uv": [78, 138], "uv_size": [1, -5]}
							}
						},
						{
							"origin": [2.646, 24.45, 5.9],
							"size": [1.08, 0.3, 1.1],
							"pivot": [2.646, 25.35, -13.1],
							"rotation": [-0.99801, -6.00015, -10.01755],
							"uv": {
								"north": {"uv": [159, 58], "uv_size": [1, 1]},
								"east": {"uv": [59, 159], "uv_size": [1, 1]},
								"south": {"uv": [159, 59], "uv_size": [1, 1]},
								"west": {"uv": [60, 159], "uv_size": [1, 1]},
								"up": {"uv": [159, 60], "uv_size": [1, 1]},
								"down": {"uv": [61, 160], "uv_size": [1, -1]}
							}
						},
						{
							"origin": [2.646, 24.45, 7],
							"size": [1.08, 0.3, 1.4],
							"pivot": [2.646, 25.35, -13.1],
							"rotation": [-0.99801, -6.00015, -10.01755],
							"uv": {
								"north": {"uv": [54, 160], "uv_size": [1, 1]},
								"east": {"uv": [160, 54], "uv_size": [1, 1]},
								"south": {"uv": [55, 160], "uv_size": [1, 1]},
								"west": {"uv": [160, 55], "uv_size": [1, 1]},
								"up": {"uv": [56, 160], "uv_size": [1, 1]},
								"down": {"uv": [160, 57], "uv_size": [1, -1]}
							}
						},
						{
							"origin": [2.646, 24.55, 8.4],
							"size": [1.08, 0.2, 0.6],
							"pivot": [2.646, 25.35, -13.1],
							"rotation": [-0.99801, -6.00015, -10.01755],
							"uv": {
								"north": {"uv": [159, 61], "uv_size": [1, 1]},
								"east": {"uv": [62, 159], "uv_size": [1, 1]},
								"south": {"uv": [159, 62], "uv_size": [1, 1]},
								"west": {"uv": [63, 159], "uv_size": [1, 1]},
								"up": {"uv": [159, 63], "uv_size": [1, 1]},
								"down": {"uv": [64, 160], "uv_size": [1, -1]}
							}
						},
						{
							"origin": [2.646, 24.65, 9.05],
							"size": [1.08, 0.1, 3.8],
							"pivot": [2.646, 25.35, -13.1],
							"rotation": [-0.99801, -6.00015, -10.01755],
							"uv": {
								"north": {"uv": [159, 67], "uv_size": [1, 1]},
								"east": {"uv": [127, 90], "uv_size": [6, 1]},
								"south": {"uv": [68, 159], "uv_size": [1, 1]},
								"west": {"uv": [128, 2], "uv_size": [6, 1]},
								"up": {"uv": [121, 127], "uv_size": [1, 6]},
								"down": {"uv": [1, 134], "uv_size": [1, -6]}
							}
						},
						{
							"origin": [2.646, 24.75, 5.9],
							"size": [1.08, 0.9, 1.1],
							"pivot": [2.646, 25.35, -13.1],
							"rotation": [-0.99801, -6.00015, -10.01755],
							"uv": {
								"north": {"uv": [159, 18], "uv_size": [1, 1]},
								"east": {"uv": [19, 159], "uv_size": [1, 1]},
								"south": {"uv": [159, 19], "uv_size": [1, 1]},
								"west": {"uv": [20, 159], "uv_size": [1, 1]},
								"up": {"uv": [159, 20], "uv_size": [1, 1]},
								"down": {"uv": [21, 160], "uv_size": [1, -1]}
							}
						},
						{
							"origin": [2.646, 24.75, 7],
							"size": [1.08, 0.9, 5.8],
							"pivot": [2.646, 25.35, -13.1],
							"rotation": [-0.99801, -6.00015, -10.01755],
							"uv": {
								"north": {"uv": [53, 160], "uv_size": [1, 1]},
								"east": {"uv": [128, 50], "uv_size": [6, 1]},
								"south": {"uv": [160, 53], "uv_size": [1, 1]},
								"west": {"uv": [128, 68], "uv_size": [6, 1]},
								"up": {"uv": [58, 128], "uv_size": [1, 6]},
								"down": {"uv": [61, 134], "uv_size": [1, -6]}
							}
						},
						{
							"origin": [2.646, 24.55, 9],
							"size": [1.08, 0.2, 0.05],
							"pivot": [2.646, 25.35, -13.1],
							"rotation": [-0.99801, -6.00015, -10.01755],
							"uv": {
								"north": {"uv": [159, 64], "uv_size": [1, 1]},
								"east": {"uv": [65, 159], "uv_size": [1, 1]},
								"south": {"uv": [159, 65], "uv_size": [1, 1]},
								"west": {"uv": [66, 159], "uv_size": [1, 1]},
								"up": {"uv": [159, 66], "uv_size": [1, 1]},
								"down": {"uv": [67, 160], "uv_size": [1, -1]}
							}
						},
						{
							"origin": [2.43, 25.35, 10.9],
							"size": [1.08, 0.3, 0.8],
							"pivot": [2.43, 26.05, -13.1],
							"rotation": [0.27597, -6.07605, -22.0845],
							"uv": {
								"north": {"uv": [159, 74], "uv_size": [1, 1]},
								"east": {"uv": [75, 159], "uv_size": [1, 1]},
								"south": {"uv": [159, 75], "uv_size": [1, 1]},
								"west": {"uv": [76, 159], "uv_size": [1, 1]},
								"up": {"uv": [159, 76], "uv_size": [1, 1]},
								"down": {"uv": [77, 160], "uv_size": [1, -1]}
							}
						},
						{
							"origin": [2.43, 25.35, 10.7],
							"size": [1.08, 0.5, 0.2],
							"pivot": [2.43, 26.05, -13.1],
							"rotation": [0.27597, -6.07605, -22.0845],
							"uv": {
								"north": {"uv": [159, 71], "uv_size": [1, 1]},
								"east": {"uv": [72, 159], "uv_size": [1, 1]},
								"south": {"uv": [159, 72], "uv_size": [1, 1]},
								"west": {"uv": [73, 159], "uv_size": [1, 1]},
								"up": {"uv": [159, 73], "uv_size": [1, 1]},
								"down": {"uv": [74, 160], "uv_size": [1, -1]}
							}
						},
						{
							"origin": [2.43, 25.35, 5.9],
							"size": [1.08, 0.6, 1.1],
							"pivot": [2.43, 26.05, -13.1],
							"rotation": [0.27597, -6.07605, -22.0845],
							"uv": {
								"north": {"uv": [159, 68], "uv_size": [1, 1]},
								"east": {"uv": [69, 159], "uv_size": [1, 1]},
								"south": {"uv": [159, 69], "uv_size": [1, 1]},
								"west": {"uv": [70, 159], "uv_size": [1, 1]},
								"up": {"uv": [159, 70], "uv_size": [1, 1]},
								"down": {"uv": [71, 160], "uv_size": [1, -1]}
							}
						},
						{
							"origin": [2.43, 25.35, 7],
							"size": [1.08, 0.6, 3.7],
							"pivot": [2.43, 26.05, -13.1],
							"rotation": [0.27597, -6.07605, -22.0845],
							"uv": {
								"north": {"uv": [52, 160], "uv_size": [1, 1]},
								"east": {"uv": [139, 2], "uv_size": [4, 1]},
								"south": {"uv": [160, 52], "uv_size": [1, 1]},
								"west": {"uv": [139, 3], "uv_size": [4, 1]},
								"up": {"uv": [1, 139], "uv_size": [1, 4]},
								"down": {"uv": [2, 143], "uv_size": [1, -4]}
							}
						},
						{
							"origin": [1.1828, 26.25, 6.6],
							"size": [0.14, 0.1, 0.2],
							"inflate": 0.2,
							"pivot": [0.81, 26.25, 8],
							"rotation": [-7.74869, 18.14015, 72.08154],
							"uv": {
								"north": {"uv": [159, 83], "uv_size": [1, 1]},
								"east": {"uv": [84, 159], "uv_size": [1, 1]},
								"south": {"uv": [159, 84], "uv_size": [1, 1]},
								"west": {"uv": [85, 159], "uv_size": [1, 1]},
								"up": {"uv": [159, 85], "uv_size": [1, 1]},
								"down": {"uv": [86, 160], "uv_size": [1, -1]}
							}
						},
						{
							"origin": [1.1828, 26.25, 7.2],
							"size": [0.14, 0.1, 4.5],
							"inflate": 0.2,
							"pivot": [0.81, 26.25, 8],
							"rotation": [-7.74869, 18.14015, 72.08154],
							"uv": {
								"north": {"uv": [48, 160], "uv_size": [1, 1]},
								"east": {"uv": [133, 79], "uv_size": [5, 1]},
								"south": {"uv": [160, 48], "uv_size": [1, 1]},
								"west": {"uv": [133, 80], "uv_size": [5, 1]},
								"up": {"uv": [93, 133], "uv_size": [1, 5]},
								"down": {"uv": [94, 138], "uv_size": [1, -5]}
							}
						},
						{
							"origin": [2.43, 25.95, 7],
							"size": [1.08, 0.9, 1.2],
							"pivot": [2.43, 26.05, -13.1],
							"rotation": [-0.68149, -6.04413, -13.03388],
							"uv": {
								"north": {"uv": [159, 86], "uv_size": [1, 1]},
								"east": {"uv": [87, 159], "uv_size": [1, 1]},
								"south": {"uv": [159, 87], "uv_size": [1, 1]},
								"west": {"uv": [88, 159], "uv_size": [1, 1]},
								"up": {"uv": [159, 88], "uv_size": [1, 1]},
								"down": {"uv": [89, 160], "uv_size": [1, -1]}
							}
						},
						{
							"origin": [2.43, 25.95, 5.9],
							"size": [1.08, 0.9, 1.1],
							"pivot": [2.43, 26.05, -13.1],
							"rotation": [-0.68149, -6.04413, -13.03388],
							"uv": {
								"north": {"uv": [49, 160], "uv_size": [1, 1]},
								"east": {"uv": [160, 49], "uv_size": [1, 1]},
								"south": {"uv": [50, 160], "uv_size": [1, 1]},
								"west": {"uv": [160, 50], "uv_size": [1, 1]},
								"up": {"uv": [51, 160], "uv_size": [1, 1]},
								"down": {"uv": [160, 52], "uv_size": [1, -1]}
							}
						},
						{
							"origin": [1.496, 26.25, 6.1],
							"size": [0.032, 0.35, 0.2],
							"inflate": 0.2,
							"pivot": [0.756, 25.05, -9.5],
							"rotation": [0, 0, -21],
							"uv": {
								"north": {"uv": [159, 89], "uv_size": [1, 1]},
								"east": {"uv": [90, 159], "uv_size": [1, 1]},
								"south": {"uv": [159, 90], "uv_size": [1, 1]},
								"west": {"uv": [91, 159], "uv_size": [1, 1]},
								"up": {"uv": [159, 91], "uv_size": [1, 1]},
								"down": {"uv": [92, 160], "uv_size": [1, -1]}
							}
						},
						{
							"origin": [0.8588, 26.25, 6.6],
							"size": [-0.076, 0.1, 0.2],
							"inflate": 0.2,
							"pivot": [0.81, 26.25, 8],
							"rotation": [-5.74869, 18.14015, 72.08154],
							"uv": {
								"north": {"uv": [159, 80], "uv_size": [1, 1]},
								"east": {"uv": [81, 159], "uv_size": [1, 1]},
								"south": {"uv": [159, 81], "uv_size": [1, 1]},
								"west": {"uv": [82, 159], "uv_size": [1, 1]},
								"up": {"uv": [159, 82], "uv_size": [1, 1]},
								"down": {"uv": [83, 160], "uv_size": [1, -1]}
							}
						},
						{
							"origin": [0.8588, 26.25, 7.2],
							"size": [-0.076, 0.1, 4.9],
							"inflate": 0.2,
							"pivot": [0.81, 26.25, 8],
							"rotation": [-5.74869, 18.14015, 72.08154],
							"uv": {
								"north": {"uv": [47, 160], "uv_size": [1, 1]},
								"east": {"uv": [133, 66], "uv_size": [5, 1]},
								"south": {"uv": [160, 47], "uv_size": [1, 1]},
								"west": {"uv": [133, 67], "uv_size": [5, 1]},
								"up": {"uv": [91, 133], "uv_size": [1, 5]},
								"down": {"uv": [92, 138], "uv_size": [1, -5]}
							}
						},
						{
							"origin": [-0.556, 18.95, 6],
							"size": [1.328, 5.2, 0.7],
							"inflate": 0.2,
							"uv": {
								"north": {"uv": [23, 132], "uv_size": [1, 5]},
								"east": {"uv": [132, 23], "uv_size": [1, 5]},
								"south": {"uv": [132, 31], "uv_size": [1, 5]},
								"west": {"uv": [132, 39], "uv_size": [1, 5]},
								"up": {"uv": [159, 16], "uv_size": [1, 1]},
								"down": {"uv": [17, 160], "uv_size": [1, -1]}
							}
						},
						{
							"origin": [-1.412, 18.95, 6],
							"size": [1.428, 4.9, 0.7],
							"inflate": 0.2,
							"pivot": [-1.512, 22.25, 8],
							"rotation": [0, 8, 0],
							"uv": {
								"north": {"uv": [45, 132], "uv_size": [1, 5]},
								"east": {"uv": [50, 132], "uv_size": [1, 5]},
								"south": {"uv": [51, 132], "uv_size": [1, 5]},
								"west": {"uv": [132, 51], "uv_size": [1, 5]},
								"up": {"uv": [159, 17], "uv_size": [1, 1]},
								"down": {"uv": [18, 160], "uv_size": [1, -1]}
							}
						},
						{
							"origin": [0.092, 18.95, 5.9],
							"size": [1.428, 4.9, 0.7],
							"inflate": 0.2,
							"pivot": [-0.108, 22.25, 7.9],
							"rotation": [0, -8, 0],
							"uv": {
								"north": {"uv": [52, 132], "uv_size": [1, 5]},
								"east": {"uv": [53, 132], "uv_size": [1, 5]},
								"south": {"uv": [132, 56], "uv_size": [1, 5]},
								"west": {"uv": [132, 69], "uv_size": [1, 5]},
								"up": {"uv": [159, 21], "uv_size": [1, 1]},
								"down": {"uv": [22, 160], "uv_size": [1, -1]}
							}
						},
						{
							"origin": [-1.412, 18.95, 7.1],
							"size": [1.428, 4.9, 5.3],
							"inflate": 0.2,
							"pivot": [-1.512, 22.25, 8],
							"rotation": [0, 8, 0],
							"uv": {
								"north": {"uv": [133, 51], "uv_size": [1, 5]},
								"east": {"uv": [11, 99], "uv_size": [5, 5]},
								"south": {"uv": [133, 56], "uv_size": [1, 5]},
								"west": {"uv": [99, 63], "uv_size": [5, 5]},
								"up": {"uv": [69, 133], "uv_size": [1, 5]},
								"down": {"uv": [133, 74], "uv_size": [1, -5]}
							}
						},
						{
							"origin": [-0.556, 18.95, 7.1],
							"size": [1.328, 5.2, 4.9],
							"inflate": 0.2,
							"uv": {
								"north": {"uv": [133, 39], "uv_size": [1, 5]},
								"east": {"uv": [98, 30], "uv_size": [5, 5]},
								"south": {"uv": [42, 133], "uv_size": [1, 5]},
								"west": {"uv": [98, 35], "uv_size": [5, 5]},
								"up": {"uv": [43, 133], "uv_size": [1, 5]},
								"down": {"uv": [44, 138], "uv_size": [1, -5]}
							}
						},
						{
							"origin": [0.092, 18.95, 7],
							"size": [1.428, 4.9, 5.3],
							"inflate": 0.2,
							"pivot": [-0.108, 22.25, 7.9],
							"rotation": [0, -8, 0],
							"uv": {
								"north": {"uv": [133, 23], "uv_size": [1, 5]},
								"east": {"uv": [97, 96], "uv_size": [5, 5]},
								"south": {"uv": [28, 133], "uv_size": [1, 5]},
								"west": {"uv": [6, 98], "uv_size": [5, 5]},
								"up": {"uv": [29, 133], "uv_size": [1, 5]},
								"down": {"uv": [133, 36], "uv_size": [1, -5]}
							}
						},
						{
							"origin": [-0.6856, 24.45, 6.1],
							"size": [1.436, 2.4, 0.2],
							"inflate": 0.2,
							"uv": {
								"north": {"uv": [150, 28], "uv_size": [1, 2]},
								"east": {"uv": [30, 150], "uv_size": [1, 2]},
								"south": {"uv": [150, 30], "uv_size": [1, 2]},
								"west": {"uv": [150, 32], "uv_size": [1, 2]},
								"up": {"uv": [159, 57], "uv_size": [1, 1]},
								"down": {"uv": [58, 160], "uv_size": [1, -1]}
							}
						},
						{
							"origin": [0.58277, 26.84779, 5.7],
							"size": [0.5, 0.6, 0.85],
							"pivot": [0.63, 26.85, 6.4],
							"rotation": [-6.96398, -16.00742, -65.12678],
							"uv": {
								"north": {"uv": [163, 34], "uv_size": [1, 1]},
								"east": {"uv": [35, 163], "uv_size": [1, 1]},
								"south": {"uv": [163, 35], "uv_size": [1, 1]},
								"west": {"uv": [36, 163], "uv_size": [1, 1]},
								"up": {"uv": [163, 36], "uv_size": [1, 1]},
								"down": {"uv": [37, 164], "uv_size": [1, -1]}
							}
						},
						{
							"origin": [-0.18, 26.95, 5.9],
							"size": [0.46, 0.76, 0.9],
							"pivot": [0.05, 27.75, 5.9],
							"rotation": [-19, 0, 0],
							"uv": {
								"north": {"uv": [163, 31], "uv_size": [1, 1]},
								"east": {"uv": [32, 163], "uv_size": [1, 1]},
								"south": {"uv": [163, 32], "uv_size": [1, 1]},
								"west": {"uv": [33, 163], "uv_size": [1, 1]},
								"up": {"uv": [163, 33], "uv_size": [1, 1]},
								"down": {"uv": [34, 164], "uv_size": [1, -1]}
							}
						},
						{
							"origin": [-0.98277, 26.84779, 5.7],
							"size": [0.5, 0.6, 0.85],
							"pivot": [-0.53, 26.85, 6.4],
							"rotation": [-6.96398, 16.00742, 65.12678],
							"uv": {
								"north": {"uv": [163, 28], "uv_size": [1, 1]},
								"east": {"uv": [29, 163], "uv_size": [1, 1]},
								"south": {"uv": [163, 29], "uv_size": [1, 1]},
								"west": {"uv": [30, 163], "uv_size": [1, 1]},
								"up": {"uv": [163, 30], "uv_size": [1, 1]},
								"down": {"uv": [31, 164], "uv_size": [1, -1]}
							}
						},
						{
							"origin": [-0.15456, 26.99869, 5.8],
							"size": [1.2, 0.4, 0.8],
							"pivot": [1.05, 26.95, 6.2],
							"rotation": [-12.0445, -4.89047, -33.95791],
							"uv": {
								"north": {"uv": [163, 37], "uv_size": [1, 1]},
								"east": {"uv": [38, 163], "uv_size": [1, 1]},
								"south": {"uv": [163, 38], "uv_size": [1, 1]},
								"west": {"uv": [39, 163], "uv_size": [1, 1]},
								"up": {"uv": [163, 39], "uv_size": [1, 1]},
								"down": {"uv": [40, 164], "uv_size": [1, -1]}
							}
						}
					]
				},
				{
					"name": "shitonstock2",
					"parent": "stock2",
					"pivot": [-0.65, 26.25, 8],
					"rotation": [0, 180, 0],
					"cubes": [
						{
							"origin": [1.134, 24.45, 7.6],
							"size": [1.08, 0.3, 1.5],
							"pivot": [1.134, 25.35, 29.1],
							"rotation": [0.99801, 6.00015, -10.01755],
							"uv": {
								"north": {"uv": [159, 92], "uv_size": [1, 1]},
								"east": {"uv": [93, 159], "uv_size": [1, 1]},
								"south": {"uv": [159, 93], "uv_size": [1, 1]},
								"west": {"uv": [94, 159], "uv_size": [1, 1]},
								"up": {"uv": [159, 94], "uv_size": [1, 1]},
								"down": {"uv": [95, 160], "uv_size": [1, -1]}
							}
						},
						{
							"origin": [1.134, 24.45, 9.1],
							"size": [1.08, 0.3, 1],
							"pivot": [1.134, 25.35, 29.1],
							"rotation": [0.99801, 6.00015, -10.01755],
							"uv": {
								"north": {"uv": [38, 160], "uv_size": [1, 1]},
								"east": {"uv": [160, 38], "uv_size": [1, 1]},
								"south": {"uv": [39, 160], "uv_size": [1, 1]},
								"west": {"uv": [160, 39], "uv_size": [1, 1]},
								"up": {"uv": [40, 160], "uv_size": [1, 1]},
								"down": {"uv": [160, 41], "uv_size": [1, -1]}
							}
						},
						{
							"origin": [1.134, 24.55, 7],
							"size": [1.08, 0.2, 0.6],
							"pivot": [1.134, 25.35, 29.1],
							"rotation": [0.99801, 6.00015, -10.01755],
							"uv": {
								"north": {"uv": [159, 95], "uv_size": [1, 1]},
								"east": {"uv": [96, 159], "uv_size": [1, 1]},
								"south": {"uv": [159, 96], "uv_size": [1, 1]},
								"west": {"uv": [97, 159], "uv_size": [1, 1]},
								"up": {"uv": [159, 97], "uv_size": [1, 1]},
								"down": {"uv": [98, 160], "uv_size": [1, -1]}
							}
						},
						{
							"origin": [1.134, 24.65, 3.25],
							"size": [1.08, 0.1, 3.7],
							"pivot": [1.134, 25.35, 29.1],
							"rotation": [0.99801, 6.00015, -10.01755],
							"uv": {
								"north": {"uv": [159, 98], "uv_size": [1, 1]},
								"east": {"uv": [138, 67], "uv_size": [4, 1]},
								"south": {"uv": [99, 159], "uv_size": [1, 1]},
								"west": {"uv": [138, 86], "uv_size": [4, 1]},
								"up": {"uv": [117, 138], "uv_size": [1, 4]},
								"down": {"uv": [121, 142], "uv_size": [1, -4]}
							}
						},
						{
							"origin": [1.134, 24.75, 9.1],
							"size": [1.08, 0.9, 1],
							"pivot": [1.134, 25.35, 29.1],
							"rotation": [0.99801, 6.00015, -10.01755],
							"uv": {
								"north": {"uv": [159, 99], "uv_size": [1, 1]},
								"east": {"uv": [100, 159], "uv_size": [1, 1]},
								"south": {"uv": [159, 100], "uv_size": [1, 1]},
								"west": {"uv": [101, 159], "uv_size": [1, 1]},
								"up": {"uv": [159, 101], "uv_size": [1, 1]},
								"down": {"uv": [102, 160], "uv_size": [1, -1]}
							}
						},
						{
							"origin": [1.134, 24.75, 3.3],
							"size": [1.08, 0.9, 5.8],
							"pivot": [1.134, 25.35, 29.1],
							"rotation": [0.99801, 6.00015, -10.01755],
							"uv": {
								"north": {"uv": [41, 160], "uv_size": [1, 1]},
								"east": {"uv": [128, 30], "uv_size": [6, 1]},
								"south": {"uv": [160, 41], "uv_size": [1, 1]},
								"west": {"uv": [128, 38], "uv_size": [6, 1]},
								"up": {"uv": [48, 128], "uv_size": [1, 6]},
								"down": {"uv": [57, 134], "uv_size": [1, -6]}
							}
						},
						{
							"origin": [1.134, 24.55, 6.95],
							"size": [1.08, 0.2, 0.05],
							"pivot": [1.134, 25.35, 29.1],
							"rotation": [0.99801, 6.00015, -10.01755],
							"uv": {
								"north": {"uv": [159, 102], "uv_size": [1, 1]},
								"east": {"uv": [103, 159], "uv_size": [1, 1]},
								"south": {"uv": [159, 103], "uv_size": [1, 1]},
								"west": {"uv": [104, 159], "uv_size": [1, 1]},
								"up": {"uv": [159, 104], "uv_size": [1, 1]},
								"down": {"uv": [105, 160], "uv_size": [1, -1]}
							}
						},
						{
							"origin": [0.918, 25.35, 4.3],
							"size": [1.08, 0.3, 0.8],
							"pivot": [0.918, 26.05, 29.1],
							"rotation": [-0.27597, 6.07605, -22.0845],
							"uv": {
								"north": {"uv": [159, 105], "uv_size": [1, 1]},
								"east": {"uv": [106, 159], "uv_size": [1, 1]},
								"south": {"uv": [159, 106], "uv_size": [1, 1]},
								"west": {"uv": [107, 159], "uv_size": [1, 1]},
								"up": {"uv": [159, 107], "uv_size": [1, 1]},
								"down": {"uv": [108, 160], "uv_size": [1, -1]}
							}
						},
						{
							"origin": [0.918, 25.35, 5.1],
							"size": [1.08, 0.5, 0.2],
							"pivot": [0.918, 26.05, 29.1],
							"rotation": [-0.27597, 6.07605, -22.0845],
							"uv": {
								"north": {"uv": [159, 108], "uv_size": [1, 1]},
								"east": {"uv": [109, 159], "uv_size": [1, 1]},
								"south": {"uv": [159, 109], "uv_size": [1, 1]},
								"west": {"uv": [110, 159], "uv_size": [1, 1]},
								"up": {"uv": [159, 110], "uv_size": [1, 1]},
								"down": {"uv": [111, 160], "uv_size": [1, -1]}
							}
						},
						{
							"origin": [0.918, 25.35, 9.1],
							"size": [1.08, 0.6, 1],
							"pivot": [0.918, 26.05, 29.1],
							"rotation": [-0.27597, 6.07605, -22.0845],
							"uv": {
								"north": {"uv": [159, 111], "uv_size": [1, 1]},
								"east": {"uv": [112, 159], "uv_size": [1, 1]},
								"south": {"uv": [159, 112], "uv_size": [1, 1]},
								"west": {"uv": [113, 159], "uv_size": [1, 1]},
								"up": {"uv": [159, 113], "uv_size": [1, 1]},
								"down": {"uv": [114, 160], "uv_size": [1, -1]}
							}
						},
						{
							"origin": [0.918, 25.35, 5.3],
							"size": [1.08, 0.6, 3.8],
							"pivot": [0.918, 26.05, 29.1],
							"rotation": [-0.27597, 6.07605, -22.0845],
							"uv": {
								"north": {"uv": [42, 160], "uv_size": [1, 1]},
								"east": {"uv": [138, 92], "uv_size": [4, 1]},
								"south": {"uv": [160, 42], "uv_size": [1, 1]},
								"west": {"uv": [138, 137], "uv_size": [4, 1]},
								"up": {"uv": [131, 138], "uv_size": [1, 4]},
								"down": {"uv": [138, 142], "uv_size": [1, -4]}
							}
						},
						{
							"origin": [-0.3292, 26.25, 9.2],
							"size": [0.14, 0.1, 0.2],
							"inflate": 0.2,
							"pivot": [-0.702, 26.25, 8],
							"rotation": [7.74869, -18.14015, 72.08154],
							"uv": {
								"north": {"uv": [159, 114], "uv_size": [1, 1]},
								"east": {"uv": [115, 159], "uv_size": [1, 1]},
								"south": {"uv": [159, 115], "uv_size": [1, 1]},
								"west": {"uv": [116, 159], "uv_size": [1, 1]},
								"up": {"uv": [159, 116], "uv_size": [1, 1]},
								"down": {"uv": [117, 160], "uv_size": [1, -1]}
							}
						},
						{
							"origin": [-0.3292, 26.25, 4.3],
							"size": [0.14, 0.1, 4.5],
							"inflate": 0.2,
							"pivot": [-0.702, 26.25, 8],
							"rotation": [7.74869, -18.14015, 72.08154],
							"uv": {
								"north": {"uv": [46, 160], "uv_size": [1, 1]},
								"east": {"uv": [133, 46], "uv_size": [5, 1]},
								"south": {"uv": [160, 46], "uv_size": [1, 1]},
								"west": {"uv": [133, 65], "uv_size": [5, 1]},
								"up": {"uv": [70, 133], "uv_size": [1, 5]},
								"down": {"uv": [72, 138], "uv_size": [1, -5]}
							}
						},
						{
							"origin": [0.918, 25.95, 9.1],
							"size": [1.08, 0.9, 1],
							"pivot": [0.918, 26.05, 29.1],
							"rotation": [0.68149, 6.04413, -13.03388],
							"uv": {
								"north": {"uv": [159, 117], "uv_size": [1, 1]},
								"east": {"uv": [118, 159], "uv_size": [1, 1]},
								"south": {"uv": [159, 118], "uv_size": [1, 1]},
								"west": {"uv": [119, 159], "uv_size": [1, 1]},
								"up": {"uv": [159, 119], "uv_size": [1, 1]},
								"down": {"uv": [120, 160], "uv_size": [1, -1]}
							}
						},
						{
							"origin": [0.918, 25.95, 7.8],
							"size": [1.08, 0.9, 1.3],
							"pivot": [0.918, 26.05, 29.1],
							"rotation": [0.68149, 6.04413, -13.03388],
							"uv": {
								"north": {"uv": [43, 160], "uv_size": [1, 1]},
								"east": {"uv": [160, 43], "uv_size": [1, 1]},
								"south": {"uv": [44, 160], "uv_size": [1, 1]},
								"west": {"uv": [160, 44], "uv_size": [1, 1]},
								"up": {"uv": [45, 160], "uv_size": [1, 1]},
								"down": {"uv": [160, 46], "uv_size": [1, -1]}
							}
						},
						{
							"origin": [-0.016, 26.25, 9.7],
							"size": [0.032, 0.35, 0.2],
							"inflate": 0.2,
							"pivot": [-0.756, 25.05, 25.5],
							"rotation": [0, 0, -21],
							"uv": {
								"north": {"uv": [159, 120], "uv_size": [1, 1]},
								"east": {"uv": [121, 159], "uv_size": [1, 1]},
								"south": {"uv": [159, 121], "uv_size": [1, 1]},
								"west": {"uv": [122, 159], "uv_size": [1, 1]},
								"up": {"uv": [159, 122], "uv_size": [1, 1]},
								"down": {"uv": [123, 160], "uv_size": [1, -1]}
							}
						},
						{
							"origin": [-0.6532, 26.25, 9.2],
							"size": [-0.076, 0, 0.2],
							"inflate": 0.2,
							"pivot": [-0.702, 26.25, 8],
							"rotation": [5.74869, -18.14015, 72.08154],
							"uv": {
								"north": {"uv": [0, 0], "uv_size": [1, 0]},
								"east": {"uv": [0, 0], "uv_size": [1, 0]},
								"south": {"uv": [0, 0], "uv_size": [1, 0]},
								"west": {"uv": [0, 0], "uv_size": [1, 0]},
								"up": {"uv": [159, 123], "uv_size": [1, 1]},
								"down": {"uv": [124, 160], "uv_size": [1, -1]}
							}
						},
						{
							"origin": [-0.6532, 26.25, 3.9],
							"size": [-0.076, 0, 4.9],
							"inflate": 0.2,
							"pivot": [-0.702, 26.25, 8],
							"rotation": [5.74869, -18.14015, 72.08154],
							"uv": {
								"north": {"uv": [0, 0], "uv_size": [1, 0]},
								"east": {"uv": [0, 0], "uv_size": [5, 0]},
								"south": {"uv": [0, 0], "uv_size": [1, 0]},
								"west": {"uv": [0, 0], "uv_size": [5, 0]},
								"up": {"uv": [73, 133], "uv_size": [1, 5]},
								"down": {"uv": [133, 79], "uv_size": [1, -5]}
							}
						}
					]
				},
				{
					"name": "shitonstock",
					"parent": "stock2",
					"pivot": [0.75, 26.25, 8]
				},
				{
					"name": "bone2",
					"parent": "stock2",
					"pivot": [-0.53, 26.45, 7.1],
					"rotation": [-11, 0, 0],
					"cubes": [
						{
							"origin": [0.58277, 26.34779, 6.3],
							"size": [0.5, 0.7, 1.05],
							"pivot": [0.63, 26.45, 7.1],
							"rotation": [-6.96398, -16.00742, -65.12678],
							"uv": {
								"north": {"uv": [163, 19], "uv_size": [1, 1]},
								"east": {"uv": [20, 163], "uv_size": [1, 1]},
								"south": {"uv": [163, 20], "uv_size": [1, 1]},
								"west": {"uv": [21, 163], "uv_size": [1, 1]},
								"up": {"uv": [163, 21], "uv_size": [1, 1]},
								"down": {"uv": [22, 164], "uv_size": [1, -1]}
							}
						},
						{
							"origin": [-0.18, 26.55, 6.5],
							"size": [0.46, 0.76, 1.1],
							"pivot": [0.05, 27.35, 6.6],
							"rotation": [-19, 0, 0],
							"uv": {
								"north": {"uv": [163, 22], "uv_size": [1, 1]},
								"east": {"uv": [23, 163], "uv_size": [1, 1]},
								"south": {"uv": [163, 23], "uv_size": [1, 1]},
								"west": {"uv": [24, 163], "uv_size": [1, 1]},
								"up": {"uv": [163, 24], "uv_size": [1, 1]},
								"down": {"uv": [25, 164], "uv_size": [1, -1]}
							}
						},
						{
							"origin": [-0.98277, 26.34779, 6.3],
							"size": [0.5, 0.7, 1.05],
							"pivot": [-0.53, 26.45, 7.1],
							"rotation": [-6.96398, 16.00742, 65.12678],
							"uv": {
								"north": {"uv": [163, 25], "uv_size": [1, 1]},
								"east": {"uv": [26, 163], "uv_size": [1, 1]},
								"south": {"uv": [163, 26], "uv_size": [1, 1]},
								"west": {"uv": [27, 163], "uv_size": [1, 1]},
								"up": {"uv": [163, 27], "uv_size": [1, 1]},
								"down": {"uv": [28, 164], "uv_size": [1, -1]}
							}
						}
					]
				},
				{
					"name": "bone3",
					"parent": "stock2",
					"pivot": [0.07, 26.85, 7.4],
					"cubes": [
						{
							"origin": [0.58277, 26.29789, 7.38184],
							"size": [0.5, 0.7, 5.45],
							"pivot": [0.63, 26.40011, 7.18184],
							"rotation": [-6.96398, -16.00742, -65.12678],
							"uv": {
								"north": {"uv": [163, 40], "uv_size": [1, 1]},
								"east": {"uv": [130, 19], "uv_size": [6, 1]},
								"south": {"uv": [41, 163], "uv_size": [1, 1]},
								"west": {"uv": [130, 20], "uv_size": [6, 1]},
								"up": {"uv": [130, 105], "uv_size": [1, 6]},
								"down": {"uv": [130, 124], "uv_size": [1, -6]}
							}
						},
						{
							"origin": [-0.18, 26.50011, 7.58184],
							"size": [0.46, 0.76, 5.5],
							"pivot": [0.05, 27.30011, 6.68184],
							"rotation": [-17.5, 0, 0],
							"uv": {
								"north": {"uv": [163, 41], "uv_size": [1, 1]},
								"east": {"uv": [130, 29], "uv_size": [6, 1]},
								"south": {"uv": [42, 163], "uv_size": [1, 1]},
								"west": {"uv": [130, 37], "uv_size": [6, 1]},
								"up": {"uv": [126, 130], "uv_size": [1, 6]},
								"down": {"uv": [131, 11], "uv_size": [1, -6]}
							}
						},
						{
							"origin": [-0.98277, 26.29789, 7.38184],
							"size": [0.5, 0.7, 5.45],
							"pivot": [-0.53, 26.40011, 7.18184],
							"rotation": [-6.96398, 16.00742, 65.12678],
							"uv": {
								"north": {"uv": [163, 42], "uv_size": [1, 1]},
								"east": {"uv": [130, 45], "uv_size": [6, 1]},
								"south": {"uv": [43, 163], "uv_size": [1, 1]},
								"west": {"uv": [130, 63], "uv_size": [6, 1]},
								"up": {"uv": [49, 131], "uv_size": [1, 6]},
								"down": {"uv": [131, 57], "uv_size": [1, -6]}
							}
						}
					]
				},
				{
					"name": "bone4",
					"parent": "stock2",
					"pivot": [0.07, 25.15, 12.9],
					"rotation": [11, 0, 0]
				},
				{
					"name": "bone5",
					"parent": "stock2",
					"pivot": [0.07, 24.75, 17.9],
					"rotation": [17.5, 0, 0]
				},
				{
					"name": "_ca_stock",
					"parent": "main",
					"pivot": [-0.2, 21.35, 0.075],
					"cubes": [
						{"origin": [-0.45, 22.75, 7.875], "size": [1, 1, 1], "uv": [27, 69]}
					]
				}
			]
		}
	]
}