{
	"format_version": "1.12.0",
	"minecraft:geometry": [
		{
			"description": {
				"identifier": "geometry.unknown",
				"texture_width": 256,
				"texture_height": 256,
				"visible_bounds_width": 11,
				"visible_bounds_height": 4,
				"visible_bounds_offset": [0, 1, 0]
			},
			"bones": [
				{
					"name": "main",
					"pivot": [0, 20, 0]
				},
				{
					"name": "stock",
					"parent": "main",
					"pivot": [0.65, 19.4, 32.2],
					"cubes": [
						{
							"origin": [-1.05, 23.5, 9],
							"size": [2.2, 3.3, 3.1],
							"uv": {
								"north": {"uv": [131, 67], "uv_size": [2, 3]},
								"east": {"uv": [130, 0], "uv_size": [3, 3]},
								"south": {"uv": [131, 70], "uv_size": [2, 3]},
								"west": {"uv": [130, 3], "uv_size": [3, 3]},
								"up": {"uv": [131, 73], "uv_size": [2, 3]},
								"down": {"uv": [131, 79], "uv_size": [2, -3]}
							}
						},
						{
							"origin": [-1.05, 25.6, 34],
							"size": [2.2, 0.9, 1.5],
							"uv": {
								"north": {"uv": [60, 148], "uv_size": [2, 1]},
								"east": {"uv": [148, 61], "uv_size": [2, 1]},
								"south": {"uv": [62, 148], "uv_size": [2, 1]},
								"west": {"uv": [148, 62], "uv_size": [2, 1]},
								"up": {"uv": [135, 63], "uv_size": [2, 2]},
								"down": {"uv": [135, 67], "uv_size": [2, -2]}
							}
						},
						{
							"origin": [-1.05, 14.5, 34.4],
							"size": [2.2, 11.1, 1.1],
							"uv": {
								"north": {"uv": [3, 104], "uv_size": [2, 11]},
								"east": {"uv": [72, 124], "uv_size": [1, 11]},
								"south": {"uv": [62, 106], "uv_size": [2, 11]},
								"west": {"uv": [27, 125], "uv_size": [1, 11]},
								"up": {"uv": [64, 148], "uv_size": [2, 1]},
								"down": {"uv": [66, 149], "uv_size": [2, -1]}
							}
						},
						{
							"origin": [-1.05, 14.5, 32.9],
							"size": [2.2, 1.1, 1.5],
							"uv": {
								"north": {"uv": [148, 67], "uv_size": [2, 1]},
								"east": {"uv": [68, 148], "uv_size": [2, 1]},
								"south": {"uv": [148, 68], "uv_size": [2, 1]},
								"west": {"uv": [148, 69], "uv_size": [2, 1]},
								"up": {"uv": [135, 67], "uv_size": [2, 2]},
								"down": {"uv": [135, 73], "uv_size": [2, -2]}
							}
						},
						{
							"origin": [-1.05, 14.3, 30.9],
							"size": [2.2, 8, 1.1],
							"pivot": [0.65, 19.8, 31.4],
							"rotation": [21, 0, 0],
							"uv": {
								"north": {"uv": [51, 115], "uv_size": [2, 8]},
								"east": {"uv": [130, 43], "uv_size": [1, 8]},
								"south": {"uv": [53, 115], "uv_size": [2, 8]},
								"west": {"uv": [130, 51], "uv_size": [1, 8]},
								"up": {"uv": [70, 148], "uv_size": [2, 1]},
								"down": {"uv": [148, 71], "uv_size": [2, -1]}
							}
						},
						{
							"origin": [-1.05, 14.5, 35.5],
							"size": [2.2, 12.1, 0.8],
							"uv": {
								"north": {"uv": [99, 102], "uv_size": [2, 12]},
								"east": {"uv": [18, 123], "uv_size": [1, 12]},
								"south": {"uv": [101, 102], "uv_size": [2, 12]},
								"west": {"uv": [54, 123], "uv_size": [1, 12]},
								"up": {"uv": [148, 71], "uv_size": [2, 1]},
								"down": {"uv": [72, 149], "uv_size": [2, -1]}
							}
						},
						{
							"origin": [-1.05, 26.48, 35.5],
							"size": [2.2, 0.12, 1.53],
							"uv": {
								"north": {"uv": [148, 72], "uv_size": [2, 1]},
								"east": {"uv": [74, 148], "uv_size": [2, 1]},
								"south": {"uv": [148, 74], "uv_size": [2, 1]},
								"west": {"uv": [148, 75], "uv_size": [2, 1]},
								"up": {"uv": [135, 73], "uv_size": [2, 2]},
								"down": {"uv": [135, 77], "uv_size": [2, -2]}
							}
						},
						{
							"origin": [-1.05, 14.5, 36],
							"size": [2.2, 12, 0.8],
							"pivot": [0.65, 19.8, 36.5],
							"rotation": [-2, 0, 0],
							"uv": {
								"north": {"uv": [51, 103], "uv_size": [2, 12]},
								"east": {"uv": [60, 123], "uv_size": [1, 12]},
								"south": {"uv": [53, 103], "uv_size": [2, 12]},
								"west": {"uv": [26, 124], "uv_size": [1, 12]},
								"up": {"uv": [76, 148], "uv_size": [2, 1]},
								"down": {"uv": [148, 78], "uv_size": [2, -1]}
							}
						},
						{
							"origin": [-1.05, 26.7, 13.8],
							"size": [2.2, 0.95, 18.4],
							"uv": {
								"north": {"uv": [78, 148], "uv_size": [2, 1]},
								"east": {"uv": [102, 53], "uv_size": [18, 1]},
								"south": {"uv": [148, 78], "uv_size": [2, 1]},
								"west": {"uv": [103, 8], "uv_size": [18, 1]},
								"up": {"uv": [75, 46], "uv_size": [2, 18]},
								"down": {"uv": [75, 86], "uv_size": [2, -18]}
							}
						},
						{
							"origin": [-1.05, 23.5, 12.1],
							"size": [2.2, 0.95, 16.8],
							"uv": {
								"north": {"uv": [80, 148], "uv_size": [2, 1]},
								"east": {"uv": [103, 9], "uv_size": [17, 1]},
								"south": {"uv": [148, 80], "uv_size": [2, 1]},
								"west": {"uv": [106, 7], "uv_size": [17, 1]},
								"up": {"uv": [16, 80], "uv_size": [2, 17]},
								"down": {"uv": [18, 97], "uv_size": [2, -17]}
							}
						},
						{
							"origin": [-0.65, 21.6, 31],
							"size": [1.4, 0.95, 3.4],
							"uv": {
								"north": {"uv": [165, 137], "uv_size": [1, 1]},
								"east": {"uv": [29, 138], "uv_size": [3, 1]},
								"south": {"uv": [138, 165], "uv_size": [1, 1]},
								"west": {"uv": [138, 29], "uv_size": [3, 1]},
								"up": {"uv": [32, 138], "uv_size": [1, 3]},
								"down": {"uv": [33, 141], "uv_size": [1, -3]}
							}
						},
						{
							"origin": [-0.65, 15.6, 32.8],
							"size": [1.4, 2.15, 1.6],
							"uv": {
								"north": {"uv": [89, 147], "uv_size": [1, 2]},
								"east": {"uv": [135, 77], "uv_size": [2, 2]},
								"south": {"uv": [91, 147], "uv_size": [1, 2]},
								"west": {"uv": [135, 79], "uv_size": [2, 2]},
								"up": {"uv": [113, 147], "uv_size": [1, 2]},
								"down": {"uv": [82, 150], "uv_size": [1, -2]}
							}
						},
						{
							"origin": [-0.65, 13.1, 39],
							"size": [1.4, 0.6, 0.6],
							"pivot": [0.65, 7.9, 25.3],
							"rotation": [45, 0, 0],
							"uv": {
								"north": {"uv": [165, 138], "uv_size": [1, 1]},
								"east": {"uv": [139, 165], "uv_size": [1, 1]},
								"south": {"uv": [165, 139], "uv_size": [1, 1]},
								"west": {"uv": [140, 165], "uv_size": [1, 1]},
								"up": {"uv": [165, 140], "uv_size": [1, 1]},
								"down": {"uv": [141, 166], "uv_size": [1, -1]}
							}
						},
						{
							"origin": [-0.65, 13.1, 42.2],
							"size": [1.4, 0.6, 0.6],
							"pivot": [0.65, 7.9, 28.5],
							"rotation": [45, 0, 0],
							"uv": {
								"north": {"uv": [165, 141], "uv_size": [1, 1]},
								"east": {"uv": [142, 165], "uv_size": [1, 1]},
								"south": {"uv": [165, 142], "uv_size": [1, 1]},
								"west": {"uv": [143, 165], "uv_size": [1, 1]},
								"up": {"uv": [165, 143], "uv_size": [1, 1]},
								"down": {"uv": [144, 166], "uv_size": [1, -1]}
							}
						},
						{
							"origin": [-0.65, 18.5, 32.5],
							"size": [1.4, 0.6, 0.6],
							"pivot": [0.65, 13.3, 18.8],
							"rotation": [25, 0, 0],
							"uv": {
								"north": {"uv": [165, 144], "uv_size": [1, 1]},
								"east": {"uv": [145, 165], "uv_size": [1, 1]},
								"south": {"uv": [165, 145], "uv_size": [1, 1]},
								"west": {"uv": [146, 165], "uv_size": [1, 1]},
								"up": {"uv": [165, 146], "uv_size": [1, 1]},
								"down": {"uv": [147, 166], "uv_size": [1, -1]}
							}
						},
						{
							"origin": [-0.65, 13.9, 42.2],
							"size": [1.4, 0.6, 0.6],
							"pivot": [0.65, 8.7, 28.5],
							"rotation": [45, 0, 0],
							"uv": {
								"north": {"uv": [165, 147], "uv_size": [1, 1]},
								"east": {"uv": [148, 165], "uv_size": [1, 1]},
								"south": {"uv": [165, 148], "uv_size": [1, 1]},
								"west": {"uv": [149, 165], "uv_size": [1, 1]},
								"up": {"uv": [165, 149], "uv_size": [1, 1]},
								"down": {"uv": [150, 166], "uv_size": [1, -1]}
							}
						},
						{
							"origin": [-0.65, 9.1, 42.2],
							"size": [1.4, 0.6, 0.6],
							"pivot": [0.65, 3.9, 28.5],
							"rotation": [45, 0, 0],
							"uv": {
								"north": {"uv": [165, 150], "uv_size": [1, 1]},
								"east": {"uv": [151, 165], "uv_size": [1, 1]},
								"south": {"uv": [165, 151], "uv_size": [1, 1]},
								"west": {"uv": [152, 165], "uv_size": [1, 1]},
								"up": {"uv": [165, 152], "uv_size": [1, 1]},
								"down": {"uv": [153, 166], "uv_size": [1, -1]}
							}
						},
						{
							"origin": [-0.65, 22.9, 33.7],
							"size": [1.4, 0.6, 0.6],
							"pivot": [0.65, 17.7, 20],
							"rotation": [15, 0, 0],
							"uv": {
								"north": {"uv": [165, 153], "uv_size": [1, 1]},
								"east": {"uv": [154, 165], "uv_size": [1, 1]},
								"south": {"uv": [165, 154], "uv_size": [1, 1]},
								"west": {"uv": [155, 165], "uv_size": [1, 1]},
								"up": {"uv": [165, 155], "uv_size": [1, 1]},
								"down": {"uv": [156, 166], "uv_size": [1, -1]}
							}
						},
						{
							"origin": [-0.65, 14.5, 30.6],
							"size": [1.4, 0.6, 0.6],
							"pivot": [0.65, 9.3, 16.9],
							"rotation": [62, 0, 0],
							"uv": {
								"north": {"uv": [165, 156], "uv_size": [1, 1]},
								"east": {"uv": [157, 165], "uv_size": [1, 1]},
								"south": {"uv": [165, 157], "uv_size": [1, 1]},
								"west": {"uv": [158, 165], "uv_size": [1, 1]},
								"up": {"uv": [165, 158], "uv_size": [1, 1]},
								"down": {"uv": [159, 166], "uv_size": [1, -1]}
							}
						},
						{
							"origin": [-0.65, 17.1, 27.9],
							"size": [1.4, 0.6, 0.6],
							"pivot": [0.65, 11.9, 14.2],
							"rotation": [62, 0, 0],
							"uv": {
								"north": {"uv": [165, 159], "uv_size": [1, 1]},
								"east": {"uv": [160, 165], "uv_size": [1, 1]},
								"south": {"uv": [165, 160], "uv_size": [1, 1]},
								"west": {"uv": [161, 165], "uv_size": [1, 1]},
								"up": {"uv": [165, 161], "uv_size": [1, 1]},
								"down": {"uv": [162, 166], "uv_size": [1, -1]}
							}
						},
						{
							"origin": [-0.65, 13.9, 38.5],
							"size": [1.4, 0.6, 0.6],
							"pivot": [0.65, 8.7, 24.8],
							"rotation": [45, 0, 0],
							"uv": {
								"north": {"uv": [165, 162], "uv_size": [1, 1]},
								"east": {"uv": [163, 165], "uv_size": [1, 1]},
								"south": {"uv": [165, 163], "uv_size": [1, 1]},
								"west": {"uv": [164, 165], "uv_size": [1, 1]},
								"up": {"uv": [165, 164], "uv_size": [1, 1]},
								"down": {"uv": [165, 166], "uv_size": [1, -1]}
							}
						},
						{
							"origin": [-0.65, 9.1, 40.3],
							"size": [1.4, 0.6, 0.6],
							"pivot": [0.65, 3.9, 26.6],
							"rotation": [45, 0, 0],
							"uv": {
								"north": {"uv": [0, 166], "uv_size": [1, 1]},
								"east": {"uv": [166, 0], "uv_size": [1, 1]},
								"south": {"uv": [1, 166], "uv_size": [1, 1]},
								"west": {"uv": [166, 1], "uv_size": [1, 1]},
								"up": {"uv": [2, 166], "uv_size": [1, 1]},
								"down": {"uv": [166, 3], "uv_size": [1, -1]}
							}
						},
						{
							"origin": [-0.65, 16.7, 35],
							"size": [1.4, 0.6, 0.6],
							"pivot": [0.65, 11.5, 21.3],
							"rotation": [33, 0, 0],
							"uv": {
								"north": {"uv": [3, 166], "uv_size": [1, 1]},
								"east": {"uv": [166, 3], "uv_size": [1, 1]},
								"south": {"uv": [4, 166], "uv_size": [1, 1]},
								"west": {"uv": [166, 4], "uv_size": [1, 1]},
								"up": {"uv": [5, 166], "uv_size": [1, 1]},
								"down": {"uv": [166, 6], "uv_size": [1, -1]}
							}
						},
						{
							"origin": [-0.65, 17.3, 22.4],
							"size": [1.4, 0.6, 0.6],
							"pivot": [0.65, 12.1, 8.7],
							"rotation": [33, 0, 0],
							"uv": {
								"north": {"uv": [6, 166], "uv_size": [1, 1]},
								"east": {"uv": [166, 6], "uv_size": [1, 1]},
								"south": {"uv": [7, 166], "uv_size": [1, 1]},
								"west": {"uv": [166, 7], "uv_size": [1, 1]},
								"up": {"uv": [8, 166], "uv_size": [1, 1]},
								"down": {"uv": [166, 9], "uv_size": [1, -1]}
							}
						},
						{
							"origin": [-0.65, 19.8, 22],
							"size": [1.4, 0.6, 0.6],
							"pivot": [0.65, 14.6, 8.3],
							"rotation": [33, 0, 0],
							"uv": {
								"north": {"uv": [9, 166], "uv_size": [1, 1]},
								"east": {"uv": [166, 9], "uv_size": [1, 1]},
								"south": {"uv": [10, 166], "uv_size": [1, 1]},
								"west": {"uv": [166, 10], "uv_size": [1, 1]},
								"up": {"uv": [11, 166], "uv_size": [1, 1]},
								"down": {"uv": [166, 12], "uv_size": [1, -1]}
							}
						},
						{
							"origin": [-0.65, 19.8, 35.9],
							"size": [1.4, 0.6, 0.6],
							"pivot": [0.65, 14.6, 22.2],
							"rotation": [33, 0, 0],
							"uv": {
								"north": {"uv": [12, 166], "uv_size": [1, 1]},
								"east": {"uv": [166, 12], "uv_size": [1, 1]},
								"south": {"uv": [13, 166], "uv_size": [1, 1]},
								"west": {"uv": [166, 13], "uv_size": [1, 1]},
								"up": {"uv": [14, 166], "uv_size": [1, 1]},
								"down": {"uv": [166, 15], "uv_size": [1, -1]}
							}
						},
						{
							"origin": [-0.65, 17.1, 37.7],
							"size": [1.4, 0.95, 3.7],
							"pivot": [0.65, 12.2, 26.8],
							"rotation": [51, 0, 0],
							"uv": {
								"north": {"uv": [15, 166], "uv_size": [1, 1]},
								"east": {"uv": [135, 32], "uv_size": [4, 1]},
								"south": {"uv": [166, 15], "uv_size": [1, 1]},
								"west": {"uv": [135, 59], "uv_size": [4, 1]},
								"up": {"uv": [54, 135], "uv_size": [1, 4]},
								"down": {"uv": [60, 139], "uv_size": [1, -4]}
							}
						},
						{
							"origin": [-0.65, 23.3, 40],
							"size": [1.4, 0.95, 3.7],
							"pivot": [0.65, 18.4, 29.1],
							"rotation": [126, 0, 0],
							"uv": {
								"north": {"uv": [16, 166], "uv_size": [1, 1]},
								"east": {"uv": [135, 69], "uv_size": [4, 1]},
								"south": {"uv": [166, 16], "uv_size": [1, 1]},
								"west": {"uv": [135, 81], "uv_size": [4, 1]},
								"up": {"uv": [64, 135], "uv_size": [1, 4]},
								"down": {"uv": [72, 139], "uv_size": [1, -4]}
							}
						},
						{
							"origin": [-1.05, 27.4, 8.5],
							"size": [2.2, 2.5, 1],
							"pivot": [0.65, 24.6, 9.4],
							"rotation": [-65, 0, 0],
							"uv": {
								"north": {"uv": [131, 79], "uv_size": [2, 3]},
								"east": {"uv": [138, 33], "uv_size": [1, 3]},
								"south": {"uv": [131, 82], "uv_size": [2, 3]},
								"west": {"uv": [34, 138], "uv_size": [1, 3]},
								"up": {"uv": [148, 81], "uv_size": [2, 1]},
								"down": {"uv": [83, 149], "uv_size": [2, -1]}
							}
						},
						{
							"origin": [-1.05, 28, 36],
							"size": [2.2, 2.5, 1],
							"pivot": [0.65, 25.2, 36.9],
							"rotation": [64, 0, 0],
							"uv": {
								"north": {"uv": [131, 96], "uv_size": [2, 3]},
								"east": {"uv": [35, 138], "uv_size": [1, 3]},
								"south": {"uv": [102, 131], "uv_size": [2, 3]},
								"west": {"uv": [36, 138], "uv_size": [1, 3]},
								"up": {"uv": [148, 83], "uv_size": [2, 1]},
								"down": {"uv": [148, 85], "uv_size": [2, -1]}
							}
						},
						{
							"origin": [-1.05, 25.6, 32.8],
							"size": [2.2, 1.8, 1],
							"pivot": [0.65, 22, 33.7],
							"rotation": [64, 0, 0],
							"uv": {
								"north": {"uv": [135, 96], "uv_size": [2, 2]},
								"east": {"uv": [85, 148], "uv_size": [1, 2]},
								"south": {"uv": [98, 135], "uv_size": [2, 2]},
								"west": {"uv": [86, 148], "uv_size": [1, 2]},
								"up": {"uv": [87, 148], "uv_size": [2, 1]},
								"down": {"uv": [148, 88], "uv_size": [2, -1]}
							}
						},
						{
							"origin": [-1.05, 27.2, 36.2],
							"size": [2.2, 2.1, 0.6],
							"pivot": [0.65, 24, 37.1],
							"rotation": [53, 0, 0],
							"uv": {
								"north": {"uv": [135, 104], "uv_size": [2, 2]},
								"east": {"uv": [148, 89], "uv_size": [1, 2]},
								"south": {"uv": [135, 106], "uv_size": [2, 2]},
								"west": {"uv": [90, 148], "uv_size": [1, 2]},
								"up": {"uv": [92, 148], "uv_size": [2, 1]},
								"down": {"uv": [148, 93], "uv_size": [2, -1]}
							}
						},
						{
							"origin": [-1.05, 24.8, 35.6],
							"size": [2.2, 1.4, 1.1],
							"pivot": [0.65, 21.7, 36.5],
							"rotation": [24, 0, 0],
							"uv": {
								"north": {"uv": [148, 93], "uv_size": [2, 1]},
								"east": {"uv": [17, 166], "uv_size": [1, 1]},
								"south": {"uv": [94, 148], "uv_size": [2, 1]},
								"west": {"uv": [166, 17], "uv_size": [1, 1]},
								"up": {"uv": [148, 95], "uv_size": [2, 1]},
								"down": {"uv": [96, 149], "uv_size": [2, -1]}
							}
						},
						{
							"origin": [-1.05, 22.5, 31.3],
							"size": [2.2, 1.5, 1.1],
							"pivot": [0.65, 19.4, 32.2],
							"rotation": [24, 0, 0],
							"uv": {
								"north": {"uv": [119, 135], "uv_size": [2, 2]},
								"east": {"uv": [98, 148], "uv_size": [1, 2]},
								"south": {"uv": [135, 124], "uv_size": [2, 2]},
								"west": {"uv": [148, 98], "uv_size": [1, 2]},
								"up": {"uv": [148, 96], "uv_size": [2, 1]},
								"down": {"uv": [99, 149], "uv_size": [2, -1]}
							}
						}
					]
				},
				{
					"name": "_ca_stock",
					"parent": "main",
					"pivot": [-0.2, 21.35, 0.075],
					"cubes": [
						{"origin": [-0.45, 22.75, 7.875], "size": [1, 1, 1], "uv": [27, 69]}
					]
				}
			]
		}
	]
}