{
	"format_version": "1.12.0",
	"minecraft:geometry": [
		{
			"description": {
				"identifier": "geometry.unknown",
				"texture_width": 64,
				"texture_height": 64,
				"visible_bounds_width": 8,
				"visible_bounds_height": 4,
				"visible_bounds_offset": [0, 1, 0]
			},
			"bones": [
				{
					"name": "main",
					"pivot": [0, 20, 0]
				},
				{
					"name": "gun",
					"parent": "main",
					"pivot": [1, 11, -1]
				},
				{
					"name": "stock",
					"parent": "gun",
					"pivot": [0.65, 21.4, 6.8],
					"cubes": [
						{
							"origin": [-1.35, 20.8, 7],
							"size": [2.7, 4.2, 2.9],
							"uv": {
								"north": {"uv": [33, 18], "uv_size": [3, 4]},
								"east": {"uv": [19, 33], "uv_size": [3, 4]},
								"south": {"uv": [33, 22], "uv_size": [3, 4]},
								"west": {"uv": [25, 33], "uv_size": [3, 4]},
								"up": {"uv": [36, 19], "uv_size": [3, 3]},
								"down": {"uv": [36, 25], "uv_size": [3, -3]}
							}
						},
						{
							"origin": [-0.55, 20.7, 9.9],
							"size": [1.1, 3.3, 3.8],
							"uv": {
								"north": {"uv": [24, 34], "uv_size": [1, 3]},
								"east": {"uv": [32, 33], "uv_size": [4, 3]},
								"south": {"uv": [27, 37], "uv_size": [1, 3]},
								"west": {"uv": [35, 26], "uv_size": [4, 3]},
								"up": {"uv": [21, 42], "uv_size": [1, 4]},
								"down": {"uv": [12, 47], "uv_size": [1, -4]}
							}
						},
						{
							"origin": [-1.35, 23.4, 10],
							"size": [2.7, 0.5, 0.9],
							"pivot": [1.35, 23.2, 9.9],
							"rotation": [45, 0, 0],
							"uv": {
								"north": {"uv": [36, 25], "uv_size": [3, 1]},
								"east": {"uv": [3, 35], "uv_size": [1, 1]},
								"south": {"uv": [44, 13], "uv_size": [3, 1]},
								"west": {"uv": [18, 41], "uv_size": [1, 1]},
								"up": {"uv": [44, 14], "uv_size": [3, 1]},
								"down": {"uv": [16, 45], "uv_size": [3, -1]}
							}
						},
						{
							"origin": [-1.35, 20.9, 10],
							"size": [2.7, 0.5, 0.9],
							"pivot": [1.35, 21.6, 9.9],
							"rotation": [-45, 0, 0],
							"uv": {
								"north": {"uv": [23, 44], "uv_size": [3, 1]},
								"east": {"uv": [41, 36], "uv_size": [1, 1]},
								"south": {"uv": [26, 44], "uv_size": [3, 1]},
								"west": {"uv": [41, 39], "uv_size": [1, 1]},
								"up": {"uv": [29, 44], "uv_size": [3, 1]},
								"down": {"uv": [32, 45], "uv_size": [3, -1]}
							}
						},
						{
							"origin": [-1.35, 21.7, 19.1],
							"size": [2.7, 0.5, 0.9],
							"pivot": [1.35, 21.5, 19],
							"rotation": [45, 0, 0],
							"uv": {
								"north": {"uv": [35, 44], "uv_size": [3, 1]},
								"east": {"uv": [23, 43], "uv_size": [1, 1]},
								"south": {"uv": [38, 44], "uv_size": [3, 1]},
								"west": {"uv": [24, 48], "uv_size": [1, 1]},
								"up": {"uv": [41, 44], "uv_size": [3, 1]},
								"down": {"uv": [44, 45], "uv_size": [3, -1]}
							}
						},
						{
							"origin": [-1.35, 21.6, 22.1],
							"size": [2.7, 0.5, 0.9],
							"pivot": [1.35, 21.4, 23.1],
							"rotation": [-45, 0, 0],
							"uv": {
								"north": {"uv": [47, 2], "uv_size": [3, 1]},
								"east": {"uv": [12, 49], "uv_size": [1, 1]},
								"south": {"uv": [47, 3], "uv_size": [3, 1]},
								"west": {"uv": [13, 49], "uv_size": [1, 1]},
								"up": {"uv": [47, 4], "uv_size": [3, 1]},
								"down": {"uv": [47, 6], "uv_size": [3, -1]}
							}
						},
						{
							"origin": [-1.35, 18.9, 22.1],
							"size": [2.7, 0.5, 0.9],
							"pivot": [1.35, 19.6, 23.1],
							"rotation": [45, 0, 0],
							"uv": {
								"north": {"uv": [47, 13], "uv_size": [3, 1]},
								"east": {"uv": [49, 18], "uv_size": [1, 1]},
								"south": {"uv": [47, 14], "uv_size": [3, 1]},
								"west": {"uv": [19, 49], "uv_size": [1, 1]},
								"up": {"uv": [15, 47], "uv_size": [3, 1]},
								"down": {"uv": [47, 16], "uv_size": [3, -1]}
							}
						},
						{
							"origin": [-1.35, 15.8, 26.8],
							"size": [2.7, 1.1, 1.5],
							"pivot": [1.35, 17.1, 28.1],
							"rotation": [45, 0, 0],
							"uv": {
								"north": {"uv": [47, 16], "uv_size": [3, 1]},
								"east": {"uv": [48, 20], "uv_size": [2, 1]},
								"south": {"uv": [47, 17], "uv_size": [3, 1]},
								"west": {"uv": [48, 21], "uv_size": [2, 1]},
								"up": {"uv": [30, 42], "uv_size": [3, 2]},
								"down": {"uv": [33, 44], "uv_size": [3, -2]}
							}
						},
						{
							"origin": [-1.35, 21.2, 27],
							"size": [2.7, 1.1, 1.5],
							"pivot": [1.35, 21, 28.3],
							"rotation": [-45, 0, 0],
							"uv": {
								"north": {"uv": [18, 47], "uv_size": [3, 1]},
								"east": {"uv": [22, 48], "uv_size": [2, 1]},
								"south": {"uv": [22, 47], "uv_size": [3, 1]},
								"west": {"uv": [48, 22], "uv_size": [2, 1]},
								"up": {"uv": [36, 42], "uv_size": [3, 2]},
								"down": {"uv": [42, 38], "uv_size": [3, -2]}
							}
						},
						{
							"origin": [-1.35, 20.9, 19],
							"size": [2.7, 0.5, 0.9],
							"pivot": [1.35, 21.6, 18.9],
							"rotation": [-45, 0, 0],
							"uv": {
								"north": {"uv": [47, 6], "uv_size": [3, 1]},
								"east": {"uv": [15, 49], "uv_size": [1, 1]},
								"south": {"uv": [47, 7], "uv_size": [3, 1]},
								"west": {"uv": [16, 49], "uv_size": [1, 1]},
								"up": {"uv": [9, 47], "uv_size": [3, 1]},
								"down": {"uv": [12, 48], "uv_size": [3, -1]}
							}
						},
						{
							"origin": [-1.35, 21.7, 25.6],
							"size": [2.7, 0.5, 0.9],
							"pivot": [1.35, 21.5, 25.5],
							"rotation": [45, 0, 0],
							"uv": {
								"north": {"uv": [47, 33], "uv_size": [3, 1]},
								"east": {"uv": [22, 49], "uv_size": [1, 1]},
								"south": {"uv": [47, 34], "uv_size": [3, 1]},
								"west": {"uv": [23, 49], "uv_size": [1, 1]},
								"up": {"uv": [47, 35], "uv_size": [3, 1]},
								"down": {"uv": [36, 48], "uv_size": [3, -1]}
							}
						},
						{
							"origin": [-1.35, 17.2, 25.5],
							"size": [2.7, 0.5, 0.9],
							"pivot": [1.35, 17.9, 25.4],
							"rotation": [-58, 0, 0],
							"uv": {
								"north": {"uv": [27, 47], "uv_size": [3, 1]},
								"east": {"uv": [20, 49], "uv_size": [1, 1]},
								"south": {"uv": [30, 47], "uv_size": [3, 1]},
								"west": {"uv": [21, 49], "uv_size": [1, 1]},
								"up": {"uv": [47, 31], "uv_size": [3, 1]},
								"down": {"uv": [33, 48], "uv_size": [3, -1]}
							}
						},
						{
							"origin": [-1.35, 11.7, 29.9],
							"size": [2.7, 12.9, 4.7],
							"pivot": [0.65, 18.9, 33.4],
							"rotation": [-2, 0, 0],
							"uv": {
								"north": {"uv": [22, 0], "uv_size": [3, 13]},
								"east": {"uv": [6, 0], "uv_size": [5, 13]},
								"south": {"uv": [22, 13], "uv_size": [3, 13]},
								"west": {"uv": [11, 0], "uv_size": [5, 13]},
								"up": {"uv": [32, 28], "uv_size": [3, 5]},
								"down": {"uv": [16, 38], "uv_size": [3, -5]}
							}
						},
						{
							"origin": [-1.75, 11.6, 30.9],
							"size": [3.5, 11, 2.7],
							"pivot": [0.65, 18.9, 33.4],
							"rotation": [-2, 0, 0],
							"uv": {
								"north": {"uv": [12, 13], "uv_size": [4, 11]},
								"east": {"uv": [0, 25], "uv_size": [3, 11]},
								"south": {"uv": [16, 0], "uv_size": [4, 11]},
								"west": {"uv": [25, 0], "uv_size": [3, 11]},
								"up": {"uv": [35, 29], "uv_size": [4, 3]},
								"down": {"uv": [0, 39], "uv_size": [4, -3]}
							}
						},
						{
							"origin": [-1.55, 22.6, 30.9],
							"size": [3.1, 2.1, 2.7],
							"pivot": [0.65, 18.9, 33.4],
							"rotation": [-2, 0, 0],
							"uv": {
								"north": {"uv": [42, 38], "uv_size": [3, 2]},
								"east": {"uv": [39, 42], "uv_size": [3, 2]},
								"south": {"uv": [42, 40], "uv_size": [3, 2]},
								"west": {"uv": [42, 42], "uv_size": [3, 2]},
								"up": {"uv": [39, 28], "uv_size": [3, 3]},
								"down": {"uv": [30, 42], "uv_size": [3, -3]}
							}
						},
						{
							"origin": [-1.35, 25, 7],
							"size": [2.7, 2.4, 1],
							"uv": {
								"north": {"uv": [39, 37], "uv_size": [3, 2]},
								"east": {"uv": [25, 47], "uv_size": [1, 2]},
								"south": {"uv": [19, 40], "uv_size": [3, 2]},
								"west": {"uv": [39, 47], "uv_size": [1, 2]},
								"up": {"uv": [0, 45], "uv_size": [3, 1]},
								"down": {"uv": [3, 46], "uv_size": [3, -1]}
							}
						}
					]
				},
				{
					"name": "bone15",
					"parent": "stock",
					"pivot": [0.25, 28.4, 7],
					"rotation": [-5, 0, 0],
					"cubes": [
						{
							"origin": [-0.63679, 27.04047, 7.1],
							"size": [0.8, 0.8, 2.6],
							"pivot": [0.05, 28.4, 7],
							"rotation": [-13.18128, 10.83218, 38.74478],
							"uv": {
								"north": {"uv": [26, 48], "uv_size": [1, 1]},
								"east": {"uv": [16, 45], "uv_size": [3, 1]},
								"south": {"uv": [48, 26], "uv_size": [1, 1]},
								"west": {"uv": [45, 19], "uv_size": [3, 1]},
								"up": {"uv": [19, 44], "uv_size": [1, 3]},
								"down": {"uv": [20, 47], "uv_size": [1, -3]}
							}
						},
						{
							"origin": [-0.85, 27.8, 7],
							"size": [1.7, 0.6, 2.7],
							"pivot": [0.05, 28.4, 7],
							"rotation": [-17, 0, 0],
							"uv": {
								"north": {"uv": [4, 44], "uv_size": [2, 1]},
								"east": {"uv": [45, 20], "uv_size": [3, 1]},
								"south": {"uv": [40, 47], "uv_size": [2, 1]},
								"west": {"uv": [45, 21], "uv_size": [3, 1]},
								"up": {"uv": [20, 8], "uv_size": [2, 3]},
								"down": {"uv": [22, 43], "uv_size": [2, -3]}
							}
						},
						{
							"origin": [-0.63679, 27.44047, 7],
							"size": [0.8, 0.4, 1.5],
							"pivot": [0.05, 28.4, 7],
							"rotation": [-13.18128, 10.83218, 38.74478],
							"uv": {
								"north": {"uv": [27, 48], "uv_size": [1, 1]},
								"east": {"uv": [48, 27], "uv_size": [1, 1]},
								"south": {"uv": [28, 48], "uv_size": [1, 1]},
								"west": {"uv": [48, 28], "uv_size": [1, 1]},
								"up": {"uv": [29, 48], "uv_size": [1, 1]},
								"down": {"uv": [48, 30], "uv_size": [1, -1]}
							}
						},
						{
							"origin": [-0.13981, 27.10475, 7.1],
							"size": [0.8, 0.8, 2.6],
							"pivot": [0.05, 28.4, 7],
							"rotation": [-13.18128, -10.83218, -38.74478],
							"uv": {
								"north": {"uv": [30, 48], "uv_size": [1, 1]},
								"east": {"uv": [45, 22], "uv_size": [3, 1]},
								"south": {"uv": [48, 30], "uv_size": [1, 1]},
								"west": {"uv": [23, 45], "uv_size": [3, 1]},
								"up": {"uv": [45, 23], "uv_size": [1, 3]},
								"down": {"uv": [26, 48], "uv_size": [1, -3]}
							}
						},
						{
							"origin": [-0.16321, 27.44047, 7],
							"size": [0.8, 0.4, 1.5],
							"pivot": [-0.05, 28.4, 7],
							"rotation": [-13.18128, -10.83218, -38.74478],
							"uv": {
								"north": {"uv": [31, 48], "uv_size": [1, 1]},
								"east": {"uv": [32, 48], "uv_size": [1, 1]},
								"south": {"uv": [48, 32], "uv_size": [1, 1]},
								"west": {"uv": [33, 48], "uv_size": [1, 1]},
								"up": {"uv": [34, 48], "uv_size": [1, 1]},
								"down": {"uv": [35, 49], "uv_size": [1, -1]}
							}
						},
						{
							"origin": [-1.35, 27.3, 7],
							"size": [2.7, 0.5, 2.6],
							"pivot": [1.35, 27.8, 7],
							"rotation": [-17, 0, 0],
							"uv": {
								"north": {"uv": [45, 26], "uv_size": [3, 1]},
								"east": {"uv": [27, 45], "uv_size": [3, 1]},
								"south": {"uv": [45, 27], "uv_size": [3, 1]},
								"west": {"uv": [45, 28], "uv_size": [3, 1]},
								"up": {"uv": [30, 36], "uv_size": [3, 3]},
								"down": {"uv": [33, 39], "uv_size": [3, -3]}
							}
						},
						{
							"origin": [-1.35, 25.2, 8.2],
							"size": [2.7, 2.1, 2.2],
							"pivot": [1.35, 27.8, 7],
							"rotation": [-17, 0, 0],
							"uv": {
								"north": {"uv": [24, 40], "uv_size": [3, 2]},
								"east": {"uv": [4, 0], "uv_size": [2, 2]},
								"south": {"uv": [27, 40], "uv_size": [3, 2]},
								"west": {"uv": [33, 26], "uv_size": [2, 2]},
								"up": {"uv": [33, 40], "uv_size": [3, 2]},
								"down": {"uv": [36, 42], "uv_size": [3, -2]}
							}
						},
						{
							"origin": [-1.35, 25.6, 9.5],
							"size": [2.7, 1.7, 1.3],
							"pivot": [1.35, 27.8, 7],
							"rotation": [-17, 0, 0],
							"uv": {
								"north": {"uv": [39, 40], "uv_size": [3, 2]},
								"east": {"uv": [45, 47], "uv_size": [1, 2]},
								"south": {"uv": [41, 11], "uv_size": [3, 2]},
								"west": {"uv": [46, 47], "uv_size": [1, 2]},
								"up": {"uv": [45, 29], "uv_size": [3, 1]},
								"down": {"uv": [30, 46], "uv_size": [3, -1]}
							}
						}
					]
				},
				{
					"name": "bone18",
					"parent": "stock",
					"pivot": [0.25, 27.6, 9.2],
					"rotation": [-23, 0, 0],
					"cubes": [
						{
							"origin": [-0.63679, 26.24047, 9.6],
							"size": [0.8, 0.8, 4],
							"pivot": [0.05, 27.6, 9.2],
							"rotation": [-13.18128, 10.83218, 38.74478],
							"uv": {
								"north": {"uv": [42, 48], "uv_size": [1, 1]},
								"east": {"uv": [43, 33], "uv_size": [4, 1]},
								"south": {"uv": [48, 42], "uv_size": [1, 1]},
								"west": {"uv": [43, 34], "uv_size": [4, 1]},
								"up": {"uv": [13, 43], "uv_size": [1, 4]},
								"down": {"uv": [14, 47], "uv_size": [1, -4]}
							}
						},
						{
							"origin": [-0.85, 27, 9.5],
							"size": [1.7, 0.6, 4.4],
							"pivot": [0.05, 27.6, 9.2],
							"rotation": [-17, 0, 0],
							"uv": {
								"north": {"uv": [2, 48], "uv_size": [2, 1]},
								"east": {"uv": [43, 35], "uv_size": [4, 1]},
								"south": {"uv": [6, 48], "uv_size": [2, 1]},
								"west": {"uv": [0, 44], "uv_size": [4, 1]},
								"up": {"uv": [4, 35], "uv_size": [2, 4]},
								"down": {"uv": [39, 37], "uv_size": [2, -4]}
							}
						},
						{
							"origin": [-0.63679, 26.64047, 9.5],
							"size": [0.8, 0.4, 3.2],
							"pivot": [0.05, 27.6, 9.2],
							"rotation": [-13.18128, 10.83218, 38.74478],
							"uv": {
								"north": {"uv": [48, 43], "uv_size": [1, 1]},
								"east": {"uv": [45, 38], "uv_size": [3, 1]},
								"south": {"uv": [48, 46], "uv_size": [1, 1]},
								"west": {"uv": [39, 45], "uv_size": [3, 1]},
								"up": {"uv": [45, 39], "uv_size": [1, 3]},
								"down": {"uv": [42, 48], "uv_size": [1, -3]}
							}
						},
						{
							"origin": [-0.13981, 26.30475, 9.6],
							"size": [0.8, 0.8, 3.9],
							"pivot": [0.05, 27.6, 9.2],
							"rotation": [-13.18128, -10.83218, -38.74478],
							"uv": {
								"north": {"uv": [47, 48], "uv_size": [1, 1]},
								"east": {"uv": [44, 11], "uv_size": [4, 1]},
								"south": {"uv": [48, 48], "uv_size": [1, 1]},
								"west": {"uv": [44, 12], "uv_size": [4, 1]},
								"up": {"uv": [15, 43], "uv_size": [1, 4]},
								"down": {"uv": [22, 47], "uv_size": [1, -4]}
							}
						},
						{
							"origin": [-0.16321, 26.64047, 9.5],
							"size": [0.8, 0.4, 3.2],
							"pivot": [-0.05, 27.6, 9.2],
							"rotation": [-13.18128, -10.83218, -38.74478],
							"uv": {
								"north": {"uv": [0, 49], "uv_size": [1, 1]},
								"east": {"uv": [45, 42], "uv_size": [3, 1]},
								"south": {"uv": [1, 49], "uv_size": [1, 1]},
								"west": {"uv": [43, 45], "uv_size": [3, 1]},
								"up": {"uv": [0, 46], "uv_size": [1, 3]},
								"down": {"uv": [1, 49], "uv_size": [1, -3]}
							}
						},
						{
							"origin": [-1.35, 26, 9.5],
							"size": [2.7, 1, 3.2],
							"pivot": [1.35, 27, 9.2],
							"rotation": [-17, 0, 0],
							"uv": {
								"north": {"uv": [45, 43], "uv_size": [3, 1]},
								"east": {"uv": [2, 46], "uv_size": [3, 1]},
								"south": {"uv": [46, 8], "uv_size": [3, 1]},
								"west": {"uv": [46, 9], "uv_size": [3, 1]},
								"up": {"uv": [36, 33], "uv_size": [3, 3]},
								"down": {"uv": [36, 39], "uv_size": [3, -3]}
							}
						},
						{
							"origin": [-1.35, 26.5, 12.7],
							"size": [2.7, 0.5, 0.5],
							"pivot": [1.35, 27, 9.2],
							"rotation": [-17, 0, 0],
							"uv": {
								"north": {"uv": [46, 23], "uv_size": [3, 1]},
								"east": {"uv": [5, 49], "uv_size": [1, 1]},
								"south": {"uv": [46, 24], "uv_size": [3, 1]},
								"west": {"uv": [6, 49], "uv_size": [1, 1]},
								"up": {"uv": [46, 25], "uv_size": [3, 1]},
								"down": {"uv": [27, 47], "uv_size": [3, -1]}
							}
						},
						{
							"origin": [-1.35, 25.6, 10.9],
							"size": [2.7, 0.9, 1.2],
							"pivot": [1.35, 27, 9.2],
							"rotation": [-17, 0, 0],
							"uv": {
								"north": {"uv": [46, 10], "uv_size": [3, 1]},
								"east": {"uv": [2, 49], "uv_size": [1, 1]},
								"south": {"uv": [16, 46], "uv_size": [3, 1]},
								"west": {"uv": [3, 49], "uv_size": [1, 1]},
								"up": {"uv": [46, 18], "uv_size": [3, 1]},
								"down": {"uv": [23, 47], "uv_size": [3, -1]}
							}
						}
					]
				},
				{
					"name": "bone19",
					"parent": "stock",
					"pivot": [0.25, 25.9, 10.6],
					"cubes": [
						{
							"origin": [-0.63679, 24.54047, 11],
							"size": [0.8, 0.8, 3.1],
							"pivot": [0.05, 25.9, 10.6],
							"rotation": [-13.18128, 10.83218, 38.74478],
							"uv": {
								"north": {"uv": [7, 49], "uv_size": [1, 1]},
								"east": {"uv": [30, 46], "uv_size": [3, 1]},
								"south": {"uv": [8, 49], "uv_size": [1, 1]},
								"west": {"uv": [33, 46], "uv_size": [3, 1]},
								"up": {"uv": [5, 46], "uv_size": [1, 3]},
								"down": {"uv": [21, 49], "uv_size": [1, -3]}
							}
						},
						{
							"origin": [-0.85, 25.3, 10.9],
							"size": [1.7, 0.6, 3.5],
							"pivot": [0.05, 25.9, 10.6],
							"rotation": [-17, 0, 0],
							"uv": {
								"north": {"uv": [8, 48], "uv_size": [2, 1]},
								"east": {"uv": [36, 46], "uv_size": [3, 1]},
								"south": {"uv": [10, 48], "uv_size": [2, 1]},
								"west": {"uv": [39, 46], "uv_size": [3, 1]},
								"up": {"uv": [16, 41], "uv_size": [2, 3]},
								"down": {"uv": [41, 36], "uv_size": [2, -3]}
							}
						},
						{
							"origin": [-0.63679, 24.94047, 10.9],
							"size": [0.8, 0.4, 2.3],
							"pivot": [0.05, 25.9, 10.6],
							"rotation": [-13.18128, 10.83218, 38.74478],
							"uv": {
								"north": {"uv": [49, 8], "uv_size": [1, 1]},
								"east": {"uv": [48, 11], "uv_size": [2, 1]},
								"south": {"uv": [9, 49], "uv_size": [1, 1]},
								"west": {"uv": [12, 48], "uv_size": [2, 1]},
								"up": {"uv": [4, 48], "uv_size": [1, 2]},
								"down": {"uv": [14, 50], "uv_size": [1, -2]}
							}
						},
						{
							"origin": [-0.13981, 24.60475, 11],
							"size": [0.8, 0.8, 3],
							"pivot": [0.05, 25.9, 10.6],
							"rotation": [-13.18128, -10.83218, -38.74478],
							"uv": {
								"north": {"uv": [49, 9], "uv_size": [1, 1]},
								"east": {"uv": [46, 39], "uv_size": [3, 1]},
								"south": {"uv": [10, 49], "uv_size": [1, 1]},
								"west": {"uv": [46, 40], "uv_size": [3, 1]},
								"up": {"uv": [43, 46], "uv_size": [1, 3]},
								"down": {"uv": [44, 49], "uv_size": [1, -3]}
							}
						},
						{
							"origin": [-0.16321, 24.94047, 10.9],
							"size": [0.8, 0.4, 2.3],
							"pivot": [-0.05, 25.9, 10.6],
							"rotation": [-13.18128, -10.83218, -38.74478],
							"uv": {
								"north": {"uv": [49, 10], "uv_size": [1, 1]},
								"east": {"uv": [48, 12], "uv_size": [2, 1]},
								"south": {"uv": [11, 49], "uv_size": [1, 1]},
								"west": {"uv": [15, 48], "uv_size": [2, 1]},
								"up": {"uv": [17, 48], "uv_size": [1, 2]},
								"down": {"uv": [18, 50], "uv_size": [1, -2]}
							}
						},
						{
							"origin": [-1.35, 25.3, 11.4],
							"size": [2.7, 0.4, 2.4],
							"pivot": [1.35, 25.7, 9.2],
							"rotation": [-17, 0, 0],
							"uv": {
								"north": {"uv": [46, 41], "uv_size": [3, 1]},
								"east": {"uv": [19, 48], "uv_size": [2, 1]},
								"south": {"uv": [45, 46], "uv_size": [3, 1]},
								"west": {"uv": [48, 19], "uv_size": [2, 1]},
								"up": {"uv": [41, 13], "uv_size": [3, 2]},
								"down": {"uv": [0, 44], "uv_size": [3, -2]}
							}
						}
					]
				},
				{
					"name": "bone16",
					"parent": "stock",
					"pivot": [1.35, 24.3, 15.5],
					"rotation": [15, 0, 0],
					"cubes": [
						{
							"origin": [-0.63679, 23.54047, 11.3],
							"size": [0.8, 0.8, 19],
							"pivot": [0.05, 24.9, 15.5],
							"rotation": [-13.18128, 10.83218, 38.74478],
							"uv": {
								"north": {"uv": [36, 48], "uv_size": [1, 1]},
								"east": {"uv": [28, 2], "uv_size": [19, 1]},
								"south": {"uv": [48, 36], "uv_size": [1, 1]},
								"west": {"uv": [28, 3], "uv_size": [19, 1]},
								"up": {"uv": [28, 15], "uv_size": [1, 19]},
								"down": {"uv": [6, 48], "uv_size": [1, -19]}
							}
						},
						{
							"origin": [-0.85, 24.3, 11.2],
							"size": [1.7, 0.6, 19.1],
							"pivot": [0.05, 24.9, 15.5],
							"rotation": [-17, 0, 0],
							"uv": {
								"north": {"uv": [47, 44], "uv_size": [2, 1]},
								"east": {"uv": [28, 4], "uv_size": [19, 1]},
								"south": {"uv": [47, 47], "uv_size": [2, 1]},
								"west": {"uv": [28, 5], "uv_size": [19, 1]},
								"up": {"uv": [12, 24], "uv_size": [2, 19]},
								"down": {"uv": [14, 43], "uv_size": [2, -19]}
							}
						},
						{
							"origin": [-0.63679, 23.94047, 11.2],
							"size": [0.8, 0.4, 17.9],
							"pivot": [0.05, 24.9, 15.5],
							"rotation": [-13.18128, 10.83218, 38.74478],
							"uv": {
								"north": {"uv": [37, 48], "uv_size": [1, 1]},
								"east": {"uv": [28, 8], "uv_size": [18, 1]},
								"south": {"uv": [48, 37], "uv_size": [1, 1]},
								"west": {"uv": [28, 9], "uv_size": [18, 1]},
								"up": {"uv": [9, 29], "uv_size": [1, 18]},
								"down": {"uv": [10, 47], "uv_size": [1, -18]}
							}
						},
						{
							"origin": [-0.13981, 23.60475, 11.3],
							"size": [0.8, 0.8, 19],
							"pivot": [0.05, 24.9, 15.5],
							"rotation": [-13.18128, -10.83218, -38.74478],
							"uv": {
								"north": {"uv": [38, 48], "uv_size": [1, 1]},
								"east": {"uv": [28, 6], "uv_size": [19, 1]},
								"south": {"uv": [48, 38], "uv_size": [1, 1]},
								"west": {"uv": [28, 7], "uv_size": [19, 1]},
								"up": {"uv": [7, 29], "uv_size": [1, 19]},
								"down": {"uv": [8, 48], "uv_size": [1, -19]}
							}
						},
						{
							"origin": [-0.16321, 23.94047, 11.2],
							"size": [0.8, 0.4, 17.9],
							"pivot": [-0.05, 24.9, 15.5],
							"rotation": [-13.18128, -10.83218, -38.74478],
							"uv": {
								"north": {"uv": [40, 48], "uv_size": [1, 1]},
								"east": {"uv": [28, 10], "uv_size": [18, 1]},
								"south": {"uv": [41, 48], "uv_size": [1, 1]},
								"west": {"uv": [29, 15], "uv_size": [18, 1]},
								"up": {"uv": [11, 29], "uv_size": [1, 18]},
								"down": {"uv": [29, 34], "uv_size": [1, -18]}
							}
						},
						{
							"origin": [-1.35, 23.8, 7.5],
							"size": [2.7, 0.5, 22.6],
							"pivot": [1.35, 24.3, 15.5],
							"rotation": [-17, 0, 0],
							"uv": {
								"north": {"uv": [45, 30], "uv_size": [3, 1]},
								"east": {"uv": [28, 0], "uv_size": [23, 1]},
								"south": {"uv": [45, 32], "uv_size": [3, 1]},
								"west": {"uv": [28, 1], "uv_size": [23, 1]},
								"up": {"uv": [0, 2], "uv_size": [3, 23]},
								"down": {"uv": [3, 25], "uv_size": [3, -23]}
							}
						},
						{
							"origin": [-1.35, 22.58797, 6.21652],
							"size": [2.7, 0.6, 9.5],
							"pivot": [-0.25, 22.6, 6.4],
							"rotation": [-16, 0, 0],
							"uv": {
								"north": {"uv": [33, 45], "uv_size": [3, 1]},
								"east": {"uv": [35, 32], "uv_size": [10, 1]},
								"south": {"uv": [36, 45], "uv_size": [3, 1]},
								"west": {"uv": [36, 18], "uv_size": [10, 1]},
								"up": {"uv": [3, 25], "uv_size": [3, 10]},
								"down": {"uv": [25, 25], "uv_size": [3, -10]}
							}
						},
						{
							"origin": [-1.35, 22.98797, 12.81652],
							"size": [2.7, 3.2, 2.9],
							"pivot": [-0.25, 22.6, 6.4],
							"rotation": [-15, 0, 0],
							"uv": {
								"north": {"uv": [19, 37], "uv_size": [3, 3]},
								"east": {"uv": [24, 37], "uv_size": [3, 3]},
								"south": {"uv": [16, 38], "uv_size": [3, 3]},
								"west": {"uv": [0, 39], "uv_size": [3, 3]},
								"up": {"uv": [3, 39], "uv_size": [3, 3]},
								"down": {"uv": [39, 22], "uv_size": [3, -3]}
							}
						},
						{
							"origin": [-1.35, 24.98797, 15.51652],
							"size": [2.7, 1.4, 13.7],
							"pivot": [-0.25, 22.6, 6.4],
							"rotation": [-17, 0, 0],
							"uv": {
								"north": {"uv": [46, 45], "uv_size": [3, 1]},
								"east": {"uv": [33, 16], "uv_size": [14, 1]},
								"south": {"uv": [2, 47], "uv_size": [3, 1]},
								"west": {"uv": [33, 17], "uv_size": [14, 1]},
								"up": {"uv": [16, 11], "uv_size": [3, 14]},
								"down": {"uv": [19, 25], "uv_size": [3, -14]}
							}
						},
						{
							"origin": [-1.35, 22.78797, 15.61652],
							"size": [2.7, 2.3, 2.5],
							"pivot": [-0.25, 22.6, 6.4],
							"rotation": [-17, 0, 0],
							"uv": {
								"north": {"uv": [42, 19], "uv_size": [3, 2]},
								"east": {"uv": [42, 21], "uv_size": [3, 2]},
								"south": {"uv": [42, 23], "uv_size": [3, 2]},
								"west": {"uv": [24, 42], "uv_size": [3, 2]},
								"up": {"uv": [39, 22], "uv_size": [3, 3]},
								"down": {"uv": [39, 28], "uv_size": [3, -3]}
							}
						},
						{
							"origin": [-1.35, 19.08797, 22.31652],
							"size": [2.7, 6, 2.4],
							"pivot": [-0.25, 22.6, 6.4],
							"rotation": [-17, 0, 0],
							"uv": {
								"north": {"uv": [30, 16], "uv_size": [3, 6]},
								"east": {"uv": [22, 34], "uv_size": [2, 6]},
								"south": {"uv": [30, 22], "uv_size": [3, 6]},
								"west": {"uv": [28, 34], "uv_size": [2, 6]},
								"up": {"uv": [42, 25], "uv_size": [3, 2]},
								"down": {"uv": [27, 44], "uv_size": [3, -2]}
							}
						},
						{
							"origin": [-1.35, 17.58797, 27.71652],
							"size": [2.7, 7.5, 1.5],
							"pivot": [-0.25, 22.6, 6.4],
							"rotation": [-17, 0, 0],
							"uv": {
								"north": {"uv": [25, 25], "uv_size": [3, 8]},
								"east": {"uv": [20, 0], "uv_size": [2, 8]},
								"south": {"uv": [22, 26], "uv_size": [3, 8]},
								"west": {"uv": [30, 28], "uv_size": [2, 8]},
								"up": {"uv": [42, 27], "uv_size": [3, 2]},
								"down": {"uv": [42, 31], "uv_size": [3, -2]}
							}
						},
						{
							"origin": [-1.35, 20.0431, 14.30877],
							"size": [2.7, 2.2, 16.4],
							"pivot": [-0.25, 20, 15.2],
							"rotation": [-46, 0, 0],
							"uv": {
								"north": {"uv": [3, 42], "uv_size": [3, 2]},
								"east": {"uv": [25, 11], "uv_size": [16, 2]},
								"south": {"uv": [18, 42], "uv_size": [3, 2]},
								"west": {"uv": [25, 13], "uv_size": [16, 2]},
								"up": {"uv": [6, 13], "uv_size": [3, 16]},
								"down": {"uv": [9, 29], "uv_size": [3, -16]}
							}
						},
						{
							"origin": [-1.35, 22.27, 6.1],
							"size": [2.7, 0.6, 7.8],
							"pivot": [1.55, 22.3, 6.1],
							"rotation": [-13, 0, 0],
							"uv": {
								"north": {"uv": [45, 36], "uv_size": [3, 1]},
								"east": {"uv": [39, 31], "uv_size": [8, 1]},
								"south": {"uv": [45, 37], "uv_size": [3, 1]},
								"west": {"uv": [33, 39], "uv_size": [8, 1]},
								"up": {"uv": [16, 25], "uv_size": [3, 8]},
								"down": {"uv": [19, 33], "uv_size": [3, -8]}
							}
						}
					]
				},
				{
					"name": "bone17",
					"parent": "stock",
					"pivot": [1.35, 23.8, 30.3],
					"rotation": [66, 0, 0]
				},
				{
					"name": "_ca_stock",
					"parent": "main",
					"pivot": [-0.2, 22.95, -0.825],
					"cubes": [
						{"origin": [-0.45, 24.25, 6.975], "size": [1, 1, 1], "uv": [0, 0]}
					]
				}
			]
		}
	]
}