{
	"format_version": "1.12.0",
	"minecraft:geometry": [
		{
			"description": {
				"identifier": "geometry.unknown",
				"texture_width": 256,
				"texture_height": 256,
				"visible_bounds_width": 11,
				"visible_bounds_height": 5,
				"visible_bounds_offset": [0, 0.5, 0]
			},
			"bones": [
				{
					"name": "main",
					"pivot": [0, 20, 0]
				},
				{
					"name": "_ca_stock",
					"parent": "main",
					"pivot": [-0.2, 19.45, -1.025],
					"cubes": [
						{"origin": [-0.45, 20.75, 6.775], "size": [1, 1, 1], "uv": [24, 121]}
					]
				},
				{
					"name": "stock",
					"parent": "main",
					"pivot": [0.65, 8.1, 23.4],
					"cubes": [
						{
							"origin": [-0.6, 12.98, 31.2],
							"size": [1.4, 12.5, 1.4],
							"pivot": [0, 13.6, 17.7],
							"rotation": [-12, 0, 0],
							"uv": {
								"north": {"uv": [43, 73], "uv_size": [2, 10]},
								"east": {"uv": [43, 73], "uv_size": [2, 10]},
								"south": {"uv": [43, 73], "uv_size": [2, 10]},
								"west": {"uv": [43, 73], "uv_size": [2, 10]},
								"up": {"uv": [45, 75], "uv_size": [-2, -2]},
								"down": {"uv": [45, 75], "uv_size": [-2, -2]}
							}
						},
						{
							"origin": [-0.8, 22.38, 31.4],
							"size": [1.8, 2.9, 1],
							"pivot": [0, 13.6, 17.7],
							"rotation": [-12, 0, 0],
							"uv": {
								"north": {"uv": [43, 82], "uv_size": [2, 1]},
								"east": {"uv": [43, 82], "uv_size": [2, 1]},
								"south": {"uv": [43, 82], "uv_size": [2, 1]},
								"west": {"uv": [43, 82], "uv_size": [2, 1]},
								"up": {"uv": [45, 83], "uv_size": [-2, -1]},
								"down": {"uv": [45, 83], "uv_size": [-2, -1]}
							}
						},
						{
							"origin": [-0.8, 23.18, 31],
							"size": [1.8, 0.5, 0.4],
							"pivot": [0, 13.6, 17.7],
							"rotation": [-12, 0, 0],
							"uv": {
								"north": {"uv": [43, 82], "uv_size": [2, 1]},
								"east": {"uv": [43, 82], "uv_size": [2, 1]},
								"south": {"uv": [43, 82], "uv_size": [2, 1]},
								"west": {"uv": [43, 82], "uv_size": [2, 1]},
								"up": {"uv": [45, 83], "uv_size": [-2, -1]},
								"down": {"uv": [45, 83], "uv_size": [-2, -1]}
							}
						},
						{
							"origin": [-0.8, 22.38, 29.6],
							"size": [1.8, 0.8, 1.8],
							"pivot": [0, 13.6, 17.7],
							"rotation": [-12, 0, 0],
							"uv": {
								"north": {"uv": [43, 82], "uv_size": [2, 1]},
								"east": {"uv": [43, 82], "uv_size": [2, 1]},
								"south": {"uv": [43, 82], "uv_size": [2, 1]},
								"west": {"uv": [43, 82], "uv_size": [2, 1]},
								"up": {"uv": [45, 83], "uv_size": [-2, -1]},
								"down": {"uv": [45, 83], "uv_size": [-2, -1]}
							}
						},
						{
							"origin": [-0.5, 12.09758, 33.32126],
							"size": [1.2, 9.8, 1.4],
							"pivot": [0, 22.1, 33.9],
							"rotation": [-53, 0, 0],
							"uv": {
								"north": {"uv": [43, 73], "uv_size": [2, 10]},
								"east": {"uv": [43, 73], "uv_size": [2, 10]},
								"south": {"uv": [40, 87], "uv_size": [3, 5]},
								"west": {"uv": [43, 73], "uv_size": [2, 10]},
								"up": {"uv": [43, 92], "uv_size": [-3, -5]},
								"down": {"uv": [43, 92], "uv_size": [-3, -5]}
							}
						},
						{
							"origin": [-0.8, 19.09758, 33.62126],
							"size": [1.8, 2.8, 1.1],
							"pivot": [0, 22.1, 33.9],
							"rotation": [-53, 0, 0],
							"uv": {
								"north": {"uv": [43, 82], "uv_size": [2, 1]},
								"east": {"uv": [43, 82], "uv_size": [2, 1]},
								"south": {"uv": [43, 82], "uv_size": [2, 1]},
								"west": {"uv": [43, 82], "uv_size": [2, 1]},
								"up": {"uv": [45, 83], "uv_size": [-2, -1]},
								"down": {"uv": [45, 83], "uv_size": [-2, -1]}
							}
						},
						{
							"origin": [-1.5, 18, 6.7],
							"size": [3.2, 4.4, 2.1],
							"uv": {
								"north": {"uv": [40, 87], "uv_size": [3, 5]},
								"east": {"uv": [82, 4], "uv_size": [2, 4]},
								"south": {"uv": [82, 4], "uv_size": [2, 4]},
								"west": {"uv": [82, 4], "uv_size": [2, 4]},
								"up": {"uv": [43, 92], "uv_size": [-3, -5]},
								"down": {"uv": [43, 92], "uv_size": [-3, -5]}
							}
						},
						{
							"origin": [-0.6, 19.7, 8.7],
							"size": [1.4, 1.4, 10.4],
							"pivot": [0, 20.5, 8.7],
							"rotation": [-8, 0, 0],
							"uv": {
								"north": {"uv": [40, 87], "uv_size": [3, 5]},
								"east": {"uv": [60, 32], "uv_size": [10, 2]},
								"south": {"uv": [40, 87], "uv_size": [3, 5]},
								"west": {"uv": [60, 31.9], "uv_size": [10, 2]},
								"up": {"uv": [45, 83], "uv_size": [-2, -10]},
								"down": {"uv": [45, 83], "uv_size": [-2, -10]}
							}
						},
						{
							"origin": [-0.6, 18.26584, 18.79051],
							"size": [1.4, 1.4, 7.7],
							"pivot": [0, 19, 18.9],
							"rotation": [-25, 0, 0],
							"uv": {
								"north": {"uv": [40, 87], "uv_size": [3, 5]},
								"east": {"uv": [60, 32], "uv_size": [10, 2]},
								"south": {"uv": [40, 87], "uv_size": [3, 5]},
								"west": {"uv": [60, 32], "uv_size": [10, 2]},
								"up": {"uv": [45, 83], "uv_size": [-2, -10]},
								"down": {"uv": [45, 83], "uv_size": [-2, -10]}
							}
						},
						{
							"origin": [-0.6, 15.09222, 25.57523],
							"size": [1.4, 1.4, 7.7],
							"pivot": [0, 15.8, 25.7],
							"rotation": [-42, 0, 0],
							"uv": {
								"north": {"uv": [40, 87], "uv_size": [3, 5]},
								"east": {"uv": [60, 32], "uv_size": [10, 2]},
								"south": {"uv": [40, 87], "uv_size": [3, 5]},
								"west": {"uv": [60, 32], "uv_size": [10, 2]},
								"up": {"uv": [45, 83], "uv_size": [-2, -10]},
								"down": {"uv": [45, 83], "uv_size": [-2, -10]}
							}
						},
						{
							"origin": [-0.5, 15.73663, 26.12787],
							"size": [1.2, 0.7, 1.3],
							"pivot": [0, 15.7, 26.7],
							"rotation": [-85, 0, 0],
							"uv": {
								"north": {"uv": [43, 82], "uv_size": [2, 1]},
								"east": {"uv": [43, 82], "uv_size": [2, 1]},
								"south": {"uv": [43, 82], "uv_size": [2, 1]},
								"west": {"uv": [43, 82], "uv_size": [2, 1]},
								"up": {"uv": [45, 83], "uv_size": [-2, -1]},
								"down": {"uv": [45, 83], "uv_size": [-2, -1]}
							}
						},
						{
							"origin": [-0.6, 11.73663, 29.92787],
							"size": [1.4, 1.1, 0.8],
							"pivot": [0, 11.9, 30.5],
							"rotation": [-85, 0, 0],
							"uv": {
								"north": {"uv": [43, 82], "uv_size": [2, 1]},
								"east": {"uv": [43, 82], "uv_size": [2, 1]},
								"south": {"uv": [43, 82], "uv_size": [2, 1]},
								"west": {"uv": [43, 82], "uv_size": [2, 1]},
								"up": {"uv": [45, 83], "uv_size": [-2, -1]},
								"down": {"uv": [45, 83], "uv_size": [-2, -1]}
							}
						},
						{
							"origin": [-0.5, 16.23663, 24.42787],
							"size": [1.2, 1.6, 0.5],
							"pivot": [0, 16.4, 25],
							"rotation": [-85, 0, 0],
							"uv": {
								"north": {"uv": [43, 73], "uv_size": [2, 2]},
								"east": {"uv": [40, 87], "uv_size": [3, 5]},
								"south": {"uv": [40, 87], "uv_size": [3, 5]},
								"west": {"uv": [40, 87], "uv_size": [3, 5]},
								"up": {"uv": [43, 92], "uv_size": [-3, -5]},
								"down": {"uv": [43, 92], "uv_size": [-3, -5]}
							}
						},
						{
							"origin": [-1.5, 22.1, 6.3],
							"size": [3.2, 0.7, 3],
							"pivot": [0, 21.6, 7.5],
							"rotation": [-20, 0, 0],
							"uv": {
								"north": {"uv": [40, 87], "uv_size": [3, 5]},
								"east": {"uv": [39, 89], "uv_size": [2, 1]},
								"south": {"uv": [39, 89], "uv_size": [2, 1]},
								"west": {"uv": [41, 89], "uv_size": [-2, 1]},
								"up": {"uv": [43, 90], "uv_size": [-3, -2]},
								"down": {"uv": [41, 90], "uv_size": [-2, -1]}
							}
						}
					]
				}
			]
		}
	]
}