{
	"format_version": "1.12.0",
	"minecraft:geometry": [
		{
			"description": {
				"identifier": "geometry.unknown",
				"texture_width": 64,
				"texture_height": 64,
				"visible_bounds_width": 9,
				"visible_bounds_height": 4,
				"visible_bounds_offset": [0, 1, 0]
			},
			"bones": [
				{
					"name": "main",
					"pivot": [0, 20, 0]
				},
				{
					"name": "gun",
					"parent": "main",
					"pivot": [1, 11, -1]
				},
				{
					"name": "stock",
					"parent": "gun",
					"pivot": [-1, 4.35, 15.1],
					"cubes": [
						{
							"origin": [-0.5, 21.85, 7],
							"size": [1.6, 0.3, 25.4],
							"inflate": 0.2,
							"pivot": [-1.1, 22.45, 15.3],
							"rotation": [-2, 0, 0],
							"uv": {
								"north": {"uv": [23, 12], "uv_size": [2, 1]},
								"east": {"uv": [8, 0], "uv_size": [25, 1]},
								"south": {"uv": [13, 23], "uv_size": [2, 1]},
								"west": {"uv": [7.9, 1], "uv_size": [25, 1]},
								"up": {"uv": [0, 2], "uv_size": [2, 25]},
								"down": {"uv": [2, 27], "uv_size": [2, -25]}
							}
						},
						{
							"origin": [-0.5, 20.55, 7],
							"size": [1.6, 0.3, 25.4],
							"inflate": 0.2,
							"pivot": [-1.1, 21.15, 15.3],
							"rotation": [-2, 0, 0],
							"uv": {
								"north": {"uv": [23, 13], "uv_size": [2, 1]},
								"east": {"uv": [8, 2], "uv_size": [25, 1]},
								"south": {"uv": [20, 23], "uv_size": [2, 1]},
								"west": {"uv": [8, 3], "uv_size": [25, 1]},
								"up": {"uv": [4, 0], "uv_size": [2, 25]},
								"down": {"uv": [6, 25], "uv_size": [2, -25]}
							}
						},
						{
							"origin": [-0.49, 18.3818, 29.07675],
							"size": [1.58, 0.3, 5.4],
							"inflate": 0.2,
							"pivot": [-1.1, 18.55, 30.8],
							"rotation": [-55, 0, 0],
							"uv": {
								"north": {"uv": [13, 24], "uv_size": [2, 1]},
								"east": {"uv": [22, 6], "uv_size": [5, 1]},
								"south": {"uv": [15, 24], "uv_size": [2, 1]},
								"west": {"uv": [22, 7], "uv_size": [5, 1]},
								"up": {"uv": [18, 10], "uv_size": [2, 5]},
								"down": {"uv": [14, 23], "uv_size": [2, -5]}
							}
						},
						{
							"origin": [-0.49, 19.0818, 29.67675],
							"size": [1.58, 0.4, 3.4],
							"inflate": 0.2,
							"pivot": [-1.1, 18.55, 30.8],
							"rotation": [-55, 0, 0],
							"uv": {
								"north": {"uv": [20, 24], "uv_size": [2, 1]},
								"east": {"uv": [23, 10], "uv_size": [3, 1]},
								"south": {"uv": [24, 20], "uv_size": [2, 1]},
								"west": {"uv": [23, 11], "uv_size": [3, 1]},
								"up": {"uv": [20, 10], "uv_size": [2, 3]},
								"down": {"uv": [20, 16], "uv_size": [2, -3]}
							}
						},
						{
							"origin": [-0.49, 19.8818, 30.27675],
							"size": [1.58, 0.6, 1.7],
							"inflate": 0.2,
							"pivot": [-1.1, 18.55, 30.8],
							"rotation": [-55, 0, 0],
							"uv": {
								"north": {"uv": [24, 21], "uv_size": [2, 1]},
								"east": {"uv": [22, 24], "uv_size": [2, 1]},
								"south": {"uv": [24, 22], "uv_size": [2, 1]},
								"west": {"uv": [24, 23], "uv_size": [2, 1]},
								"up": {"uv": [22, 20], "uv_size": [2, 2]},
								"down": {"uv": [22, 24], "uv_size": [2, -2]}
							}
						},
						{
							"origin": [-0.2, 21.25, 7],
							"size": [1, 0.2, 25.4],
							"inflate": 0.2,
							"pivot": [-1.1, 21.85, 15.3],
							"rotation": [-2, 0, 0],
							"uv": {
								"north": {"uv": [25, 13], "uv_size": [1, 1]},
								"east": {"uv": [8, 4], "uv_size": [25, 1]},
								"south": {"uv": [14, 25], "uv_size": [1, 1]},
								"west": {"uv": [8, 5], "uv_size": [25, 1]},
								"up": {"uv": [8, 6], "uv_size": [1, 25]},
								"down": {"uv": [9, 31], "uv_size": [1, -25]}
							}
						},
						{
							"origin": [-1.5, 16.95, 32.7],
							"size": [3.6, 5.5, 0.5],
							"inflate": 0.2,
							"pivot": [-1, 18.65, 18],
							"rotation": [-2, 0, 0],
							"uv": {
								"north": {"uv": [10, 6], "uv_size": [4, 6]},
								"east": {"uv": [18, 15], "uv_size": [1, 6]},
								"south": {"uv": [10, 12], "uv_size": [4, 6]},
								"west": {"uv": [16, 18], "uv_size": [1, 6]},
								"up": {"uv": [22, 8], "uv_size": [4, 1]},
								"down": {"uv": [22, 10], "uv_size": [4, -1]}
							}
						},
						{
							"origin": [-1.5, 10.39, 32.96],
							"size": [3.6, 5.7, 0.5],
							"inflate": 0.2,
							"pivot": [-1, 13.05, 33],
							"rotation": [6, 0, 0],
							"uv": {
								"north": {"uv": [14, 6], "uv_size": [4, 6]},
								"east": {"uv": [17, 18], "uv_size": [1, 6]},
								"south": {"uv": [14, 12], "uv_size": [4, 6]},
								"west": {"uv": [19, 15], "uv_size": [1, 6]},
								"up": {"uv": [22, 18], "uv_size": [4, 1]},
								"down": {"uv": [22, 20], "uv_size": [4, -1]}
							}
						},
						{
							"origin": [-1.702, 23.645, 6.5],
							"size": [5.104, 0.01, 0.11],
							"inflate": 0.2,
							"uv": {
								"north": {"uv": [12.9, 1], "uv_size": [6, 1]},
								"east": {"uv": [12.9, 1], "uv_size": [6, 1]},
								"south": {"uv": [12.9, 1], "uv_size": [6, 1]},
								"west": {"uv": [12.9, 1], "uv_size": [6, 1]},
								"up": {"uv": [18.9, 2], "uv_size": [-6, -1]},
								"down": {"uv": [18.9, 2], "uv_size": [-6, -1]}
							}
						},
						{
							"origin": [-1.702, 19.245, 6.5],
							"size": [3.704, 4.01, 0.11],
							"inflate": 0.2,
							"uv": {
								"north": {"uv": [18, 6], "uv_size": [4, 4]},
								"east": {"uv": [10, 22], "uv_size": [1, 4]},
								"south": {"uv": [10, 18], "uv_size": [4, 4]},
								"west": {"uv": [22, 10], "uv_size": [1, 4]},
								"up": {"uv": [22, 14], "uv_size": [4, 1]},
								"down": {"uv": [22, 16], "uv_size": [4, -1]}
							}
						},
						{
							"origin": [-2.402, 19.145, 6.1],
							"size": [0.904, 4.81, 0.91],
							"inflate": 0.2,
							"pivot": [-2.1, 24.25, 6.5],
							"rotation": [0, 45, 0],
							"uv": {
								"north": {"uv": [20, 18], "uv_size": [1, 5]},
								"east": {"uv": [18, 21], "uv_size": [1, 5]},
								"south": {"uv": [21, 18], "uv_size": [1, 5]},
								"west": {"uv": [19, 21], "uv_size": [1, 5]},
								"up": {"uv": [17, 24], "uv_size": [1, 1]},
								"down": {"uv": [24, 25], "uv_size": [1, -1]}
							}
						},
						{
							"origin": [-2.302, 18.645, 6.3],
							"size": [0.704, 0.21, 0.51],
							"inflate": 0.2,
							"pivot": [-2.1, 24.25, 6.5],
							"rotation": [0, 45, 0],
							"uv": {
								"north": {"uv": [4, 25], "uv_size": [1, 1]},
								"east": {"uv": [4, 25], "uv_size": [1, 1]},
								"south": {"uv": [4, 25], "uv_size": [1, 1]},
								"west": {"uv": [4, 25], "uv_size": [1, 1]},
								"up": {"uv": [5, 26], "uv_size": [-1, -1]},
								"down": {"uv": [5, 26], "uv_size": [-1, -1]}
							}
						},
						{
							"origin": [3.398, 19.245, 6.5],
							"size": [0.004, 4.01, 0.11],
							"inflate": 0.2,
							"uv": {
								"north": {"uv": [0, 3], "uv_size": [0, 4]},
								"east": {"uv": [0, 3], "uv_size": [0, 4]},
								"south": {"uv": [0, 3], "uv_size": [0, 4]},
								"west": {"uv": [0, 3], "uv_size": [0, 4]},
								"up": {"uv": [0, 7], "uv_size": [0, -4]},
								"down": {"uv": [0, 7], "uv_size": [0, -4]}
							}
						},
						{
							"origin": [2.398, 19.245, 6.5],
							"size": [0.604, 0.01, 0.11],
							"inflate": 0.2,
							"uv": {
								"north": {"uv": [16, 23], "uv_size": [-1, 1]},
								"east": {"uv": [16, 23], "uv_size": [-1, 1]},
								"south": {"uv": [16, 23], "uv_size": [-1, 1]},
								"west": {"uv": [16, 23], "uv_size": [-1, 1]},
								"up": {"uv": [15, 24], "uv_size": [1, -1]},
								"down": {"uv": [15, 24], "uv_size": [1, -1]}
							}
						}
					]
				},
				{
					"name": "_ca_stock",
					"parent": "main",
					"pivot": [0.2, 24.35, -66.325],
					"cubes": [
						{"origin": [-0.5, 21.05, 5.875], "size": [1, 1, 1], "uv": [0, 0]}
					]
				}
			]
		}
	]
}