{
	"format_version": "1.12.0",
	"minecraft:geometry": [
		{
			"description": {
				"identifier": "geometry.unknown",
				"texture_width": 256,
				"texture_height": 256,
				"visible_bounds_width": 10,
				"visible_bounds_height": 9,
				"visible_bounds_offset": [0, 2.5, 0]
			},
			"bones": [
				{
					"name": "main",
					"pivot": [0, 20, 0]
				},
				{
					"name": "_ca_stock",
					"parent": "main",
					"pivot": [-0.2, 19.45, -1.025],
					"cubes": [
						{"origin": [-0.45, 20.75, 6.775], "size": [1, 1, 1], "uv": [24, 121]}
					]
				},
				{
					"name": "stock",
					"parent": "main",
					"pivot": [0.65, 8.1, 23.4],
					"cubes": [
						{
							"origin": [-1.12, 10.3, 31.4],
							"size": [2.44, 4.7, 1.4],
							"pivot": [0.65, 16.8, 32.5],
							"rotation": [5, 0, 0],
							"uv": {
								"north": {"uv": [14, 194], "uv_size": [2, 5]},
								"east": {"uv": [14, 194], "uv_size": [2, 5]},
								"south": {"uv": [14, 194], "uv_size": [2, 5]},
								"west": {"uv": [14, 194], "uv_size": [2, 5]},
								"up": {"uv": [54, 10], "uv_size": [-15, -5]},
								"down": {"uv": [16, 199], "uv_size": [-2, -1]}
							}
						},
						{
							"origin": [-1.12, 14.75, 31.9],
							"size": [2.44, 6.5, 1.4],
							"pivot": [0.65, 19, 33],
							"rotation": [-5, 0, 0],
							"uv": {
								"north": {"uv": [14, 194], "uv_size": [2, 6]},
								"east": {"uv": [14, 194], "uv_size": [2, 6]},
								"south": {"uv": [14, 194], "uv_size": [2, 6]},
								"west": {"uv": [14, 194], "uv_size": [2, 6]},
								"up": {"uv": [16, 199], "uv_size": [-2, -1]},
								"down": {"uv": [54, 10], "uv_size": [-15, -5]}
							}
						},
						{
							"origin": [-1.11, 18.24434, 7.878],
							"size": [2.42, 4.4, 2.5],
							"pivot": [0.65, 20.5, 9.1],
							"rotation": [-3, 0, 0],
							"uv": {
								"north": {"uv": [38, 106], "uv_size": [2, 4]},
								"east": {"uv": [38, 106], "uv_size": [3, 4]},
								"south": {"uv": [82, 20], "uv_size": [5, 4]},
								"west": {"uv": [38, 106], "uv_size": [3, 4]},
								"up": {"uv": [40, 110], "uv_size": [-2, -4]},
								"down": {"uv": [87, 24], "uv_size": [-5, -4]}
							}
						},
						{
							"origin": [-1.69, 19.33332, 6.67567],
							"size": [1.1, 4.3, 1.1],
							"pivot": [-1.75, 20.5, 7.4],
							"rotation": [-4.31445, -45.91875, 3.10214],
							"uv": {
								"north": {"uv": [38, 106], "uv_size": [1, 4]},
								"east": {"uv": [38, 106], "uv_size": [1, 4]},
								"south": {"uv": [38, 106], "uv_size": [1, 4]},
								"west": {"uv": [38, 106], "uv_size": [1, 4]},
								"up": {"uv": [39, 107], "uv_size": [-1, -1]},
								"down": {"uv": [39, 107], "uv_size": [-1, -1]}
							}
						},
						{
							"origin": [-1.49, 18.53332, 6.87567],
							"size": [0.7, 5.2, 0.7],
							"pivot": [-1.75, 20.5, 7.4],
							"rotation": [-4.31445, -45.91875, 3.10214],
							"uv": {
								"north": {"uv": [38, 106], "uv_size": [1, 1]},
								"east": {"uv": [38, 106], "uv_size": [1, 1]},
								"south": {"uv": [39, 106], "uv_size": [1, 1]},
								"west": {"uv": [38, 106], "uv_size": [1, 1]},
								"up": {"uv": [39, 107], "uv_size": [-1, -1]},
								"down": {"uv": [39, 107], "uv_size": [-1, -1]}
							}
						},
						{
							"origin": [-1.59, 18.33332, 6.77567],
							"size": [0.9, 0.2, 0.9],
							"pivot": [-1.75, 20.5, 7.4],
							"rotation": [-4.31445, -45.91875, 3.10214],
							"uv": {
								"north": {"uv": [38, 106], "uv_size": [1, 1]},
								"east": {"uv": [38, 106], "uv_size": [1, 1]},
								"south": {"uv": [38, 106], "uv_size": [1, 1]},
								"west": {"uv": [38, 106], "uv_size": [1, 1]},
								"up": {"uv": [39, 107], "uv_size": [-1, -1]},
								"down": {"uv": [39, 107], "uv_size": [-1, -1]}
							}
						},
						{
							"origin": [-1.59, 23.73332, 6.77567],
							"size": [0.9, 0.2, 0.9],
							"pivot": [-1.75, 20.5, 7.4],
							"rotation": [-4.31445, -45.91875, 3.10214],
							"uv": {
								"north": {"uv": [39, 106], "uv_size": [1, 1]},
								"east": {"uv": [39, 106], "uv_size": [1, 1]},
								"south": {"uv": [39, 106], "uv_size": [1, 1]},
								"west": {"uv": [39, 106], "uv_size": [1, 1]},
								"up": {"uv": [40, 107], "uv_size": [-1, -1]},
								"down": {"uv": [40, 107], "uv_size": [-1, -1]}
							}
						},
						{
							"origin": [-1.11, 18.34434, 10.378],
							"size": [2.42, 4.2, 10.9],
							"pivot": [0.65, 20.5, 9.1],
							"rotation": [-3, 0, 0],
							"uv": {
								"north": {"uv": [82, 20], "uv_size": [5, 4]},
								"east": {"uv": [91, 72], "uv_size": [-10, 4]},
								"south": {"uv": [82, 20], "uv_size": [5, 4]},
								"west": {"uv": [81, 72], "uv_size": [10, 4]},
								"up": {"uv": [16, 204], "uv_size": [-2, -10]},
								"down": {"uv": [16, 204], "uv_size": [-2, -10]}
							}
						},
						{
							"origin": [-1.11, 20.44434, 21.278],
							"size": [2.42, 2.1, 10.8],
							"pivot": [0.65, 20.5, 9.1],
							"rotation": [-3, 0, 0],
							"uv": {
								"north": {"uv": [82, 20], "uv_size": [5, 4]},
								"east": {"uv": [91, 72], "uv_size": [-10, 2]},
								"south": {"uv": [82, 20], "uv_size": [5, 4]},
								"west": {"uv": [81, 72], "uv_size": [10, 2]},
								"up": {"uv": [16, 204], "uv_size": [-2, -10]},
								"down": {"uv": [16, 204], "uv_size": [-2, -10]}
							}
						},
						{
							"origin": [-1.11, 17.72308, 19.95286],
							"size": [2.42, 2.1, 14.4],
							"pivot": [0.65, 17.8, 20.9],
							"rotation": [-34, 0, 0],
							"uv": {
								"north": {"uv": [82, 20], "uv_size": [5, 4]},
								"east": {"uv": [95, 72], "uv_size": [-14, 2]},
								"south": {"uv": [82, 20], "uv_size": [5, 4]},
								"west": {"uv": [81, 72], "uv_size": [14, 2]},
								"up": {"uv": [16, 204], "uv_size": [-2, -10]},
								"down": {"uv": [16, 207], "uv_size": [-2, -14]}
							}
						},
						{
							"origin": [-1.11, 18.80786, 20.82184],
							"size": [2.42, 0.7, 0.8],
							"pivot": [0.65, 18.9, 21.8],
							"rotation": [-76, 0, 0],
							"uv": {
								"north": {"uv": [81, 72], "uv_size": [1, 1]},
								"east": {"uv": [81, 72], "uv_size": [1, 1]},
								"south": {"uv": [81, 72], "uv_size": [1, 1]},
								"west": {"uv": [81, 72], "uv_size": [1, 1]},
								"up": {"uv": [82, 73], "uv_size": [-1, -1]},
								"down": {"uv": [82, 73], "uv_size": [-1, -1]}
							}
						},
						{
							"origin": [-1.11, 18.30786, 20.52184],
							"size": [2.42, 0.7, 0.8],
							"pivot": [0.65, 18.9, 21.8],
							"rotation": [-121, 0, 0],
							"uv": {
								"north": {"uv": [81, 72], "uv_size": [1, 1]},
								"east": {"uv": [81, 72], "uv_size": [1, 1]},
								"south": {"uv": [81, 72], "uv_size": [1, 1]},
								"west": {"uv": [81, 72], "uv_size": [1, 1]},
								"up": {"uv": [82, 73], "uv_size": [-1, -1]},
								"down": {"uv": [82, 73], "uv_size": [-1, -1]}
							}
						},
						{
							"origin": [-1.11, 11.80786, 30.32184],
							"size": [2.42, 0.7, 0.8],
							"pivot": [0.65, 12.4, 31.6],
							"rotation": [-121, 0, 0],
							"uv": {
								"north": {"uv": [81, 72], "uv_size": [1, 1]},
								"east": {"uv": [81, 72], "uv_size": [1, 1]},
								"south": {"uv": [81, 72], "uv_size": [1, 1]},
								"west": {"uv": [81, 72], "uv_size": [1, 1]},
								"up": {"uv": [82, 73], "uv_size": [-1, -1]},
								"down": {"uv": [82, 73], "uv_size": [-1, -1]}
							}
						},
						{
							"origin": [-1.11, 12.10786, 30.62184],
							"size": [2.42, 0.9, 0.6],
							"pivot": [0.65, 12.4, 31.6],
							"rotation": [-76, 0, 0],
							"uv": {
								"north": {"uv": [81, 72], "uv_size": [1, 1]},
								"east": {"uv": [81, 72], "uv_size": [1, 1]},
								"south": {"uv": [81, 72], "uv_size": [1, 1]},
								"west": {"uv": [81, 72], "uv_size": [1, 1]},
								"up": {"uv": [82, 73], "uv_size": [-1, -1]},
								"down": {"uv": [82, 73], "uv_size": [-1, -1]}
							}
						},
						{
							"origin": [-0.95, 18.4, 6.5],
							"size": [2.1, 0.7, 1.5],
							"uv": {
								"north": {"uv": [81, 78], "uv_size": [4, 5]},
								"east": {"uv": [6, 87], "uv_size": [3, 5]},
								"south": {"uv": [82, 0], "uv_size": [4, 5]},
								"west": {"uv": [40, 87], "uv_size": [3, 5]},
								"up": {"uv": [90, 24], "uv_size": [4, 3]},
								"down": {"uv": [90, 39], "uv_size": [4, -3]}
							}
						},
						{
							"origin": [-0.95, 20.1, 6.5],
							"size": [2.1, 0.7, 1.5],
							"uv": {
								"north": {"uv": [81, 78], "uv_size": [4, 5]},
								"east": {"uv": [6, 87], "uv_size": [3, 5]},
								"south": {"uv": [82, 0], "uv_size": [4, 5]},
								"west": {"uv": [40, 87], "uv_size": [3, 5]},
								"up": {"uv": [90, 24], "uv_size": [4, 3]},
								"down": {"uv": [90, 39], "uv_size": [4, -3]}
							}
						},
						{
							"origin": [-0.95, 21.9, 6.5],
							"size": [2.1, 0.7, 1.5],
							"uv": {
								"north": {"uv": [81, 78], "uv_size": [4, 5]},
								"east": {"uv": [6, 87], "uv_size": [3, 5]},
								"south": {"uv": [82, 0], "uv_size": [4, 5]},
								"west": {"uv": [40, 87], "uv_size": [3, 5]},
								"up": {"uv": [90, 24], "uv_size": [4, 3]},
								"down": {"uv": [90, 39], "uv_size": [4, -3]}
							}
						}
					]
				},
				{
					"name": "bone22",
					"parent": "stock",
					"pivot": [0.65, 17.62027, 31.70607],
					"rotation": [-38, 0, 0],
					"cubes": [
						{
							"origin": [-1.11, 18.02813, 29.62791],
							"size": [2.42, 0.9, 0.6],
							"pivot": [0.65, 18.32027, 30.60607],
							"rotation": [-76, 0, 0],
							"uv": {
								"north": {"uv": [15, 193], "uv_size": [1, 1]},
								"east": {"uv": [15, 193], "uv_size": [1, 1]},
								"south": {"uv": [15, 193], "uv_size": [1, 1]},
								"west": {"uv": [15, 193], "uv_size": [1, 1]},
								"up": {"uv": [16, 194], "uv_size": [-1, -1]},
								"down": {"uv": [16, 194], "uv_size": [-1, -1]}
							}
						},
						{
							"origin": [-1.11, 17.72813, 29.32791],
							"size": [2.42, 1, 0.8],
							"pivot": [0.65, 18.32027, 30.60607],
							"rotation": [-121, 0, 0],
							"uv": {
								"north": {"uv": [15, 193], "uv_size": [1, 1]},
								"east": {"uv": [15, 193], "uv_size": [1, 1]},
								"south": {"uv": [15, 193], "uv_size": [1, 1]},
								"west": {"uv": [15, 193], "uv_size": [1, 1]},
								"up": {"uv": [16, 194], "uv_size": [-1, -1]},
								"down": {"uv": [16, 194], "uv_size": [-1, -1]}
							}
						}
					]
				}
			]
		}
	]
}