{
	"format_version": "1.12.0",
	"minecraft:geometry": [
		{
			"description": {
				"identifier": "geometry.unknown",
				"texture_width": 64,
				"texture_height": 64,
				"visible_bounds_width": 9,
				"visible_bounds_height": 5,
				"visible_bounds_offset": [0, 0.5, 0]
			},
			"bones": [
				{
					"name": "main",
					"pivot": [0, 20, 0]
				},
				{
					"name": "1p87",
					"parent": "main",
					"pivot": [0.2, 29.5, -13.35],
					"cubes": [
						{
							"origin": [-1.35925, 26.86975, -16.01766],
							"size": [2.81925, 0.7035, 10.29],
							"uv": {
								"north": {"uv": [44, 32], "uv_size": [3, 1]},
								"east": {"uv": [40, 9], "uv_size": [10, 1]},
								"south": {"uv": [44, 33], "uv_size": [3, 1]},
								"west": {"uv": [40, 10], "uv_size": [10, 1]},
								"up": {"uv": [12, 34], "uv_size": [3, 10]},
								"down": {"uv": [15, 44], "uv_size": [3, -10]}
							}
						},
						{
							"origin": [-1.96625, 27.526, -17.72391],
							"size": [4.07, 0.65625, 14.2275],
							"uv": {
								"north": {"uv": [36, 41], "uv_size": [4, 1]},
								"east": {"uv": [39, 21], "uv_size": [14, 1]},
								"south": {"uv": [40, 41], "uv_size": [4, 1]},
								"west": {"uv": [39, 22], "uv_size": [14, 1]},
								"up": {"uv": [25, 0], "uv_size": [4, 14]},
								"down": {"uv": [0, 40], "uv_size": [4, -14]}
							}
						},
						{
							"origin": [-1.70375, 28.18225, -17.72391],
							"size": [3.545, 1.575, 14.2275],
							"uv": {
								"north": {"uv": [28, 16], "uv_size": [4, 2]},
								"east": {"uv": [18, 34], "uv_size": [14, 2]},
								"south": {"uv": [18, 40], "uv_size": [4, 2]},
								"west": {"uv": [36, 0], "uv_size": [14, 2]},
								"up": {"uv": [4, 26], "uv_size": [4, 14]},
								"down": {"uv": [8, 40], "uv_size": [4, -14]}
							}
						},
						{
							"origin": [-1.70375, 29.49475, -8.14266],
							"size": [3.545, 1.18125, 4.64625],
							"uv": {
								"north": {"uv": [41, 40], "uv_size": [4, 1]},
								"east": {"uv": [40, 11], "uv_size": [5, 1]},
								"south": {"uv": [18, 42], "uv_size": [4, 1]},
								"west": {"uv": [40, 34], "uv_size": [5, 1]},
								"up": {"uv": [36, 2], "uv_size": [4, 5]},
								"down": {"uv": [36, 12], "uv_size": [4, -5]}
							}
						},
						{
							"origin": [-1.3125, 33.301, -8.20625],
							"size": [2.775, 0.30187, 4.4625],
							"uv": {
								"north": {"uv": [44, 41], "uv_size": [3, 1]},
								"east": {"uv": [38, 42], "uv_size": [4, 1]},
								"south": {"uv": [44, 44], "uv_size": [3, 1]},
								"west": {"uv": [42, 42], "uv_size": [4, 1]},
								"up": {"uv": [40, 5], "uv_size": [3, 4]},
								"down": {"uv": [6, 44], "uv_size": [3, -4]}
							}
						},
						{
							"origin": [1.5525, 30.676, -8.14266],
							"size": [0.28875, 2.3625, 4.39625],
							"uv": {
								"north": {"uv": [28, 14], "uv_size": [1, 2]},
								"east": {"uv": [40, 26], "uv_size": [4, 2]},
								"south": {"uv": [32, 24], "uv_size": [1, 2]},
								"west": {"uv": [40, 28], "uv_size": [4, 2]},
								"up": {"uv": [30, 41], "uv_size": [1, 4]},
								"down": {"uv": [31, 45], "uv_size": [1, -4]}
							}
						},
						{
							"origin": [-1.70375, 30.676, -8.14266],
							"size": [0.28875, 2.3625, 4.39625],
							"uv": {
								"north": {"uv": [3, 45], "uv_size": [1, 2]},
								"east": {"uv": [40, 30], "uv_size": [4, 2]},
								"south": {"uv": [4, 45], "uv_size": [1, 2]},
								"west": {"uv": [40, 32], "uv_size": [4, 2]},
								"up": {"uv": [9, 42], "uv_size": [1, 4]},
								"down": {"uv": [10, 46], "uv_size": [1, -4]}
							}
						},
						{
							"origin": [-1.70375, 30.551, -8.14266],
							"size": [3.53875, 0.21875, 4.7625],
							"uv": {
								"north": {"uv": [43, 20], "uv_size": [4, 1]},
								"east": {"uv": [40, 38], "uv_size": [5, 1]},
								"south": {"uv": [42, 43], "uv_size": [4, 1]},
								"west": {"uv": [40, 39], "uv_size": [5, 1]},
								"up": {"uv": [28, 36], "uv_size": [4, 5]},
								"down": {"uv": [39, 21], "uv_size": [4, -5]}
							}
						},
						{
							"origin": [-1.70375, 32.551, -3.75],
							"size": [0.28875, 0.4875, 2.3],
							"pivot": [-1.425, 33.035, -3.74478],
							"rotation": [-81, 0, 0],
							"uv": {
								"north": {"uv": [47, 7], "uv_size": [1, 1]},
								"east": {"uv": [45, 34], "uv_size": [2, 1]},
								"south": {"uv": [47, 8], "uv_size": [1, 1]},
								"west": {"uv": [35, 45], "uv_size": [2, 1]},
								"up": {"uv": [45, 35], "uv_size": [1, 2]},
								"down": {"uv": [45, 39], "uv_size": [1, -2]}
							}
						},
						{
							"origin": [-1.4325, 32.551, -1.625],
							"size": [0.16375, 0.4875, 0.175],
							"pivot": [-1.175, 33.035, -3.74478],
							"rotation": [-81, 0, 0],
							"uv": {
								"north": {"uv": [47, 16], "uv_size": [1, 1]},
								"east": {"uv": [47, 17], "uv_size": [1, 1]},
								"south": {"uv": [18, 47], "uv_size": [1, 1]},
								"west": {"uv": [47, 18], "uv_size": [1, 1]},
								"up": {"uv": [19, 47], "uv_size": [1, 1]},
								"down": {"uv": [47, 20], "uv_size": [1, -1]}
							}
						},
						{
							"origin": [1.5525, 32.551, -3.75],
							"size": [0.28875, 0.4875, 2.3],
							"pivot": [-0.925, 33.035, -3.74478],
							"rotation": [-81, 0, 0],
							"uv": {
								"north": {"uv": [6, 47], "uv_size": [1, 1]},
								"east": {"uv": [45, 11], "uv_size": [2, 1]},
								"south": {"uv": [47, 6], "uv_size": [1, 1]},
								"west": {"uv": [30, 45], "uv_size": [2, 1]},
								"up": {"uv": [33, 45], "uv_size": [1, 2]},
								"down": {"uv": [34, 47], "uv_size": [1, -2]}
							}
						},
						{
							"origin": [1.5525, 32.551, -10.5],
							"size": [0.28875, 0.4875, 2.3],
							"pivot": [-0.925, 33.035, -8.20522],
							"rotation": [81, 0, 0],
							"uv": {
								"north": {"uv": [12, 47], "uv_size": [1, 1]},
								"east": {"uv": [45, 40], "uv_size": [2, 1]},
								"south": {"uv": [47, 12], "uv_size": [1, 1]},
								"west": {"uv": [44, 45], "uv_size": [2, 1]},
								"up": {"uv": [46, 5], "uv_size": [1, 2]},
								"down": {"uv": [46, 9], "uv_size": [1, -2]}
							}
						},
						{
							"origin": [-1.70375, 32.551, -10.5],
							"size": [0.28875, 0.4875, 2.3],
							"pivot": [-1.425, 33.035, -8.20522],
							"rotation": [81, 0, 0],
							"uv": {
								"north": {"uv": [11, 47], "uv_size": [1, 1]},
								"east": {"uv": [38, 45], "uv_size": [2, 1]},
								"south": {"uv": [47, 11], "uv_size": [1, 1]},
								"west": {"uv": [45, 39], "uv_size": [2, 1]},
								"up": {"uv": [40, 45], "uv_size": [1, 2]},
								"down": {"uv": [41, 47], "uv_size": [1, -2]}
							}
						},
						{
							"origin": [-1.70375, 30.301, -8.56984],
							"size": [3.53875, 0.46875, 0.5125],
							"uv": {
								"north": {"uv": [3, 44], "uv_size": [4, 1]},
								"east": {"uv": [9, 47], "uv_size": [1, 1]},
								"south": {"uv": [12, 44], "uv_size": [4, 1]},
								"west": {"uv": [10, 47], "uv_size": [1, 1]},
								"up": {"uv": [44, 24], "uv_size": [4, 1]},
								"down": {"uv": [44, 26], "uv_size": [4, -1]}
							}
						},
						{
							"origin": [1.59188, 30.4135, -8.39266],
							"size": [0.34125, 0.7875, 4.64625],
							"pivot": [1.5525, 31.201, -3.48853],
							"rotation": [0, 0, 44],
							"uv": {
								"north": {"uv": [46, 13], "uv_size": [1, 1]},
								"east": {"uv": [40, 35], "uv_size": [5, 1]},
								"south": {"uv": [46, 14], "uv_size": [1, 1]},
								"west": {"uv": [36, 40], "uv_size": [5, 1]},
								"up": {"uv": [26, 40], "uv_size": [1, 5]},
								"down": {"uv": [27, 45], "uv_size": [1, -5]}
							}
						},
						{
							"origin": [-1.79562, 30.4135, -8.39266],
							"size": [0.34125, 0.7875, 4.64625],
							"pivot": [-1.415, 31.201, -3.48853],
							"rotation": [0, 0, -44],
							"uv": {
								"north": {"uv": [46, 15], "uv_size": [1, 1]},
								"east": {"uv": [40, 36], "uv_size": [5, 1]},
								"south": {"uv": [46, 16], "uv_size": [1, 1]},
								"west": {"uv": [40, 37], "uv_size": [5, 1]},
								"up": {"uv": [28, 41], "uv_size": [1, 5]},
								"down": {"uv": [29, 46], "uv_size": [1, -5]}
							}
						},
						{
							"origin": [-1.2633, 30.49375, -3.78875],
							"size": [0.15625, 0.5625, 0.3875],
							"pivot": [-1.415, 30.701, -3.36353],
							"rotation": [6.5, 1.04196, -44.83393],
							"uv": {
								"north": {"uv": [13, 47], "uv_size": [1, 1]},
								"east": {"uv": [47, 13], "uv_size": [1, 1]},
								"south": {"uv": [14, 47], "uv_size": [1, 1]},
								"west": {"uv": [47, 14], "uv_size": [1, 1]},
								"up": {"uv": [15, 47], "uv_size": [1, 1]},
								"down": {"uv": [47, 16], "uv_size": [1, -1]}
							}
						},
						{
							"origin": [1.25705, 30.49375, -3.78875],
							"size": [0.15625, 0.5625, 0.3875],
							"pivot": [1.565, 30.701, -3.36353],
							"rotation": [6.5, -1.04196, 44.83393],
							"uv": {
								"north": {"uv": [25, 47], "uv_size": [1, 1]},
								"east": {"uv": [26, 47], "uv_size": [1, 1]},
								"south": {"uv": [27, 47], "uv_size": [1, 1]},
								"west": {"uv": [28, 47], "uv_size": [1, 1]},
								"up": {"uv": [29, 47], "uv_size": [1, 1]},
								"down": {"uv": [30, 48], "uv_size": [1, -1]}
							}
						},
						{
							"origin": [1.41875, 32.551, -1.625],
							"size": [0.16375, 0.4875, 0.175],
							"pivot": [1.325, 33.035, -3.74478],
							"rotation": [-81, 0, 0],
							"uv": {
								"north": {"uv": [20, 47], "uv_size": [1, 1]},
								"east": {"uv": [47, 20], "uv_size": [1, 1]},
								"south": {"uv": [21, 47], "uv_size": [1, 1]},
								"west": {"uv": [22, 47], "uv_size": [1, 1]},
								"up": {"uv": [23, 47], "uv_size": [1, 1]},
								"down": {"uv": [24, 48], "uv_size": [1, -1]}
							}
						},
						{
							"origin": [1.25705, 30.49375, -8.54875],
							"size": [0.15625, 0.5625, 0.3875],
							"pivot": [1.565, 30.701, -8.58647],
							"rotation": [-6.5, 1.04196, 44.83393],
							"uv": {
								"north": {"uv": [41, 47], "uv_size": [1, 1]},
								"east": {"uv": [47, 41], "uv_size": [1, 1]},
								"south": {"uv": [47, 42], "uv_size": [1, 1]},
								"west": {"uv": [47, 43], "uv_size": [1, 1]},
								"up": {"uv": [44, 47], "uv_size": [1, 1]},
								"down": {"uv": [47, 45], "uv_size": [1, -1]}
							}
						},
						{
							"origin": [1.41875, 32.551, -10.5],
							"size": [0.16375, 0.4875, 0.175],
							"pivot": [1.325, 33.035, -8.20522],
							"rotation": [81, 0, 0],
							"uv": {
								"north": {"uv": [38, 47], "uv_size": [1, 1]},
								"east": {"uv": [47, 38], "uv_size": [1, 1]},
								"south": {"uv": [39, 47], "uv_size": [1, 1]},
								"west": {"uv": [47, 39], "uv_size": [1, 1]},
								"up": {"uv": [40, 47], "uv_size": [1, 1]},
								"down": {"uv": [47, 41], "uv_size": [1, -1]}
							}
						},
						{
							"origin": [-1.4325, 32.551, -10.5],
							"size": [0.16375, 0.4875, 0.175],
							"pivot": [-1.175, 33.035, -8.20522],
							"rotation": [81, 0, 0],
							"uv": {
								"north": {"uv": [35, 47], "uv_size": [1, 1]},
								"east": {"uv": [47, 35], "uv_size": [1, 1]},
								"south": {"uv": [36, 47], "uv_size": [1, 1]},
								"west": {"uv": [47, 36], "uv_size": [1, 1]},
								"up": {"uv": [37, 47], "uv_size": [1, 1]},
								"down": {"uv": [47, 38], "uv_size": [1, -1]}
							}
						},
						{
							"origin": [-1.2633, 30.49375, -8.54875],
							"size": [0.15625, 0.5625, 0.3875],
							"pivot": [-1.415, 30.701, -8.58647],
							"rotation": [-6.5, -1.04196, -44.83393],
							"uv": {
								"north": {"uv": [31, 47], "uv_size": [1, 1]},
								"east": {"uv": [47, 32], "uv_size": [1, 1]},
								"south": {"uv": [33, 47], "uv_size": [1, 1]},
								"west": {"uv": [47, 33], "uv_size": [1, 1]},
								"up": {"uv": [34, 47], "uv_size": [1, 1]},
								"down": {"uv": [47, 35], "uv_size": [1, -1]}
							}
						},
						{
							"origin": [1.5625, 33.025, -8.20625],
							"size": [0.275, 0.4125, 4.4625],
							"pivot": [1.8025, 33.0365, -3.86353],
							"rotation": [0, 0, -21],
							"uv": {
								"north": {"uv": [46, 17], "uv_size": [1, 1]},
								"east": {"uv": [22, 42], "uv_size": [4, 1]},
								"south": {"uv": [46, 18], "uv_size": [1, 1]},
								"west": {"uv": [33, 42], "uv_size": [4, 1]},
								"up": {"uv": [11, 42], "uv_size": [1, 4]},
								"down": {"uv": [37, 46], "uv_size": [1, -4]}
							}
						},
						{
							"origin": [1.05463, 33.425, -8.20625],
							"size": [0.275, 0.2875, 4.4625],
							"pivot": [1.3025, 33.4115, -3.86353],
							"rotation": [0, 0, 127],
							"uv": {
								"north": {"uv": [45, 47], "uv_size": [1, 1]},
								"east": {"uv": [44, 26], "uv_size": [4, 1]},
								"south": {"uv": [47, 45], "uv_size": [1, 1]},
								"west": {"uv": [44, 27], "uv_size": [4, 1]},
								"up": {"uv": [7, 44], "uv_size": [1, 4]},
								"down": {"uv": [8, 48], "uv_size": [1, -4]}
							}
						},
						{
							"origin": [-1.17963, 33.425, -8.20625],
							"size": [0.275, 0.2875, 4.4625],
							"pivot": [-1.1525, 33.4115, -3.86353],
							"rotation": [0, 0, -127],
							"uv": {
								"north": {"uv": [47, 47], "uv_size": [1, 1]},
								"east": {"uv": [44, 30], "uv_size": [4, 1]},
								"south": {"uv": [3, 48], "uv_size": [1, 1]},
								"west": {"uv": [44, 31], "uv_size": [4, 1]},
								"up": {"uv": [42, 44], "uv_size": [1, 4]},
								"down": {"uv": [43, 48], "uv_size": [1, -4]}
							}
						},
						{
							"origin": [-1.6875, 33.025, -8.20625],
							"size": [0.275, 0.4125, 4.4625],
							"pivot": [-1.6525, 33.0365, -3.86353],
							"rotation": [0, 0, 21],
							"uv": {
								"north": {"uv": [46, 47], "uv_size": [1, 1]},
								"east": {"uv": [44, 28], "uv_size": [4, 1]},
								"south": {"uv": [47, 46], "uv_size": [1, 1]},
								"west": {"uv": [44, 29], "uv_size": [4, 1]},
								"up": {"uv": [16, 44], "uv_size": [1, 4]},
								"down": {"uv": [17, 48], "uv_size": [1, -4]}
							}
						},
						{
							"origin": [-1.31, 28.18225, -11.81766],
							"size": [3.15125, 1.575, 3.85875],
							"pivot": [0.2, 29.7625, -11.81766],
							"rotation": [10, 0, 0],
							"uv": {
								"north": {"uv": [9, 40], "uv_size": [3, 2]},
								"east": {"uv": [22, 40], "uv_size": [4, 2]},
								"south": {"uv": [33, 40], "uv_size": [3, 2]},
								"west": {"uv": [40, 24], "uv_size": [4, 2]},
								"up": {"uv": [25, 14], "uv_size": [3, 4]},
								"down": {"uv": [3, 44], "uv_size": [3, -4]}
							}
						},
						{
							"origin": [1.51575, 28.1875, -17.72391],
							"size": [0.588, 0.525, 14.2275],
							"pivot": [2.10375, 28.1875, -1.51978],
							"rotation": [0, 0, -38],
							"uv": {
								"north": {"uv": [9, 46], "uv_size": [1, 1]},
								"east": {"uv": [39, 23], "uv_size": [14, 1]},
								"south": {"uv": [10, 46], "uv_size": [1, 1]},
								"west": {"uv": [40, 2], "uv_size": [14, 1]},
								"up": {"uv": [32, 34], "uv_size": [1, 14]},
								"down": {"uv": [0, 54], "uv_size": [1, -14]}
							}
						},
						{
							"origin": [-1.96625, 28.1875, -17.72391],
							"size": [0.588, 0.525, 14.2275],
							"pivot": [-1.96625, 28.1875, -1.51978],
							"rotation": [0, 0, 38],
							"uv": {
								"north": {"uv": [11, 46], "uv_size": [1, 1]},
								"east": {"uv": [40, 3], "uv_size": [14, 1]},
								"south": {"uv": [46, 12], "uv_size": [1, 1]},
								"west": {"uv": [40, 4], "uv_size": [14, 1]},
								"up": {"uv": [1, 40], "uv_size": [1, 14]},
								"down": {"uv": [2, 54], "uv_size": [1, -14]}
							}
						},
						{
							"origin": [1.2315, 29.65938, -11.80528],
							"size": [0.999, 1.209, 1.209],
							"inflate": -0.3,
							"pivot": [2.22975, 29.26638, -12.19828],
							"rotation": [-45, 0, 0],
							"uv": {
								"north": {"uv": [46, 19], "uv_size": [1, 1]},
								"east": {"uv": [28, 46], "uv_size": [1, 1]},
								"south": {"uv": [29, 46], "uv_size": [1, 1]},
								"west": {"uv": [30, 46], "uv_size": [1, 1]},
								"up": {"uv": [31, 46], "uv_size": [1, 1]},
								"down": {"uv": [35, 47], "uv_size": [1, -1]}
							}
						},
						{
							"origin": [1.2315, 29.52813, -14.69278],
							"size": [0.999, 1.209, 1.209],
							"inflate": -0.3,
							"pivot": [2.22975, 29.13513, -15.08578],
							"rotation": [-45, 0, 0],
							"uv": {
								"north": {"uv": [46, 35], "uv_size": [1, 1]},
								"east": {"uv": [36, 46], "uv_size": [1, 1]},
								"south": {"uv": [46, 36], "uv_size": [1, 1]},
								"west": {"uv": [37, 46], "uv_size": [1, 1]},
								"up": {"uv": [46, 37], "uv_size": [1, 1]},
								"down": {"uv": [38, 47], "uv_size": [1, -1]}
							}
						}
					]
				},
				{
					"name": "pso4",
					"parent": "1p87",
					"pivot": [-1.11512, 29.19156, -16.87997],
					"rotation": [-17.5, 90, 0],
					"cubes": [
						{
							"origin": [-3.4919, 25.40627, -21.28463],
							"size": [7.221, 7.97156, 7.97156],
							"inflate": -3.4,
							"pivot": [1.45622, 29.42743, -18.01084],
							"rotation": [-27.5, 0, 0],
							"uv": {
								"north": {"uv": [12, 26], "uv_size": [7, 8]},
								"east": {"uv": [0, 18], "uv_size": [8, 8]},
								"south": {"uv": [19, 26], "uv_size": [7, 8]},
								"west": {"uv": [8, 18], "uv_size": [8, 8]},
								"up": {"uv": [26, 26], "uv_size": [7, 8]},
								"down": {"uv": [29, 8], "uv_size": [7, -8]}
							}
						},
						{
							"origin": [-9.44869, 28.72747, -18.67041],
							"size": [9.65481, 1.89475, 1.89475],
							"inflate": -0.2,
							"pivot": [1.20958, 28.63966, -18.75822],
							"rotation": [-27.5, 0, 0],
							"uv": {
								"north": {"uv": [36, 12], "uv_size": [10, 2]},
								"east": {"uv": [43, 5], "uv_size": [2, 2]},
								"south": {"uv": [36, 14], "uv_size": [10, 2]},
								"west": {"uv": [43, 7], "uv_size": [2, 2]},
								"up": {"uv": [18, 36], "uv_size": [10, 2]},
								"down": {"uv": [18, 40], "uv_size": [10, -2]}
							}
						},
						{
							"origin": [0.0315, 28.83378, -18.5641],
							"size": [1.02512, 1.68213, 1.68213],
							"inflate": -0.2,
							"pivot": [4.71789, 28.63966, -18.75822],
							"rotation": [-27.5, 0, 0],
							"uv": {
								"north": {"uv": [5, 45], "uv_size": [1, 2]},
								"east": {"uv": [43, 16], "uv_size": [2, 2]},
								"south": {"uv": [45, 5], "uv_size": [1, 2]},
								"west": {"uv": [18, 43], "uv_size": [2, 2]},
								"up": {"uv": [6, 45], "uv_size": [1, 2]},
								"down": {"uv": [45, 9], "uv_size": [1, -2]}
							}
						},
						{
							"origin": [-3.76459, 26.07474, -18.62526],
							"size": [7.1789, 7.85441, 7.85441],
							"inflate": -3.4,
							"pivot": [1.02872, 29.87469, -15.49795],
							"rotation": [-27.5, 0, 0],
							"uv": {
								"north": {"uv": [29, 8], "uv_size": [7, 8]},
								"east": {"uv": [16, 18], "uv_size": [8, 8]},
								"south": {"uv": [32, 16], "uv_size": [7, 8]},
								"west": {"uv": [24, 18], "uv_size": [8, 8]},
								"up": {"uv": [33, 24], "uv_size": [7, 8]},
								"down": {"uv": [33, 40], "uv_size": [7, -8]}
							}
						},
						{
							"origin": [-0.27352, 29.4795, -15.85678],
							"size": [0.96261, 1.55392, 1.55392],
							"inflate": -0.2,
							"pivot": [3.96422, 29.16569, -16.17059],
							"rotation": [-27.5, 0, 0],
							"uv": {
								"north": {"uv": [45, 16], "uv_size": [1, 2]},
								"east": {"uv": [22, 43], "uv_size": [2, 2]},
								"south": {"uv": [18, 45], "uv_size": [1, 2]},
								"west": {"uv": [24, 43], "uv_size": [2, 2]},
								"up": {"uv": [45, 18], "uv_size": [1, 2]},
								"down": {"uv": [19, 47], "uv_size": [1, -2]}
							}
						},
						{
							"origin": [0.56306, 28.72747, -18.67041],
							"size": [0.91881, 1.89475, 1.89475],
							"inflate": -0.2,
							"pivot": [5.24945, 28.63966, -18.75822],
							"rotation": [-27.5, 0, 0],
							"uv": {
								"north": {"uv": [12, 45], "uv_size": [1, 2]},
								"east": {"uv": [43, 18], "uv_size": [2, 2]},
								"south": {"uv": [13, 45], "uv_size": [1, 2]},
								"west": {"uv": [20, 43], "uv_size": [2, 2]},
								"up": {"uv": [14, 45], "uv_size": [1, 2]},
								"down": {"uv": [15, 47], "uv_size": [1, -2]}
							}
						}
					]
				},
				{
					"name": "pso3",
					"parent": "1p87",
					"pivot": [-3.87137, 30.89781, -10.97372],
					"rotation": [0, 0, -180],
					"cubes": [
						{
							"origin": [-9.82569, 28.25045, -13.88353],
							"size": [8.11985, 8.67976, 8.67976],
							"inflate": -3.4,
							"pivot": [-3.1033, 31.24576, -10.15064],
							"rotation": [-27.5, 0, 0],
							"uv": {
								"north": {"uv": [9, 0], "uv_size": [8, 9]},
								"east": {"uv": [0, 0], "uv_size": [9, 9]},
								"south": {"uv": [9, 9], "uv_size": [8, 9]},
								"west": {"uv": [0, 9], "uv_size": [9, 9]},
								"up": {"uv": [17, 0], "uv_size": [8, 9]},
								"down": {"uv": [17, 18], "uv_size": [8, -9]}
							}
						},
						{
							"origin": [-5.294, 31.75942, -11.33466],
							"size": [0.8158, 2.42991, 2.42991],
							"inflate": -0.2,
							"pivot": [-3.58262, 30.17594, -11.16559],
							"rotation": [-27.5, 0, 0],
							"uv": {
								"north": {"uv": [20, 45], "uv_size": [1, 2]},
								"east": {"uv": [33, 43], "uv_size": [2, 2]},
								"south": {"uv": [21, 45], "uv_size": [1, 2]},
								"west": {"uv": [35, 43], "uv_size": [2, 2]},
								"up": {"uv": [22, 45], "uv_size": [1, 2]},
								"down": {"uv": [23, 47], "uv_size": [1, -2]}
							}
						}
					]
				},
				{
					"name": "scope",
					"parent": "main",
					"pivot": [0.06, 31.38, 2.39],
					"cubes": [
						{
							"origin": [-0.44, 31.6, 0.71],
							"size": [0.96, 0.96, 0.96],
							"inflate": -0.4,
							"uv": {
								"north": {"uv": [46, 38], "uv_size": [1, 1]},
								"east": {"uv": [39, 46], "uv_size": [1, 1]},
								"south": {"uv": [46, 42], "uv_size": [1, 1]},
								"west": {"uv": [46, 43], "uv_size": [1, 1]},
								"up": {"uv": [44, 46], "uv_size": [1, 1]},
								"down": {"uv": [45, 47], "uv_size": [1, -1]}
							}
						}
					]
				},
				{
					"name": "_ca_scope",
					"parent": "main",
					"pivot": [-0.1, 28.78, -10.67],
					"cubes": [
						{
							"origin": [-0.18, 27.286, -10.9565],
							"size": [0.76, 0.76, 0.76],
							"uv": {
								"north": {"uv": [46, 45], "uv_size": [1, 1]},
								"east": {"uv": [46, 46], "uv_size": [1, 1]},
								"south": {"uv": [3, 47], "uv_size": [1, 1]},
								"west": {"uv": [4, 47], "uv_size": [1, 1]},
								"up": {"uv": [5, 47], "uv_size": [1, 1]},
								"down": {"uv": [47, 6], "uv_size": [1, -1]}
							}
						}
					]
				}
			]
		}
	]
}