{
	"format_version": "1.12.0",
	"minecraft:geometry": [
		{
			"description": {
				"identifier": "geometry.unknown",
				"texture_width": 64,
				"texture_height": 64,
				"visible_bounds_width": 8,
				"visible_bounds_height": 4,
				"visible_bounds_offset": [0, 1, 0]
			},
			"bones": [
				{
					"name": "main",
					"pivot": [0, 20, 6.65]
				},
				{
					"name": "specter",
					"parent": "main",
					"pivot": [0, 26.4, -2.95],
					"cubes": [
						{
							"origin": [-1.21413, 24.4695, -4.78219],
							"size": [2.39662, 0.3245, 3.08],
							"uv": {
								"north": {"uv": [27, 35], "uv_size": [2, 1]},
								"east": {"uv": [30, 23], "uv_size": [3, 1]},
								"south": {"uv": [50, 45], "uv_size": [2, 1]},
								"west": {"uv": [47, 6], "uv_size": [3, 1]},
								"up": {"uv": [25, 39], "uv_size": [2, 3]},
								"down": {"uv": [0, 43], "uv_size": [2, -3]}
							}
						},
						{
							"origin": [-0.93913, 24.7445, -4.78219],
							"size": [1.84663, 1.4245, 8.1675],
							"uv": {
								"north": {"uv": [51, 12], "uv_size": [2, 1]},
								"east": {"uv": [39, 16], "uv_size": [8, 1]},
								"south": {"uv": [24, 51], "uv_size": [2, 1]},
								"west": {"uv": [39, 17], "uv_size": [8, 1]},
								"up": {"uv": [32, 2], "uv_size": [2, 8]},
								"down": {"uv": [18, 40], "uv_size": [2, -8]}
							}
						},
						{
							"origin": [-1.27187, 26.0425, -4.78219],
							"size": [2.53688, 0.462, 8.1675],
							"uv": {
								"north": {"uv": [44, 48], "uv_size": [3, 1]},
								"east": {"uv": [39, 22], "uv_size": [8, 1]},
								"south": {"uv": [48, 44], "uv_size": [3, 1]},
								"west": {"uv": [39, 27], "uv_size": [8, 1]},
								"up": {"uv": [12, 27], "uv_size": [3, 8]},
								"down": {"uv": [15, 35], "uv_size": [3, -8]}
							}
						},
						{
							"origin": [0.43588, 24.79125, -4.78219],
							"size": [0.74662, 0.5995, 8.1675],
							"pivot": [1.1825, 24.79125, -5.88219],
							"rotation": [0, 0, -39],
							"uv": {
								"north": {"uv": [54, 9], "uv_size": [1, 1]},
								"east": {"uv": [38, 15], "uv_size": [8, 1]},
								"south": {"uv": [54, 10], "uv_size": [1, 1]},
								"west": {"uv": [38, 25], "uv_size": [8, 1]},
								"up": {"uv": [27, 38], "uv_size": [1, 8]},
								"down": {"uv": [28, 46], "uv_size": [1, -8]}
							}
						},
						{
							"origin": [-1.1825, 24.79125, -4.78219],
							"size": [0.74662, 0.5995, 8.1675],
							"pivot": [-1.1825, 24.79125, -5.88219],
							"rotation": [0, 0, 39],
							"uv": {
								"north": {"uv": [54, 11], "uv_size": [1, 1]},
								"east": {"uv": [29, 38], "uv_size": [8, 1]},
								"south": {"uv": [12, 54], "uv_size": [1, 1]},
								"west": {"uv": [38, 33], "uv_size": [8, 1]},
								"up": {"uv": [38, 34], "uv_size": [1, 8]},
								"down": {"uv": [3, 47], "uv_size": [1, -8]}
							}
						},
						{
							"origin": [0.43588, 25.34675, -4.78219],
							"size": [0.74662, 0.737, 8.1675],
							"pivot": [1.1825, 25.94625, -5.88219],
							"rotation": [0, 0, 39],
							"uv": {
								"north": {"uv": [14, 54], "uv_size": [1, 1]},
								"east": {"uv": [39, 20], "uv_size": [8, 1]},
								"south": {"uv": [54, 14], "uv_size": [1, 1]},
								"west": {"uv": [39, 21], "uv_size": [8, 1]},
								"up": {"uv": [6, 39], "uv_size": [1, 8]},
								"down": {"uv": [24, 47], "uv_size": [1, -8]}
							}
						},
						{
							"origin": [-1.1825, 25.34675, -4.78219],
							"size": [0.74662, 0.737, 8.1675],
							"pivot": [-1.1825, 25.94625, -5.88219],
							"rotation": [0, 0, -39],
							"uv": {
								"north": {"uv": [13, 54], "uv_size": [1, 1]},
								"east": {"uv": [39, 18], "uv_size": [8, 1]},
								"south": {"uv": [54, 13], "uv_size": [1, 1]},
								"west": {"uv": [39, 19], "uv_size": [8, 1]},
								"up": {"uv": [4, 39], "uv_size": [1, 8]},
								"down": {"uv": [5, 47], "uv_size": [1, -8]}
							}
						},
						{
							"origin": [0.8415, 24.09, -2.58219],
							"size": [0.4785, 1.9745, 3.905],
							"uv": {
								"north": {"uv": [46, 50], "uv_size": [1, 2]},
								"east": {"uv": [38, 13], "uv_size": [4, 2]},
								"south": {"uv": [50, 47], "uv_size": [1, 2]},
								"west": {"uv": [38, 23], "uv_size": [4, 2]},
								"up": {"uv": [21, 46], "uv_size": [1, 4]},
								"down": {"uv": [22, 50], "uv_size": [1, -4]}
							}
						},
						{
							"origin": [-1.0835, 24.057, -4.78219],
							"size": [2.1285, 0.462, 8.1675],
							"uv": {
								"north": {"uv": [26, 51], "uv_size": [2, 1]},
								"east": {"uv": [39, 28], "uv_size": [8, 1]},
								"south": {"uv": [28, 51], "uv_size": [2, 1]},
								"west": {"uv": [29, 39], "uv_size": [8, 1]},
								"up": {"uv": [20, 32], "uv_size": [2, 8]},
								"down": {"uv": [22, 40], "uv_size": [2, -8]}
							}
						},
						{
							"origin": [-1.41408, 24.27504, -2.00664],
							"size": [2.78278, 0.71891, 5.64141],
							"inflate": -0.201,
							"uv": {
								"north": {"uv": [47, 9], "uv_size": [3, 1]},
								"east": {"uv": [39, 40], "uv_size": [6, 1]},
								"south": {"uv": [47, 12], "uv_size": [3, 1]},
								"west": {"uv": [41, 0], "uv_size": [6, 1]},
								"up": {"uv": [29, 0], "uv_size": [3, 6]},
								"down": {"uv": [29, 12], "uv_size": [3, -6]}
							}
						},
						{
							"origin": [-1.763, 30.07925, -5.09456],
							"size": [3.4215, 1.1225, 9.13738],
							"inflate": -0.3,
							"uv": {
								"north": {"uv": [47, 24], "uv_size": [3, 1]},
								"east": {"uv": [33, 26], "uv_size": [9, 1]},
								"south": {"uv": [47, 28], "uv_size": [3, 1]},
								"west": {"uv": [37, 10], "uv_size": [9, 1]},
								"up": {"uv": [0, 24], "uv_size": [3, 9]},
								"down": {"uv": [3, 33], "uv_size": [3, -9]}
							}
						},
						{
							"origin": [-1.763, 26.13575, -5.09456],
							"size": [3.4215, 1.1225, 9.13738],
							"inflate": -0.3,
							"uv": {
								"north": {"uv": [48, 37], "uv_size": [3, 1]},
								"east": {"uv": [37, 11], "uv_size": [9, 1]},
								"south": {"uv": [48, 38], "uv_size": [3, 1]},
								"west": {"uv": [38, 12], "uv_size": [9, 1]},
								"up": {"uv": [6, 27], "uv_size": [3, 9]},
								"down": {"uv": [9, 36], "uv_size": [3, -9]}
							}
						},
						{
							"origin": [-1.8675, 30.3405, -0.82794],
							"size": [3.735, 1.05719, 4.54281],
							"inflate": -0.3,
							"uv": {
								"north": {"uv": [45, 39], "uv_size": [4, 1]},
								"east": {"uv": [42, 9], "uv_size": [5, 1]},
								"south": {"uv": [45, 40], "uv_size": [4, 1]},
								"west": {"uv": [42, 26], "uv_size": [5, 1]},
								"up": {"uv": [26, 19], "uv_size": [4, 5]},
								"down": {"uv": [18, 32], "uv_size": [4, -5]}
							}
						},
						{
							"origin": [1.372, 27.068, -5.09456],
							"size": [1.227, 3.19325, 9.13738],
							"inflate": -0.3,
							"uv": {
								"north": {"uv": [5, 33], "uv_size": [1, 3]},
								"east": {"uv": [6, 24], "uv_size": [9, 3]},
								"south": {"uv": [2, 40], "uv_size": [1, 3]},
								"west": {"uv": [15, 24], "uv_size": [9, 3]},
								"up": {"uv": [16, 35], "uv_size": [1, 9]},
								"down": {"uv": [17, 44], "uv_size": [1, -9]}
							}
						},
						{
							"origin": [1.73775, 26.98344, -0.80456],
							"size": [1.09637, 3.44763, 4.51944],
							"inflate": -0.3,
							"uv": {
								"north": {"uv": [48, 31], "uv_size": [1, 3]},
								"east": {"uv": [24, 32], "uv_size": [5, 3]},
								"south": {"uv": [48, 34], "uv_size": [1, 3]},
								"west": {"uv": [0, 33], "uv_size": [5, 3]},
								"up": {"uv": [29, 45], "uv_size": [1, 5]},
								"down": {"uv": [30, 50], "uv_size": [1, -5]}
							}
						},
						{
							"origin": [1.18775, 30.42094, -0.80456],
							"size": [0.82137, 0.97263, 4.51944],
							"inflate": -0.3,
							"uv": {
								"north": {"uv": [54, 39], "uv_size": [1, 1]},
								"east": {"uv": [45, 13], "uv_size": [5, 1]},
								"south": {"uv": [54, 40], "uv_size": [1, 1]},
								"west": {"uv": [45, 14], "uv_size": [5, 1]},
								"up": {"uv": [40, 45], "uv_size": [1, 5]},
								"down": {"uv": [20, 51], "uv_size": [1, -5]}
							}
						},
						{
							"origin": [0.91275, 30.78875, -0.11706],
							"size": [1.09637, 1.66013, 3.14444],
							"inflate": -0.3,
							"uv": {
								"north": {"uv": [52, 26], "uv_size": [1, 2]},
								"east": {"uv": [42, 7], "uv_size": [3, 2]},
								"south": {"uv": [27, 52], "uv_size": [1, 2]},
								"west": {"uv": [42, 13], "uv_size": [3, 2]},
								"up": {"uv": [7, 50], "uv_size": [1, 3]},
								"down": {"uv": [8, 53], "uv_size": [1, -3]}
							}
						},
						{
							"origin": [-2.83412, 26.98344, -0.80456],
							"size": [1.09637, 3.44763, 4.51944],
							"inflate": -0.3,
							"uv": {
								"north": {"uv": [48, 41], "uv_size": [1, 3]},
								"east": {"uv": [33, 23], "uv_size": [5, 3]},
								"south": {"uv": [43, 48], "uv_size": [1, 3]},
								"west": {"uv": [29, 33], "uv_size": [5, 3]},
								"up": {"uv": [38, 45], "uv_size": [1, 5]},
								"down": {"uv": [39, 50], "uv_size": [1, -5]}
							}
						},
						{
							"origin": [-2.599, 26.95663, -5.09456],
							"size": [1.1225, 3.40912, 9.13738],
							"inflate": -0.3,
							"uv": {
								"north": {"uv": [24, 47], "uv_size": [1, 3]},
								"east": {"uv": [24, 24], "uv_size": [9, 3]},
								"south": {"uv": [36, 47], "uv_size": [1, 3]},
								"west": {"uv": [26, 16], "uv_size": [9, 3]},
								"up": {"uv": [37, 36], "uv_size": [1, 9]},
								"down": {"uv": [7, 47], "uv_size": [1, -9]}
							}
						},
						{
							"origin": [-26.91615, 37.79135, -5.09456],
							"size": [1.227, 1.78085, 9.13738],
							"inflate": -0.3,
							"pivot": [-24.1395, 4.7245, 1.74356],
							"rotation": [0, 0, 45],
							"uv": {
								"north": {"uv": [49, 50], "uv_size": [1, 2]},
								"east": {"uv": [29, 12], "uv_size": [9, 2]},
								"south": {"uv": [50, 49], "uv_size": [1, 2]},
								"west": {"uv": [29, 14], "uv_size": [9, 2]},
								"up": {"uv": [8, 38], "uv_size": [1, 9]},
								"down": {"uv": [9, 47], "uv_size": [1, -9]}
							}
						},
						{
							"origin": [24.43515, 40.71735, -5.09456],
							"size": [1.227, 1.92715, 9.13738],
							"inflate": -0.3,
							"pivot": [27.17, 7.6505, 1.74356],
							"rotation": [0, 0, -45],
							"uv": {
								"north": {"uv": [0, 51], "uv_size": [1, 2]},
								"east": {"uv": [30, 19], "uv_size": [9, 2]},
								"south": {"uv": [51, 0], "uv_size": [1, 2]},
								"west": {"uv": [30, 21], "uv_size": [9, 2]},
								"up": {"uv": [10, 38], "uv_size": [1, 9]},
								"down": {"uv": [11, 47], "uv_size": [1, -9]}
							}
						},
						{
							"origin": [-26.91615, 17.7653, -5.09456],
							"size": [1.227, 1.78085, 9.13738],
							"inflate": -0.3,
							"pivot": [-24.1395, 52.613, 1.74356],
							"rotation": [0, 0, -45],
							"uv": {
								"north": {"uv": [11, 51], "uv_size": [1, 2]},
								"east": {"uv": [30, 31], "uv_size": [9, 2]},
								"south": {"uv": [12, 51], "uv_size": [1, 2]},
								"west": {"uv": [32, 0], "uv_size": [9, 2]},
								"up": {"uv": [14, 38], "uv_size": [1, 9]},
								"down": {"uv": [15, 47], "uv_size": [1, -9]}
							}
						},
						{
							"origin": [24.43515, 14.693, -5.09456],
							"size": [1.227, 1.92715, 9.13738],
							"inflate": -0.3,
							"pivot": [27.17, 49.687, 1.74356],
							"rotation": [0, 0, 45],
							"uv": {
								"north": {"uv": [10, 51], "uv_size": [1, 2]},
								"east": {"uv": [30, 27], "uv_size": [9, 2]},
								"south": {"uv": [51, 10], "uv_size": [1, 2]},
								"west": {"uv": [30, 29], "uv_size": [9, 2]},
								"up": {"uv": [12, 38], "uv_size": [1, 9]},
								"down": {"uv": [13, 47], "uv_size": [1, -9]}
							}
						},
						{
							"origin": [21.96164, 39.47562, 3.70427],
							"size": [1.1643, 1.79444, 1.71114],
							"inflate": -0.3,
							"pivot": [24.453, 9.74545, 12.11608],
							"rotation": [0, 0, -45],
							"uv": {
								"north": {"uv": [4, 53], "uv_size": [1, 2]},
								"east": {"uv": [46, 43], "uv_size": [2, 2]},
								"south": {"uv": [53, 4], "uv_size": [1, 2]},
								"west": {"uv": [45, 46], "uv_size": [2, 2]},
								"up": {"uv": [5, 53], "uv_size": [1, 2]},
								"down": {"uv": [6, 55], "uv_size": [1, -2]}
							}
						},
						{
							"origin": [1.2048, 27.1912, 3.70427],
							"size": [1.1643, 2.93392, 1.71114],
							"inflate": -0.3,
							"uv": {
								"north": {"uv": [16, 50], "uv_size": [1, 3]},
								"east": {"uv": [34, 42], "uv_size": [2, 3]},
								"south": {"uv": [17, 50], "uv_size": [1, 3]},
								"west": {"uv": [42, 41], "uv_size": [2, 3]},
								"up": {"uv": [53, 2], "uv_size": [1, 2]},
								"down": {"uv": [3, 55], "uv_size": [1, -2]}
							}
						},
						{
							"origin": [21.96164, 16.0537, 3.70427],
							"size": [1.1643, 1.79444, 1.71114],
							"inflate": -0.3,
							"pivot": [24.453, 47.5783, 12.11608],
							"rotation": [0, 0, 45],
							"uv": {
								"north": {"uv": [0, 53], "uv_size": [1, 2]},
								"east": {"uv": [46, 41], "uv_size": [2, 2]},
								"south": {"uv": [53, 0], "uv_size": [1, 2]},
								"west": {"uv": [43, 46], "uv_size": [2, 2]},
								"up": {"uv": [1, 53], "uv_size": [1, 2]},
								"down": {"uv": [2, 55], "uv_size": [1, -2]}
							}
						},
						{
							"origin": [-1.6167, 26.35218, 3.70427],
							"size": [3.13935, 1.07025, 1.71114],
							"inflate": -0.3,
							"uv": {
								"north": {"uv": [50, 13], "uv_size": [3, 1]},
								"east": {"uv": [52, 18], "uv_size": [2, 1]},
								"south": {"uv": [50, 14], "uv_size": [3, 1]},
								"west": {"uv": [52, 52], "uv_size": [2, 1]},
								"up": {"uv": [42, 23], "uv_size": [3, 2]},
								"down": {"uv": [31, 44], "uv_size": [3, -2]}
							}
						},
						{
							"origin": [-24.25453, 18.81877, 3.70427],
							"size": [1.1643, 1.66277, 1.71114],
							"inflate": -0.3,
							"pivot": [-21.72555, 50.2117, 12.11608],
							"rotation": [0, 0, -45],
							"uv": {
								"north": {"uv": [52, 46], "uv_size": [1, 2]},
								"east": {"uv": [46, 35], "uv_size": [2, 2]},
								"south": {"uv": [52, 48], "uv_size": [1, 2]},
								"west": {"uv": [46, 37], "uv_size": [2, 2]},
								"up": {"uv": [49, 52], "uv_size": [1, 2]},
								"down": {"uv": [52, 52], "uv_size": [1, -2]}
							}
						},
						{
							"origin": [-2.3691, 27.09096, 3.70427],
							"size": [1.07025, 3.12821, 1.71114],
							"inflate": -0.3,
							"uv": {
								"north": {"uv": [9, 50], "uv_size": [1, 3]},
								"east": {"uv": [25, 42], "uv_size": [2, 3]},
								"south": {"uv": [50, 10], "uv_size": [1, 3]},
								"west": {"uv": [29, 42], "uv_size": [2, 3]},
								"up": {"uv": [52, 44], "uv_size": [1, 2]},
								"down": {"uv": [46, 54], "uv_size": [1, -2]}
							}
						},
						{
							"origin": [-24.25453, 36.84222, 3.70427],
							"size": [1.1643, 1.66277, 1.71114],
							"inflate": -0.3,
							"pivot": [-21.72555, 7.11205, 12.11608],
							"rotation": [0, 0, 45],
							"uv": {
								"north": {"uv": [52, 37], "uv_size": [1, 2]},
								"east": {"uv": [46, 31], "uv_size": [2, 2]},
								"south": {"uv": [41, 52], "uv_size": [1, 2]},
								"west": {"uv": [46, 33], "uv_size": [2, 2]},
								"up": {"uv": [42, 52], "uv_size": [1, 2]},
								"down": {"uv": [52, 44], "uv_size": [1, -2]}
							}
						},
						{
							"origin": [-1.6167, 29.90133, 3.70427],
							"size": [3.13935, 1.07025, 1.71114],
							"inflate": -0.3,
							"uv": {
								"north": {"uv": [50, 4], "uv_size": [3, 1]},
								"east": {"uv": [51, 30], "uv_size": [2, 1]},
								"south": {"uv": [50, 9], "uv_size": [3, 1]},
								"west": {"uv": [51, 34], "uv_size": [2, 1]},
								"up": {"uv": [18, 42], "uv_size": [3, 2]},
								"down": {"uv": [21, 44], "uv_size": [3, -2]}
							}
						},
						{
							"origin": [1.2048, 27.1912, -8.94573],
							"size": [1.1643, 2.93392, 4.46114],
							"inflate": -0.3,
							"uv": {
								"north": {"uv": [22, 50], "uv_size": [1, 3]},
								"east": {"uv": [35, 16], "uv_size": [4, 3]},
								"south": {"uv": [50, 28], "uv_size": [1, 3]},
								"west": {"uv": [3, 36], "uv_size": [4, 3]},
								"up": {"uv": [12, 47], "uv_size": [1, 4]},
								"down": {"uv": [13, 51], "uv_size": [1, -4]}
							}
						},
						{
							"origin": [21.96164, 39.47562, -8.94573],
							"size": [1.1643, 1.79444, 4.46114],
							"inflate": -0.3,
							"pivot": [24.453, 9.74545, 2.21608],
							"rotation": [0, 0, -45],
							"uv": {
								"north": {"uv": [53, 10], "uv_size": [1, 2]},
								"east": {"uv": [29, 40], "uv_size": [4, 2]},
								"south": {"uv": [11, 53], "uv_size": [1, 2]},
								"west": {"uv": [33, 40], "uv_size": [4, 2]},
								"up": {"uv": [10, 47], "uv_size": [1, 4]},
								"down": {"uv": [11, 51], "uv_size": [1, -4]}
							}
						},
						{
							"origin": [-1.6167, 29.90133, -8.94573],
							"size": [3.13935, 1.07025, 4.46114],
							"inflate": -0.3,
							"uv": {
								"north": {"uv": [50, 25], "uv_size": [3, 1]},
								"east": {"uv": [47, 5], "uv_size": [4, 1]},
								"south": {"uv": [27, 50], "uv_size": [3, 1]},
								"west": {"uv": [6, 47], "uv_size": [4, 1]},
								"up": {"uv": [24, 35], "uv_size": [3, 4]},
								"down": {"uv": [0, 40], "uv_size": [3, -4]}
							}
						},
						{
							"origin": [-24.25453, 36.84222, -8.94573],
							"size": [1.1643, 1.66277, 4.46114],
							"inflate": -0.3,
							"pivot": [-21.72555, 7.11205, 2.21608],
							"rotation": [0, 0, 45],
							"uv": {
								"north": {"uv": [9, 53], "uv_size": [1, 2]},
								"east": {"uv": [39, 38], "uv_size": [4, 2]},
								"south": {"uv": [10, 53], "uv_size": [1, 2]},
								"west": {"uv": [18, 40], "uv_size": [4, 2]},
								"up": {"uv": [4, 47], "uv_size": [1, 4]},
								"down": {"uv": [5, 51], "uv_size": [1, -4]}
							}
						},
						{
							"origin": [-2.3691, 27.09096, -8.94573],
							"size": [1.07025, 3.12821, 4.46114],
							"inflate": -0.3,
							"uv": {
								"north": {"uv": [18, 50], "uv_size": [1, 3]},
								"east": {"uv": [34, 33], "uv_size": [4, 3]},
								"south": {"uv": [21, 50], "uv_size": [1, 3]},
								"west": {"uv": [12, 35], "uv_size": [4, 3]},
								"up": {"uv": [2, 47], "uv_size": [1, 4]},
								"down": {"uv": [3, 51], "uv_size": [1, -4]}
							}
						},
						{
							"origin": [-24.25453, 18.81877, -8.94573],
							"size": [1.1643, 1.66277, 4.46114],
							"inflate": -0.3,
							"pivot": [-21.72555, 50.2117, 2.21608],
							"rotation": [0, 0, -45],
							"uv": {
								"north": {"uv": [8, 53], "uv_size": [1, 2]},
								"east": {"uv": [39, 34], "uv_size": [4, 2]},
								"south": {"uv": [53, 8], "uv_size": [1, 2]},
								"west": {"uv": [39, 36], "uv_size": [4, 2]},
								"up": {"uv": [1, 47], "uv_size": [1, 4]},
								"down": {"uv": [47, 5], "uv_size": [1, -4]}
							}
						},
						{
							"origin": [-1.6167, 26.35218, -8.94573],
							"size": [3.13935, 1.07025, 4.46114],
							"inflate": -0.3,
							"uv": {
								"north": {"uv": [24, 50], "uv_size": [3, 1]},
								"east": {"uv": [46, 45], "uv_size": [4, 1]},
								"south": {"uv": [50, 24], "uv_size": [3, 1]},
								"west": {"uv": [47, 0], "uv_size": [4, 1]},
								"up": {"uv": [34, 2], "uv_size": [3, 4]},
								"down": {"uv": [34, 10], "uv_size": [3, -4]}
							}
						},
						{
							"origin": [21.96164, 16.0537, -8.94573],
							"size": [1.1643, 1.79444, 4.46114],
							"inflate": -0.3,
							"pivot": [24.453, 47.5783, 2.21608],
							"rotation": [0, 0, 45],
							"uv": {
								"north": {"uv": [53, 6], "uv_size": [1, 2]},
								"east": {"uv": [39, 29], "uv_size": [4, 2]},
								"south": {"uv": [7, 53], "uv_size": [1, 2]},
								"west": {"uv": [39, 31], "uv_size": [4, 2]},
								"up": {"uv": [33, 46], "uv_size": [1, 4]},
								"down": {"uv": [0, 51], "uv_size": [1, -4]}
							}
						},
						{
							"origin": [0.00147, 21.746, -4.42706],
							"size": [5.557, 7.76525, 7.76525],
							"inflate": -3.4,
							"pivot": [3.61625, 25.44575, -1.69394],
							"rotation": [-27.5, 0, 0],
							"uv": {
								"north": {"uv": [14, 16], "uv_size": [6, 8]},
								"east": {"uv": [0, 0], "uv_size": [8, 8]},
								"south": {"uv": [20, 16], "uv_size": [6, 8]},
								"west": {"uv": [0, 8], "uv_size": [8, 8]},
								"up": {"uv": [23, 0], "uv_size": [6, 8]},
								"down": {"uv": [23, 16], "uv_size": [6, -8]}
							}
						},
						{
							"origin": [0.45725, 25.10275, -1.98469],
							"size": [2.5835, 1.78325, 1.78325],
							"inflate": -0.2,
							"pivot": [2.88475, 24.42687, -2.66056],
							"rotation": [-27.5, 0, 0],
							"uv": {
								"north": {"uv": [39, 41], "uv_size": [3, 2]},
								"east": {"uv": [22, 40], "uv_size": [2, 2]},
								"south": {"uv": [42, 1], "uv_size": [3, 2]},
								"west": {"uv": [45, 23], "uv_size": [2, 2]},
								"up": {"uv": [42, 3], "uv_size": [3, 2]},
								"down": {"uv": [42, 7], "uv_size": [3, -2]}
							}
						},
						{
							"origin": [-27.12515, 37.66072, -0.82794],
							"size": [1.17475, 1.97156, 4.54281],
							"inflate": -0.3,
							"pivot": [-24.1395, 4.7245, 1.74356],
							"rotation": [0, 0, 45],
							"uv": {
								"north": {"uv": [1, 51], "uv_size": [1, 2]},
								"east": {"uv": [32, 10], "uv_size": [5, 2]},
								"south": {"uv": [2, 51], "uv_size": [1, 2]},
								"west": {"uv": [7, 36], "uv_size": [5, 2]},
								"up": {"uv": [36, 42], "uv_size": [1, 5]},
								"down": {"uv": [23, 49], "uv_size": [1, -5]}
							}
						},
						{
							"origin": [25.9504, 37.66072, -0.82794],
							"size": [1.17475, 1.97156, 4.54281],
							"inflate": -0.3,
							"pivot": [24.1395, 4.7245, 1.74356],
							"rotation": [0, 0, -45],
							"uv": {
								"north": {"uv": [51, 2], "uv_size": [1, 2]},
								"east": {"uv": [27, 36], "uv_size": [5, 2]},
								"south": {"uv": [3, 51], "uv_size": [1, 2]},
								"west": {"uv": [32, 36], "uv_size": [5, 2]},
								"up": {"uv": [25, 45], "uv_size": [1, 5]},
								"down": {"uv": [26, 50], "uv_size": [1, -5]}
							}
						},
						{
							"origin": [25.9504, 17.80834, -0.81419],
							"size": [1.17475, 1.97156, 4.52906],
							"inflate": -0.3,
							"pivot": [24.1395, 52.71613, 1.74356],
							"rotation": [0, 0, 45],
							"uv": {
								"north": {"uv": [51, 5], "uv_size": [1, 2]},
								"east": {"uv": [37, 6], "uv_size": [5, 2]},
								"south": {"uv": [51, 7], "uv_size": [1, 2]},
								"west": {"uv": [37, 8], "uv_size": [5, 2]},
								"up": {"uv": [35, 45], "uv_size": [1, 5]},
								"down": {"uv": [37, 50], "uv_size": [1, -5]}
							}
						},
						{
							"origin": [-27.12515, 17.80834, -0.81419],
							"size": [1.17475, 1.97156, 4.52906],
							"inflate": -0.3,
							"pivot": [-24.1395, 52.71613, 1.74356],
							"rotation": [0, 0, -45],
							"uv": {
								"north": {"uv": [4, 51], "uv_size": [1, 2]},
								"east": {"uv": [37, 2], "uv_size": [5, 2]},
								"south": {"uv": [5, 51], "uv_size": [1, 2]},
								"west": {"uv": [37, 4], "uv_size": [5, 2]},
								"up": {"uv": [34, 45], "uv_size": [1, 5]},
								"down": {"uv": [45, 39], "uv_size": [1, -5]}
							}
						},
						{
							"origin": [-1.8675, 26.04294, -0.81419],
							"size": [3.735, 1.05719, 4.52906],
							"inflate": -0.3,
							"uv": {
								"north": {"uv": [46, 10], "uv_size": [4, 1]},
								"east": {"uv": [45, 7], "uv_size": [5, 1]},
								"south": {"uv": [46, 11], "uv_size": [4, 1]},
								"west": {"uv": [45, 8], "uv_size": [5, 1]},
								"up": {"uv": [22, 27], "uv_size": [4, 5]},
								"down": {"uv": [26, 32], "uv_size": [4, -5]}
							}
						},
						{
							"origin": [1.63586, 27.04927, 3.3941],
							"size": [1.07156, 3.30524, 1.05097],
							"inflate": -0.3,
							"uv": {
								"north": {"uv": [19, 49], "uv_size": [1, 3]},
								"east": {"uv": [49, 19], "uv_size": [1, 3]},
								"south": {"uv": [23, 49], "uv_size": [1, 3]},
								"west": {"uv": [49, 31], "uv_size": [1, 3]},
								"up": {"uv": [26, 54], "uv_size": [1, 1]},
								"down": {"uv": [54, 27], "uv_size": [1, -1]}
							}
						},
						{
							"origin": [24.63788, 18.19542, 3.38496],
							"size": [1.14601, 2.04048, 1.06011],
							"inflate": -0.3,
							"pivot": [22.93253, 51.51032, 5.30732],
							"rotation": [0, 0, 45],
							"uv": {
								"north": {"uv": [47, 51], "uv_size": [1, 2]},
								"east": {"uv": [51, 47], "uv_size": [1, 2]},
								"south": {"uv": [48, 51], "uv_size": [1, 2]},
								"west": {"uv": [51, 49], "uv_size": [1, 2]},
								"up": {"uv": [25, 54], "uv_size": [1, 1]},
								"down": {"uv": [54, 26], "uv_size": [1, -1]}
							}
						},
						{
							"origin": [-1.64021, 26.37021, 4.39209],
							"size": [3.28043, 0.9909, 1.0141],
							"inflate": -0.3,
							"uv": {
								"north": {"uv": [16, 49], "uv_size": [3, 1]},
								"east": {"uv": [24, 54], "uv_size": [1, 1]},
								"south": {"uv": [49, 16], "uv_size": [3, 1]},
								"west": {"uv": [54, 24], "uv_size": [1, 1]},
								"up": {"uv": [49, 17], "uv_size": [3, 1]},
								"down": {"uv": [49, 19], "uv_size": [3, -1]}
							}
						},
						{
							"origin": [-25.78389, 18.19542, 3.38496],
							"size": [1.14601, 2.04048, 1.06011],
							"inflate": -0.3,
							"pivot": [-22.93253, 51.51032, 5.30732],
							"rotation": [0, 0, -45],
							"uv": {
								"north": {"uv": [35, 51], "uv_size": [1, 2]},
								"east": {"uv": [36, 51], "uv_size": [1, 2]},
								"south": {"uv": [51, 37], "uv_size": [1, 2]},
								"west": {"uv": [43, 51], "uv_size": [1, 2]},
								"up": {"uv": [54, 22], "uv_size": [1, 1]},
								"down": {"uv": [23, 55], "uv_size": [1, -1]}
							}
						},
						{
							"origin": [-2.70742, 27.04927, 3.3941],
							"size": [1.07156, 3.30524, 1.05097],
							"inflate": -0.3,
							"uv": {
								"north": {"uv": [47, 48], "uv_size": [1, 3]},
								"east": {"uv": [48, 48], "uv_size": [1, 3]},
								"south": {"uv": [14, 49], "uv_size": [1, 3]},
								"west": {"uv": [15, 49], "uv_size": [1, 3]},
								"up": {"uv": [54, 20], "uv_size": [1, 1]},
								"down": {"uv": [54, 22], "uv_size": [1, -1]}
							}
						},
						{
							"origin": [-25.78389, 37.19269, 3.3719],
							"size": [1.14601, 1.90298, 1.07317],
							"inflate": -0.3,
							"pivot": [-22.93253, 5.91827, 5.30732],
							"rotation": [0, 0, 45],
							"uv": {
								"north": {"uv": [31, 51], "uv_size": [1, 2]},
								"east": {"uv": [32, 51], "uv_size": [1, 2]},
								"south": {"uv": [51, 32], "uv_size": [1, 2]},
								"west": {"uv": [34, 51], "uv_size": [1, 2]},
								"up": {"uv": [19, 54], "uv_size": [1, 1]},
								"down": {"uv": [54, 20], "uv_size": [1, -1]}
							}
						},
						{
							"origin": [-1.78912, 30.23848, 3.3719],
							"size": [3.57825, 1.03433, 1.07317],
							"inflate": -0.3,
							"uv": {
								"north": {"uv": [46, 15], "uv_size": [4, 1]},
								"east": {"uv": [54, 16], "uv_size": [1, 1]},
								"south": {"uv": [46, 25], "uv_size": [4, 1]},
								"west": {"uv": [54, 18], "uv_size": [1, 1]},
								"up": {"uv": [46, 29], "uv_size": [4, 1]},
								"down": {"uv": [46, 31], "uv_size": [4, -1]}
							}
						},
						{
							"origin": [-1.69562, 26.05875, 3.3719],
							"size": [3.38438, 1.03433, 1.07317],
							"inflate": -0.3,
							"uv": {
								"north": {"uv": [50, 15], "uv_size": [3, 1]},
								"east": {"uv": [41, 54], "uv_size": [1, 1]},
								"south": {"uv": [50, 19], "uv_size": [3, 1]},
								"west": {"uv": [54, 41], "uv_size": [1, 1]},
								"up": {"uv": [50, 20], "uv_size": [3, 1]},
								"down": {"uv": [50, 22], "uv_size": [3, -1]}
							}
						},
						{
							"origin": [24.63788, 37.19269, 3.3719],
							"size": [1.14601, 1.90298, 1.07317],
							"inflate": -0.3,
							"pivot": [22.93253, 5.91827, 5.30732],
							"rotation": [0, 0, -45],
							"uv": {
								"north": {"uv": [13, 51], "uv_size": [1, 2]},
								"east": {"uv": [20, 51], "uv_size": [1, 2]},
								"south": {"uv": [51, 28], "uv_size": [1, 2]},
								"west": {"uv": [30, 51], "uv_size": [1, 2]},
								"up": {"uv": [15, 54], "uv_size": [1, 1]},
								"down": {"uv": [54, 16], "uv_size": [1, -1]}
							}
						},
						{
							"origin": [22.14409, 36.30342, -7.08717],
							"size": [1.09141, 1.77269, 2.26335],
							"inflate": -0.3,
							"pivot": [20.63927, 8.18645, -4.07779],
							"rotation": [0, 0, -45],
							"uv": {
								"north": {"uv": [32, 53], "uv_size": [1, 2]},
								"east": {"uv": [47, 22], "uv_size": [2, 2]},
								"south": {"uv": [53, 32], "uv_size": [1, 2]},
								"west": {"uv": [47, 26], "uv_size": [2, 2]},
								"up": {"uv": [33, 53], "uv_size": [1, 2]},
								"down": {"uv": [34, 55], "uv_size": [1, -2]}
							}
						},
						{
							"origin": [1.44228, 27.17434, -7.06718],
							"size": [1.0244, 3.03472, 2.24337],
							"inflate": -0.3,
							"uv": {
								"north": {"uv": [37, 50], "uv_size": [1, 3]},
								"east": {"uv": [16, 44], "uv_size": [2, 3]},
								"south": {"uv": [38, 50], "uv_size": [1, 3]},
								"west": {"uv": [18, 44], "uv_size": [2, 3]},
								"up": {"uv": [53, 30], "uv_size": [1, 2]},
								"down": {"uv": [31, 55], "uv_size": [1, -2]}
							}
						},
						{
							"origin": [22.14409, 19.20588, -7.07541],
							"size": [1.09141, 1.89644, 2.2516],
							"inflate": -0.3,
							"pivot": [20.63927, 49.21929, -4.07779],
							"rotation": [0, 0, 45],
							"uv": {
								"north": {"uv": [53, 24], "uv_size": [1, 2]},
								"east": {"uv": [47, 18], "uv_size": [2, 2]},
								"south": {"uv": [53, 26], "uv_size": [1, 2]},
								"west": {"uv": [47, 20], "uv_size": [2, 2]},
								"up": {"uv": [53, 28], "uv_size": [1, 2]},
								"down": {"uv": [30, 55], "uv_size": [1, -2]}
							}
						},
						{
							"origin": [-1.55606, 26.28288, -7.08717],
							"size": [3.10594, 0.9909, 2.26335],
							"inflate": -0.3,
							"uv": {
								"north": {"uv": [34, 50], "uv_size": [3, 1]},
								"east": {"uv": [53, 17], "uv_size": [2, 1]},
								"south": {"uv": [50, 35], "uv_size": [3, 1]},
								"west": {"uv": [53, 23], "uv_size": [2, 1]},
								"up": {"uv": [43, 31], "uv_size": [3, 2]},
								"down": {"uv": [38, 45], "uv_size": [3, -2]}
							}
						},
						{
							"origin": [-23.2355, 19.20588, -7.07541],
							"size": [1.09141, 1.89644, 2.2516],
							"inflate": -0.3,
							"pivot": [-20.63927, 49.21929, -4.07779],
							"rotation": [0, 0, -45],
							"uv": {
								"north": {"uv": [20, 53], "uv_size": [1, 2]},
								"east": {"uv": [47, 16], "uv_size": [2, 2]},
								"south": {"uv": [21, 53], "uv_size": [1, 2]},
								"west": {"uv": [18, 47], "uv_size": [2, 2]},
								"up": {"uv": [53, 21], "uv_size": [1, 2]},
								"down": {"uv": [22, 55], "uv_size": [1, -2]}
							}
						},
						{
							"origin": [-2.46668, 27.17434, -7.06718],
							"size": [1.0244, 3.03472, 2.24337],
							"inflate": -0.3,
							"uv": {
								"north": {"uv": [50, 32], "uv_size": [1, 3]},
								"east": {"uv": [43, 34], "uv_size": [2, 3]},
								"south": {"uv": [33, 50], "uv_size": [1, 3]},
								"west": {"uv": [43, 37], "uv_size": [2, 3]},
								"up": {"uv": [18, 53], "uv_size": [1, 2]},
								"down": {"uv": [53, 21], "uv_size": [1, -2]}
							}
						},
						{
							"origin": [-23.2355, 36.30342, -7.08717],
							"size": [1.09141, 1.77269, 2.26335],
							"inflate": -0.3,
							"pivot": [-20.63927, 8.18645, -4.07779],
							"rotation": [0, 0, 45],
							"uv": {
								"north": {"uv": [53, 13], "uv_size": [1, 2]},
								"east": {"uv": [14, 47], "uv_size": [2, 2]},
								"south": {"uv": [53, 15], "uv_size": [1, 2]},
								"west": {"uv": [16, 47], "uv_size": [2, 2]},
								"up": {"uv": [16, 53], "uv_size": [1, 2]},
								"down": {"uv": [17, 55], "uv_size": [1, -2]}
							}
						},
						{
							"origin": [-1.64021, 30.04463, -7.08717],
							"size": [3.28043, 0.9909, 2.26335],
							"inflate": -0.3,
							"uv": {
								"north": {"uv": [30, 50], "uv_size": [3, 1]},
								"east": {"uv": [12, 53], "uv_size": [2, 1]},
								"south": {"uv": [50, 31], "uv_size": [3, 1]},
								"west": {"uv": [53, 12], "uv_size": [2, 1]},
								"up": {"uv": [0, 43], "uv_size": [3, 2]},
								"down": {"uv": [43, 31], "uv_size": [3, -2]}
							}
						},
						{
							"origin": [22.14409, 36.30342, -9.01217],
							"size": [1.09141, 1.77269, 2.26335],
							"inflate": -0.3,
							"pivot": [20.63927, 8.18645, -6.14029],
							"rotation": [0, 0, -45],
							"uv": {
								"north": {"uv": [51, 53], "uv_size": [1, 2]},
								"east": {"uv": [27, 48], "uv_size": [2, 2]},
								"south": {"uv": [52, 53], "uv_size": [1, 2]},
								"west": {"uv": [31, 48], "uv_size": [2, 2]},
								"up": {"uv": [53, 53], "uv_size": [1, 2]},
								"down": {"uv": [54, 2], "uv_size": [1, -2]}
							}
						},
						{
							"origin": [1.44228, 27.17434, -8.99218],
							"size": [1.0244, 3.03472, 2.24337],
							"inflate": -0.3,
							"uv": {
								"north": {"uv": [44, 50], "uv_size": [1, 3]},
								"east": {"uv": [45, 1], "uv_size": [2, 3]},
								"south": {"uv": [45, 50], "uv_size": [1, 3]},
								"west": {"uv": [45, 4], "uv_size": [2, 3]},
								"up": {"uv": [50, 53], "uv_size": [1, 2]},
								"down": {"uv": [53, 52], "uv_size": [1, -2]}
							}
						},
						{
							"origin": [22.14409, 19.20588, -9.00041],
							"size": [1.09141, 1.89644, 2.2516],
							"inflate": -0.3,
							"pivot": [20.63927, 49.21929, -6.14029],
							"rotation": [0, 0, 45],
							"uv": {
								"north": {"uv": [53, 46], "uv_size": [1, 2]},
								"east": {"uv": [6, 48], "uv_size": [2, 2]},
								"south": {"uv": [47, 53], "uv_size": [1, 2]},
								"west": {"uv": [8, 48], "uv_size": [2, 2]},
								"up": {"uv": [48, 53], "uv_size": [1, 2]},
								"down": {"uv": [53, 50], "uv_size": [1, -2]}
							}
						},
						{
							"origin": [-1.55606, 26.28288, -9.01217],
							"size": [3.10594, 0.9909, 2.26335],
							"inflate": -0.3,
							"uv": {
								"north": {"uv": [50, 40], "uv_size": [3, 1]},
								"east": {"uv": [44, 53], "uv_size": [2, 1]},
								"south": {"uv": [50, 41], "uv_size": [3, 1]},
								"west": {"uv": [53, 45], "uv_size": [2, 1]},
								"up": {"uv": [43, 44], "uv_size": [3, 2]},
								"down": {"uv": [0, 47], "uv_size": [3, -2]}
							}
						},
						{
							"origin": [-23.2355, 19.20588, -9.00041],
							"size": [1.09141, 1.89644, 2.2516],
							"inflate": -0.3,
							"pivot": [-20.63927, 49.21929, -6.14029],
							"rotation": [0, 0, -45],
							"uv": {
								"north": {"uv": [40, 53], "uv_size": [1, 2]},
								"east": {"uv": [48, 1], "uv_size": [2, 2]},
								"south": {"uv": [53, 41], "uv_size": [1, 2]},
								"west": {"uv": [48, 3], "uv_size": [2, 2]},
								"up": {"uv": [43, 53], "uv_size": [1, 2]},
								"down": {"uv": [53, 45], "uv_size": [1, -2]}
							}
						},
						{
							"origin": [-2.46668, 27.17434, -8.99218],
							"size": [1.0244, 3.03472, 2.24337],
							"inflate": -0.3,
							"uv": {
								"north": {"uv": [39, 50], "uv_size": [1, 3]},
								"east": {"uv": [41, 44], "uv_size": [2, 3]},
								"south": {"uv": [40, 50], "uv_size": [1, 3]},
								"west": {"uv": [44, 41], "uv_size": [2, 3]},
								"up": {"uv": [39, 53], "uv_size": [1, 2]},
								"down": {"uv": [53, 41], "uv_size": [1, -2]}
							}
						},
						{
							"origin": [-23.2355, 36.30342, -9.01217],
							"size": [1.09141, 1.77269, 2.26335],
							"inflate": -0.3,
							"pivot": [-20.63927, 8.18645, -6.14029],
							"rotation": [0, 0, 45],
							"uv": {
								"north": {"uv": [53, 35], "uv_size": [1, 2]},
								"east": {"uv": [41, 47], "uv_size": [2, 2]},
								"south": {"uv": [37, 53], "uv_size": [1, 2]},
								"west": {"uv": [47, 46], "uv_size": [2, 2]},
								"up": {"uv": [53, 37], "uv_size": [1, 2]},
								"down": {"uv": [38, 55], "uv_size": [1, -2]}
							}
						},
						{
							"origin": [-1.64021, 30.04463, -9.01217],
							"size": [3.28043, 0.9909, 2.26335],
							"inflate": -0.3,
							"uv": {
								"north": {"uv": [50, 36], "uv_size": [3, 1]},
								"east": {"uv": [53, 34], "uv_size": [2, 1]},
								"south": {"uv": [50, 39], "uv_size": [3, 1]},
								"west": {"uv": [35, 53], "uv_size": [2, 1]},
								"up": {"uv": [20, 44], "uv_size": [3, 2]},
								"down": {"uv": [31, 46], "uv_size": [3, -2]}
							}
						},
						{
							"origin": [1.44228, 27.17434, 4.27657],
							"size": [1.0244, 3.03472, 1.19837],
							"inflate": -0.3,
							"uv": {
								"north": {"uv": [49, 47], "uv_size": [1, 3]},
								"east": {"uv": [50, 1], "uv_size": [1, 3]},
								"south": {"uv": [6, 50], "uv_size": [1, 3]},
								"west": {"uv": [50, 6], "uv_size": [1, 3]},
								"up": {"uv": [54, 37], "uv_size": [1, 1]},
								"down": {"uv": [54, 39], "uv_size": [1, -1]}
							}
						},
						{
							"origin": [22.14409, 19.19213, 4.26834],
							"size": [1.09141, 1.91019, 1.2066],
							"inflate": -0.3,
							"pivot": [20.63927, 49.21929, 6.77096],
							"rotation": [0, 0, 45],
							"uv": {
								"north": {"uv": [23, 52], "uv_size": [1, 2]},
								"east": {"uv": [24, 52], "uv_size": [1, 2]},
								"south": {"uv": [25, 52], "uv_size": [1, 2]},
								"west": {"uv": [26, 52], "uv_size": [1, 2]},
								"up": {"uv": [36, 54], "uv_size": [1, 1]},
								"down": {"uv": [54, 37], "uv_size": [1, -1]}
							}
						},
						{
							"origin": [-1.5375, 26.27188, 4.26834],
							"size": [3.075, 0.9909, 1.2066],
							"inflate": -0.3,
							"uv": {
								"north": {"uv": [49, 42], "uv_size": [3, 1]},
								"east": {"uv": [35, 54], "uv_size": [1, 1]},
								"south": {"uv": [49, 43], "uv_size": [3, 1]},
								"west": {"uv": [54, 35], "uv_size": [1, 1]},
								"up": {"uv": [44, 49], "uv_size": [3, 1]},
								"down": {"uv": [49, 47], "uv_size": [3, -1]}
							}
						},
						{
							"origin": [-23.2355, 19.19213, 4.26834],
							"size": [1.09141, 1.91019, 1.2066],
							"inflate": -0.3,
							"pivot": [-20.63927, 49.21929, 6.77096],
							"rotation": [0, 0, -45],
							"uv": {
								"north": {"uv": [15, 52], "uv_size": [1, 2]},
								"east": {"uv": [52, 16], "uv_size": [1, 2]},
								"south": {"uv": [19, 52], "uv_size": [1, 2]},
								"west": {"uv": [52, 22], "uv_size": [1, 2]},
								"up": {"uv": [54, 32], "uv_size": [1, 1]},
								"down": {"uv": [54, 34], "uv_size": [1, -1]}
							}
						},
						{
							"origin": [-2.46668, 27.17434, 4.27657],
							"size": [1.0244, 3.03472, 1.19837],
							"inflate": -0.3,
							"uv": {
								"north": {"uv": [49, 34], "uv_size": [1, 3]},
								"east": {"uv": [49, 39], "uv_size": [1, 3]},
								"south": {"uv": [41, 49], "uv_size": [1, 3]},
								"west": {"uv": [42, 49], "uv_size": [1, 3]},
								"up": {"uv": [54, 30], "uv_size": [1, 1]},
								"down": {"uv": [54, 32], "uv_size": [1, -1]}
							}
						},
						{
							"origin": [-23.2355, 36.30342, 4.25658],
							"size": [1.09141, 1.77269, 1.21835],
							"inflate": -0.3,
							"pivot": [-20.63927, 8.18645, 6.77096],
							"rotation": [0, 0, 45],
							"uv": {
								"north": {"uv": [52, 5], "uv_size": [1, 2]},
								"east": {"uv": [52, 7], "uv_size": [1, 2]},
								"south": {"uv": [52, 10], "uv_size": [1, 2]},
								"west": {"uv": [14, 52], "uv_size": [1, 2]},
								"up": {"uv": [29, 54], "uv_size": [1, 1]},
								"down": {"uv": [54, 30], "uv_size": [1, -1]}
							}
						},
						{
							"origin": [-1.64021, 30.04463, 4.25658],
							"size": [3.28043, 0.9909, 1.21835],
							"inflate": -0.3,
							"uv": {
								"north": {"uv": [49, 22], "uv_size": [3, 1]},
								"east": {"uv": [28, 54], "uv_size": [1, 1]},
								"south": {"uv": [49, 23], "uv_size": [3, 1]},
								"west": {"uv": [54, 28], "uv_size": [1, 1]},
								"up": {"uv": [49, 26], "uv_size": [3, 1]},
								"down": {"uv": [49, 28], "uv_size": [3, -1]}
							}
						},
						{
							"origin": [22.14409, 36.30342, 4.25658],
							"size": [1.09141, 1.77269, 1.21835],
							"inflate": -0.3,
							"pivot": [20.63927, 8.18645, 6.77096],
							"rotation": [0, 0, -45],
							"uv": {
								"north": {"uv": [50, 51], "uv_size": [1, 2]},
								"east": {"uv": [51, 51], "uv_size": [1, 2]},
								"south": {"uv": [52, 0], "uv_size": [1, 2]},
								"west": {"uv": [52, 2], "uv_size": [1, 2]},
								"up": {"uv": [27, 54], "uv_size": [1, 1]},
								"down": {"uv": [54, 28], "uv_size": [1, -1]}
							}
						}
					]
				},
				{
					"name": "specter2",
					"parent": "specter",
					"pivot": [-0.09625, 33.83325, 1.60606],
					"rotation": [0, 0, -90],
					"cubes": [
						{
							"origin": [-3.11775, 33.25733, -0.0729],
							"size": [1.2085, 2.05825, 2.05825],
							"inflate": -0.2,
							"pivot": [-2.06525, 33.08938, 0.22694],
							"rotation": [-27.5, 0, 0],
							"uv": {
								"north": {"uv": [28, 52], "uv_size": [1, 2]},
								"east": {"uv": [27, 46], "uv_size": [2, 2]},
								"south": {"uv": [52, 28], "uv_size": [1, 2]},
								"west": {"uv": [31, 46], "uv_size": [2, 2]},
								"up": {"uv": [29, 52], "uv_size": [1, 2]},
								"down": {"uv": [52, 34], "uv_size": [1, -2]}
							}
						},
						{
							"origin": [-5.36103, 29.90058, -2.51527],
							"size": [6.5195, 8.04025, 8.04025],
							"inflate": -3.4,
							"pivot": [-1.33375, 34.10825, 1.19356],
							"rotation": [-27.5, 0, 0],
							"uv": {
								"north": {"uv": [0, 16], "uv_size": [7, 8]},
								"east": {"uv": [8, 0], "uv_size": [8, 8]},
								"south": {"uv": [16, 0], "uv_size": [7, 8]},
								"west": {"uv": [8, 8], "uv_size": [8, 8]},
								"up": {"uv": [7, 16], "uv_size": [7, 8]},
								"down": {"uv": [16, 16], "uv_size": [7, -8]}
							}
						}
					]
				},
				{
					"name": "scopepip",
					"parent": "main",
					"pivot": [0.08, 27.64, 2.73]
				},
				{
					"name": "_ca_scope",
					"parent": "main",
					"pivot": [0, 25.48, -1.87],
					"cubes": [
						{
							"origin": [-0.28, 24.286, -2.1565],
							"size": [0.76, 0.76, 0.76],
							"uv": {
								"north": {"uv": [29, 32], "uv_size": [1, 1]},
								"east": {"uv": [41, 1], "uv_size": [1, 1]},
								"south": {"uv": [38, 42], "uv_size": [1, 1]},
								"west": {"uv": [41, 43], "uv_size": [1, 1]},
								"up": {"uv": [51, 44], "uv_size": [1, 1]},
								"down": {"uv": [54, 3], "uv_size": [1, -1]}
							}
						}
					]
				},
				{
					"name": "scope",
					"parent": "main",
					"pivot": [-0.04, 28.38, 12.09],
					"cubes": [
						{
							"origin": [-0.564, 28.23, 9.989],
							"size": [1, 1, 1],
							"inflate": -0.4,
							"uv": {
								"north": {"uv": [54, 3], "uv_size": [1, 1]},
								"east": {"uv": [54, 4], "uv_size": [1, 1]},
								"south": {"uv": [54, 5], "uv_size": [1, 1]},
								"west": {"uv": [54, 6], "uv_size": [1, 1]},
								"up": {"uv": [54, 7], "uv_size": [1, 1]},
								"down": {"uv": [54, 9], "uv_size": [1, -1]}
							}
						}
					]
				}
			]
		}
	]
}