{
	"format_version": "1.12.0",
	"minecraft:geometry": [
		{
			"description": {
				"identifier": "geometry.unknown",
				"texture_width": 64,
				"texture_height": 64,
				"visible_bounds_width": 9,
				"visible_bounds_height": 5,
				"visible_bounds_offset": [0, 0.5, 0]
			},
			"bones": [
				{
					"name": "main",
					"pivot": [0, 20, 0]
				},
				{
					"name": "1p87",
					"parent": "main",
					"pivot": [0.2, 29.5, -13.35],
					"cubes": [
						{
							"origin": [-1.70375, 27.91975, -9.64266],
							"size": [3.545, 2.75625, 6.74625],
							"uv": {
								"north": {"uv": [15, 15], "uv_size": [4, 3]},
								"east": {"uv": [8, 0], "uv_size": [7, 3]},
								"south": {"uv": [0, 16], "uv_size": [4, 3]},
								"west": {"uv": [8, 3], "uv_size": [7, 3]},
								"up": {"uv": [0, 0], "uv_size": [4, 7]},
								"down": {"uv": [4, 7], "uv_size": [4, -7]}
							}
						},
						{
							"origin": [-1.70375, 28.11975, -11.06766],
							"size": [3.545, 2.55625, 1.44625],
							"inflate": 0.00781,
							"uv": {
								"north": {"uv": [8, 16], "uv_size": [4, 3]},
								"east": {"uv": [19, 30], "uv_size": [1, 3]},
								"south": {"uv": [17, 12], "uv_size": [4, 3]},
								"west": {"uv": [20, 30], "uv_size": [1, 3]},
								"up": {"uv": [25, 7], "uv_size": [4, 1]},
								"down": {"uv": [25, 9], "uv_size": [4, -1]}
							}
						},
						{
							"origin": [1.92125, 27.91975, -8.34266],
							"size": [0.17, 2.25625, 3.97125],
							"uv": {
								"north": {"uv": [11, 33], "uv_size": [1, 2]},
								"east": {"uv": [11, 20], "uv_size": [4, 2]},
								"south": {"uv": [33, 11], "uv_size": [1, 2]},
								"west": {"uv": [15, 20], "uv_size": [4, 2]},
								"up": {"uv": [18, 25], "uv_size": [1, 4]},
								"down": {"uv": [19, 29], "uv_size": [1, -4]}
							}
						},
						{
							"origin": [1.79625, 27.91975, -8.21766],
							"size": [0.17, 2.25625, 3.72125],
							"uv": {
								"north": {"uv": [14, 33], "uv_size": [1, 2]},
								"east": {"uv": [19, 20], "uv_size": [4, 2]},
								"south": {"uv": [15, 33], "uv_size": [1, 2]},
								"west": {"uv": [0, 21], "uv_size": [4, 2]},
								"up": {"uv": [26, 27], "uv_size": [1, 4]},
								"down": {"uv": [27, 31], "uv_size": [1, -4]}
							}
						},
						{
							"origin": [-1.70375, 30.551, -7.64266],
							"size": [3.53875, 0.21875, 4.7375],
							"uv": {
								"north": {"uv": [0, 28], "uv_size": [4, 1]},
								"east": {"uv": [14, 22], "uv_size": [5, 1]},
								"south": {"uv": [4, 28], "uv_size": [4, 1]},
								"west": {"uv": [19, 22], "uv_size": [5, 1]},
								"up": {"uv": [8, 6], "uv_size": [4, 5]},
								"down": {"uv": [8, 16], "uv_size": [4, -5]}
							}
						},
						{
							"origin": [-1.4325, 32.551, -1.15],
							"size": [0.16375, 0.4875, 0.175],
							"pivot": [-1.175, 33.035, -3.26978],
							"rotation": [-81, 0, 0],
							"uv": {
								"north": {"uv": [14, 35], "uv_size": [1, 1]},
								"east": {"uv": [35, 14], "uv_size": [1, 1]},
								"south": {"uv": [15, 35], "uv_size": [1, 1]},
								"west": {"uv": [35, 15], "uv_size": [1, 1]},
								"up": {"uv": [16, 35], "uv_size": [1, 1]},
								"down": {"uv": [35, 17], "uv_size": [1, -1]}
							}
						},
						{
							"origin": [-1.70375, 30.301, -8.06984],
							"size": [3.53875, 0.46875, 0.43],
							"uv": {
								"north": {"uv": [8, 28], "uv_size": [4, 1]},
								"east": {"uv": [17, 35], "uv_size": [1, 1]},
								"south": {"uv": [28, 15], "uv_size": [4, 1]},
								"west": {"uv": [35, 17], "uv_size": [1, 1]},
								"up": {"uv": [28, 16], "uv_size": [4, 1]},
								"down": {"uv": [28, 21], "uv_size": [4, -1]}
							}
						},
						{
							"origin": [1.59188, 30.4135, -7.89266],
							"size": [0.34125, 0.7875, 4.62125],
							"pivot": [1.5525, 31.201, -3.48853],
							"rotation": [0, 0, 44],
							"uv": {
								"north": {"uv": [18, 35], "uv_size": [1, 1]},
								"east": {"uv": [14, 23], "uv_size": [5, 1]},
								"south": {"uv": [35, 18], "uv_size": [1, 1]},
								"west": {"uv": [23, 15], "uv_size": [5, 1]},
								"up": {"uv": [0, 23], "uv_size": [1, 5]},
								"down": {"uv": [1, 28], "uv_size": [1, -5]}
							}
						},
						{
							"origin": [-1.79562, 30.4135, -7.89266],
							"size": [0.34125, 0.7875, 4.62125],
							"pivot": [-1.415, 31.201, -3.48853],
							"rotation": [0, 0, -44],
							"uv": {
								"north": {"uv": [19, 35], "uv_size": [1, 1]},
								"east": {"uv": [23, 16], "uv_size": [5, 1]},
								"south": {"uv": [35, 19], "uv_size": [1, 1]},
								"west": {"uv": [19, 23], "uv_size": [5, 1]},
								"up": {"uv": [2, 23], "uv_size": [1, 5]},
								"down": {"uv": [3, 28], "uv_size": [1, -5]}
							}
						},
						{
							"origin": [-1.2633, 30.49375, -3.31375],
							"size": [0.15625, 0.5625, 0.3875],
							"pivot": [-1.415, 30.701, -2.88853],
							"rotation": [6.5, 1.04196, -44.83393],
							"uv": {
								"north": {"uv": [20, 35], "uv_size": [1, 1]},
								"east": {"uv": [35, 20], "uv_size": [1, 1]},
								"south": {"uv": [21, 35], "uv_size": [1, 1]},
								"west": {"uv": [35, 21], "uv_size": [1, 1]},
								"up": {"uv": [22, 35], "uv_size": [1, 1]},
								"down": {"uv": [35, 23], "uv_size": [1, -1]}
							}
						},
						{
							"origin": [1.25705, 30.49375, -3.31375],
							"size": [0.15625, 0.5625, 0.3875],
							"pivot": [1.565, 30.701, -2.88853],
							"rotation": [6.5, -1.04196, 44.83393],
							"uv": {
								"north": {"uv": [23, 35], "uv_size": [1, 1]},
								"east": {"uv": [35, 23], "uv_size": [1, 1]},
								"south": {"uv": [24, 35], "uv_size": [1, 1]},
								"west": {"uv": [35, 24], "uv_size": [1, 1]},
								"up": {"uv": [25, 35], "uv_size": [1, 1]},
								"down": {"uv": [35, 26], "uv_size": [1, -1]}
							}
						},
						{
							"origin": [1.41875, 32.551, -1.15],
							"size": [0.16375, 0.4875, 0.175],
							"pivot": [1.325, 33.035, -3.26978],
							"rotation": [-81, 0, 0],
							"uv": {
								"north": {"uv": [35, 26], "uv_size": [1, 1]},
								"east": {"uv": [35, 27], "uv_size": [1, 1]},
								"south": {"uv": [35, 28], "uv_size": [1, 1]},
								"west": {"uv": [35, 29], "uv_size": [1, 1]},
								"up": {"uv": [30, 35], "uv_size": [1, 1]},
								"down": {"uv": [35, 31], "uv_size": [1, -1]}
							}
						},
						{
							"origin": [1.25705, 30.49375, -8.04875],
							"size": [0.15625, 0.5625, 0.3875],
							"pivot": [1.565, 30.701, -8.08647],
							"rotation": [-6.5, 1.04196, 44.83393],
							"uv": {
								"north": {"uv": [31, 35], "uv_size": [1, 1]},
								"east": {"uv": [35, 31], "uv_size": [1, 1]},
								"south": {"uv": [32, 35], "uv_size": [1, 1]},
								"west": {"uv": [35, 32], "uv_size": [1, 1]},
								"up": {"uv": [35, 33], "uv_size": [1, 1]},
								"down": {"uv": [35, 35], "uv_size": [1, -1]}
							}
						},
						{
							"origin": [1.41875, 32.551, -10],
							"size": [0.16375, 0.4875, 0.175],
							"pivot": [1.325, 33.035, -7.70522],
							"rotation": [81, 0, 0],
							"uv": {
								"north": {"uv": [35, 35], "uv_size": [1, 1]},
								"east": {"uv": [0, 36], "uv_size": [1, 1]},
								"south": {"uv": [36, 0], "uv_size": [1, 1]},
								"west": {"uv": [1, 36], "uv_size": [1, 1]},
								"up": {"uv": [36, 1], "uv_size": [1, 1]},
								"down": {"uv": [36, 3], "uv_size": [1, -1]}
							}
						},
						{
							"origin": [-1.4325, 32.551, -10],
							"size": [0.16375, 0.4875, 0.175],
							"pivot": [-1.175, 33.035, -7.70522],
							"rotation": [81, 0, 0],
							"uv": {
								"north": {"uv": [36, 3], "uv_size": [1, 1]},
								"east": {"uv": [36, 4], "uv_size": [1, 1]},
								"south": {"uv": [36, 5], "uv_size": [1, 1]},
								"west": {"uv": [36, 6], "uv_size": [1, 1]},
								"up": {"uv": [36, 7], "uv_size": [1, 1]},
								"down": {"uv": [36, 9], "uv_size": [1, -1]}
							}
						},
						{
							"origin": [-1.2633, 30.49375, -8.04875],
							"size": [0.15625, 0.5625, 0.3875],
							"pivot": [-1.415, 30.701, -8.08647],
							"rotation": [-6.5, -1.04196, -44.83393],
							"uv": {
								"north": {"uv": [36, 9], "uv_size": [1, 1]},
								"east": {"uv": [36, 10], "uv_size": [1, 1]},
								"south": {"uv": [36, 11], "uv_size": [1, 1]},
								"west": {"uv": [36, 12], "uv_size": [1, 1]},
								"up": {"uv": [13, 36], "uv_size": [1, 1]},
								"down": {"uv": [36, 14], "uv_size": [1, -1]}
							}
						}
					]
				},
				{
					"name": "1p3",
					"parent": "1p87",
					"pivot": [1.84125, 29.5405, -11.06766],
					"cubes": [
						{
							"origin": [-1.70102, 28.1176, -13.35299],
							"size": [3.545, 1.69812, 0.84013],
							"pivot": [1.82286, 29.83068, -12.51076],
							"rotation": [76, 0, 0],
							"uv": {
								"north": {"uv": [0, 19], "uv_size": [4, 2]},
								"east": {"uv": [4, 16], "uv_size": [1, 2]},
								"south": {"uv": [7, 19], "uv_size": [4, 2]},
								"west": {"uv": [2, 33], "uv_size": [1, 2]},
								"up": {"uv": [26, 3], "uv_size": [4, 1]},
								"down": {"uv": [26, 5], "uv_size": [4, -1]}
							}
						},
						{
							"origin": [-1.70219, 29.48944, -12.712],
							"size": [3.545, 0.88328, 0.83778],
							"inflate": -0.00391,
							"pivot": [1.82286, 30.38885, -11.87092],
							"rotation": [41, 0, 0],
							"uv": {
								"north": {"uv": [22, 25], "uv_size": [4, 1]},
								"east": {"uv": [34, 12], "uv_size": [1, 1]},
								"south": {"uv": [26, 0], "uv_size": [4, 1]},
								"west": {"uv": [35, 3], "uv_size": [1, 1]},
								"up": {"uv": [26, 1], "uv_size": [4, 1]},
								"down": {"uv": [26, 3], "uv_size": [4, -1]}
							}
						},
						{
							"origin": [-1.69984, 29.46522, -11.92519],
							"size": [3.545, 1.21297, 0.84247],
							"inflate": 0.00391,
							"pivot": [1.82286, 30.69197, -11.08177],
							"rotation": [21, 0, 0],
							"uv": {
								"north": {"uv": [25, 9], "uv_size": [4, 1]},
								"east": {"uv": [7, 18], "uv_size": [1, 1]},
								"south": {"uv": [25, 12], "uv_size": [4, 1]},
								"west": {"uv": [11, 19], "uv_size": [1, 1]},
								"up": {"uv": [25, 13], "uv_size": [4, 1]},
								"down": {"uv": [25, 18], "uv_size": [4, -1]}
							}
						},
						{
							"origin": [-1.70219, 27.58539, -11.2953],
							"size": [3.545, 0.88328, 0.83778],
							"inflate": -0.00391,
							"pivot": [1.84398, 29.2011, -11.07839],
							"rotation": [-76, 0, 0],
							"uv": {
								"north": {"uv": [22, 26], "uv_size": [4, 1]},
								"east": {"uv": [13, 35], "uv_size": [1, 1]},
								"south": {"uv": [26, 25], "uv_size": [4, 1]},
								"west": {"uv": [35, 13], "uv_size": [1, 1]},
								"up": {"uv": [26, 26], "uv_size": [4, 1]},
								"down": {"uv": [27, 15], "uv_size": [4, -1]}
							}
						},
						{
							"origin": [-1.70102, 27.51984, -11.49625],
							"size": [3.545, 1.86062, 0.84013],
							"pivot": [1.84398, 29.2011, -11.07839],
							"rotation": [-41, 0, 0],
							"uv": {
								"north": {"uv": [19, 15], "uv_size": [4, 2]},
								"east": {"uv": [3, 33], "uv_size": [1, 2]},
								"south": {"uv": [20, 0], "uv_size": [4, 2]},
								"west": {"uv": [8, 33], "uv_size": [1, 2]},
								"up": {"uv": [27, 18], "uv_size": [4, 1]},
								"down": {"uv": [27, 20], "uv_size": [4, -1]}
							}
						},
						{
							"origin": [-1.69984, 27.47564, -11.25779],
							"size": [3.545, 2.02547, 0.84247],
							"inflate": 0.00391,
							"pivot": [1.84398, 29.2011, -11.07839],
							"rotation": [-21, 0, 0],
							"uv": {
								"north": {"uv": [20, 2], "uv_size": [4, 2]},
								"east": {"uv": [9, 33], "uv_size": [1, 2]},
								"south": {"uv": [20, 4], "uv_size": [4, 2]},
								"west": {"uv": [10, 33], "uv_size": [1, 2]},
								"up": {"uv": [22, 27], "uv_size": [4, 1]},
								"down": {"uv": [27, 25], "uv_size": [4, -1]}
							}
						},
						{
							"origin": [-1.69984, 27.35148, -11.07157],
							"size": [3.545, 0.62547, 0.84247],
							"inflate": 0.00391,
							"pivot": [1.84906, 27.34757, -11.07547],
							"rotation": [23, 0, 0],
							"uv": {
								"north": {"uv": [30, 4], "uv_size": [4, 1]},
								"east": {"uv": [31, 38], "uv_size": [1, 1]},
								"south": {"uv": [30, 6], "uv_size": [4, 1]},
								"west": {"uv": [38, 31], "uv_size": [1, 1]},
								"up": {"uv": [30, 7], "uv_size": [4, 1]},
								"down": {"uv": [30, 9], "uv_size": [4, -1]}
							}
						},
						{
							"origin": [-1.69984, 27.68371, -10.28888],
							"size": [3.545, 0.62547, 0.84247],
							"inflate": 0.00391,
							"pivot": [1.84906, 27.6798, -10.29278],
							"rotation": [43, 0, 0],
							"uv": {
								"north": {"uv": [30, 9], "uv_size": [4, 1]},
								"east": {"uv": [32, 38], "uv_size": [1, 1]},
								"south": {"uv": [30, 10], "uv_size": [4, 1]},
								"west": {"uv": [38, 32], "uv_size": [1, 1]},
								"up": {"uv": [15, 30], "uv_size": [4, 1]},
								"down": {"uv": [30, 26], "uv_size": [4, -1]}
							}
						}
					]
				},
				{
					"name": "1p89",
					"parent": "1p87",
					"pivot": [-1.1525, 33.4115, -3.86353],
					"cubes": [
						{
							"origin": [1.5525, 30.676, -7.64266],
							"size": [0.28875, 2.3625, 4.37125],
							"uv": {
								"north": {"uv": [16, 33], "uv_size": [1, 2]},
								"east": {"uv": [21, 6], "uv_size": [4, 2]},
								"south": {"uv": [17, 33], "uv_size": [1, 2]},
								"west": {"uv": [7, 21], "uv_size": [4, 2]},
								"up": {"uv": [12, 28], "uv_size": [1, 4]},
								"down": {"uv": [13, 32], "uv_size": [1, -4]}
							}
						},
						{
							"origin": [-1.70375, 30.676, -7.64266],
							"size": [0.28875, 2.3625, 4.37125],
							"uv": {
								"north": {"uv": [19, 33], "uv_size": [1, 2]},
								"east": {"uv": [21, 8], "uv_size": [4, 2]},
								"south": {"uv": [20, 33], "uv_size": [1, 2]},
								"west": {"uv": [21, 12], "uv_size": [4, 2]},
								"up": {"uv": [22, 28], "uv_size": [1, 4]},
								"down": {"uv": [23, 32], "uv_size": [1, -4]}
							}
						},
						{
							"origin": [1.5625, 33.025, -7.70625],
							"size": [0.275, 0.4125, 4.4375],
							"pivot": [1.8025, 33.0365, -3.86353],
							"rotation": [0, 0, -21],
							"uv": {
								"north": {"uv": [14, 36], "uv_size": [1, 1]},
								"east": {"uv": [28, 21], "uv_size": [4, 1]},
								"south": {"uv": [36, 14], "uv_size": [1, 1]},
								"west": {"uv": [28, 27], "uv_size": [4, 1]},
								"up": {"uv": [24, 28], "uv_size": [1, 4]},
								"down": {"uv": [25, 32], "uv_size": [1, -4]}
							}
						},
						{
							"origin": [-1.3125, 33.301, -7.70625],
							"size": [2.775, 0.30187, 4.4375],
							"uv": {
								"north": {"uv": [32, 1], "uv_size": [3, 1]},
								"east": {"uv": [28, 28], "uv_size": [4, 1]},
								"south": {"uv": [32, 2], "uv_size": [3, 1]},
								"west": {"uv": [0, 29], "uv_size": [4, 1]},
								"up": {"uv": [4, 18], "uv_size": [3, 4]},
								"down": {"uv": [18, 10], "uv_size": [3, -4]}
							}
						},
						{
							"origin": [1.5525, 32.551, -3.275],
							"size": [0.28875, 0.4875, 2.3],
							"pivot": [-0.925, 33.035, -3.26978],
							"rotation": [-81, 0, 0],
							"uv": {
								"north": {"uv": [15, 36], "uv_size": [1, 1]},
								"east": {"uv": [33, 5], "uv_size": [2, 1]},
								"south": {"uv": [36, 15], "uv_size": [1, 1]},
								"west": {"uv": [33, 13], "uv_size": [2, 1]},
								"up": {"uv": [21, 33], "uv_size": [1, 2]},
								"down": {"uv": [22, 35], "uv_size": [1, -2]}
							}
						},
						{
							"origin": [-1.70375, 32.551, -3.275],
							"size": [0.28875, 0.4875, 2.3],
							"pivot": [-1.425, 33.035, -3.26978],
							"rotation": [-81, 0, 0],
							"uv": {
								"north": {"uv": [16, 36], "uv_size": [1, 1]},
								"east": {"uv": [33, 17], "uv_size": [2, 1]},
								"south": {"uv": [36, 16], "uv_size": [1, 1]},
								"west": {"uv": [33, 22], "uv_size": [2, 1]},
								"up": {"uv": [23, 33], "uv_size": [1, 2]},
								"down": {"uv": [24, 35], "uv_size": [1, -2]}
							}
						},
						{
							"origin": [-1.70375, 32.551, -10],
							"size": [0.28875, 0.4875, 2.3],
							"pivot": [-1.425, 33.035, -7.70522],
							"rotation": [81, 0, 0],
							"uv": {
								"north": {"uv": [17, 36], "uv_size": [1, 1]},
								"east": {"uv": [33, 23], "uv_size": [2, 1]},
								"south": {"uv": [36, 17], "uv_size": [1, 1]},
								"west": {"uv": [28, 33], "uv_size": [2, 1]},
								"up": {"uv": [31, 33], "uv_size": [1, 2]},
								"down": {"uv": [32, 35], "uv_size": [1, -2]}
							}
						},
						{
							"origin": [1.5525, 32.551, -10],
							"size": [0.28875, 0.4875, 2.3],
							"pivot": [-0.925, 33.035, -7.70522],
							"rotation": [81, 0, 0],
							"uv": {
								"north": {"uv": [18, 36], "uv_size": [1, 1]},
								"east": {"uv": [33, 33], "uv_size": [2, 1]},
								"south": {"uv": [36, 18], "uv_size": [1, 1]},
								"west": {"uv": [34, 4], "uv_size": [2, 1]},
								"up": {"uv": [34, 6], "uv_size": [1, 2]},
								"down": {"uv": [34, 10], "uv_size": [1, -2]}
							}
						},
						{
							"origin": [1.05463, 33.425, -7.70625],
							"size": [0.275, 0.2875, 4.4375],
							"pivot": [1.3025, 33.4115, -3.86353],
							"rotation": [0, 0, 127],
							"uv": {
								"north": {"uv": [19, 36], "uv_size": [1, 1]},
								"east": {"uv": [4, 29], "uv_size": [4, 1]},
								"south": {"uv": [36, 19], "uv_size": [1, 1]},
								"west": {"uv": [29, 5], "uv_size": [4, 1]},
								"up": {"uv": [29, 7], "uv_size": [1, 4]},
								"down": {"uv": [8, 33], "uv_size": [1, -4]}
							}
						},
						{
							"origin": [-1.6875, 33.025, -7.70625],
							"size": [0.275, 0.4125, 4.4375],
							"pivot": [-1.6525, 33.0365, -3.86353],
							"rotation": [0, 0, 21],
							"uv": {
								"north": {"uv": [20, 36], "uv_size": [1, 1]},
								"east": {"uv": [29, 11], "uv_size": [4, 1]},
								"south": {"uv": [36, 20], "uv_size": [1, 1]},
								"west": {"uv": [29, 12], "uv_size": [4, 1]},
								"up": {"uv": [9, 29], "uv_size": [1, 4]},
								"down": {"uv": [10, 33], "uv_size": [1, -4]}
							}
						},
						{
							"origin": [-1.17963, 33.425, -7.70625],
							"size": [0.275, 0.2875, 4.4375],
							"pivot": [-1.1525, 33.4115, -3.86353],
							"rotation": [0, 0, -127],
							"uv": {
								"north": {"uv": [21, 36], "uv_size": [1, 1]},
								"east": {"uv": [29, 13], "uv_size": [4, 1]},
								"south": {"uv": [36, 21], "uv_size": [1, 1]},
								"west": {"uv": [29, 17], "uv_size": [4, 1]},
								"up": {"uv": [11, 29], "uv_size": [1, 4]},
								"down": {"uv": [14, 33], "uv_size": [1, -4]}
							}
						}
					]
				},
				{
					"name": "1p2",
					"parent": "1p87",
					"pivot": [-1.4025, 33.6615, -3.86353],
					"cubes": [
						{
							"origin": [1.9685, 30.3789, -8.02348],
							"size": [0.2215, 2.835, 5.1755],
							"inflate": 0.00391,
							"uv": {
								"north": {"uv": [21, 30], "uv_size": [1, 3]},
								"east": {"uv": [12, 12], "uv_size": [5, 3]},
								"south": {"uv": [26, 31], "uv_size": [1, 3]},
								"west": {"uv": [0, 13], "uv_size": [5, 3]},
								"up": {"uv": [7, 23], "uv_size": [1, 5]},
								"down": {"uv": [8, 28], "uv_size": [1, -5]}
							}
						},
						{
							"origin": [2.15319, 27.89622, -8.5361],
							"size": [0.2215, 2.285, 6.13125],
							"uv": {
								"north": {"uv": [34, 10], "uv_size": [1, 2]},
								"east": {"uv": [18, 10], "uv_size": [6, 2]},
								"south": {"uv": [34, 25], "uv_size": [1, 2]},
								"west": {"uv": [15, 18], "uv_size": [6, 2]},
								"up": {"uv": [4, 22], "uv_size": [1, 6]},
								"down": {"uv": [5, 28], "uv_size": [1, -6]}
							}
						},
						{
							"origin": [2.1525, 27.06842, -9.57349],
							"size": [0.2215, 1.785, 1.03125],
							"uv": {
								"north": {"uv": [5, 35], "uv_size": [1, 2]},
								"east": {"uv": [35, 5], "uv_size": [1, 2]},
								"south": {"uv": [6, 35], "uv_size": [1, 2]},
								"west": {"uv": [7, 35], "uv_size": [1, 2]},
								"up": {"uv": [10, 38], "uv_size": [1, 1]},
								"down": {"uv": [38, 11], "uv_size": [1, -1]}
							}
						},
						{
							"origin": [2.1525, 27.06842, -8.54224],
							"size": [0.2215, 0.885, 0.63125],
							"uv": {
								"north": {"uv": [11, 38], "uv_size": [1, 1]},
								"east": {"uv": [38, 11], "uv_size": [1, 1]},
								"south": {"uv": [12, 38], "uv_size": [1, 1]},
								"west": {"uv": [38, 12], "uv_size": [1, 1]},
								"up": {"uv": [13, 38], "uv_size": [1, 1]},
								"down": {"uv": [38, 14], "uv_size": [1, -1]}
							}
						},
						{
							"origin": [2.1525, 27.66842, -8.04224],
							"size": [0.2215, 0.385, 0.23125],
							"pivot": [2.26325, 27.81092, -8.12661],
							"rotation": [-35, 0, 0],
							"uv": {
								"north": {"uv": [14, 38], "uv_size": [1, 1]},
								"east": {"uv": [38, 14], "uv_size": [1, 1]},
								"south": {"uv": [15, 38], "uv_size": [1, 1]},
								"west": {"uv": [38, 15], "uv_size": [1, 1]},
								"up": {"uv": [16, 38], "uv_size": [1, 1]},
								"down": {"uv": [38, 17], "uv_size": [1, -1]}
							}
						},
						{
							"origin": [2.1525, 27.74466, -7.84973],
							"size": [0.2215, 0.385, 0.23125],
							"pivot": [2.26325, 27.93716, -7.7341],
							"rotation": [-56, 0, 0],
							"uv": {
								"north": {"uv": [17, 38], "uv_size": [1, 1]},
								"east": {"uv": [38, 17], "uv_size": [1, 1]},
								"south": {"uv": [18, 38], "uv_size": [1, 1]},
								"west": {"uv": [38, 18], "uv_size": [1, 1]},
								"up": {"uv": [19, 38], "uv_size": [1, 1]},
								"down": {"uv": [38, 20], "uv_size": [1, -1]}
							}
						},
						{
							"origin": [2.1525, 27.74466, -7.18152],
							"size": [0.2215, 0.385, 0.23125],
							"pivot": [2.26325, 27.93716, -7.0659],
							"rotation": [56, 0, 0],
							"uv": {
								"north": {"uv": [23, 38], "uv_size": [1, 1]},
								"east": {"uv": [38, 23], "uv_size": [1, 1]},
								"south": {"uv": [24, 38], "uv_size": [1, 1]},
								"west": {"uv": [38, 24], "uv_size": [1, 1]},
								"up": {"uv": [25, 38], "uv_size": [1, 1]},
								"down": {"uv": [38, 26], "uv_size": [1, -1]}
							}
						},
						{
							"origin": [2.1525, 27.66842, -6.98901],
							"size": [0.2215, 0.385, 0.23125],
							"pivot": [2.26325, 27.81092, -6.67339],
							"rotation": [35, 0, 0],
							"uv": {
								"north": {"uv": [20, 38], "uv_size": [1, 1]},
								"east": {"uv": [38, 20], "uv_size": [1, 1]},
								"south": {"uv": [21, 38], "uv_size": [1, 1]},
								"west": {"uv": [38, 21], "uv_size": [1, 1]},
								"up": {"uv": [22, 38], "uv_size": [1, 1]},
								"down": {"uv": [38, 23], "uv_size": [1, -1]}
							}
						},
						{
							"origin": [2.1525, 28.49622, -8.5361],
							"size": [0.2215, 1.685, 1.33125],
							"pivot": [2.37469, 30.18122, -8.5361],
							"rotation": [-38, 0, 0],
							"uv": {
								"north": {"uv": [35, 1], "uv_size": [1, 2]},
								"east": {"uv": [2, 35], "uv_size": [1, 2]},
								"south": {"uv": [3, 35], "uv_size": [1, 2]},
								"west": {"uv": [4, 35], "uv_size": [1, 2]},
								"up": {"uv": [9, 38], "uv_size": [1, 1]},
								"down": {"uv": [38, 10], "uv_size": [1, -1]}
							}
						},
						{
							"origin": [-2.0615, 28.49622, -8.5361],
							"size": [0.2215, 1.685, 1.33125],
							"pivot": [-2.07469, 30.18122, -8.5361],
							"rotation": [-38, 0, 0],
							"uv": {
								"north": {"uv": [10, 35], "uv_size": [1, 2]},
								"east": {"uv": [11, 35], "uv_size": [1, 2]},
								"south": {"uv": [35, 11], "uv_size": [1, 2]},
								"west": {"uv": [12, 35], "uv_size": [1, 2]},
								"up": {"uv": [27, 38], "uv_size": [1, 1]},
								"down": {"uv": [38, 28], "uv_size": [1, -1]}
							}
						},
						{
							"origin": [-2.0615, 27.06842, -9.57349],
							"size": [0.2215, 1.785, 1.13125],
							"uv": {
								"north": {"uv": [35, 7], "uv_size": [1, 2]},
								"east": {"uv": [8, 35], "uv_size": [1, 2]},
								"south": {"uv": [9, 35], "uv_size": [1, 2]},
								"west": {"uv": [35, 9], "uv_size": [1, 2]},
								"up": {"uv": [26, 38], "uv_size": [1, 1]},
								"down": {"uv": [38, 27], "uv_size": [1, -1]}
							}
						},
						{
							"origin": [2.15319, 27.06122, -6.8861],
							"size": [0.2215, 0.835, 4.48125],
							"uv": {
								"north": {"uv": [22, 36], "uv_size": [1, 1]},
								"east": {"uv": [18, 29], "uv_size": [4, 1]},
								"south": {"uv": [36, 22], "uv_size": [1, 1]},
								"west": {"uv": [29, 22], "uv_size": [4, 1]},
								"up": {"uv": [28, 29], "uv_size": [1, 4]},
								"down": {"uv": [29, 33], "uv_size": [1, -4]}
							}
						},
						{
							"origin": [-1.84681, 27.06122, -9.5111],
							"size": [3.8465, 0.81, 5.98125],
							"uv": {
								"north": {"uv": [29, 23], "uv_size": [4, 1]},
								"east": {"uv": [19, 17], "uv_size": [6, 1]},
								"south": {"uv": [0, 30], "uv_size": [4, 1]},
								"west": {"uv": [21, 14], "uv_size": [6, 1]},
								"up": {"uv": [0, 7], "uv_size": [4, 6]},
								"down": {"uv": [4, 13], "uv_size": [4, -6]}
							}
						},
						{
							"origin": [-1.84681, 27.06122, -9.5111],
							"size": [3.8465, 0.81, 0.28125],
							"pivot": [1.99969, 27.87122, -9.5111],
							"rotation": [-48, 0, 0],
							"uv": {
								"north": {"uv": [30, 26], "uv_size": [4, 1]},
								"east": {"uv": [33, 38], "uv_size": [1, 1]},
								"south": {"uv": [30, 29], "uv_size": [4, 1]},
								"west": {"uv": [38, 33], "uv_size": [1, 1]},
								"up": {"uv": [30, 30], "uv_size": [4, 1]},
								"down": {"uv": [0, 32], "uv_size": [4, -1]}
							}
						},
						{
							"origin": [-1.84681, 27.06122, -10.1111],
							"size": [3.8465, 0.27, 0.6],
							"uv": {
								"north": {"uv": [31, 14], "uv_size": [4, 1]},
								"east": {"uv": [34, 38], "uv_size": [1, 1]},
								"south": {"uv": [15, 31], "uv_size": [4, 1]},
								"west": {"uv": [38, 34], "uv_size": [1, 1]},
								"up": {"uv": [31, 18], "uv_size": [4, 1]},
								"down": {"uv": [31, 20], "uv_size": [4, -1]}
							}
						},
						{
							"origin": [-1.84681, 27.33122, -9.7111],
							"size": [3.8465, 0.27, 0.2],
							"uv": {
								"north": {"uv": [31, 24], "uv_size": [4, 1]},
								"east": {"uv": [35, 38], "uv_size": [1, 1]},
								"south": {"uv": [30, 31], "uv_size": [4, 1]},
								"west": {"uv": [38, 35], "uv_size": [1, 1]},
								"up": {"uv": [0, 32], "uv_size": [4, 1]},
								"down": {"uv": [32, 1], "uv_size": [4, -1]}
							}
						},
						{
							"origin": [2.37469, 29.09622, -3.3861],
							"size": [0.125, 0.625, 0.625],
							"pivot": [0.83019, 29.21752, -3.15865],
							"rotation": [45, 0, 0],
							"uv": {
								"north": {"uv": [36, 24], "uv_size": [1, 1]},
								"east": {"uv": [36, 24], "uv_size": [1, 1]},
								"south": {"uv": [36, 24], "uv_size": [1, 1]},
								"west": {"uv": [36, 24], "uv_size": [1, 1]},
								"up": {"uv": [37, 25], "uv_size": [-1, -1]},
								"down": {"uv": [37, 25], "uv_size": [-1, -1]}
							}
						},
						{
							"origin": [-2.25031, 29.59622, -4.5111],
							"size": [0.125, 0.625, 0.625],
							"pivot": [-3.79481, 29.71752, -4.28365],
							"rotation": [45, 0, 0],
							"uv": {
								"north": {"uv": [36, 24], "uv_size": [1, 1]},
								"east": {"uv": [36, 24], "uv_size": [1, 1]},
								"south": {"uv": [36, 24], "uv_size": [1, 1]},
								"west": {"uv": [36, 24], "uv_size": [1, 1]},
								"up": {"uv": [37, 25], "uv_size": [-1, -1]},
								"down": {"uv": [37, 25], "uv_size": [-1, -1]}
							}
						},
						{
							"origin": [-2.25031, 28.59622, -6.8861],
							"size": [0.125, 0.625, 0.625],
							"pivot": [-3.79481, 28.71752, -6.65865],
							"rotation": [45, 0, 0],
							"uv": {
								"north": {"uv": [36, 24], "uv_size": [1, 1]},
								"east": {"uv": [36, 24], "uv_size": [1, 1]},
								"south": {"uv": [36, 24], "uv_size": [1, 1]},
								"west": {"uv": [36, 24], "uv_size": [1, 1]},
								"up": {"uv": [37, 25], "uv_size": [-1, -1]},
								"down": {"uv": [37, 25], "uv_size": [-1, -1]}
							}
						},
						{
							"origin": [-2.12531, 29.09622, -4.5111],
							"size": [0.125, 1.25, 1.25],
							"pivot": [-3.66981, 29.21752, -4.28365],
							"rotation": [45, 0, 0],
							"uv": {
								"north": {"uv": [32, 36], "uv_size": [1, 1]},
								"east": {"uv": [36, 32], "uv_size": [1, 1]},
								"south": {"uv": [33, 36], "uv_size": [1, 1]},
								"west": {"uv": [36, 33], "uv_size": [1, 1]},
								"up": {"uv": [34, 36], "uv_size": [1, 1]},
								"down": {"uv": [36, 35], "uv_size": [1, -1]}
							}
						},
						{
							"origin": [-2.12531, 28.09622, -6.8861],
							"size": [0.125, 1.25, 1.25],
							"pivot": [-3.66981, 28.21752, -6.65865],
							"rotation": [45, 0, 0],
							"uv": {
								"north": {"uv": [35, 36], "uv_size": [1, 1]},
								"east": {"uv": [36, 35], "uv_size": [1, 1]},
								"south": {"uv": [36, 36], "uv_size": [1, 1]},
								"west": {"uv": [0, 37], "uv_size": [1, 1]},
								"up": {"uv": [37, 0], "uv_size": [1, 1]},
								"down": {"uv": [1, 38], "uv_size": [1, -1]}
							}
						},
						{
							"origin": [2.37469, 28.19622, -4.8861],
							"size": [0.125, 0.25, 0.25],
							"pivot": [0.83019, 28.31752, -4.65865],
							"rotation": [45, 0, 0],
							"uv": {
								"north": {"uv": [36, 24], "uv_size": [1, 1]},
								"east": {"uv": [36, 24], "uv_size": [1, 1]},
								"south": {"uv": [36, 24], "uv_size": [1, 1]},
								"west": {"uv": [36, 24], "uv_size": [1, 1]},
								"up": {"uv": [37, 25], "uv_size": [-1, -1]},
								"down": {"uv": [37, 25], "uv_size": [-1, -1]}
							}
						},
						{
							"origin": [1.97469, 27.39622, -7.5361],
							"size": [0.225, 0.25, 0.25],
							"pivot": [0.43019, 27.51752, -7.30865],
							"rotation": [45, 0, 0],
							"uv": {
								"north": {"uv": [36, 24], "uv_size": [1, 1]},
								"east": {"uv": [36, 24], "uv_size": [1, 1]},
								"south": {"uv": [36, 24], "uv_size": [1, 1]},
								"west": {"uv": [36, 24], "uv_size": [1, 1]},
								"up": {"uv": [37, 25], "uv_size": [-1, -1]},
								"down": {"uv": [37, 25], "uv_size": [-1, -1]}
							}
						},
						{
							"origin": [2.37469, 28.19622, -9.3861],
							"size": [0.125, 0.25, 0.25],
							"pivot": [0.83019, 28.31752, -9.15865],
							"rotation": [45, 0, 0],
							"uv": {
								"north": {"uv": [36, 24], "uv_size": [1, 1]},
								"east": {"uv": [36, 24], "uv_size": [1, 1]},
								"south": {"uv": [36, 24], "uv_size": [1, 1]},
								"west": {"uv": [36, 24], "uv_size": [1, 1]},
								"up": {"uv": [37, 25], "uv_size": [-1, -1]},
								"down": {"uv": [37, 25], "uv_size": [-1, -1]}
							}
						},
						{
							"origin": [-2.12531, 27.97122, -3.1361],
							"size": [0.125, 0.25, 0.25],
							"pivot": [-3.66981, 28.09252, -2.90865],
							"rotation": [45, 0, 0],
							"uv": {
								"north": {"uv": [36, 24], "uv_size": [1, 1]},
								"east": {"uv": [36, 24], "uv_size": [1, 1]},
								"south": {"uv": [36, 24], "uv_size": [1, 1]},
								"west": {"uv": [36, 24], "uv_size": [1, 1]},
								"up": {"uv": [37, 25], "uv_size": [-1, -1]},
								"down": {"uv": [37, 25], "uv_size": [-1, -1]}
							}
						},
						{
							"origin": [-2.00031, 27.43622, -8.5111],
							"size": [0.25, 0.25, 0.25],
							"pivot": [-3.54481, 27.55752, -8.28365],
							"rotation": [45, 0, 0],
							"uv": {
								"north": {"uv": [37, 10], "uv_size": [1, 1]},
								"east": {"uv": [11, 37], "uv_size": [1, 1]},
								"south": {"uv": [37, 11], "uv_size": [1, 1]},
								"west": {"uv": [12, 37], "uv_size": [1, 1]},
								"up": {"uv": [37, 12], "uv_size": [1, 1]},
								"down": {"uv": [13, 38], "uv_size": [1, -1]}
							}
						},
						{
							"origin": [3.12469, 27.93622, -1.5361],
							"size": [0.125, 0.25, 0.25],
							"pivot": [1.58019, 28.05752, -1.30865],
							"rotation": [0, 90, 45],
							"uv": {
								"north": {"uv": [36, 24], "uv_size": [1, 1]},
								"east": {"uv": [36, 24], "uv_size": [1, 1]},
								"south": {"uv": [36, 24], "uv_size": [1, 1]},
								"west": {"uv": [36, 24], "uv_size": [1, 1]},
								"up": {"uv": [37, 25], "uv_size": [-1, -1]},
								"down": {"uv": [37, 25], "uv_size": [-1, -1]}
							}
						},
						{
							"origin": [0.24969, 27.93622, -1.5361],
							"size": [0.125, 0.25, 0.25],
							"pivot": [-1.29481, 28.05752, -1.30865],
							"rotation": [0, 90, 45],
							"uv": {
								"north": {"uv": [36, 24], "uv_size": [1, 1]},
								"east": {"uv": [36, 24], "uv_size": [1, 1]},
								"south": {"uv": [36, 24], "uv_size": [1, 1]},
								"west": {"uv": [36, 24], "uv_size": [1, 1]},
								"up": {"uv": [37, 25], "uv_size": [-1, -1]},
								"down": {"uv": [37, 25], "uv_size": [-1, -1]}
							}
						},
						{
							"origin": [0.24969, 30.22122, -1.5361],
							"size": [0.125, 0.25, 0.25],
							"pivot": [-1.29481, 30.34252, -1.30865],
							"rotation": [0, 90, 45],
							"uv": {
								"north": {"uv": [36, 24], "uv_size": [1, 1]},
								"east": {"uv": [36, 24], "uv_size": [1, 1]},
								"south": {"uv": [36, 24], "uv_size": [1, 1]},
								"west": {"uv": [36, 24], "uv_size": [1, 1]},
								"up": {"uv": [37, 25], "uv_size": [-1, -1]},
								"down": {"uv": [37, 25], "uv_size": [-1, -1]}
							}
						},
						{
							"origin": [3.12469, 30.22122, -1.5361],
							"size": [0.125, 0.25, 0.25],
							"pivot": [1.58019, 30.34252, -1.30865],
							"rotation": [0, 90, 45],
							"uv": {
								"north": {"uv": [36, 24], "uv_size": [1, 1]},
								"east": {"uv": [36, 24], "uv_size": [1, 1]},
								"south": {"uv": [36, 24], "uv_size": [1, 1]},
								"west": {"uv": [36, 24], "uv_size": [1, 1]},
								"up": {"uv": [37, 25], "uv_size": [-1, -1]},
								"down": {"uv": [37, 25], "uv_size": [-1, -1]}
							}
						},
						{
							"origin": [2.37469, 28.09622, -3.3861],
							"size": [0.125, 0.625, 0.625],
							"uv": {
								"north": {"uv": [37, 25], "uv_size": [1, 1]},
								"east": {"uv": [26, 37], "uv_size": [1, 1]},
								"south": {"uv": [37, 26], "uv_size": [1, 1]},
								"west": {"uv": [27, 37], "uv_size": [1, 1]},
								"up": {"uv": [37, 27], "uv_size": [1, 1]},
								"down": {"uv": [28, 38], "uv_size": [1, -1]}
							}
						},
						{
							"origin": [2.37469, 28.09622, -4.2611],
							"size": [0.125, 0.625, 0.625],
							"uv": {
								"north": {"uv": [37, 28], "uv_size": [1, 1]},
								"east": {"uv": [29, 37], "uv_size": [1, 1]},
								"south": {"uv": [37, 29], "uv_size": [1, 1]},
								"west": {"uv": [30, 37], "uv_size": [1, 1]},
								"up": {"uv": [37, 30], "uv_size": [1, 1]},
								"down": {"uv": [31, 38], "uv_size": [1, -1]}
							}
						},
						{
							"origin": [-2.064, 30.3789, -8.02348],
							"size": [0.2215, 2.835, 5.1755],
							"inflate": 0.00391,
							"uv": {
								"north": {"uv": [27, 31], "uv_size": [1, 3]},
								"east": {"uv": [15, 0], "uv_size": [5, 3]},
								"south": {"uv": [4, 32], "uv_size": [1, 3]},
								"west": {"uv": [15, 3], "uv_size": [5, 3]},
								"up": {"uv": [9, 23], "uv_size": [1, 5]},
								"down": {"uv": [10, 28], "uv_size": [1, -5]}
							}
						},
						{
							"origin": [-2.064, 27.05552, -8.53348],
							"size": [0.2215, 3.435, 6.125],
							"uv": {
								"north": {"uv": [5, 32], "uv_size": [1, 3]},
								"east": {"uv": [12, 6], "uv_size": [6, 3]},
								"south": {"uv": [6, 32], "uv_size": [1, 3]},
								"west": {"uv": [12, 9], "uv_size": [6, 3]},
								"up": {"uv": [6, 22], "uv_size": [1, 6]},
								"down": {"uv": [11, 28], "uv_size": [1, -6]}
							}
						},
						{
							"origin": [1.94573, 30.13141, -8.5361],
							"size": [0.2215, 0.46, 6.125],
							"pivot": [2.16723, 30.58839, -5.90865],
							"rotation": [0, 0, -27],
							"uv": {
								"north": {"uv": [37, 31], "uv_size": [1, 1]},
								"east": {"uv": [21, 18], "uv_size": [6, 1]},
								"south": {"uv": [32, 37], "uv_size": [1, 1]},
								"west": {"uv": [21, 19], "uv_size": [6, 1]},
								"up": {"uv": [12, 22], "uv_size": [1, 6]},
								"down": {"uv": [13, 28], "uv_size": [1, -6]}
							}
						},
						{
							"origin": [1.9805, 33.1977, -8.09979],
							"size": [0.205, 0.495, 5.255],
							"pivot": [2.1435, 33.2115, -3.86353],
							"rotation": [0, 0, -21],
							"uv": {
								"north": {"uv": [37, 32], "uv_size": [1, 1]},
								"east": {"uv": [23, 20], "uv_size": [5, 1]},
								"south": {"uv": [33, 37], "uv_size": [1, 1]},
								"west": {"uv": [23, 21], "uv_size": [5, 1]},
								"up": {"uv": [24, 0], "uv_size": [1, 5]},
								"down": {"uv": [14, 29], "uv_size": [1, -5]}
							}
						},
						{
							"origin": [-1.5945, 33.6539, -8.09979],
							"size": [3.33, 0.23725, 5.255],
							"uv": {
								"north": {"uv": [32, 3], "uv_size": [3, 1]},
								"east": {"uv": [24, 5], "uv_size": [5, 1]},
								"south": {"uv": [15, 32], "uv_size": [3, 1]},
								"west": {"uv": [24, 10], "uv_size": [5, 1]},
								"up": {"uv": [5, 13], "uv_size": [3, 5]},
								"down": {"uv": [12, 20], "uv_size": [3, -5]}
							}
						},
						{
							"origin": [1.9685, 32.6289, -2.85229],
							"size": [0.2215, 0.585, 2.76],
							"pivot": [-1.1295, 33.2097, -2.84603],
							"rotation": [-81, 0, 0],
							"uv": {
								"north": {"uv": [37, 33], "uv_size": [1, 1]},
								"east": {"uv": [32, 15], "uv_size": [3, 1]},
								"south": {"uv": [34, 37], "uv_size": [1, 1]},
								"west": {"uv": [32, 16], "uv_size": [3, 1]},
								"up": {"uv": [7, 32], "uv_size": [1, 3]},
								"down": {"uv": [12, 35], "uv_size": [1, -3]}
							}
						},
						{
							"origin": [-2.064, 32.6289, -2.85229],
							"size": [0.2215, 0.585, 2.76],
							"pivot": [-1.7295, 33.2097, -2.84603],
							"rotation": [-81, 0, 0],
							"uv": {
								"north": {"uv": [37, 34], "uv_size": [1, 1]},
								"east": {"uv": [32, 20], "uv_size": [3, 1]},
								"south": {"uv": [35, 37], "uv_size": [1, 1]},
								"west": {"uv": [32, 21], "uv_size": [3, 1]},
								"up": {"uv": [13, 32], "uv_size": [1, 3]},
								"down": {"uv": [18, 35], "uv_size": [1, -3]}
							}
						},
						{
							"origin": [-2.064, 32.6289, -10.85229],
							"size": [0.2215, 0.585, 2.76],
							"pivot": [-1.7295, 33.2097, -8.09856],
							"rotation": [81, 0, 0],
							"uv": {
								"north": {"uv": [37, 35], "uv_size": [1, 1]},
								"east": {"uv": [22, 32], "uv_size": [3, 1]},
								"south": {"uv": [36, 37], "uv_size": [1, 1]},
								"west": {"uv": [32, 27], "uv_size": [3, 1]},
								"up": {"uv": [25, 32], "uv_size": [1, 3]},
								"down": {"uv": [30, 35], "uv_size": [1, -3]}
							}
						},
						{
							"origin": [1.9685, 32.6289, -10.85229],
							"size": [0.2215, 0.585, 2.76],
							"pivot": [-1.1295, 33.2097, -8.09856],
							"rotation": [81, 0, 0],
							"uv": {
								"north": {"uv": [37, 36], "uv_size": [1, 1]},
								"east": {"uv": [32, 28], "uv_size": [3, 1]},
								"south": {"uv": [37, 37], "uv_size": [1, 1]},
								"west": {"uv": [31, 32], "uv_size": [3, 1]},
								"up": {"uv": [0, 33], "uv_size": [1, 3]},
								"down": {"uv": [1, 36], "uv_size": [1, -3]}
							}
						},
						{
							"origin": [1.24605, 33.6777, -8.09979],
							"size": [0.205, 0.345, 5.255],
							"pivot": [1.5435, 33.6615, -3.86353],
							"rotation": [0, 0, 127],
							"uv": {
								"north": {"uv": [0, 38], "uv_size": [1, 1]},
								"east": {"uv": [24, 11], "uv_size": [5, 1]},
								"south": {"uv": [38, 0], "uv_size": [1, 1]},
								"west": {"uv": [15, 24], "uv_size": [5, 1]},
								"up": {"uv": [20, 24], "uv_size": [1, 5]},
								"down": {"uv": [21, 29], "uv_size": [1, -5]}
							}
						},
						{
							"origin": [-2.0445, 33.1977, -8.09979],
							"size": [0.205, 0.495, 5.255],
							"pivot": [-2.0025, 33.2115, -3.86353],
							"rotation": [0, 0, 21],
							"uv": {
								"north": {"uv": [1, 38], "uv_size": [1, 1]},
								"east": {"uv": [22, 24], "uv_size": [5, 1]},
								"south": {"uv": [38, 1], "uv_size": [1, 1]},
								"west": {"uv": [24, 22], "uv_size": [5, 1]},
								"up": {"uv": [25, 0], "uv_size": [1, 5]},
								"down": {"uv": [15, 30], "uv_size": [1, -5]}
							}
						},
						{
							"origin": [-1.31005, 33.6777, -8.09979],
							"size": [0.205, 0.345, 5.255],
							"pivot": [-1.4025, 33.6615, -3.86353],
							"rotation": [0, 0, -127],
							"uv": {
								"north": {"uv": [2, 38], "uv_size": [1, 1]},
								"east": {"uv": [24, 23], "uv_size": [5, 1]},
								"south": {"uv": [38, 2], "uv_size": [1, 1]},
								"west": {"uv": [25, 6], "uv_size": [5, 1]},
								"up": {"uv": [16, 25], "uv_size": [1, 5]},
								"down": {"uv": [17, 30], "uv_size": [1, -5]}
							}
						}
					]
				},
				{
					"name": "1p4",
					"parent": "1p2",
					"pivot": [-3.79481, 28.31752, -11.15865],
					"cubes": [
						{
							"origin": [-2.43696, 27.89733, -11.41683],
							"size": [0.325, 1.95, 1.95],
							"pivot": [-4.44481, 28.21752, -10.95865],
							"rotation": [45, 0, 0],
							"uv": {
								"north": {"uv": [34, 29], "uv_size": [1, 2]},
								"east": {"uv": [4, 30], "uv_size": [2, 2]},
								"south": {"uv": [34, 31], "uv_size": [1, 2]},
								"west": {"uv": [6, 30], "uv_size": [2, 2]},
								"up": {"uv": [33, 34], "uv_size": [1, 2]},
								"down": {"uv": [34, 36], "uv_size": [1, -2]}
							}
						},
						{
							"origin": [-2.27446, 28.05983, -11.25433],
							"size": [0.65, 1.625, 1.625],
							"pivot": [-3.79481, 28.21752, -10.95865],
							"rotation": [45, 0, 0],
							"uv": {
								"north": {"uv": [26, 34], "uv_size": [1, 2]},
								"east": {"uv": [30, 0], "uv_size": [2, 2]},
								"south": {"uv": [27, 34], "uv_size": [1, 2]},
								"west": {"uv": [30, 2], "uv_size": [2, 2]},
								"up": {"uv": [28, 34], "uv_size": [1, 2]},
								"down": {"uv": [29, 36], "uv_size": [1, -2]}
							}
						}
					]
				},
				{
					"name": "pso4",
					"parent": "1p87",
					"pivot": [-1.11512, 29.19156, -16.87997],
					"rotation": [-17.5, 90, 0]
				},
				{
					"name": "pso3",
					"parent": "1p87",
					"pivot": [-3.87137, 30.89781, -10.97372],
					"rotation": [0, 0, -180]
				},
				{
					"name": "scope",
					"parent": "main",
					"pivot": [0.06, 31.38, 2.39],
					"cubes": [
						{
							"origin": [-0.44, 31.7, 2.21],
							"size": [0.96, 0.96, 0.96],
							"inflate": -0.4,
							"uv": {
								"north": {"uv": [3, 38], "uv_size": [1, 1]},
								"east": {"uv": [38, 3], "uv_size": [1, 1]},
								"south": {"uv": [4, 38], "uv_size": [1, 1]},
								"west": {"uv": [38, 4], "uv_size": [1, 1]},
								"up": {"uv": [5, 38], "uv_size": [1, 1]},
								"down": {"uv": [38, 6], "uv_size": [1, -1]}
							}
						}
					]
				},
				{
					"name": "_ca_scope",
					"parent": "main",
					"pivot": [-0.1, 28.68, -8.87],
					"cubes": [
						{
							"origin": [-0.18, 27.401, -6.0565],
							"size": [0.76, 0.76, 0.76],
							"uv": {
								"north": {"uv": [6, 38], "uv_size": [1, 1]},
								"east": {"uv": [38, 6], "uv_size": [1, 1]},
								"south": {"uv": [7, 38], "uv_size": [1, 1]},
								"west": {"uv": [38, 7], "uv_size": [1, 1]},
								"up": {"uv": [8, 38], "uv_size": [1, 1]},
								"down": {"uv": [38, 9], "uv_size": [1, -1]}
							}
						}
					]
				}
			]
		}
	]
}