{
	"format_version": "1.12.0",
	"minecraft:geometry": [
		{
			"description": {
				"identifier": "geometry.unknown",
				"texture_width": 64,
				"texture_height": 64,
				"visible_bounds_width": 9,
				"visible_bounds_height": 5,
				"visible_bounds_offset": [0, 0.5, 0]
			},
			"bones": [
				{
					"name": "main",
					"pivot": [0, 20, 0]
				},
				{
					"name": "1p5",
					"parent": "main",
					"pivot": [0.2, 29.5, -13.35],
					"cubes": [
						{
							"origin": [-1.6038, 26.92495, -1.51068],
							"size": [3.06635, 1.0651, 4.2901],
							"inflate": -0.201,
							"uv": {
								"north": {"uv": [20, 27], "uv_size": [3, 1]},
								"east": {"uv": [24, 23], "uv_size": [4, 1]},
								"south": {"uv": [28, 15], "uv_size": [3, 1]},
								"west": {"uv": [29, 22], "uv_size": [4, 1]},
								"up": {"uv": [24, 31], "uv_size": [3, 4]},
								"down": {"uv": [32, 4], "uv_size": [3, -4]}
							}
						},
						{
							"origin": [-0.91, 26.745, -1.26563],
							"size": [2.185, 0.42, 3.8],
							"uv": {
								"north": {"uv": [27, 31], "uv_size": [2, 1]},
								"east": {"uv": [39, 17], "uv_size": [4, 1]},
								"south": {"uv": [32, 4], "uv_size": [2, 1]},
								"west": {"uv": [48, 5], "uv_size": [4, 1]},
								"up": {"uv": [38, 9], "uv_size": [2, 4]},
								"down": {"uv": [22, 42], "uv_size": [2, -4]}
							}
						},
						{
							"origin": [-1.16, 28.87, -1.26563],
							"size": [2.685, 1.795, 3.8],
							"uv": {
								"north": {"uv": [42, 28], "uv_size": [3, 2]},
								"east": {"uv": [37, 27], "uv_size": [4, 2]},
								"south": {"uv": [32, 42], "uv_size": [3, 2]},
								"west": {"uv": [38, 29], "uv_size": [4, 2]},
								"up": {"uv": [32, 11], "uv_size": [3, 4]},
								"down": {"uv": [16, 36], "uv_size": [3, -4]}
							}
						},
						{
							"origin": [-1.8625, 27.115, -1.45313],
							"size": [1.225, 2.5325, 4.245],
							"inflate": -0.2,
							"pivot": [-1.3, 27.75, -1.20813],
							"rotation": [0, 0, -41],
							"uv": {
								"north": {"uv": [23, 32], "uv_size": [1, 3]},
								"east": {"uv": [19, 32], "uv_size": [4, 3]},
								"south": {"uv": [18, 36], "uv_size": [1, 3]},
								"west": {"uv": [27, 32], "uv_size": [4, 3]},
								"up": {"uv": [12, 48], "uv_size": [1, 4]},
								"down": {"uv": [13, 52], "uv_size": [1, -4]}
							}
						},
						{
							"origin": [-24.7365, 20.78713, -1.68563],
							"size": [1.1225, 1.09688, 4.67188],
							"inflate": -0.3,
							"pivot": [-21.995, 51.79875, 6.91687],
							"rotation": [0, 0, -45],
							"uv": {
								"north": {"uv": [33, 25], "uv_size": [1, 1]},
								"east": {"uv": [46, 31], "uv_size": [5, 1]},
								"south": {"uv": [34, 10], "uv_size": [1, 1]},
								"west": {"uv": [46, 32], "uv_size": [5, 1]},
								"up": {"uv": [37, 46], "uv_size": [1, 5]},
								"down": {"uv": [38, 51], "uv_size": [1, -5]}
							}
						},
						{
							"origin": [-1.2375, 29.24, -1.45313],
							"size": [0.6, 0.45, 4.245],
							"inflate": -0.2,
							"pivot": [-1.3, 27.75, -1.20813],
							"rotation": [0, 0, -34],
							"uv": {
								"north": {"uv": [35, 14], "uv_size": [1, 1]},
								"east": {"uv": [48, 6], "uv_size": [4, 1]},
								"south": {"uv": [15, 35], "uv_size": [1, 1]},
								"west": {"uv": [48, 7], "uv_size": [4, 1]},
								"up": {"uv": [14, 48], "uv_size": [1, 4]},
								"down": {"uv": [15, 52], "uv_size": [1, -4]}
							}
						},
						{
							"origin": [-1.2375, 27.115, -1.45313],
							"size": [0.6, 2.5325, 4.245],
							"inflate": -0.2,
							"pivot": [-1.3, 27.75, -1.20813],
							"rotation": [0, 0, -34],
							"uv": {
								"north": {"uv": [38, 54], "uv_size": [1, 3]},
								"east": {"uv": [31, 32], "uv_size": [4, 3]},
								"south": {"uv": [39, 54], "uv_size": [1, 3]},
								"west": {"uv": [8, 33], "uv_size": [4, 3]},
								"up": {"uv": [20, 48], "uv_size": [1, 4]},
								"down": {"uv": [21, 52], "uv_size": [1, -4]}
							}
						},
						{
							"origin": [-2.055, 28.1075, -1.32688],
							"size": [3.915, 1.075, 3.98625],
							"inflate": -0.3,
							"uv": {
								"north": {"uv": [22, 48], "uv_size": [4, 1]},
								"east": {"uv": [26, 48], "uv_size": [4, 1]},
								"south": {"uv": [48, 26], "uv_size": [4, 1]},
								"west": {"uv": [48, 27], "uv_size": [4, 1]},
								"up": {"uv": [28, 11], "uv_size": [4, 4]},
								"down": {"uv": [20, 32], "uv_size": [4, -4]}
							}
						},
						{
							"origin": [-1.15875, 30.7025, -1.11063],
							"size": [2.65875, 2.76, 0.83125],
							"uv": {
								"north": {"uv": [38, 3], "uv_size": [3, 3]},
								"east": {"uv": [23, 55], "uv_size": [1, 3]},
								"south": {"uv": [38, 6], "uv_size": [3, 3]},
								"west": {"uv": [24, 55], "uv_size": [1, 3]},
								"up": {"uv": [55, 18], "uv_size": [3, 1]},
								"down": {"uv": [55, 22], "uv_size": [3, -1]}
							}
						},
						{
							"origin": [-1.15, 30.9875, 7.61437],
							"size": [2.5875, 2.36, 0.83125],
							"uv": {
								"north": {"uv": [46, 21], "uv_size": [3, 2]},
								"east": {"uv": [6, 59], "uv_size": [1, 2]},
								"south": {"uv": [30, 46], "uv_size": [3, 2]},
								"west": {"uv": [7, 59], "uv_size": [1, 2]},
								"up": {"uv": [55, 31], "uv_size": [3, 1]},
								"down": {"uv": [55, 33], "uv_size": [3, -1]}
							}
						}
					]
				},
				{
					"name": "1p6",
					"parent": "1p5",
					"pivot": [-1.1525, 33.4115, -3.86353]
				},
				{
					"name": "1p7",
					"parent": "1p5",
					"pivot": [-1.4025, 33.6615, -3.86353]
				},
				{
					"name": "pso2",
					"parent": "1p5",
					"pivot": [-1.11512, 29.19156, -16.87997],
					"rotation": [-17.5, 90, 0]
				},
				{
					"name": "pso5",
					"parent": "1p5",
					"pivot": [-3.87137, 30.89781, -10.97372],
					"rotation": [0, 0, -180]
				},
				{
					"name": "specter",
					"parent": "1p5",
					"pivot": [20.025, 47.17, 5.16687],
					"cubes": [
						{
							"origin": [1.181, 30.763, -1.56313],
							"size": [1.056, 2.611, 4.434],
							"inflate": -0.3,
							"uv": {
								"north": {"uv": [40, 54], "uv_size": [1, 3]},
								"east": {"uv": [33, 22], "uv_size": [4, 3]},
								"south": {"uv": [41, 54], "uv_size": [1, 3]},
								"west": {"uv": [0, 34], "uv_size": [4, 3]},
								"up": {"uv": [30, 48], "uv_size": [1, 4]},
								"down": {"uv": [31, 52], "uv_size": [1, -4]}
							}
						},
						{
							"origin": [-2.319, 30.763, 1.18687],
							"size": [5.056, 2.611, 3.684],
							"inflate": -0.3,
							"uv": {
								"north": {"uv": [28, 23], "uv_size": [5, 3]},
								"east": {"uv": [34, 4], "uv_size": [4, 3]},
								"south": {"uv": [24, 28], "uv_size": [5, 3]},
								"west": {"uv": [34, 7], "uv_size": [4, 3]},
								"up": {"uv": [24, 19], "uv_size": [5, 4]},
								"down": {"uv": [23, 28], "uv_size": [5, -4]}
							}
						},
						{
							"origin": [1.306, 32.763, 1.18687],
							"size": [1.431, 2.2, 3.684],
							"inflate": -0.3,
							"pivot": [2.4375, 33.059, 5.16687],
							"rotation": [0, 0, -44.6],
							"uv": {
								"north": {"uv": [28, 26], "uv_size": [1, 2]},
								"east": {"uv": [32, 38], "uv_size": [4, 2]},
								"south": {"uv": [12, 33], "uv_size": [1, 2]},
								"west": {"uv": [3, 39], "uv_size": [4, 2]},
								"up": {"uv": [32, 48], "uv_size": [1, 4]},
								"down": {"uv": [48, 46], "uv_size": [1, -4]}
							}
						},
						{
							"origin": [-2.337, 32.763, 1.18687],
							"size": [1.431, 2.2, 3.684],
							"inflate": -0.3,
							"pivot": [-2.0375, 33.059, 5.16687],
							"rotation": [0, 0, 44.6],
							"uv": {
								"north": {"uv": [4, 34], "uv_size": [1, 2]},
								"east": {"uv": [7, 39], "uv_size": [4, 2]},
								"south": {"uv": [3, 37], "uv_size": [1, 2]},
								"west": {"uv": [11, 39], "uv_size": [4, 2]},
								"up": {"uv": [44, 48], "uv_size": [1, 4]},
								"down": {"uv": [45, 52], "uv_size": [1, -4]}
							}
						},
						{
							"origin": [-1.213, 32.763, 1.18687],
							"size": [2.825, 1.736, 3.684],
							"inflate": -0.3,
							"uv": {
								"north": {"uv": [42, 35], "uv_size": [3, 2]},
								"east": {"uv": [39, 13], "uv_size": [4, 2]},
								"south": {"uv": [0, 43], "uv_size": [3, 2]},
								"west": {"uv": [39, 15], "uv_size": [4, 2]},
								"up": {"uv": [34, 18], "uv_size": [3, 4]},
								"down": {"uv": [34, 29], "uv_size": [3, -4]}
							}
						},
						{
							"origin": [1.306, 29.162, 1.18687],
							"size": [1.431, 2.2, 3.684],
							"inflate": -0.3,
							"pivot": [2.4375, 31.066, 5.16687],
							"rotation": [0, 0, 44.6],
							"uv": {
								"north": {"uv": [56, 29], "uv_size": [1, 2]},
								"east": {"uv": [18, 39], "uv_size": [4, 2]},
								"south": {"uv": [56, 34], "uv_size": [1, 2]},
								"west": {"uv": [24, 39], "uv_size": [4, 2]},
								"up": {"uv": [46, 48], "uv_size": [1, 4]},
								"down": {"uv": [47, 52], "uv_size": [1, -4]}
							}
						},
						{
							"origin": [-1.213, 29.626, 1.18687],
							"size": [2.825, 1.736, 3.684],
							"inflate": -0.3,
							"uv": {
								"north": {"uv": [3, 43], "uv_size": [3, 2]},
								"east": {"uv": [28, 39], "uv_size": [4, 2]},
								"south": {"uv": [6, 43], "uv_size": [3, 2]},
								"west": {"uv": [39, 31], "uv_size": [4, 2]},
								"up": {"uv": [35, 0], "uv_size": [3, 4]},
								"down": {"uv": [35, 14], "uv_size": [3, -4]}
							}
						},
						{
							"origin": [-2.337, 29.162, 1.18687],
							"size": [1.431, 2.2, 3.684],
							"inflate": -0.3,
							"pivot": [-2.0375, 31.066, 5.16687],
							"rotation": [0, 0, -44.6],
							"uv": {
								"north": {"uv": [35, 56], "uv_size": [1, 2]},
								"east": {"uv": [39, 33], "uv_size": [4, 2]},
								"south": {"uv": [36, 56], "uv_size": [1, 2]},
								"west": {"uv": [39, 37], "uv_size": [4, 2]},
								"up": {"uv": [48, 48], "uv_size": [1, 4]},
								"down": {"uv": [0, 53], "uv_size": [1, -4]}
							}
						},
						{
							"origin": [17.9542, 40.8148, -1.56313],
							"size": [1.056, 1.5652, 4.434],
							"inflate": -0.3,
							"pivot": [20.025, 16.848, 5.29187],
							"rotation": [0, 0, -45],
							"uv": {
								"north": {"uv": [58, 46], "uv_size": [1, 2]},
								"east": {"uv": [32, 40], "uv_size": [4, 2]},
								"south": {"uv": [58, 48], "uv_size": [1, 2]},
								"west": {"uv": [0, 41], "uv_size": [4, 2]},
								"up": {"uv": [22, 51], "uv_size": [1, 4]},
								"down": {"uv": [23, 55], "uv_size": [1, -4]}
							}
						},
						{
							"origin": [-1.224, 33.078, -1.56313],
							"size": [2.777, 0.98, 4.434],
							"inflate": -0.3,
							"uv": {
								"north": {"uv": [41, 8], "uv_size": [3, 1]},
								"east": {"uv": [51, 17], "uv_size": [4, 1]},
								"south": {"uv": [43, 19], "uv_size": [3, 1]},
								"west": {"uv": [51, 18], "uv_size": [4, 1]},
								"up": {"uv": [12, 35], "uv_size": [3, 4]},
								"down": {"uv": [19, 39], "uv_size": [3, -4]}
							}
						},
						{
							"origin": [-19.5172, 38.6868, -1.56313],
							"size": [1.056, 1.4588, 4.434],
							"inflate": -0.3,
							"pivot": [-17.416, 14.72, 5.29187],
							"rotation": [0, 0, 45],
							"uv": {
								"north": {"uv": [59, 53], "uv_size": [1, 1]},
								"east": {"uv": [51, 21], "uv_size": [4, 1]},
								"south": {"uv": [59, 54], "uv_size": [1, 1]},
								"west": {"uv": [51, 22], "uv_size": [4, 1]},
								"up": {"uv": [24, 51], "uv_size": [1, 4]},
								"down": {"uv": [25, 55], "uv_size": [1, -4]}
							}
						},
						{
							"origin": [-1.832, 30.682, -1.56313],
							"size": [0.98, 2.768, 4.434],
							"inflate": -0.3,
							"uv": {
								"north": {"uv": [3, 55], "uv_size": [1, 3]},
								"east": {"uv": [34, 29], "uv_size": [4, 3]},
								"south": {"uv": [22, 55], "uv_size": [1, 3]},
								"west": {"uv": [22, 35], "uv_size": [4, 3]},
								"up": {"uv": [26, 51], "uv_size": [1, 4]},
								"down": {"uv": [27, 55], "uv_size": [1, -4]}
							}
						},
						{
							"origin": [-19.5172, 23.9974, -1.56313],
							"size": [1.056, 1.4588, 4.434],
							"inflate": -0.3,
							"pivot": [-17.416, 49.423, 5.29187],
							"rotation": [0, 0, -45],
							"uv": {
								"north": {"uv": [59, 55], "uv_size": [1, 1]},
								"east": {"uv": [51, 31], "uv_size": [4, 1]},
								"south": {"uv": [59, 56], "uv_size": [1, 1]},
								"west": {"uv": [51, 32], "uv_size": [4, 1]},
								"up": {"uv": [28, 51], "uv_size": [1, 4]},
								"down": {"uv": [29, 55], "uv_size": [1, -4]}
							}
						},
						{
							"origin": [-1.224, 30.085, -1.56313],
							"size": [2.777, 0.98, 4.434],
							"inflate": -0.3,
							"uv": {
								"north": {"uv": [54, 3], "uv_size": [3, 1]},
								"east": {"uv": [51, 33], "uv_size": [4, 1]},
								"south": {"uv": [55, 17], "uv_size": [3, 1]},
								"west": {"uv": [51, 36], "uv_size": [4, 1]},
								"up": {"uv": [26, 35], "uv_size": [3, 4]},
								"down": {"uv": [29, 39], "uv_size": [3, -4]}
							}
						},
						{
							"origin": [17.9542, 21.763, -1.56313],
							"size": [1.056, 1.5652, 4.434],
							"inflate": -0.3,
							"pivot": [20.025, 47.295, 5.29187],
							"rotation": [0, 0, 45],
							"uv": {
								"north": {"uv": [58, 50], "uv_size": [1, 2]},
								"east": {"uv": [41, 0], "uv_size": [4, 2]},
								"south": {"uv": [58, 52], "uv_size": [1, 2]},
								"west": {"uv": [41, 2], "uv_size": [4, 2]},
								"up": {"uv": [37, 51], "uv_size": [1, 4]},
								"down": {"uv": [51, 41], "uv_size": [1, -4]}
							}
						}
					]
				},
				{
					"name": "specter3",
					"parent": "specter",
					"pivot": [2.1875, 31.191, 8.54187],
					"cubes": [
						{
							"origin": [-2.12335, 30.8883, 4.17987],
							"size": [4.6104, 2.4099, 3.3006],
							"inflate": -0.3,
							"uv": {
								"north": {"uv": [37, 20], "uv_size": [5, 2]},
								"east": {"uv": [9, 43], "uv_size": [3, 2]},
								"south": {"uv": [37, 22], "uv_size": [5, 2]},
								"west": {"uv": [12, 43], "uv_size": [3, 2]},
								"up": {"uv": [29, 19], "uv_size": [5, 3]},
								"down": {"uv": [29, 29], "uv_size": [5, -3]}
							}
						},
						{
							"origin": [-1.12795, 32.6883, 4.17987],
							"size": [2.6025, 1.6224, 3.3006],
							"inflate": -0.3,
							"uv": {
								"north": {"uv": [43, 13], "uv_size": [3, 2]},
								"east": {"uv": [15, 43], "uv_size": [3, 2]},
								"south": {"uv": [43, 15], "uv_size": [3, 2]},
								"west": {"uv": [43, 17], "uv_size": [3, 2]},
								"up": {"uv": [0, 37], "uv_size": [3, 3]},
								"down": {"uv": [37, 27], "uv_size": [3, -3]}
							}
						},
						{
							"origin": [-0.62795, 32.8133, 4.55487],
							"size": [1.6025, 1.6224, 2.6756],
							"inflate": -0.3,
							"uv": {
								"north": {"uv": [48, 28], "uv_size": [2, 2]},
								"east": {"uv": [24, 43], "uv_size": [3, 2]},
								"south": {"uv": [48, 34], "uv_size": [2, 2]},
								"west": {"uv": [27, 43], "uv_size": [3, 2]},
								"up": {"uv": [18, 43], "uv_size": [2, 3]},
								"down": {"uv": [30, 46], "uv_size": [2, -3]}
							}
						},
						{
							"origin": [-0.62795, 29.7625, 4.55487],
							"size": [1.6025, 1.6224, 2.6756],
							"inflate": -0.3,
							"uv": {
								"north": {"uv": [49, 0], "uv_size": [2, 2]},
								"east": {"uv": [43, 30], "uv_size": [3, 2]},
								"south": {"uv": [1, 49], "uv_size": [2, 2]},
								"west": {"uv": [43, 32], "uv_size": [3, 2]},
								"up": {"uv": [35, 43], "uv_size": [2, 3]},
								"down": {"uv": [37, 46], "uv_size": [2, -3]}
							}
						},
						{
							"origin": [-2.25295, 31.2625, 4.55487],
							"size": [1.6025, 1.6224, 2.6756],
							"inflate": -0.3,
							"uv": {
								"north": {"uv": [49, 2], "uv_size": [2, 2]},
								"east": {"uv": [43, 37], "uv_size": [3, 2]},
								"south": {"uv": [3, 49], "uv_size": [2, 2]},
								"west": {"uv": [39, 43], "uv_size": [3, 2]},
								"up": {"uv": [42, 43], "uv_size": [2, 3]},
								"down": {"uv": [44, 11], "uv_size": [2, -3]}
							}
						},
						{
							"origin": [0.99705, 31.2625, 4.55487],
							"size": [1.6025, 1.6224, 2.6756],
							"inflate": -0.3,
							"uv": {
								"north": {"uv": [49, 8], "uv_size": [2, 2]},
								"east": {"uv": [43, 39], "uv_size": [3, 2]},
								"south": {"uv": [49, 13], "uv_size": [2, 2]},
								"west": {"uv": [44, 11], "uv_size": [3, 2]},
								"up": {"uv": [20, 44], "uv_size": [2, 3]},
								"down": {"uv": [22, 47], "uv_size": [2, -3]}
							}
						},
						{
							"origin": [1.13915, 32.6883, 4.17987],
							"size": [1.3479, 2.04, 3.3006],
							"inflate": -0.3,
							"pivot": [2.1875, 32.9847, 7.79187],
							"rotation": [0, 0, -44.6],
							"uv": {
								"north": {"uv": [56, 37], "uv_size": [1, 2]},
								"east": {"uv": [44, 24], "uv_size": [3, 2]},
								"south": {"uv": [56, 39], "uv_size": [1, 2]},
								"west": {"uv": [32, 44], "uv_size": [3, 2]},
								"up": {"uv": [42, 54], "uv_size": [1, 3]},
								"down": {"uv": [43, 57], "uv_size": [1, -3]}
							}
						},
						{
							"origin": [1.13915, 32.9383, 4.55487],
							"size": [1.4729, 1.54, 2.6756],
							"inflate": -0.3,
							"pivot": [2.1875, 32.9847, 7.79187],
							"rotation": [0, 0, -44.6],
							"uv": {
								"north": {"uv": [56, 52], "uv_size": [1, 2]},
								"east": {"uv": [44, 41], "uv_size": [3, 2]},
								"south": {"uv": [54, 56], "uv_size": [1, 2]},
								"west": {"uv": [44, 43], "uv_size": [3, 2]},
								"up": {"uv": [44, 54], "uv_size": [1, 3]},
								"down": {"uv": [45, 57], "uv_size": [1, -3]}
							}
						},
						{
							"origin": [-2.21205, 32.9383, 4.55487],
							"size": [1.4729, 1.54, 2.6756],
							"inflate": -0.3,
							"pivot": [-1.7875, 32.9847, 7.79187],
							"rotation": [0, 0, 44.6],
							"uv": {
								"north": {"uv": [56, 54], "uv_size": [1, 2]},
								"east": {"uv": [0, 45], "uv_size": [3, 2]},
								"south": {"uv": [55, 56], "uv_size": [1, 2]},
								"west": {"uv": [45, 0], "uv_size": [3, 2]},
								"up": {"uv": [46, 54], "uv_size": [1, 3]},
								"down": {"uv": [47, 57], "uv_size": [1, -3]}
							}
						},
						{
							"origin": [1.13915, 29.6467, 4.55487],
							"size": [1.4729, 1.54, 2.6756],
							"inflate": -0.3,
							"pivot": [2.1875, 31.1403, 7.79187],
							"rotation": [0, 0, 44.6],
							"uv": {
								"north": {"uv": [56, 56], "uv_size": [1, 2]},
								"east": {"uv": [45, 2], "uv_size": [3, 2]},
								"south": {"uv": [57, 3], "uv_size": [1, 2]},
								"west": {"uv": [3, 45], "uv_size": [3, 2]},
								"up": {"uv": [48, 54], "uv_size": [1, 3]},
								"down": {"uv": [49, 57], "uv_size": [1, -3]}
							}
						},
						{
							"origin": [-2.21205, 29.6467, 4.55487],
							"size": [1.4729, 1.54, 2.6756],
							"inflate": -0.3,
							"pivot": [-1.7875, 31.1403, 7.79187],
							"rotation": [0, 0, -44.6],
							"uv": {
								"north": {"uv": [57, 5], "uv_size": [1, 2]},
								"east": {"uv": [45, 4], "uv_size": [3, 2]},
								"south": {"uv": [57, 7], "uv_size": [1, 2]},
								"west": {"uv": [6, 45], "uv_size": [3, 2]},
								"up": {"uv": [50, 54], "uv_size": [1, 3]},
								"down": {"uv": [51, 57], "uv_size": [1, -3]}
							}
						},
						{
							"origin": [-2.13955, 32.6883, 4.17987],
							"size": [1.3479, 2.04, 3.3006],
							"inflate": -0.3,
							"pivot": [-1.84, 32.9847, 7.79187],
							"rotation": [0, 0, 44.6],
							"uv": {
								"north": {"uv": [8, 57], "uv_size": [1, 2]},
								"east": {"uv": [45, 6], "uv_size": [3, 2]},
								"south": {"uv": [11, 57], "uv_size": [1, 2]},
								"west": {"uv": [9, 45], "uv_size": [3, 2]},
								"up": {"uv": [52, 54], "uv_size": [1, 3]},
								"down": {"uv": [53, 57], "uv_size": [1, -3]}
							}
						},
						{
							"origin": [-2.13955, 29.4474, 4.17987],
							"size": [1.3479, 2.04, 3.3006],
							"inflate": -0.3,
							"pivot": [-1.84, 31.191, 7.79187],
							"rotation": [0, 0, -44.6],
							"uv": {
								"north": {"uv": [12, 57], "uv_size": [1, 2]},
								"east": {"uv": [12, 45], "uv_size": [3, 2]},
								"south": {"uv": [13, 57], "uv_size": [1, 2]},
								"west": {"uv": [15, 45], "uv_size": [3, 2]},
								"up": {"uv": [54, 53], "uv_size": [1, 3]},
								"down": {"uv": [0, 58], "uv_size": [1, -3]}
							}
						},
						{
							"origin": [-1.12795, 29.865, 4.17987],
							"size": [2.6025, 1.6224, 3.3006],
							"inflate": -0.3,
							"uv": {
								"north": {"uv": [24, 45], "uv_size": [3, 2]},
								"east": {"uv": [45, 26], "uv_size": [3, 2]},
								"south": {"uv": [27, 45], "uv_size": [3, 2]},
								"west": {"uv": [45, 28], "uv_size": [3, 2]},
								"up": {"uv": [36, 37], "uv_size": [3, 3]},
								"down": {"uv": [38, 3], "uv_size": [3, -3]}
							}
						},
						{
							"origin": [1.13915, 29.4474, 4.17987],
							"size": [1.3479, 2.04, 3.3006],
							"inflate": -0.3,
							"pivot": [2.1875, 31.191, 7.79187],
							"rotation": [0, 0, 44.6],
							"uv": {
								"north": {"uv": [57, 13], "uv_size": [1, 2]},
								"east": {"uv": [45, 34], "uv_size": [3, 2]},
								"south": {"uv": [14, 57], "uv_size": [1, 2]},
								"west": {"uv": [39, 45], "uv_size": [3, 2]},
								"up": {"uv": [1, 55], "uv_size": [1, 3]},
								"down": {"uv": [2, 58], "uv_size": [1, -3]}
							}
						},
						{
							"origin": [1.06469, 32.67014, 6.61651],
							"size": [1.31051, 1.968, 1.04057],
							"inflate": -0.3,
							"pivot": [2.07562, 32.96672, 10.06291],
							"rotation": [0, 0, -44.6],
							"uv": {
								"north": {"uv": [57, 15], "uv_size": [1, 2]},
								"east": {"uv": [16, 57], "uv_size": [1, 2]},
								"south": {"uv": [17, 57], "uv_size": [1, 2]},
								"west": {"uv": [18, 57], "uv_size": [1, 2]},
								"up": {"uv": [38, 13], "uv_size": [1, 1]},
								"down": {"uv": [38, 32], "uv_size": [1, -1]}
							}
						},
						{
							"origin": [-1.08905, 32.67014, 6.61651],
							"size": [2.50237, 1.57128, 1.04057],
							"inflate": -0.3,
							"uv": {
								"north": {"uv": [44, 45], "uv_size": [3, 2]},
								"east": {"uv": [19, 57], "uv_size": [1, 2]},
								"south": {"uv": [46, 8], "uv_size": [3, 2]},
								"west": {"uv": [57, 19], "uv_size": [1, 2]},
								"up": {"uv": [31, 18], "uv_size": [3, 1]},
								"down": {"uv": [0, 41], "uv_size": [3, -1]}
							}
						},
						{
							"origin": [-2.05007, 32.67014, 6.61651],
							"size": [1.31051, 1.968, 1.04057],
							"inflate": -0.3,
							"pivot": [-1.7505, 32.96672, 10.06291],
							"rotation": [0, 0, 44.6],
							"uv": {
								"north": {"uv": [25, 57], "uv_size": [1, 2]},
								"east": {"uv": [26, 57], "uv_size": [1, 2]},
								"south": {"uv": [57, 26], "uv_size": [1, 2]},
								"west": {"uv": [27, 57], "uv_size": [1, 2]},
								"up": {"uv": [40, 26], "uv_size": [1, 1]},
								"down": {"uv": [41, 29], "uv_size": [1, -1]}
							}
						},
						{
							"origin": [-2.03468, 30.96014, 6.61651],
							"size": [4.40988, 2.31941, 1.04057],
							"inflate": -0.3,
							"uv": {
								"north": {"uv": [39, 39], "uv_size": [4, 2]},
								"east": {"uv": [57, 28], "uv_size": [1, 2]},
								"south": {"uv": [40, 9], "uv_size": [4, 2]},
								"west": {"uv": [30, 57], "uv_size": [1, 2]},
								"up": {"uv": [48, 46], "uv_size": [4, 1]},
								"down": {"uv": [49, 5], "uv_size": [4, -1]}
							}
						},
						{
							"origin": [-2.05007, 29.59128, 6.61651],
							"size": [1.31051, 1.968, 1.04057],
							"inflate": -0.3,
							"pivot": [-1.7505, 31.2627, 10.06291],
							"rotation": [0, 0, -44.6],
							"uv": {
								"north": {"uv": [31, 57], "uv_size": [1, 2]},
								"east": {"uv": [32, 57], "uv_size": [1, 2]},
								"south": {"uv": [33, 57], "uv_size": [1, 2]},
								"west": {"uv": [57, 34], "uv_size": [1, 2]},
								"up": {"uv": [42, 30], "uv_size": [1, 1]},
								"down": {"uv": [35, 43], "uv_size": [1, -1]}
							}
						},
						{
							"origin": [-1.08905, 29.988, 6.61651],
							"size": [2.50237, 1.57128, 1.04057],
							"inflate": -0.3,
							"uv": {
								"north": {"uv": [46, 13], "uv_size": [3, 2]},
								"east": {"uv": [57, 37], "uv_size": [1, 2]},
								"south": {"uv": [46, 15], "uv_size": [3, 2]},
								"west": {"uv": [38, 57], "uv_size": [1, 2]},
								"up": {"uv": [15, 40], "uv_size": [3, 1]},
								"down": {"uv": [36, 41], "uv_size": [3, -1]}
							}
						},
						{
							"origin": [1.06469, 29.59128, 6.61651],
							"size": [1.31051, 1.968, 1.04057],
							"inflate": -0.3,
							"pivot": [2.07562, 31.2627, 10.06291],
							"rotation": [0, 0, 44.6],
							"uv": {
								"north": {"uv": [39, 57], "uv_size": [1, 2]},
								"east": {"uv": [57, 39], "uv_size": [1, 2]},
								"south": {"uv": [40, 57], "uv_size": [1, 2]},
								"west": {"uv": [41, 57], "uv_size": [1, 2]},
								"up": {"uv": [38, 51], "uv_size": [1, 1]},
								"down": {"uv": [56, 42], "uv_size": [1, -1]}
							}
						},
						{
							"origin": [0.99396, 32.65288, 6.76881],
							"size": [1.27498, 1.8996, 1.01854],
							"inflate": -0.3,
							"pivot": [1.96934, 32.94963, 10.05789],
							"rotation": [0, 0, -44.6],
							"uv": {
								"north": {"uv": [57, 41], "uv_size": [1, 2]},
								"east": {"uv": [42, 57], "uv_size": [1, 2]},
								"south": {"uv": [43, 57], "uv_size": [1, 2]},
								"west": {"uv": [57, 43], "uv_size": [1, 2]},
								"up": {"uv": [56, 46], "uv_size": [1, 1]},
								"down": {"uv": [59, 35], "uv_size": [1, -1]}
							}
						},
						{
							"origin": [-1.0521, 32.65288, 6.76881],
							"size": [2.40726, 1.52272, 1.01854],
							"inflate": -0.3,
							"uv": {
								"north": {"uv": [49, 15], "uv_size": [2, 2]},
								"east": {"uv": [44, 57], "uv_size": [1, 2]},
								"south": {"uv": [49, 17], "uv_size": [2, 2]},
								"west": {"uv": [45, 57], "uv_size": [1, 2]},
								"up": {"uv": [24, 38], "uv_size": [2, 1]},
								"down": {"uv": [20, 42], "uv_size": [2, -1]}
							}
						},
						{
							"origin": [-1.96507, 32.65288, 6.76881],
							"size": [1.27498, 1.8996, 1.01854],
							"inflate": -0.3,
							"pivot": [-1.66547, 32.94963, 10.05789],
							"rotation": [0, 0, 44.6],
							"uv": {
								"north": {"uv": [57, 45], "uv_size": [1, 2]},
								"east": {"uv": [46, 57], "uv_size": [1, 2]},
								"south": {"uv": [47, 57], "uv_size": [1, 2]},
								"west": {"uv": [57, 47], "uv_size": [1, 2]},
								"up": {"uv": [59, 50], "uv_size": [1, 1]},
								"down": {"uv": [51, 60], "uv_size": [1, -1]}
							}
						},
						{
							"origin": [-1.95045, 31.02838, 6.76881],
							"size": [4.21939, 2.23343, 1.01854],
							"inflate": -0.3,
							"uv": {
								"north": {"uv": [40, 11], "uv_size": [4, 2]},
								"east": {"uv": [48, 57], "uv_size": [1, 2]},
								"south": {"uv": [40, 24], "uv_size": [4, 2]},
								"west": {"uv": [49, 57], "uv_size": [1, 2]},
								"up": {"uv": [49, 19], "uv_size": [4, 1]},
								"down": {"uv": [49, 21], "uv_size": [4, -1]}
							}
						},
						{
							"origin": [-1.96507, 29.72797, 6.76881],
							"size": [1.27498, 1.8996, 1.01854],
							"inflate": -0.3,
							"pivot": [-1.66547, 31.33082, 10.05789],
							"rotation": [0, 0, -44.6],
							"uv": {
								"north": {"uv": [50, 57], "uv_size": [1, 2]},
								"east": {"uv": [51, 57], "uv_size": [1, 2]},
								"south": {"uv": [57, 51], "uv_size": [1, 2]},
								"west": {"uv": [52, 57], "uv_size": [1, 2]},
								"up": {"uv": [59, 51], "uv_size": [1, 1]},
								"down": {"uv": [52, 60], "uv_size": [1, -1]}
							}
						},
						{
							"origin": [-1.0521, 30.10485, 6.76881],
							"size": [2.40726, 1.52272, 1.01854],
							"inflate": -0.3,
							"uv": {
								"north": {"uv": [49, 21], "uv_size": [2, 2]},
								"east": {"uv": [53, 57], "uv_size": [1, 2]},
								"south": {"uv": [22, 49], "uv_size": [2, 2]},
								"west": {"uv": [57, 53], "uv_size": [1, 2]},
								"up": {"uv": [43, 34], "uv_size": [2, 1]},
								"down": {"uv": [57, 10], "uv_size": [2, -1]}
							}
						},
						{
							"origin": [0.99396, 29.72797, 6.76881],
							"size": [1.27498, 1.8996, 1.01854],
							"inflate": -0.3,
							"pivot": [1.96934, 31.33082, 10.05789],
							"rotation": [0, 0, 44.6],
							"uv": {
								"north": {"uv": [57, 55], "uv_size": [1, 2]},
								"east": {"uv": [57, 57], "uv_size": [1, 2]},
								"south": {"uv": [0, 58], "uv_size": [1, 2]},
								"west": {"uv": [58, 0], "uv_size": [1, 2]},
								"up": {"uv": [59, 52], "uv_size": [1, 1]},
								"down": {"uv": [53, 60], "uv_size": [1, -1]}
							}
						},
						{
							"origin": [1.17676, 32.63648, 7.16974],
							"size": [0.99123, 1.83462, 1.87261],
							"inflate": -0.3,
							"pivot": [1.86838, 32.9334, 10.30937],
							"rotation": [0, 0, -44.6],
							"uv": {
								"north": {"uv": [1, 58], "uv_size": [1, 2]},
								"east": {"uv": [24, 49], "uv_size": [2, 2]},
								"south": {"uv": [2, 58], "uv_size": [1, 2]},
								"west": {"uv": [26, 49], "uv_size": [2, 2]},
								"up": {"uv": [58, 2], "uv_size": [1, 2]},
								"down": {"uv": [3, 60], "uv_size": [1, -2]}
							}
						},
						{
							"origin": [-1.01785, 33.03941, 7.16974],
							"size": [2.31689, 1.075, 1.87261],
							"inflate": -0.3,
							"uv": {
								"north": {"uv": [57, 30], "uv_size": [2, 1]},
								"east": {"uv": [58, 4], "uv_size": [2, 1]},
								"south": {"uv": [58, 5], "uv_size": [2, 1]},
								"west": {"uv": [58, 6], "uv_size": [2, 1]},
								"up": {"uv": [28, 49], "uv_size": [2, 2]},
								"down": {"uv": [49, 44], "uv_size": [2, -2]}
							}
						},
						{
							"origin": [-1.88432, 32.63648, 7.16974],
							"size": [0.99123, 1.83462, 1.87261],
							"inflate": -0.3,
							"pivot": [-1.5847, 32.9334, 10.30937],
							"rotation": [0, 0, 44.6],
							"uv": {
								"north": {"uv": [58, 7], "uv_size": [1, 2]},
								"east": {"uv": [49, 44], "uv_size": [2, 2]},
								"south": {"uv": [58, 13], "uv_size": [1, 2]},
								"west": {"uv": [49, 47], "uv_size": [2, 2]},
								"up": {"uv": [58, 15], "uv_size": [1, 2]},
								"down": {"uv": [58, 19], "uv_size": [1, -2]}
							}
						},
						{
							"origin": [1.13049, 31.09321, 7.16974],
							"size": [1.0375, 2.15176, 1.87261],
							"inflate": -0.3,
							"uv": {
								"north": {"uv": [58, 19], "uv_size": [1, 2]},
								"east": {"uv": [49, 49], "uv_size": [2, 2]},
								"south": {"uv": [58, 21], "uv_size": [1, 2]},
								"west": {"uv": [50, 28], "uv_size": [2, 2]},
								"up": {"uv": [22, 58], "uv_size": [1, 2]},
								"down": {"uv": [23, 60], "uv_size": [1, -2]}
							}
						},
						{
							"origin": [-1.88226, 31.08356, 7.16974],
							"size": [1.0375, 2.15176, 1.87261],
							"inflate": -0.3,
							"uv": {
								"north": {"uv": [24, 58], "uv_size": [1, 2]},
								"east": {"uv": [50, 34], "uv_size": [2, 2]},
								"south": {"uv": [58, 26], "uv_size": [1, 2]},
								"west": {"uv": [51, 0], "uv_size": [2, 2]},
								"up": {"uv": [28, 58], "uv_size": [1, 2]},
								"down": {"uv": [58, 30], "uv_size": [1, -2]}
							}
						},
						{
							"origin": [-1.88432, 29.85782, 7.16974],
							"size": [0.99123, 1.83462, 1.87261],
							"inflate": -0.3,
							"pivot": [-1.5847, 31.39552, 10.30937],
							"rotation": [0, 0, -44.6],
							"uv": {
								"north": {"uv": [29, 58], "uv_size": [1, 2]},
								"east": {"uv": [1, 51], "uv_size": [2, 2]},
								"south": {"uv": [58, 31], "uv_size": [1, 2]},
								"west": {"uv": [51, 2], "uv_size": [2, 2]},
								"up": {"uv": [58, 33], "uv_size": [1, 2]},
								"down": {"uv": [35, 60], "uv_size": [1, -2]}
							}
						},
						{
							"origin": [-1.01699, 30.21586, 7.16974],
							"size": [2.31689, 1.075, 1.87261],
							"inflate": -0.3,
							"uv": {
								"north": {"uv": [58, 35], "uv_size": [2, 1]},
								"east": {"uv": [36, 58], "uv_size": [2, 1]},
								"south": {"uv": [58, 36], "uv_size": [2, 1]},
								"west": {"uv": [58, 37], "uv_size": [2, 1]},
								"up": {"uv": [3, 51], "uv_size": [2, 2]},
								"down": {"uv": [51, 10], "uv_size": [2, -2]}
							}
						},
						{
							"origin": [1.17676, 29.85782, 7.16974],
							"size": [0.99123, 1.83462, 1.87261],
							"inflate": -0.3,
							"pivot": [1.86838, 31.39552, 10.30937],
							"rotation": [0, 0, 44.6],
							"uv": {
								"north": {"uv": [58, 38], "uv_size": [1, 2]},
								"east": {"uv": [51, 13], "uv_size": [2, 2]},
								"south": {"uv": [58, 40], "uv_size": [1, 2]},
								"west": {"uv": [51, 15], "uv_size": [2, 2]},
								"up": {"uv": [58, 42], "uv_size": [1, 2]},
								"down": {"uv": [58, 46], "uv_size": [1, -2]}
							}
						}
					]
				},
				{
					"name": "specter2",
					"parent": "specter",
					"pivot": [0.8225, 36.33125, 1.03812],
					"rotation": [0, 0, -90],
					"cubes": [
						{
							"origin": [-3.73275, 33.46, -1.00187],
							"size": [6.045, 7.9275, 7.9275],
							"inflate": -3.4,
							"pivot": [-0.0125, 37.2575, 1.91687],
							"rotation": [-27.5, 0, 0],
							"uv": {
								"north": {"uv": [0, 16], "uv_size": [6, 8]},
								"east": {"uv": [0, 0], "uv_size": [8, 8]},
								"south": {"uv": [16, 0], "uv_size": [6, 8]},
								"west": {"uv": [0, 8], "uv_size": [8, 8]},
								"up": {"uv": [6, 16], "uv_size": [6, 8]},
								"down": {"uv": [16, 16], "uv_size": [6, -8]}
							}
						},
						{
							"origin": [-1.5275, 36.8025, 1.50937],
							"size": [1.01, 1.9075, 1.9075],
							"inflate": -0.2,
							"pivot": [-0.0525, 36.33125, 1.03812],
							"rotation": [-27.5, 0, 0],
							"uv": {
								"north": {"uv": [54, 58], "uv_size": [1, 2]},
								"east": {"uv": [42, 51], "uv_size": [2, 2]},
								"south": {"uv": [58, 54], "uv_size": [1, 2]},
								"west": {"uv": [51, 42], "uv_size": [2, 2]},
								"up": {"uv": [55, 58], "uv_size": [1, 2]},
								"down": {"uv": [56, 60], "uv_size": [1, -2]}
							}
						}
					]
				},
				{
					"name": "specter4",
					"parent": "specter",
					"pivot": [-4.1725, 31.58125, 1.03812],
					"cubes": [
						{
							"origin": [-5.66225, 28.71, -0.87687],
							"size": [6.045, 7.8025, 7.8025],
							"inflate": -3.4,
							"pivot": [-3.3375, 32.5075, 1.91687],
							"rotation": [-27.5, 0, 0],
							"uv": {
								"north": {"uv": [12, 16], "uv_size": [6, 8]},
								"east": {"uv": [8, 0], "uv_size": [8, 8]},
								"south": {"uv": [18, 16], "uv_size": [6, 8]},
								"west": {"uv": [8, 8], "uv_size": [8, 8]},
								"up": {"uv": [22, 0], "uv_size": [6, 8]},
								"down": {"uv": [22, 16], "uv_size": [6, -8]}
							}
						},
						{
							"origin": [-2.8325, 32.0525, 1.63437],
							"size": [1.01, 1.7825, 1.7825],
							"inflate": -0.2,
							"pivot": [-3.2975, 31.58125, 1.03812],
							"rotation": [-27.5, 0, 0],
							"uv": {
								"north": {"uv": [58, 56], "uv_size": [1, 2]},
								"east": {"uv": [51, 44], "uv_size": [2, 2]},
								"south": {"uv": [58, 58], "uv_size": [1, 2]},
								"west": {"uv": [51, 47], "uv_size": [2, 2]},
								"up": {"uv": [59, 0], "uv_size": [1, 2]},
								"down": {"uv": [59, 4], "uv_size": [1, -2]}
							}
						}
					]
				},
				{
					"name": "scopepip",
					"parent": "1p5",
					"pivot": [0.05, 27.175, 6.75],
					"cubes": [
						{
							"origin": [-1.15, 30.9875, 7.63937],
							"size": [2.5875, 2.36, 0.83125],
							"uv": {
								"north": {"uv": [46, 21], "uv_size": [3, 2]},
								"east": {"uv": [6, 59], "uv_size": [1, 2]},
								"south": {"uv": [30, 46], "uv_size": [3, 2]},
								"west": {"uv": [7, 59], "uv_size": [1, 2]},
								"up": {"uv": [55, 31], "uv_size": [3, 1]},
								"down": {"uv": [55, 33], "uv_size": [3, -1]}
							}
						}
					]
				},
				{
					"name": "1p87",
					"parent": "main",
					"pivot": [0.2, 29.5, -13.35],
					"cubes": [
						{
							"origin": [-1.70375, 27.91975, -9.64266],
							"size": [3.545, 2.75625, 6.74625],
							"uv": {
								"north": {"uv": [32, 35], "uv_size": [4, 3]},
								"east": {"uv": [16, 24], "uv_size": [7, 3]},
								"south": {"uv": [35, 32], "uv_size": [4, 3]},
								"west": {"uv": [24, 16], "uv_size": [7, 3]},
								"up": {"uv": [0, 24], "uv_size": [4, 7]},
								"down": {"uv": [4, 31], "uv_size": [4, -7]}
							}
						},
						{
							"origin": [-1.70375, 28.11975, -11.06766],
							"size": [3.545, 2.55625, 1.44625],
							"inflate": 0.00781,
							"uv": {
								"north": {"uv": [4, 36], "uv_size": [4, 3]},
								"east": {"uv": [28, 55], "uv_size": [1, 3]},
								"south": {"uv": [8, 36], "uv_size": [4, 3]},
								"west": {"uv": [29, 55], "uv_size": [1, 3]},
								"up": {"uv": [49, 51], "uv_size": [4, 1]},
								"down": {"uv": [51, 50], "uv_size": [4, -1]}
							}
						},
						{
							"origin": [1.92125, 27.91975, -8.34266],
							"size": [0.17, 2.25625, 3.97125],
							"uv": {
								"north": {"uv": [59, 11], "uv_size": [1, 2]},
								"east": {"uv": [24, 41], "uv_size": [4, 2]},
								"south": {"uv": [12, 59], "uv_size": [1, 2]},
								"west": {"uv": [41, 26], "uv_size": [4, 2]},
								"up": {"uv": [9, 52], "uv_size": [1, 4]},
								"down": {"uv": [10, 56], "uv_size": [1, -4]}
							}
						},
						{
							"origin": [1.79625, 27.91975, -8.21766],
							"size": [0.17, 2.25625, 3.72125],
							"uv": {
								"north": {"uv": [13, 59], "uv_size": [1, 2]},
								"east": {"uv": [28, 41], "uv_size": [4, 2]},
								"south": {"uv": [59, 13], "uv_size": [1, 2]},
								"west": {"uv": [36, 41], "uv_size": [4, 2]},
								"up": {"uv": [20, 52], "uv_size": [1, 4]},
								"down": {"uv": [21, 56], "uv_size": [1, -4]}
							}
						},
						{
							"origin": [-1.70375, 30.551, -7.64266],
							"size": [3.53875, 0.21875, 4.7375],
							"uv": {
								"north": {"uv": [52, 41], "uv_size": [4, 1]},
								"east": {"uv": [46, 33], "uv_size": [5, 1]},
								"south": {"uv": [44, 52], "uv_size": [4, 1]},
								"west": {"uv": [46, 37], "uv_size": [5, 1]},
								"up": {"uv": [16, 27], "uv_size": [4, 5]},
								"down": {"uv": [28, 5], "uv_size": [4, -5]}
							}
						},
						{
							"origin": [-1.4325, 32.551, -1.15],
							"size": [0.16375, 0.4875, 0.175],
							"pivot": [-1.175, 33.035, -3.26978],
							"rotation": [-81, 0, 0],
							"uv": {
								"north": {"uv": [3, 60], "uv_size": [1, 1]},
								"east": {"uv": [60, 3], "uv_size": [1, 1]},
								"south": {"uv": [60, 4], "uv_size": [1, 1]},
								"west": {"uv": [60, 5], "uv_size": [1, 1]},
								"up": {"uv": [60, 6], "uv_size": [1, 1]},
								"down": {"uv": [60, 8], "uv_size": [1, -1]}
							}
						},
						{
							"origin": [-1.70375, 30.301, -8.06984],
							"size": [3.53875, 0.46875, 0.43],
							"uv": {
								"north": {"uv": [52, 46], "uv_size": [4, 1]},
								"east": {"uv": [60, 8], "uv_size": [1, 1]},
								"south": {"uv": [48, 52], "uv_size": [4, 1]},
								"west": {"uv": [60, 9], "uv_size": [1, 1]},
								"up": {"uv": [52, 52], "uv_size": [4, 1]},
								"down": {"uv": [0, 54], "uv_size": [4, -1]}
							}
						},
						{
							"origin": [1.59188, 30.4135, -7.89266],
							"size": [0.34125, 0.7875, 4.62125],
							"pivot": [1.5525, 31.201, -3.48853],
							"rotation": [0, 0, 44],
							"uv": {
								"north": {"uv": [60, 10], "uv_size": [1, 1]},
								"east": {"uv": [46, 38], "uv_size": [5, 1]},
								"south": {"uv": [60, 11], "uv_size": [1, 1]},
								"west": {"uv": [46, 39], "uv_size": [5, 1]},
								"up": {"uv": [42, 46], "uv_size": [1, 5]},
								"down": {"uv": [43, 51], "uv_size": [1, -5]}
							}
						},
						{
							"origin": [-1.79562, 30.4135, -7.89266],
							"size": [0.34125, 0.7875, 4.62125],
							"pivot": [-1.415, 31.201, -3.48853],
							"rotation": [0, 0, -44],
							"uv": {
								"north": {"uv": [60, 12], "uv_size": [1, 1]},
								"east": {"uv": [46, 40], "uv_size": [5, 1]},
								"south": {"uv": [60, 13], "uv_size": [1, 1]},
								"west": {"uv": [0, 47], "uv_size": [5, 1]},
								"up": {"uv": [5, 47], "uv_size": [1, 5]},
								"down": {"uv": [6, 52], "uv_size": [1, -5]}
							}
						},
						{
							"origin": [-1.2633, 30.49375, -3.31375],
							"size": [0.15625, 0.5625, 0.3875],
							"pivot": [-1.415, 30.701, -2.88853],
							"rotation": [6.5, 1.04196, -44.83393],
							"uv": {
								"north": {"uv": [60, 14], "uv_size": [1, 1]},
								"east": {"uv": [60, 15], "uv_size": [1, 1]},
								"south": {"uv": [60, 16], "uv_size": [1, 1]},
								"west": {"uv": [17, 60], "uv_size": [1, 1]},
								"up": {"uv": [18, 60], "uv_size": [1, 1]},
								"down": {"uv": [60, 19], "uv_size": [1, -1]}
							}
						},
						{
							"origin": [1.25705, 30.49375, -3.31375],
							"size": [0.15625, 0.5625, 0.3875],
							"pivot": [1.565, 30.701, -2.88853],
							"rotation": [6.5, -1.04196, 44.83393],
							"uv": {
								"north": {"uv": [60, 19], "uv_size": [1, 1]},
								"east": {"uv": [20, 60], "uv_size": [1, 1]},
								"south": {"uv": [21, 60], "uv_size": [1, 1]},
								"west": {"uv": [60, 21], "uv_size": [1, 1]},
								"up": {"uv": [22, 60], "uv_size": [1, 1]},
								"down": {"uv": [60, 23], "uv_size": [1, -1]}
							}
						},
						{
							"origin": [1.41875, 32.551, -1.15],
							"size": [0.16375, 0.4875, 0.175],
							"pivot": [1.325, 33.035, -3.26978],
							"rotation": [-81, 0, 0],
							"uv": {
								"north": {"uv": [23, 60], "uv_size": [1, 1]},
								"east": {"uv": [60, 23], "uv_size": [1, 1]},
								"south": {"uv": [24, 60], "uv_size": [1, 1]},
								"west": {"uv": [60, 24], "uv_size": [1, 1]},
								"up": {"uv": [25, 60], "uv_size": [1, 1]},
								"down": {"uv": [26, 61], "uv_size": [1, -1]}
							}
						},
						{
							"origin": [1.25705, 30.49375, -8.04875],
							"size": [0.15625, 0.5625, 0.3875],
							"pivot": [1.565, 30.701, -8.08647],
							"rotation": [-6.5, 1.04196, 44.83393],
							"uv": {
								"north": {"uv": [60, 26], "uv_size": [1, 1]},
								"east": {"uv": [60, 27], "uv_size": [1, 1]},
								"south": {"uv": [28, 60], "uv_size": [1, 1]},
								"west": {"uv": [29, 60], "uv_size": [1, 1]},
								"up": {"uv": [60, 30], "uv_size": [1, 1]},
								"down": {"uv": [60, 32], "uv_size": [1, -1]}
							}
						},
						{
							"origin": [1.41875, 32.551, -10],
							"size": [0.16375, 0.4875, 0.175],
							"pivot": [1.325, 33.035, -7.70522],
							"rotation": [81, 0, 0],
							"uv": {
								"north": {"uv": [60, 32], "uv_size": [1, 1]},
								"east": {"uv": [60, 33], "uv_size": [1, 1]},
								"south": {"uv": [60, 34], "uv_size": [1, 1]},
								"west": {"uv": [35, 60], "uv_size": [1, 1]},
								"up": {"uv": [60, 35], "uv_size": [1, 1]},
								"down": {"uv": [60, 37], "uv_size": [1, -1]}
							}
						},
						{
							"origin": [-1.4325, 32.551, -10],
							"size": [0.16375, 0.4875, 0.175],
							"pivot": [-1.175, 33.035, -7.70522],
							"rotation": [81, 0, 0],
							"uv": {
								"north": {"uv": [60, 37], "uv_size": [1, 1]},
								"east": {"uv": [60, 38], "uv_size": [1, 1]},
								"south": {"uv": [60, 39], "uv_size": [1, 1]},
								"west": {"uv": [60, 40], "uv_size": [1, 1]},
								"up": {"uv": [60, 41], "uv_size": [1, 1]},
								"down": {"uv": [60, 43], "uv_size": [1, -1]}
							}
						},
						{
							"origin": [-1.2633, 30.49375, -8.04875],
							"size": [0.15625, 0.5625, 0.3875],
							"pivot": [-1.415, 30.701, -8.08647],
							"rotation": [-6.5, -1.04196, -44.83393],
							"uv": {
								"north": {"uv": [60, 43], "uv_size": [1, 1]},
								"east": {"uv": [60, 44], "uv_size": [1, 1]},
								"south": {"uv": [60, 45], "uv_size": [1, 1]},
								"west": {"uv": [60, 46], "uv_size": [1, 1]},
								"up": {"uv": [60, 47], "uv_size": [1, 1]},
								"down": {"uv": [60, 49], "uv_size": [1, -1]}
							}
						}
					]
				},
				{
					"name": "1p3",
					"parent": "1p87",
					"pivot": [1.84125, 29.5405, -11.06766],
					"cubes": [
						{
							"origin": [-1.70102, 28.1176, -13.35299],
							"size": [3.545, 1.69812, 0.84013],
							"pivot": [1.82286, 29.83068, -12.51076],
							"rotation": [76, 0, 0],
							"uv": {
								"north": {"uv": [4, 41], "uv_size": [4, 2]},
								"east": {"uv": [59, 7], "uv_size": [1, 2]},
								"south": {"uv": [41, 4], "uv_size": [4, 2]},
								"west": {"uv": [8, 59], "uv_size": [1, 2]},
								"up": {"uv": [51, 50], "uv_size": [4, 1]},
								"down": {"uv": [5, 53], "uv_size": [4, -1]}
							}
						},
						{
							"origin": [-1.70219, 29.48944, -12.712],
							"size": [3.545, 0.88328, 0.83778],
							"inflate": -0.00391,
							"pivot": [1.82286, 30.38885, -11.87092],
							"rotation": [41, 0, 0],
							"uv": {
								"north": {"uv": [52, 5], "uv_size": [4, 1]},
								"east": {"uv": [57, 59], "uv_size": [1, 1]},
								"south": {"uv": [52, 6], "uv_size": [4, 1]},
								"west": {"uv": [59, 57], "uv_size": [1, 1]},
								"up": {"uv": [52, 7], "uv_size": [4, 1]},
								"down": {"uv": [52, 11], "uv_size": [4, -1]}
							}
						},
						{
							"origin": [-1.69984, 29.46522, -11.92519],
							"size": [3.545, 1.21297, 0.84247],
							"inflate": 0.00391,
							"pivot": [1.82286, 30.69197, -11.08177],
							"rotation": [21, 0, 0],
							"uv": {
								"north": {"uv": [52, 11], "uv_size": [4, 1]},
								"east": {"uv": [59, 58], "uv_size": [1, 1]},
								"south": {"uv": [12, 52], "uv_size": [4, 1]},
								"west": {"uv": [59, 59], "uv_size": [1, 1]},
								"up": {"uv": [52, 12], "uv_size": [4, 1]},
								"down": {"uv": [16, 53], "uv_size": [4, -1]}
							}
						},
						{
							"origin": [-1.70219, 27.58539, -11.2953],
							"size": [3.545, 0.88328, 0.83778],
							"inflate": -0.00391,
							"pivot": [1.84398, 29.2011, -11.07839],
							"rotation": [-76, 0, 0],
							"uv": {
								"north": {"uv": [52, 23], "uv_size": [4, 1]},
								"east": {"uv": [0, 60], "uv_size": [1, 1]},
								"south": {"uv": [52, 24], "uv_size": [4, 1]},
								"west": {"uv": [60, 0], "uv_size": [1, 1]},
								"up": {"uv": [52, 25], "uv_size": [4, 1]},
								"down": {"uv": [52, 27], "uv_size": [4, -1]}
							}
						},
						{
							"origin": [-1.70102, 27.51984, -11.49625],
							"size": [3.545, 1.86062, 0.84013],
							"pivot": [1.84398, 29.2011, -11.07839],
							"rotation": [-41, 0, 0],
							"uv": {
								"north": {"uv": [41, 6], "uv_size": [4, 2]},
								"east": {"uv": [9, 59], "uv_size": [1, 2]},
								"south": {"uv": [8, 41], "uv_size": [4, 2]},
								"west": {"uv": [59, 9], "uv_size": [1, 2]},
								"up": {"uv": [52, 27], "uv_size": [4, 1]},
								"down": {"uv": [52, 29], "uv_size": [4, -1]}
							}
						},
						{
							"origin": [-1.69984, 27.47564, -11.25779],
							"size": [3.545, 2.02547, 0.84247],
							"inflate": 0.00391,
							"pivot": [1.84398, 29.2011, -11.07839],
							"rotation": [-21, 0, 0],
							"uv": {
								"north": {"uv": [12, 41], "uv_size": [4, 2]},
								"east": {"uv": [10, 59], "uv_size": [1, 2]},
								"south": {"uv": [16, 41], "uv_size": [4, 2]},
								"west": {"uv": [11, 59], "uv_size": [1, 2]},
								"up": {"uv": [52, 29], "uv_size": [4, 1]},
								"down": {"uv": [30, 53], "uv_size": [4, -1]}
							}
						},
						{
							"origin": [-1.69984, 27.35148, -11.07157],
							"size": [3.545, 0.62547, 0.84247],
							"inflate": 0.00391,
							"pivot": [1.84906, 27.34757, -11.07547],
							"rotation": [23, 0, 0],
							"uv": {
								"north": {"uv": [52, 30], "uv_size": [4, 1]},
								"east": {"uv": [1, 60], "uv_size": [1, 1]},
								"south": {"uv": [52, 34], "uv_size": [4, 1]},
								"west": {"uv": [60, 1], "uv_size": [1, 1]},
								"up": {"uv": [52, 35], "uv_size": [4, 1]},
								"down": {"uv": [52, 38], "uv_size": [4, -1]}
							}
						},
						{
							"origin": [-1.69984, 27.68371, -10.28888],
							"size": [3.545, 0.62547, 0.84247],
							"inflate": 0.00391,
							"pivot": [1.84906, 27.6798, -10.29278],
							"rotation": [43, 0, 0],
							"uv": {
								"north": {"uv": [38, 52], "uv_size": [4, 1]},
								"east": {"uv": [2, 60], "uv_size": [1, 1]},
								"south": {"uv": [52, 38], "uv_size": [4, 1]},
								"west": {"uv": [60, 2], "uv_size": [1, 1]},
								"up": {"uv": [52, 39], "uv_size": [4, 1]},
								"down": {"uv": [52, 41], "uv_size": [4, -1]}
							}
						}
					]
				},
				{
					"name": "1p89",
					"parent": "1p87",
					"pivot": [-1.1525, 33.4115, -3.86353],
					"cubes": [
						{
							"origin": [1.5525, 30.676, -7.64266],
							"size": [0.28875, 2.3625, 4.37125],
							"uv": {
								"north": {"uv": [14, 59], "uv_size": [1, 2]},
								"east": {"uv": [40, 41], "uv_size": [4, 2]},
								"south": {"uv": [15, 59], "uv_size": [1, 2]},
								"west": {"uv": [20, 42], "uv_size": [4, 2]},
								"up": {"uv": [34, 52], "uv_size": [1, 4]},
								"down": {"uv": [35, 56], "uv_size": [1, -4]}
							}
						},
						{
							"origin": [-1.70375, 30.676, -7.64266],
							"size": [0.28875, 2.3625, 4.37125],
							"uv": {
								"north": {"uv": [59, 15], "uv_size": [1, 2]},
								"east": {"uv": [42, 20], "uv_size": [4, 2]},
								"south": {"uv": [16, 59], "uv_size": [1, 2]},
								"west": {"uv": [42, 22], "uv_size": [4, 2]},
								"up": {"uv": [36, 52], "uv_size": [1, 4]},
								"down": {"uv": [53, 4], "uv_size": [1, -4]}
							}
						},
						{
							"origin": [1.5625, 33.025, -7.70625],
							"size": [0.275, 0.4125, 4.4375],
							"pivot": [1.8025, 33.0365, -3.86353],
							"rotation": [0, 0, -21],
							"uv": {
								"north": {"uv": [60, 49], "uv_size": [1, 1]},
								"east": {"uv": [4, 53], "uv_size": [4, 1]},
								"south": {"uv": [60, 50], "uv_size": [1, 1]},
								"west": {"uv": [53, 4], "uv_size": [4, 1]},
								"up": {"uv": [8, 53], "uv_size": [1, 4]},
								"down": {"uv": [11, 57], "uv_size": [1, -4]}
							}
						},
						{
							"origin": [-1.3125, 33.301, -7.70625],
							"size": [2.775, 0.30187, 4.4375],
							"uv": {
								"north": {"uv": [55, 33], "uv_size": [3, 1]},
								"east": {"uv": [53, 8], "uv_size": [4, 1]},
								"south": {"uv": [55, 36], "uv_size": [3, 1]},
								"west": {"uv": [53, 9], "uv_size": [4, 1]},
								"up": {"uv": [36, 14], "uv_size": [3, 4]},
								"down": {"uv": [15, 40], "uv_size": [3, -4]}
							}
						},
						{
							"origin": [1.5525, 32.551, -3.275],
							"size": [0.28875, 0.4875, 2.3],
							"pivot": [-0.925, 33.035, -3.26978],
							"rotation": [-81, 0, 0],
							"uv": {
								"north": {"uv": [51, 60], "uv_size": [1, 1]},
								"east": {"uv": [17, 59], "uv_size": [2, 1]},
								"south": {"uv": [60, 51], "uv_size": [1, 1]},
								"west": {"uv": [59, 17], "uv_size": [2, 1]},
								"up": {"uv": [59, 18], "uv_size": [1, 2]},
								"down": {"uv": [19, 61], "uv_size": [1, -2]}
							}
						},
						{
							"origin": [-1.70375, 32.551, -3.275],
							"size": [0.28875, 0.4875, 2.3],
							"pivot": [-1.425, 33.035, -3.26978],
							"rotation": [-81, 0, 0],
							"uv": {
								"north": {"uv": [52, 60], "uv_size": [1, 1]},
								"east": {"uv": [20, 59], "uv_size": [2, 1]},
								"south": {"uv": [60, 52], "uv_size": [1, 1]},
								"west": {"uv": [59, 20], "uv_size": [2, 1]},
								"up": {"uv": [59, 21], "uv_size": [1, 2]},
								"down": {"uv": [59, 25], "uv_size": [1, -2]}
							}
						},
						{
							"origin": [-1.70375, 32.551, -10],
							"size": [0.28875, 0.4875, 2.3],
							"pivot": [-1.425, 33.035, -7.70522],
							"rotation": [81, 0, 0],
							"uv": {
								"north": {"uv": [53, 60], "uv_size": [1, 1]},
								"east": {"uv": [25, 59], "uv_size": [2, 1]},
								"south": {"uv": [60, 53], "uv_size": [1, 1]},
								"west": {"uv": [59, 25], "uv_size": [2, 1]},
								"up": {"uv": [59, 26], "uv_size": [1, 2]},
								"down": {"uv": [27, 61], "uv_size": [1, -2]}
							}
						},
						{
							"origin": [1.5525, 32.551, -10],
							"size": [0.28875, 0.4875, 2.3],
							"pivot": [-0.925, 33.035, -7.70522],
							"rotation": [81, 0, 0],
							"uv": {
								"north": {"uv": [54, 60], "uv_size": [1, 1]},
								"east": {"uv": [59, 28], "uv_size": [2, 1]},
								"south": {"uv": [60, 54], "uv_size": [1, 1]},
								"west": {"uv": [59, 29], "uv_size": [2, 1]},
								"up": {"uv": [30, 59], "uv_size": [1, 2]},
								"down": {"uv": [59, 32], "uv_size": [1, -2]}
							}
						},
						{
							"origin": [1.05463, 33.425, -7.70625],
							"size": [0.275, 0.2875, 4.4375],
							"pivot": [1.3025, 33.4115, -3.86353],
							"rotation": [0, 0, 127],
							"uv": {
								"north": {"uv": [55, 60], "uv_size": [1, 1]},
								"east": {"uv": [12, 53], "uv_size": [4, 1]},
								"south": {"uv": [60, 55], "uv_size": [1, 1]},
								"west": {"uv": [53, 13], "uv_size": [4, 1]},
								"up": {"uv": [16, 53], "uv_size": [1, 4]},
								"down": {"uv": [17, 57], "uv_size": [1, -4]}
							}
						},
						{
							"origin": [-1.6875, 33.025, -7.70625],
							"size": [0.275, 0.4125, 4.4375],
							"pivot": [-1.6525, 33.0365, -3.86353],
							"rotation": [0, 0, 21],
							"uv": {
								"north": {"uv": [56, 60], "uv_size": [1, 1]},
								"east": {"uv": [53, 14], "uv_size": [4, 1]},
								"south": {"uv": [60, 56], "uv_size": [1, 1]},
								"west": {"uv": [53, 15], "uv_size": [4, 1]},
								"up": {"uv": [18, 53], "uv_size": [1, 4]},
								"down": {"uv": [19, 57], "uv_size": [1, -4]}
							}
						},
						{
							"origin": [-1.17963, 33.425, -7.70625],
							"size": [0.275, 0.2875, 4.4375],
							"pivot": [-1.1525, 33.4115, -3.86353],
							"rotation": [0, 0, -127],
							"uv": {
								"north": {"uv": [57, 60], "uv_size": [1, 1]},
								"east": {"uv": [53, 16], "uv_size": [4, 1]},
								"south": {"uv": [60, 57], "uv_size": [1, 1]},
								"west": {"uv": [53, 19], "uv_size": [4, 1]},
								"up": {"uv": [30, 53], "uv_size": [1, 4]},
								"down": {"uv": [31, 57], "uv_size": [1, -4]}
							}
						}
					]
				},
				{
					"name": "1p2",
					"parent": "1p87",
					"pivot": [-1.4025, 33.6615, -3.86353],
					"cubes": [
						{
							"origin": [1.9685, 30.3789, -8.02348],
							"size": [0.2215, 2.835, 5.1755],
							"inflate": 0.00391,
							"uv": {
								"north": {"uv": [37, 55], "uv_size": [1, 3]},
								"east": {"uv": [29, 29], "uv_size": [5, 3]},
								"south": {"uv": [55, 53], "uv_size": [1, 3]},
								"west": {"uv": [8, 30], "uv_size": [5, 3]},
								"up": {"uv": [7, 47], "uv_size": [1, 5]},
								"down": {"uv": [8, 52], "uv_size": [1, -5]}
							}
						},
						{
							"origin": [2.15319, 27.89622, -8.5361],
							"size": [0.2215, 2.285, 6.13125],
							"uv": {
								"north": {"uv": [31, 59], "uv_size": [1, 2]},
								"east": {"uv": [36, 35], "uv_size": [6, 2]},
								"south": {"uv": [32, 59], "uv_size": [1, 2]},
								"west": {"uv": [37, 18], "uv_size": [6, 2]},
								"up": {"uv": [18, 46], "uv_size": [1, 6]},
								"down": {"uv": [19, 52], "uv_size": [1, -6]}
							}
						},
						{
							"origin": [2.1525, 27.06842, -9.57349],
							"size": [0.2215, 1.785, 1.03125],
							"uv": {
								"north": {"uv": [59, 32], "uv_size": [1, 2]},
								"east": {"uv": [33, 59], "uv_size": [1, 2]},
								"south": {"uv": [34, 59], "uv_size": [1, 2]},
								"west": {"uv": [36, 59], "uv_size": [1, 2]},
								"up": {"uv": [58, 60], "uv_size": [1, 1]},
								"down": {"uv": [60, 59], "uv_size": [1, -1]}
							}
						},
						{
							"origin": [2.1525, 27.06842, -8.54224],
							"size": [0.2215, 0.885, 0.63125],
							"uv": {
								"north": {"uv": [59, 60], "uv_size": [1, 1]},
								"east": {"uv": [60, 59], "uv_size": [1, 1]},
								"south": {"uv": [60, 60], "uv_size": [1, 1]},
								"west": {"uv": [0, 61], "uv_size": [1, 1]},
								"up": {"uv": [61, 0], "uv_size": [1, 1]},
								"down": {"uv": [1, 62], "uv_size": [1, -1]}
							}
						},
						{
							"origin": [2.1525, 27.66842, -8.04224],
							"size": [0.2215, 0.385, 0.23125],
							"pivot": [2.26325, 27.81092, -8.12661],
							"rotation": [-35, 0, 0],
							"uv": {
								"north": {"uv": [61, 1], "uv_size": [1, 1]},
								"east": {"uv": [2, 61], "uv_size": [1, 1]},
								"south": {"uv": [61, 2], "uv_size": [1, 1]},
								"west": {"uv": [3, 61], "uv_size": [1, 1]},
								"up": {"uv": [61, 3], "uv_size": [1, 1]},
								"down": {"uv": [4, 62], "uv_size": [1, -1]}
							}
						},
						{
							"origin": [2.1525, 27.74466, -7.84973],
							"size": [0.2215, 0.385, 0.23125],
							"pivot": [2.26325, 27.93716, -7.7341],
							"rotation": [-56, 0, 0],
							"uv": {
								"north": {"uv": [61, 4], "uv_size": [1, 1]},
								"east": {"uv": [5, 61], "uv_size": [1, 1]},
								"south": {"uv": [61, 5], "uv_size": [1, 1]},
								"west": {"uv": [6, 61], "uv_size": [1, 1]},
								"up": {"uv": [61, 6], "uv_size": [1, 1]},
								"down": {"uv": [7, 62], "uv_size": [1, -1]}
							}
						},
						{
							"origin": [2.1525, 27.74466, -7.18152],
							"size": [0.2215, 0.385, 0.23125],
							"pivot": [2.26325, 27.93716, -7.0659],
							"rotation": [56, 0, 0],
							"uv": {
								"north": {"uv": [61, 7], "uv_size": [1, 1]},
								"east": {"uv": [8, 61], "uv_size": [1, 1]},
								"south": {"uv": [61, 8], "uv_size": [1, 1]},
								"west": {"uv": [9, 61], "uv_size": [1, 1]},
								"up": {"uv": [61, 9], "uv_size": [1, 1]},
								"down": {"uv": [10, 62], "uv_size": [1, -1]}
							}
						},
						{
							"origin": [2.1525, 27.66842, -6.98901],
							"size": [0.2215, 0.385, 0.23125],
							"pivot": [2.26325, 27.81092, -6.67339],
							"rotation": [35, 0, 0],
							"uv": {
								"north": {"uv": [61, 10], "uv_size": [1, 1]},
								"east": {"uv": [11, 61], "uv_size": [1, 1]},
								"south": {"uv": [61, 11], "uv_size": [1, 1]},
								"west": {"uv": [12, 61], "uv_size": [1, 1]},
								"up": {"uv": [61, 12], "uv_size": [1, 1]},
								"down": {"uv": [13, 62], "uv_size": [1, -1]}
							}
						},
						{
							"origin": [2.1525, 28.49622, -8.5361],
							"size": [0.2215, 1.685, 1.33125],
							"pivot": [2.37469, 30.18122, -8.5361],
							"rotation": [-38, 0, 0],
							"uv": {
								"north": {"uv": [37, 59], "uv_size": [1, 2]},
								"east": {"uv": [38, 59], "uv_size": [1, 2]},
								"south": {"uv": [59, 38], "uv_size": [1, 2]},
								"west": {"uv": [39, 59], "uv_size": [1, 2]},
								"up": {"uv": [61, 13], "uv_size": [1, 1]},
								"down": {"uv": [14, 62], "uv_size": [1, -1]}
							}
						},
						{
							"origin": [-2.0615, 28.49622, -8.5361],
							"size": [0.2215, 1.685, 1.33125],
							"pivot": [-2.07469, 30.18122, -8.5361],
							"rotation": [-38, 0, 0],
							"uv": {
								"north": {"uv": [40, 59], "uv_size": [1, 2]},
								"east": {"uv": [59, 40], "uv_size": [1, 2]},
								"south": {"uv": [41, 59], "uv_size": [1, 2]},
								"west": {"uv": [42, 59], "uv_size": [1, 2]},
								"up": {"uv": [61, 14], "uv_size": [1, 1]},
								"down": {"uv": [15, 62], "uv_size": [1, -1]}
							}
						},
						{
							"origin": [-2.0615, 27.06842, -9.57349],
							"size": [0.2215, 1.785, 1.13125],
							"uv": {
								"north": {"uv": [59, 42], "uv_size": [1, 2]},
								"east": {"uv": [43, 59], "uv_size": [1, 2]},
								"south": {"uv": [44, 59], "uv_size": [1, 2]},
								"west": {"uv": [59, 44], "uv_size": [1, 2]},
								"up": {"uv": [61, 15], "uv_size": [1, 1]},
								"down": {"uv": [16, 62], "uv_size": [1, -1]}
							}
						},
						{
							"origin": [2.15319, 27.06122, -6.8861],
							"size": [0.2215, 0.835, 4.48125],
							"uv": {
								"north": {"uv": [61, 16], "uv_size": [1, 1]},
								"east": {"uv": [53, 20], "uv_size": [4, 1]},
								"south": {"uv": [17, 61], "uv_size": [1, 1]},
								"west": {"uv": [38, 53], "uv_size": [4, 1]},
								"up": {"uv": [32, 53], "uv_size": [1, 4]},
								"down": {"uv": [33, 57], "uv_size": [1, -4]}
							}
						},
						{
							"origin": [-1.84681, 27.06122, -9.5111],
							"size": [3.8465, 0.81, 5.98125],
							"uv": {
								"north": {"uv": [42, 53], "uv_size": [4, 1]},
								"east": {"uv": [45, 36], "uv_size": [6, 1]},
								"south": {"uv": [53, 42], "uv_size": [4, 1]},
								"west": {"uv": [46, 10], "uv_size": [6, 1]},
								"up": {"uv": [8, 24], "uv_size": [4, 6]},
								"down": {"uv": [12, 30], "uv_size": [4, -6]}
							}
						},
						{
							"origin": [-1.84681, 27.06122, -9.5111],
							"size": [3.8465, 0.81, 0.28125],
							"pivot": [1.99969, 27.87122, -9.5111],
							"rotation": [-48, 0, 0],
							"uv": {
								"north": {"uv": [53, 43], "uv_size": [4, 1]},
								"east": {"uv": [61, 17], "uv_size": [1, 1]},
								"south": {"uv": [53, 44], "uv_size": [4, 1]},
								"west": {"uv": [18, 61], "uv_size": [1, 1]},
								"up": {"uv": [53, 45], "uv_size": [4, 1]},
								"down": {"uv": [46, 54], "uv_size": [4, -1]}
							}
						},
						{
							"origin": [-1.84681, 27.06122, -10.1111],
							"size": [3.8465, 0.27, 0.6],
							"uv": {
								"north": {"uv": [53, 47], "uv_size": [4, 1]},
								"east": {"uv": [61, 18], "uv_size": [1, 1]},
								"south": {"uv": [53, 48], "uv_size": [4, 1]},
								"west": {"uv": [19, 61], "uv_size": [1, 1]},
								"up": {"uv": [50, 53], "uv_size": [4, 1]},
								"down": {"uv": [53, 52], "uv_size": [4, -1]}
							}
						},
						{
							"origin": [-1.84681, 27.33122, -9.7111],
							"size": [3.8465, 0.27, 0.2],
							"uv": {
								"north": {"uv": [0, 54], "uv_size": [4, 1]},
								"east": {"uv": [61, 19], "uv_size": [1, 1]},
								"south": {"uv": [54, 0], "uv_size": [4, 1]},
								"west": {"uv": [20, 61], "uv_size": [1, 1]},
								"up": {"uv": [54, 1], "uv_size": [4, 1]},
								"down": {"uv": [54, 3], "uv_size": [4, -1]}
							}
						},
						{
							"origin": [2.37469, 29.09622, -3.3861],
							"size": [0.125, 0.625, 0.625],
							"pivot": [0.83019, 29.21752, -3.15865],
							"rotation": [45, 0, 0],
							"uv": {
								"north": {"uv": [61, 20], "uv_size": [1, 1]},
								"east": {"uv": [61, 20], "uv_size": [1, 1]},
								"south": {"uv": [61, 20], "uv_size": [1, 1]},
								"west": {"uv": [61, 20], "uv_size": [1, 1]},
								"up": {"uv": [61, 20], "uv_size": [1, 1]},
								"down": {"uv": [61, 21], "uv_size": [1, -1]}
							}
						},
						{
							"origin": [-2.25031, 29.59622, -4.5111],
							"size": [0.125, 0.625, 0.625],
							"pivot": [-3.79481, 29.71752, -4.28365],
							"rotation": [45, 0, 0],
							"uv": {
								"north": {"uv": [61, 20], "uv_size": [1, 1]},
								"east": {"uv": [61, 20], "uv_size": [1, 1]},
								"south": {"uv": [61, 20], "uv_size": [1, 1]},
								"west": {"uv": [61, 20], "uv_size": [1, 1]},
								"up": {"uv": [61, 20], "uv_size": [1, 1]},
								"down": {"uv": [61, 21], "uv_size": [1, -1]}
							}
						},
						{
							"origin": [-2.25031, 28.59622, -6.8861],
							"size": [0.125, 0.625, 0.625],
							"pivot": [-3.79481, 28.71752, -6.65865],
							"rotation": [45, 0, 0],
							"uv": {
								"north": {"uv": [61, 20], "uv_size": [1, 1]},
								"east": {"uv": [61, 20], "uv_size": [1, 1]},
								"south": {"uv": [61, 20], "uv_size": [1, 1]},
								"west": {"uv": [61, 20], "uv_size": [1, 1]},
								"up": {"uv": [61, 20], "uv_size": [1, 1]},
								"down": {"uv": [61, 21], "uv_size": [1, -1]}
							}
						},
						{
							"origin": [-2.12531, 29.09622, -4.5111],
							"size": [0.125, 1.25, 1.25],
							"pivot": [-3.66981, 29.21752, -4.28365],
							"rotation": [45, 0, 0],
							"uv": {
								"north": {"uv": [21, 61], "uv_size": [1, 1]},
								"east": {"uv": [61, 21], "uv_size": [1, 1]},
								"south": {"uv": [22, 61], "uv_size": [1, 1]},
								"west": {"uv": [61, 22], "uv_size": [1, 1]},
								"up": {"uv": [23, 61], "uv_size": [1, 1]},
								"down": {"uv": [61, 24], "uv_size": [1, -1]}
							}
						},
						{
							"origin": [-2.12531, 28.09622, -6.8861],
							"size": [0.125, 1.25, 1.25],
							"pivot": [-3.66981, 28.21752, -6.65865],
							"rotation": [45, 0, 0],
							"uv": {
								"north": {"uv": [24, 61], "uv_size": [1, 1]},
								"east": {"uv": [61, 24], "uv_size": [1, 1]},
								"south": {"uv": [25, 61], "uv_size": [1, 1]},
								"west": {"uv": [61, 25], "uv_size": [1, 1]},
								"up": {"uv": [26, 61], "uv_size": [1, 1]},
								"down": {"uv": [61, 27], "uv_size": [1, -1]}
							}
						},
						{
							"origin": [2.37469, 28.19622, -4.8861],
							"size": [0.125, 0.25, 0.25],
							"pivot": [0.83019, 28.31752, -4.65865],
							"rotation": [45, 0, 0],
							"uv": {
								"north": {"uv": [61, 20], "uv_size": [1, 1]},
								"east": {"uv": [61, 20], "uv_size": [1, 1]},
								"south": {"uv": [61, 20], "uv_size": [1, 1]},
								"west": {"uv": [61, 20], "uv_size": [1, 1]},
								"up": {"uv": [61, 20], "uv_size": [1, 1]},
								"down": {"uv": [61, 21], "uv_size": [1, -1]}
							}
						},
						{
							"origin": [1.97469, 27.39622, -7.5361],
							"size": [0.225, 0.25, 0.25],
							"pivot": [0.43019, 27.51752, -7.30865],
							"rotation": [45, 0, 0],
							"uv": {
								"north": {"uv": [61, 20], "uv_size": [1, 1]},
								"east": {"uv": [61, 20], "uv_size": [1, 1]},
								"south": {"uv": [61, 20], "uv_size": [1, 1]},
								"west": {"uv": [61, 20], "uv_size": [1, 1]},
								"up": {"uv": [61, 20], "uv_size": [1, 1]},
								"down": {"uv": [61, 21], "uv_size": [1, -1]}
							}
						},
						{
							"origin": [2.37469, 28.19622, -9.3861],
							"size": [0.125, 0.25, 0.25],
							"pivot": [0.83019, 28.31752, -9.15865],
							"rotation": [45, 0, 0],
							"uv": {
								"north": {"uv": [61, 20], "uv_size": [1, 1]},
								"east": {"uv": [61, 20], "uv_size": [1, 1]},
								"south": {"uv": [61, 20], "uv_size": [1, 1]},
								"west": {"uv": [61, 20], "uv_size": [1, 1]},
								"up": {"uv": [61, 20], "uv_size": [1, 1]},
								"down": {"uv": [61, 21], "uv_size": [1, -1]}
							}
						},
						{
							"origin": [-2.12531, 27.97122, -3.1361],
							"size": [0.125, 0.25, 0.25],
							"pivot": [-3.66981, 28.09252, -2.90865],
							"rotation": [45, 0, 0],
							"uv": {
								"north": {"uv": [61, 20], "uv_size": [1, 1]},
								"east": {"uv": [61, 20], "uv_size": [1, 1]},
								"south": {"uv": [61, 20], "uv_size": [1, 1]},
								"west": {"uv": [61, 20], "uv_size": [1, 1]},
								"up": {"uv": [61, 20], "uv_size": [1, 1]},
								"down": {"uv": [61, 21], "uv_size": [1, -1]}
							}
						},
						{
							"origin": [-2.00031, 27.43622, -8.5111],
							"size": [0.25, 0.25, 0.25],
							"pivot": [-3.54481, 27.55752, -8.28365],
							"rotation": [45, 0, 0],
							"uv": {
								"north": {"uv": [27, 61], "uv_size": [1, 1]},
								"east": {"uv": [61, 27], "uv_size": [1, 1]},
								"south": {"uv": [28, 61], "uv_size": [1, 1]},
								"west": {"uv": [61, 28], "uv_size": [1, 1]},
								"up": {"uv": [29, 61], "uv_size": [1, 1]},
								"down": {"uv": [61, 30], "uv_size": [1, -1]}
							}
						},
						{
							"origin": [3.12469, 27.93622, -1.5361],
							"size": [0.125, 0.25, 0.25],
							"pivot": [1.58019, 28.05752, -1.30865],
							"rotation": [0, 90, 45],
							"uv": {
								"north": {"uv": [61, 20], "uv_size": [1, 1]},
								"east": {"uv": [61, 20], "uv_size": [1, 1]},
								"south": {"uv": [61, 20], "uv_size": [1, 1]},
								"west": {"uv": [61, 20], "uv_size": [1, 1]},
								"up": {"uv": [61, 20], "uv_size": [1, 1]},
								"down": {"uv": [61, 21], "uv_size": [1, -1]}
							}
						},
						{
							"origin": [0.24969, 27.93622, -1.5361],
							"size": [0.125, 0.25, 0.25],
							"pivot": [-1.29481, 28.05752, -1.30865],
							"rotation": [0, 90, 45],
							"uv": {
								"north": {"uv": [61, 20], "uv_size": [1, 1]},
								"east": {"uv": [61, 20], "uv_size": [1, 1]},
								"south": {"uv": [61, 20], "uv_size": [1, 1]},
								"west": {"uv": [61, 20], "uv_size": [1, 1]},
								"up": {"uv": [61, 20], "uv_size": [1, 1]},
								"down": {"uv": [61, 21], "uv_size": [1, -1]}
							}
						},
						{
							"origin": [0.24969, 30.22122, -1.5361],
							"size": [0.125, 0.25, 0.25],
							"pivot": [-1.29481, 30.34252, -1.30865],
							"rotation": [0, 90, 45],
							"uv": {
								"north": {"uv": [61, 20], "uv_size": [1, 1]},
								"east": {"uv": [61, 20], "uv_size": [1, 1]},
								"south": {"uv": [61, 20], "uv_size": [1, 1]},
								"west": {"uv": [61, 20], "uv_size": [1, 1]},
								"up": {"uv": [61, 20], "uv_size": [1, 1]},
								"down": {"uv": [61, 21], "uv_size": [1, -1]}
							}
						},
						{
							"origin": [3.12469, 30.22122, -1.5361],
							"size": [0.125, 0.25, 0.25],
							"pivot": [1.58019, 30.34252, -1.30865],
							"rotation": [0, 90, 45],
							"uv": {
								"north": {"uv": [61, 20], "uv_size": [1, 1]},
								"east": {"uv": [61, 20], "uv_size": [1, 1]},
								"south": {"uv": [61, 20], "uv_size": [1, 1]},
								"west": {"uv": [61, 20], "uv_size": [1, 1]},
								"up": {"uv": [61, 20], "uv_size": [1, 1]},
								"down": {"uv": [61, 21], "uv_size": [1, -1]}
							}
						},
						{
							"origin": [2.37469, 28.09622, -3.3861],
							"size": [0.125, 0.625, 0.625],
							"uv": {
								"north": {"uv": [30, 61], "uv_size": [1, 1]},
								"east": {"uv": [61, 30], "uv_size": [1, 1]},
								"south": {"uv": [31, 61], "uv_size": [1, 1]},
								"west": {"uv": [61, 31], "uv_size": [1, 1]},
								"up": {"uv": [32, 61], "uv_size": [1, 1]},
								"down": {"uv": [61, 33], "uv_size": [1, -1]}
							}
						},
						{
							"origin": [2.37469, 28.09622, -4.2611],
							"size": [0.125, 0.625, 0.625],
							"uv": {
								"north": {"uv": [33, 61], "uv_size": [1, 1]},
								"east": {"uv": [61, 33], "uv_size": [1, 1]},
								"south": {"uv": [34, 61], "uv_size": [1, 1]},
								"west": {"uv": [61, 34], "uv_size": [1, 1]},
								"up": {"uv": [35, 61], "uv_size": [1, 1]},
								"down": {"uv": [61, 36], "uv_size": [1, -1]}
							}
						},
						{
							"origin": [-2.064, 30.3789, -8.02348],
							"size": [0.2215, 2.835, 5.1755],
							"inflate": 0.00391,
							"uv": {
								"north": {"uv": [4, 56], "uv_size": [1, 3]},
								"east": {"uv": [0, 31], "uv_size": [5, 3]},
								"south": {"uv": [5, 56], "uv_size": [1, 3]},
								"west": {"uv": [31, 15], "uv_size": [5, 3]},
								"up": {"uv": [9, 47], "uv_size": [1, 5]},
								"down": {"uv": [10, 52], "uv_size": [1, -5]}
							}
						},
						{
							"origin": [-2.064, 27.05552, -8.53348],
							"size": [0.2215, 3.435, 6.125],
							"uv": {
								"north": {"uv": [56, 5], "uv_size": [1, 3]},
								"east": {"uv": [28, 5], "uv_size": [6, 3]},
								"south": {"uv": [6, 56], "uv_size": [1, 3]},
								"west": {"uv": [28, 8], "uv_size": [6, 3]},
								"up": {"uv": [33, 46], "uv_size": [1, 6]},
								"down": {"uv": [34, 52], "uv_size": [1, -6]}
							}
						},
						{
							"origin": [1.94573, 30.13141, -8.5361],
							"size": [0.2215, 0.46, 6.125],
							"pivot": [2.16723, 30.58839, -5.90865],
							"rotation": [0, 0, -27],
							"uv": {
								"north": {"uv": [36, 61], "uv_size": [1, 1]},
								"east": {"uv": [46, 23], "uv_size": [6, 1]},
								"south": {"uv": [61, 36], "uv_size": [1, 1]},
								"west": {"uv": [46, 30], "uv_size": [6, 1]},
								"up": {"uv": [35, 46], "uv_size": [1, 6]},
								"down": {"uv": [36, 52], "uv_size": [1, -6]}
							}
						},
						{
							"origin": [1.9805, 33.1977, -8.09979],
							"size": [0.205, 0.495, 5.255],
							"pivot": [2.1435, 33.2115, -3.86353],
							"rotation": [0, 0, -21],
							"uv": {
								"north": {"uv": [37, 61], "uv_size": [1, 1]},
								"east": {"uv": [11, 47], "uv_size": [5, 1]},
								"south": {"uv": [61, 37], "uv_size": [1, 1]},
								"west": {"uv": [47, 11], "uv_size": [5, 1]},
								"up": {"uv": [16, 47], "uv_size": [1, 5]},
								"down": {"uv": [17, 52], "uv_size": [1, -5]}
							}
						},
						{
							"origin": [-1.5945, 33.6539, -8.09979],
							"size": [3.33, 0.23725, 5.255],
							"uv": {
								"north": {"uv": [55, 49], "uv_size": [3, 1]},
								"east": {"uv": [47, 12], "uv_size": [5, 1]},
								"south": {"uv": [55, 50], "uv_size": [3, 1]},
								"west": {"uv": [20, 47], "uv_size": [5, 1]},
								"up": {"uv": [13, 30], "uv_size": [3, 5]},
								"down": {"uv": [5, 36], "uv_size": [3, -5]}
							}
						},
						{
							"origin": [1.9685, 32.6289, -2.85229],
							"size": [0.2215, 0.585, 2.76],
							"pivot": [-1.1295, 33.2097, -2.84603],
							"rotation": [-81, 0, 0],
							"uv": {
								"north": {"uv": [38, 61], "uv_size": [1, 1]},
								"east": {"uv": [56, 10], "uv_size": [3, 1]},
								"south": {"uv": [61, 38], "uv_size": [1, 1]},
								"west": {"uv": [56, 11], "uv_size": [3, 1]},
								"up": {"uv": [7, 56], "uv_size": [1, 3]},
								"down": {"uv": [9, 59], "uv_size": [1, -3]}
							}
						},
						{
							"origin": [-2.064, 32.6289, -2.85229],
							"size": [0.2215, 0.585, 2.76],
							"pivot": [-1.7295, 33.2097, -2.84603],
							"rotation": [-81, 0, 0],
							"uv": {
								"north": {"uv": [39, 61], "uv_size": [1, 1]},
								"east": {"uv": [12, 56], "uv_size": [3, 1]},
								"south": {"uv": [61, 39], "uv_size": [1, 1]},
								"west": {"uv": [56, 12], "uv_size": [3, 1]},
								"up": {"uv": [10, 56], "uv_size": [1, 3]},
								"down": {"uv": [15, 59], "uv_size": [1, -3]}
							}
						},
						{
							"origin": [-2.064, 32.6289, -10.85229],
							"size": [0.2215, 0.585, 2.76],
							"pivot": [-1.7295, 33.2097, -8.09856],
							"rotation": [81, 0, 0],
							"uv": {
								"north": {"uv": [40, 61], "uv_size": [1, 1]},
								"east": {"uv": [56, 23], "uv_size": [3, 1]},
								"south": {"uv": [61, 40], "uv_size": [1, 1]},
								"west": {"uv": [56, 24], "uv_size": [3, 1]},
								"up": {"uv": [20, 56], "uv_size": [1, 3]},
								"down": {"uv": [21, 59], "uv_size": [1, -3]}
							}
						},
						{
							"origin": [1.9685, 32.6289, -10.85229],
							"size": [0.2215, 0.585, 2.76],
							"pivot": [-1.1295, 33.2097, -8.09856],
							"rotation": [81, 0, 0],
							"uv": {
								"north": {"uv": [41, 61], "uv_size": [1, 1]},
								"east": {"uv": [25, 56], "uv_size": [3, 1]},
								"south": {"uv": [61, 41], "uv_size": [1, 1]},
								"west": {"uv": [56, 25], "uv_size": [3, 1]},
								"up": {"uv": [56, 26], "uv_size": [1, 3]},
								"down": {"uv": [34, 59], "uv_size": [1, -3]}
							}
						},
						{
							"origin": [1.24605, 33.6777, -8.09979],
							"size": [0.205, 0.345, 5.255],
							"pivot": [1.5435, 33.6615, -3.86353],
							"rotation": [0, 0, 127],
							"uv": {
								"north": {"uv": [42, 61], "uv_size": [1, 1]},
								"east": {"uv": [47, 24], "uv_size": [5, 1]},
								"south": {"uv": [61, 42], "uv_size": [1, 1]},
								"west": {"uv": [25, 47], "uv_size": [5, 1]},
								"up": {"uv": [39, 47], "uv_size": [1, 5]},
								"down": {"uv": [40, 52], "uv_size": [1, -5]}
							}
						},
						{
							"origin": [-2.0445, 33.1977, -8.09979],
							"size": [0.205, 0.495, 5.255],
							"pivot": [-2.0025, 33.2115, -3.86353],
							"rotation": [0, 0, 21],
							"uv": {
								"north": {"uv": [43, 61], "uv_size": [1, 1]},
								"east": {"uv": [47, 25], "uv_size": [5, 1]},
								"south": {"uv": [61, 43], "uv_size": [1, 1]},
								"west": {"uv": [47, 41], "uv_size": [5, 1]},
								"up": {"uv": [41, 47], "uv_size": [1, 5]},
								"down": {"uv": [47, 47], "uv_size": [1, -5]}
							}
						},
						{
							"origin": [-1.31005, 33.6777, -8.09979],
							"size": [0.205, 0.345, 5.255],
							"pivot": [-1.4025, 33.6615, -3.86353],
							"rotation": [0, 0, -127],
							"uv": {
								"north": {"uv": [44, 61], "uv_size": [1, 1]},
								"east": {"uv": [44, 47], "uv_size": [5, 1]},
								"south": {"uv": [61, 44], "uv_size": [1, 1]},
								"west": {"uv": [0, 48], "uv_size": [5, 1]},
								"up": {"uv": [48, 0], "uv_size": [1, 5]},
								"down": {"uv": [11, 53], "uv_size": [1, -5]}
							}
						}
					]
				},
				{
					"name": "1p4",
					"parent": "1p2",
					"pivot": [-3.79481, 28.31752, -11.15865],
					"cubes": [
						{
							"origin": [-2.43696, 27.89733, -11.41683],
							"size": [0.325, 1.95, 1.95],
							"pivot": [-4.44481, 28.21752, -10.95865],
							"rotation": [45, 0, 0],
							"uv": {
								"north": {"uv": [45, 59], "uv_size": [1, 2]},
								"east": {"uv": [4, 54], "uv_size": [2, 2]},
								"south": {"uv": [46, 59], "uv_size": [1, 2]},
								"west": {"uv": [6, 54], "uv_size": [2, 2]},
								"up": {"uv": [59, 46], "uv_size": [1, 2]},
								"down": {"uv": [47, 61], "uv_size": [1, -2]}
							}
						},
						{
							"origin": [-2.27446, 28.05983, -11.25433],
							"size": [0.65, 1.625, 1.625],
							"pivot": [-3.79481, 28.21752, -10.95865],
							"rotation": [45, 0, 0],
							"uv": {
								"north": {"uv": [48, 59], "uv_size": [1, 2]},
								"east": {"uv": [12, 54], "uv_size": [2, 2]},
								"south": {"uv": [59, 48], "uv_size": [1, 2]},
								"west": {"uv": [14, 54], "uv_size": [2, 2]},
								"up": {"uv": [49, 59], "uv_size": [1, 2]},
								"down": {"uv": [50, 61], "uv_size": [1, -2]}
							}
						}
					]
				},
				{
					"name": "pso4",
					"parent": "1p87",
					"pivot": [-1.11512, 29.19156, -16.87997],
					"rotation": [-17.5, 90, 0]
				},
				{
					"name": "pso3",
					"parent": "1p87",
					"pivot": [-3.87137, 30.89781, -10.97372],
					"rotation": [0, 0, -180]
				},
				{
					"name": "scope",
					"parent": "main",
					"pivot": [0.06, 31.88, 7.79],
					"cubes": [
						{
							"origin": [-0.34, 31.7, 12.31],
							"size": [0.96, 0.96, 0.96],
							"inflate": -0.4,
							"uv": {
								"north": {"uv": [45, 61], "uv_size": [1, 1]},
								"east": {"uv": [61, 45], "uv_size": [1, 1]},
								"south": {"uv": [46, 61], "uv_size": [1, 1]},
								"west": {"uv": [61, 46], "uv_size": [1, 1]},
								"up": {"uv": [47, 61], "uv_size": [1, 1]},
								"down": {"uv": [61, 48], "uv_size": [1, -1]}
							}
						}
					]
				},
				{
					"name": "_ca_scope",
					"parent": "main",
					"pivot": [-0.1, 28.68, -7.37],
					"cubes": [
						{
							"origin": [-0.18, 27.286, -4.5565],
							"size": [0.76, 0.76, 0.76],
							"uv": {
								"north": {"uv": [48, 61], "uv_size": [1, 1]},
								"east": {"uv": [61, 48], "uv_size": [1, 1]},
								"south": {"uv": [49, 61], "uv_size": [1, 1]},
								"west": {"uv": [61, 49], "uv_size": [1, 1]},
								"up": {"uv": [50, 61], "uv_size": [1, 1]},
								"down": {"uv": [61, 51], "uv_size": [1, -1]}
							}
						}
					]
				}
			]
		}
	]
}