{
	"format_version": "1.12.0",
	"minecraft:geometry": [
		{
			"description": {
				"identifier": "geometry.unknown",
				"texture_width": 64,
				"texture_height": 64,
				"visible_bounds_width": 8,
				"visible_bounds_height": 4,
				"visible_bounds_offset": [0, 1, 0]
			},
			"bones": [
				{
					"name": "main",
					"pivot": [0, 20, 6.65],
					"cubes": [
						{
							"origin": [-1.5764, 26.5184, -5.6102],
							"size": [3.0464, 3.1376, 0.912],
							"uv": {
								"north": {"uv": [40, 42], "uv_size": [3, 3]},
								"east": {"uv": [8, 50], "uv_size": [1, 3]},
								"south": {"uv": [43, 35], "uv_size": [3, 3]},
								"west": {"uv": [9, 50], "uv_size": [1, 3]},
								"up": {"uv": [50, 29], "uv_size": [3, 1]},
								"down": {"uv": [50, 31], "uv_size": [3, -1]}
							}
						}
					]
				},
				{
					"name": "specter",
					"parent": "main",
					"pivot": [0, 26.4, -2.95],
					"cubes": [
						{
							"origin": [-1.2996, 23.9952, -5.509],
							"size": [2.2116, 1.0032, 3.648],
							"uv": {
								"north": {"uv": [4, 35], "uv_size": [2, 1]},
								"east": {"uv": [44, 21], "uv_size": [4, 1]},
								"south": {"uv": [10, 36], "uv_size": [2, 1]},
								"west": {"uv": [44, 41], "uv_size": [4, 1]},
								"up": {"uv": [4, 31], "uv_size": [2, 4]},
								"down": {"uv": [13, 45], "uv_size": [2, -4]}
							}
						},
						{
							"origin": [-1.796, 24.5248, -6.0738],
							"size": [3.592, 1.0384, 3.4552],
							"inflate": -0.2,
							"uv": {
								"north": {"uv": [45, 28], "uv_size": [4, 1]},
								"east": {"uv": [48, 26], "uv_size": [3, 1]},
								"south": {"uv": [45, 30], "uv_size": [4, 1]},
								"west": {"uv": [48, 27], "uv_size": [3, 1]},
								"up": {"uv": [0, 31], "uv_size": [4, 3]},
								"down": {"uv": [0, 37], "uv_size": [4, -3]}
							}
						},
						{
							"origin": [-1.79609, 24.52471, -5.57229],
							"size": [3.59218, 1.03858, 2.95378],
							"inflate": -0.201,
							"pivot": [0.0456, 25.3632, -2.8186],
							"rotation": [-19.25, 0, 0],
							"uv": {
								"north": {"uv": [45, 31], "uv_size": [4, 1]},
								"east": {"uv": [48, 33], "uv_size": [3, 1]},
								"south": {"uv": [45, 32], "uv_size": [4, 1]},
								"west": {"uv": [48, 34], "uv_size": [3, 1]},
								"up": {"uv": [38, 26], "uv_size": [4, 3]},
								"down": {"uv": [31, 41], "uv_size": [4, -3]}
							}
						},
						{
							"origin": [-1.796, 24.5248, -6.0738],
							"size": [3.592, 1.0384, 1.4032],
							"inflate": -0.2,
							"pivot": [0.0456, 25.3632, -5.8738],
							"rotation": [53.75, 0, 0],
							"uv": {
								"north": {"uv": [39, 45], "uv_size": [4, 1]},
								"east": {"uv": [52, 48], "uv_size": [1, 1]},
								"south": {"uv": [45, 42], "uv_size": [4, 1]},
								"west": {"uv": [52, 49], "uv_size": [1, 1]},
								"up": {"uv": [45, 43], "uv_size": [4, 1]},
								"down": {"uv": [45, 45], "uv_size": [4, -1]}
							}
						},
						{
							"origin": [-2.1064, 23.8724, -2.9414],
							"size": [1.8416, 0.9296, 1.8416],
							"inflate": -0.1,
							"pivot": [-1.1856, 23.8812, -2.0206],
							"rotation": [0, 9.5, 0],
							"uv": {
								"north": {"uv": [11, 44], "uv_size": [2, 1]},
								"east": {"uv": [50, 31], "uv_size": [2, 1]},
								"south": {"uv": [50, 32], "uv_size": [2, 1]},
								"west": {"uv": [34, 50], "uv_size": [2, 1]},
								"up": {"uv": [45, 45], "uv_size": [2, 2]},
								"down": {"uv": [8, 48], "uv_size": [2, -2]}
							}
						},
						{
							"origin": [-2.1064, 23.8724, -0.2054],
							"size": [1.8416, 0.9296, 1.8416],
							"inflate": -0.1,
							"pivot": [-1.1856, 23.8812, 0.7154],
							"rotation": [0, 9.5, 0],
							"uv": {
								"north": {"uv": [50, 35], "uv_size": [2, 1]},
								"east": {"uv": [36, 50], "uv_size": [2, 1]},
								"south": {"uv": [50, 36], "uv_size": [2, 1]},
								"west": {"uv": [50, 37], "uv_size": [2, 1]},
								"up": {"uv": [31, 46], "uv_size": [2, 2]},
								"down": {"uv": [46, 35], "uv_size": [2, -2]}
							}
						},
						{
							"origin": [-1.1856, 23.9952, -0.949],
							"size": [2.0976, 1.0032, 3.648],
							"uv": {
								"north": {"uv": [50, 38], "uv_size": [2, 1]},
								"east": {"uv": [46, 35], "uv_size": [4, 1]},
								"south": {"uv": [50, 39], "uv_size": [2, 1]},
								"west": {"uv": [46, 36], "uv_size": [4, 1]},
								"up": {"uv": [43, 42], "uv_size": [2, 4]},
								"down": {"uv": [4, 48], "uv_size": [2, -4]}
							}
						},
						{
							"origin": [-1.41369, 24.95271, -2.08909],
							"size": [2.73618, 1.55058, 2.73618],
							"inflate": -0.001,
							"uv": {
								"north": {"uv": [8, 44], "uv_size": [3, 2]},
								"east": {"uv": [44, 14], "uv_size": [3, 2]},
								"south": {"uv": [44, 16], "uv_size": [3, 2]},
								"west": {"uv": [44, 18], "uv_size": [3, 2]},
								"up": {"uv": [40, 35], "uv_size": [3, 3]},
								"down": {"uv": [4, 44], "uv_size": [3, -3]}
							}
						},
						{
							"origin": [-1.49969, 24.15991, -2.15229],
							"size": [2.83978, 1.03858, 6.05458],
							"inflate": -0.201,
							"uv": {
								"north": {"uv": [39, 48], "uv_size": [3, 1]},
								"east": {"uv": [4, 36], "uv_size": [6, 1]},
								"south": {"uv": [48, 41], "uv_size": [3, 1]},
								"west": {"uv": [44, 20], "uv_size": [6, 1]},
								"up": {"uv": [18, 22], "uv_size": [3, 6]},
								"down": {"uv": [18, 34], "uv_size": [3, -6]}
							}
						},
						{
							"origin": [-2.34329, 24.82111, -3.40629],
							"size": [1.03858, 0.94738, 3.31858],
							"inflate": -0.201,
							"pivot": [-2.1432, 24.6564, -1.291],
							"rotation": [0, 37, 0],
							"uv": {
								"north": {"uv": [50, 52], "uv_size": [1, 1]},
								"east": {"uv": [42, 48], "uv_size": [3, 1]},
								"south": {"uv": [52, 50], "uv_size": [1, 1]},
								"west": {"uv": [49, 0], "uv_size": [3, 1]},
								"up": {"uv": [31, 48], "uv_size": [1, 3]},
								"down": {"uv": [32, 51], "uv_size": [1, -3]}
							}
						},
						{
							"origin": [-1.34009, 24.82111, -1.26309],
							"size": [1.03858, 1.58578, 2.40658],
							"inflate": -0.201,
							"pivot": [-1.14, 24.6564, -0.0598],
							"rotation": [0, 45.5, 0],
							"uv": {
								"north": {"uv": [20, 14], "uv_size": [1, 2]},
								"east": {"uv": [39, 46], "uv_size": [2, 2]},
								"south": {"uv": [14, 39], "uv_size": [1, 2]},
								"west": {"uv": [41, 46], "uv_size": [2, 2]},
								"up": {"uv": [14, 50], "uv_size": [1, 2]},
								"down": {"uv": [38, 52], "uv_size": [1, -2]}
							}
						},
						{
							"origin": [-1.93289, 24.06871, -0.14589],
							"size": [0.94738, 0.94738, 2.86258],
							"inflate": -0.201,
							"pivot": [-1.7328, 23.904, 1.9694],
							"rotation": [-12.25, 0, 0],
							"uv": {
								"north": {"uv": [52, 51], "uv_size": [1, 1]},
								"east": {"uv": [49, 1], "uv_size": [3, 1]},
								"south": {"uv": [52, 52], "uv_size": [1, 1]},
								"west": {"uv": [49, 2], "uv_size": [3, 1]},
								"up": {"uv": [49, 3], "uv_size": [1, 3]},
								"down": {"uv": [10, 52], "uv_size": [1, -3]}
							}
						},
						{
							"origin": [-1.5768, 29.2128, -6.0598],
							"size": [3.0624, 1.056, 14.5308],
							"inflate": -0.3,
							"uv": {
								"north": {"uv": [49, 16], "uv_size": [3, 1]},
								"east": {"uv": [0, 37], "uv_size": [15, 1]},
								"south": {"uv": [49, 17], "uv_size": [3, 1]},
								"west": {"uv": [0, 38], "uv_size": [15, 1]},
								"up": {"uv": [0, 16], "uv_size": [3, 15]},
								"down": {"uv": [3, 31], "uv_size": [3, -15]}
							}
						},
						{
							"origin": [-1.5768, 25.7712, -6.0598],
							"size": [3.0624, 1.056, 14.5308],
							"inflate": -0.3,
							"uv": {
								"north": {"uv": [50, 12], "uv_size": [3, 1]},
								"east": {"uv": [38, 22], "uv_size": [15, 1]},
								"south": {"uv": [50, 20], "uv_size": [3, 1]},
								"west": {"uv": [38, 23], "uv_size": [15, 1]},
								"up": {"uv": [21, 6], "uv_size": [3, 15]},
								"down": {"uv": [21, 36], "uv_size": [3, -15]}
							}
						},
						{
							"origin": [-1.668, 29.4408, -5.2162],
							"size": [3.336, 0.999, 13.881],
							"inflate": -0.3,
							"uv": {
								"north": {"uv": [49, 28], "uv_size": [3, 1]},
								"east": {"uv": [38, 24], "uv_size": [14, 1]},
								"south": {"uv": [49, 40], "uv_size": [3, 1]},
								"west": {"uv": [38, 25], "uv_size": [14, 1]},
								"up": {"uv": [6, 22], "uv_size": [3, 14]},
								"down": {"uv": [9, 36], "uv_size": [3, -14]}
							}
						},
						{
							"origin": [1.1592, 26.5848, -6.0598],
							"size": [1.1472, 2.8632, 14.5308],
							"inflate": -0.3,
							"uv": {
								"north": {"uv": [12, 49], "uv_size": [1, 3]},
								"east": {"uv": [6, 16], "uv_size": [15, 3]},
								"south": {"uv": [13, 49], "uv_size": [1, 3]},
								"west": {"uv": [6, 19], "uv_size": [15, 3]},
								"up": {"uv": [20, 34], "uv_size": [1, 15]},
								"down": {"uv": [21, 51], "uv_size": [1, -15]}
							}
						},
						{
							"origin": [1.4784, 26.511, 0.3242],
							"size": [1.0332, 3.0852, 8.3406],
							"inflate": -0.3,
							"uv": {
								"north": {"uv": [49, 48], "uv_size": [1, 3]},
								"east": {"uv": [12, 34], "uv_size": [8, 3]},
								"south": {"uv": [50, 3], "uv_size": [1, 3]},
								"west": {"uv": [34, 30], "uv_size": [8, 3]},
								"up": {"uv": [20, 6], "uv_size": [1, 8]},
								"down": {"uv": [6, 52], "uv_size": [1, -8]}
							}
						},
						{
							"origin": [-2.5116, 26.511, 0.3242],
							"size": [1.0332, 3.0852, 8.3406],
							"inflate": -0.3,
							"uv": {
								"north": {"uv": [4, 50], "uv_size": [1, 3]},
								"east": {"uv": [24, 35], "uv_size": [8, 3]},
								"south": {"uv": [5, 50], "uv_size": [1, 3]},
								"west": {"uv": [32, 35], "uv_size": [8, 3]},
								"up": {"uv": [44, 6], "uv_size": [1, 8]},
								"down": {"uv": [7, 52], "uv_size": [1, -8]}
							}
						},
						{
							"origin": [-2.6256, 26.967, 2.3762],
							"size": [1.1472, 2.1732, 5.1486],
							"inflate": -0.3,
							"uv": {
								"north": {"uv": [41, 52], "uv_size": [1, 2]},
								"east": {"uv": [39, 18], "uv_size": [5, 2]},
								"south": {"uv": [52, 41], "uv_size": [1, 2]},
								"west": {"uv": [39, 20], "uv_size": [5, 2]},
								"up": {"uv": [37, 45], "uv_size": [1, 5]},
								"down": {"uv": [38, 50], "uv_size": [1, -5]}
							}
						},
						{
							"origin": [-2.3064, 26.4876, -6.0598],
							"size": [1.056, 3.0516, 14.5308],
							"inflate": -0.3,
							"uv": {
								"north": {"uv": [20, 49], "uv_size": [1, 3]},
								"east": {"uv": [20, 0], "uv_size": [15, 3]},
								"south": {"uv": [49, 30], "uv_size": [1, 3]},
								"west": {"uv": [20, 3], "uv_size": [15, 3]},
								"up": {"uv": [22, 36], "uv_size": [1, 15]},
								"down": {"uv": [23, 51], "uv_size": [1, -15]}
							}
						},
						{
							"origin": [-23.52864, 35.94336, -6.0598],
							"size": [1.1472, 1.63056, 14.5308],
							"inflate": -0.3,
							"pivot": [-21.0672, 7.1232, 2.1062],
							"rotation": [0, 0, 45],
							"uv": {
								"north": {"uv": [50, 42], "uv_size": [1, 2]},
								"east": {"uv": [24, 6], "uv_size": [15, 2]},
								"south": {"uv": [50, 44], "uv_size": [1, 2]},
								"west": {"uv": [24, 8], "uv_size": [15, 2]},
								"up": {"uv": [15, 37], "uv_size": [1, 15]},
								"down": {"uv": [16, 52], "uv_size": [1, -15]}
							}
						},
						{
							"origin": [21.28704, 38.49696, -6.0598],
							"size": [1.1472, 1.75824, 14.5308],
							"inflate": -0.3,
							"pivot": [23.712, 9.6768, 2.1062],
							"rotation": [0, 0, -45],
							"uv": {
								"north": {"uv": [50, 46], "uv_size": [1, 2]},
								"east": {"uv": [24, 10], "uv_size": [15, 2]},
								"south": {"uv": [50, 48], "uv_size": [1, 2]},
								"west": {"uv": [24, 12], "uv_size": [15, 2]},
								"up": {"uv": [17, 37], "uv_size": [1, 15]},
								"down": {"uv": [18, 52], "uv_size": [1, -15]}
							}
						},
						{
							"origin": [-23.52864, 18.46608, -6.0598],
							"size": [1.1472, 1.63056, 14.5308],
							"inflate": -0.3,
							"pivot": [-21.0672, 48.9168, 2.1062],
							"rotation": [0, 0, -45],
							"uv": {
								"north": {"uv": [52, 43], "uv_size": [1, 2]},
								"east": {"uv": [24, 18], "uv_size": [15, 2]},
								"south": {"uv": [44, 52], "uv_size": [1, 2]},
								"west": {"uv": [24, 20], "uv_size": [15, 2]},
								"up": {"uv": [25, 38], "uv_size": [1, 15]},
								"down": {"uv": [26, 53], "uv_size": [1, -15]}
							}
						},
						{
							"origin": [21.28704, 15.7848, -6.0598],
							"size": [1.1472, 1.75824, 14.5308],
							"inflate": -0.3,
							"pivot": [23.712, 46.3632, 2.1062],
							"rotation": [0, 0, 45],
							"uv": {
								"north": {"uv": [42, 52], "uv_size": [1, 2]},
								"east": {"uv": [24, 14], "uv_size": [15, 2]},
								"south": {"uv": [43, 52], "uv_size": [1, 2]},
								"west": {"uv": [24, 16], "uv_size": [15, 2]},
								"up": {"uv": [19, 37], "uv_size": [1, 15]},
								"down": {"uv": [24, 53], "uv_size": [1, -15]}
							}
						},
						{
							"origin": [-0.43144, 24.4256, 0.9482],
							"size": [6.4352, 8.1224, 8.1224],
							"inflate": -3.4,
							"pivot": [3.876, 28.3272, 4.0062],
							"rotation": [-27.5, 0, 0],
							"uv": {
								"north": {"uv": [8, 0], "uv_size": [6, 8]},
								"east": {"uv": [0, 0], "uv_size": [8, 8]},
								"south": {"uv": [8, 8], "uv_size": [6, 8]},
								"west": {"uv": [0, 8], "uv_size": [8, 8]},
								"up": {"uv": [14, 0], "uv_size": [6, 8]},
								"down": {"uv": [14, 16], "uv_size": [6, -8]}
							}
						},
						{
							"origin": [1.2136, 27.7624, 3.487],
							"size": [1.5856, 2.0872, 2.0872],
							"inflate": -0.2,
							"pivot": [3.2376, 27.438, 3.1626],
							"rotation": [-27.5, 0, 0],
							"uv": {
								"north": {"uv": [43, 46], "uv_size": [2, 2]},
								"east": {"uv": [47, 0], "uv_size": [2, 2]},
								"south": {"uv": [47, 2], "uv_size": [2, 2]},
								"west": {"uv": [47, 4], "uv_size": [2, 2]},
								"up": {"uv": [10, 47], "uv_size": [2, 2]},
								"down": {"uv": [12, 49], "uv_size": [2, -2]}
							}
						},
						{
							"origin": [1.8888, 25.2, -5.7634],
							"size": [0.9648, 1.8768, 1.8768],
							"inflate": -0.3,
							"pivot": [2.8272, 25.2264, -5.737],
							"rotation": [-27.5, 0, 0],
							"uv": {
								"north": {"uv": [50, 50], "uv_size": [1, 2]},
								"east": {"uv": [47, 14], "uv_size": [2, 2]},
								"south": {"uv": [0, 51], "uv_size": [1, 2]},
								"west": {"uv": [47, 16], "uv_size": [2, 2]},
								"up": {"uv": [1, 51], "uv_size": [1, 2]},
								"down": {"uv": [2, 53], "uv_size": [1, -2]}
							}
						},
						{
							"origin": [-2.8536, 25.2, -5.7634],
							"size": [0.9648, 1.8768, 1.8768],
							"inflate": -0.3,
							"pivot": [-2.8272, 25.2264, -5.737],
							"rotation": [-27.5, 0, 0],
							"uv": {
								"north": {"uv": [3, 51], "uv_size": [1, 2]},
								"east": {"uv": [47, 18], "uv_size": [2, 2]},
								"south": {"uv": [51, 3], "uv_size": [1, 2]},
								"west": {"uv": [47, 37], "uv_size": [2, 2]},
								"up": {"uv": [21, 51], "uv_size": [1, 2]},
								"down": {"uv": [22, 53], "uv_size": [1, -2]}
							}
						},
						{
							"origin": [1.396, 24.3424, -5.937],
							"size": [1.312, 2.0872, 2.7712],
							"inflate": -0.2,
							"uv": {
								"north": {"uv": [23, 51], "uv_size": [1, 2]},
								"east": {"uv": [31, 44], "uv_size": [3, 2]},
								"south": {"uv": [51, 26], "uv_size": [1, 2]},
								"west": {"uv": [44, 39], "uv_size": [3, 2]},
								"up": {"uv": [33, 49], "uv_size": [1, 3]},
								"down": {"uv": [49, 40], "uv_size": [1, -3]}
							}
						},
						{
							"origin": [-2.708, 24.3424, -5.937],
							"size": [1.312, 2.0872, 2.7712],
							"inflate": -0.2,
							"uv": {
								"north": {"uv": [31, 51], "uv_size": [1, 2]},
								"east": {"uv": [45, 6], "uv_size": [3, 2]},
								"south": {"uv": [32, 51], "uv_size": [1, 2]},
								"west": {"uv": [45, 8], "uv_size": [3, 2]},
								"up": {"uv": [39, 49], "uv_size": [1, 3]},
								"down": {"uv": [40, 52], "uv_size": [1, -3]}
							}
						},
						{
							"origin": [-2.70791, 26.02969, -5.93691],
							"size": [1.31182, 2.77102, 2.61142],
							"inflate": -0.199,
							"pivot": [-2.508, 26.2296, -5.737],
							"rotation": [-47.5, 0, 0],
							"uv": {
								"north": {"uv": [41, 49], "uv_size": [1, 3]},
								"east": {"uv": [31, 41], "uv_size": [3, 3]},
								"south": {"uv": [42, 49], "uv_size": [1, 3]},
								"west": {"uv": [41, 39], "uv_size": [3, 3]},
								"up": {"uv": [49, 42], "uv_size": [1, 3]},
								"down": {"uv": [43, 52], "uv_size": [1, -3]}
							}
						},
						{
							"origin": [1.39609, 26.02969, -5.93691],
							"size": [1.31182, 2.77102, 2.61142],
							"inflate": -0.199,
							"pivot": [2.508, 26.2296, -5.737],
							"rotation": [-47.5, 0, 0],
							"uv": {
								"north": {"uv": [44, 49], "uv_size": [1, 3]},
								"east": {"uv": [42, 26], "uv_size": [3, 3]},
								"south": {"uv": [45, 49], "uv_size": [1, 3]},
								"west": {"uv": [42, 30], "uv_size": [3, 3]},
								"up": {"uv": [49, 45], "uv_size": [1, 3]},
								"down": {"uv": [46, 52], "uv_size": [1, -3]}
							}
						},
						{
							"origin": [-1.52231, 25.75609, 2.27109],
							"size": [2.88502, 3.04462, 1.06102],
							"inflate": -0.199,
							"pivot": [1.7784, 26.2296, 0.9206],
							"rotation": [-47.5, 0, 0],
							"uv": {
								"north": {"uv": [34, 42], "uv_size": [3, 3]},
								"east": {"uv": [47, 49], "uv_size": [1, 3]},
								"south": {"uv": [37, 42], "uv_size": [3, 3]},
								"west": {"uv": [48, 49], "uv_size": [1, 3]},
								"up": {"uv": [49, 18], "uv_size": [3, 1]},
								"down": {"uv": [49, 20], "uv_size": [3, -1]}
							}
						},
						{
							"origin": [-2.708, 25.6648, -4.2042],
							"size": [5.416, 2.3608, 5.0284],
							"inflate": -0.2,
							"uv": {
								"north": {"uv": [4, 39], "uv_size": [5, 2]},
								"east": {"uv": [39, 6], "uv_size": [5, 2]},
								"south": {"uv": [39, 8], "uv_size": [5, 2]},
								"west": {"uv": [9, 39], "uv_size": [5, 2]},
								"up": {"uv": [24, 30], "uv_size": [5, 5]},
								"down": {"uv": [29, 35], "uv_size": [5, -5]}
							}
						},
						{
							"origin": [-2.708, 27.6256, -4.2042],
							"size": [0.9016, 1.882, 5.0284],
							"inflate": -0.2,
							"pivot": [-2.508, 27.8256, -4.0042],
							"rotation": [0, 0, 12],
							"uv": {
								"north": {"uv": [51, 43], "uv_size": [1, 2]},
								"east": {"uv": [39, 10], "uv_size": [5, 2]},
								"south": {"uv": [51, 45], "uv_size": [1, 2]},
								"west": {"uv": [39, 12], "uv_size": [5, 2]},
								"up": {"uv": [14, 45], "uv_size": [1, 5]},
								"down": {"uv": [34, 50], "uv_size": [1, -5]}
							}
						},
						{
							"origin": [-2.708, 28.7656, -4.7742],
							"size": [0.9016, 0.742, 1.0384],
							"inflate": -0.2,
							"pivot": [-2.508, 27.8256, -4.0042],
							"rotation": [0, 0, 12],
							"uv": {
								"north": {"uv": [2, 53], "uv_size": [1, 1]},
								"east": {"uv": [53, 2], "uv_size": [1, 1]},
								"south": {"uv": [3, 53], "uv_size": [1, 1]},
								"west": {"uv": [53, 3], "uv_size": [1, 1]},
								"up": {"uv": [4, 53], "uv_size": [1, 1]},
								"down": {"uv": [53, 5], "uv_size": [1, -1]}
							}
						},
						{
							"origin": [-2.708, 28.7656, -5.1162],
							"size": [0.9016, 0.742, 0.8104],
							"inflate": -0.2,
							"pivot": [-2.508, 27.8256, -4.0042],
							"rotation": [0, 0, 12],
							"uv": {
								"north": {"uv": [5, 53], "uv_size": [1, 1]},
								"east": {"uv": [53, 5], "uv_size": [1, 1]},
								"south": {"uv": [53, 6], "uv_size": [1, 1]},
								"west": {"uv": [53, 7], "uv_size": [1, 1]},
								"up": {"uv": [8, 53], "uv_size": [1, 1]},
								"down": {"uv": [53, 9], "uv_size": [1, -1]}
							}
						},
						{
							"origin": [-2.708, 28.9256, -4.2042],
							"size": [1.312, 0.5592, 0.6736],
							"inflate": -0.2,
							"pivot": [-2.508, 27.8256, -4.0042],
							"rotation": [38.65552, 0, 12.2651],
							"uv": {
								"north": {"uv": [52, 1], "uv_size": [1, 1]},
								"east": {"uv": [52, 1], "uv_size": [1, 1]},
								"south": {"uv": [52, 1], "uv_size": [1, 1]},
								"west": {"uv": [52, 1], "uv_size": [1, 1]},
								"up": {"uv": [53, 2], "uv_size": [-1, -1]},
								"down": {"uv": [53, 2], "uv_size": [-1, -1]}
							}
						},
						{
							"origin": [-2.708, 27.6256, -4.2042],
							"size": [1.312, 1.6996, 1.1296],
							"inflate": -0.2,
							"pivot": [-2.508, 27.8256, -4.0042],
							"rotation": [38.65552, 0, 12.2651],
							"uv": {
								"north": {"uv": [51, 47], "uv_size": [1, 2]},
								"east": {"uv": [49, 51], "uv_size": [1, 2]},
								"south": {"uv": [51, 49], "uv_size": [1, 2]},
								"west": {"uv": [51, 51], "uv_size": [1, 2]},
								"up": {"uv": [1, 53], "uv_size": [1, 1]},
								"down": {"uv": [53, 2], "uv_size": [1, -1]}
							}
						},
						{
							"origin": [-23.71104, 35.82936, -5.2162],
							"size": [1.1016, 1.797, 13.881],
							"inflate": -0.3,
							"pivot": [-21.0672, 7.1232, 2.1062],
							"rotation": [0, 0, 45],
							"uv": {
								"north": {"uv": [51, 33], "uv_size": [1, 2]},
								"east": {"uv": [24, 22], "uv_size": [14, 2]},
								"south": {"uv": [34, 51], "uv_size": [1, 2]},
								"west": {"uv": [24, 24], "uv_size": [14, 2]},
								"up": {"uv": [27, 38], "uv_size": [1, 14]},
								"down": {"uv": [28, 52], "uv_size": [1, -14]}
							}
						},
						{
							"origin": [22.60944, 35.82936, -5.2162],
							"size": [1.1016, 1.797, 13.881],
							"inflate": -0.3,
							"pivot": [21.0672, 7.1232, 2.1062],
							"rotation": [0, 0, -45],
							"uv": {
								"north": {"uv": [14, 52], "uv_size": [1, 2]},
								"east": {"uv": [24, 26], "uv_size": [14, 2]},
								"south": {"uv": [15, 52], "uv_size": [1, 2]},
								"west": {"uv": [24, 28], "uv_size": [14, 2]},
								"up": {"uv": [29, 38], "uv_size": [1, 14]},
								"down": {"uv": [30, 52], "uv_size": [1, -14]}
							}
						},
						{
							"origin": [22.60944, 36.39936, 6.4678],
							"size": [1.1016, 1.569, 1.513],
							"inflate": -0.3,
							"pivot": [21.0672, 7.4652, 2.1062],
							"rotation": [0, 0, -45],
							"uv": {
								"north": {"uv": [20, 52], "uv_size": [1, 2]},
								"east": {"uv": [47, 39], "uv_size": [2, 2]},
								"south": {"uv": [52, 24], "uv_size": [1, 2]},
								"west": {"uv": [45, 47], "uv_size": [2, 2]},
								"up": {"uv": [52, 26], "uv_size": [1, 2]},
								"down": {"uv": [27, 54], "uv_size": [1, -2]}
							}
						},
						{
							"origin": [-23.71104, 36.39936, 6.4678],
							"size": [1.1016, 1.569, 1.513],
							"inflate": -0.3,
							"pivot": [-21.0672, 7.4652, 2.1062],
							"rotation": [0, 0, 45],
							"uv": {
								"north": {"uv": [28, 52], "uv_size": [1, 2]},
								"east": {"uv": [47, 45], "uv_size": [2, 2]},
								"south": {"uv": [29, 52], "uv_size": [1, 2]},
								"west": {"uv": [47, 47], "uv_size": [2, 2]},
								"up": {"uv": [30, 52], "uv_size": [1, 2]},
								"down": {"uv": [52, 33], "uv_size": [1, -2]}
							}
						},
						{
							"origin": [-1.668, 29.7828, 6.4678],
							"size": [3.336, 0.999, 1.513],
							"inflate": -0.3,
							"uv": {
								"north": {"uv": [50, 8], "uv_size": [3, 1]},
								"east": {"uv": [51, 21], "uv_size": [2, 1]},
								"south": {"uv": [50, 9], "uv_size": [3, 1]},
								"west": {"uv": [18, 52], "uv_size": [2, 1]},
								"up": {"uv": [45, 10], "uv_size": [3, 2]},
								"down": {"uv": [11, 47], "uv_size": [3, -2]}
							}
						},
						{
							"origin": [-0.168, 30.1828, 6.8678],
							"size": [0.736, 1.099, 1.113],
							"inflate": -0.3,
							"uv": {
								"north": {"uv": [22, 53], "uv_size": [1, 1]},
								"east": {"uv": [53, 22], "uv_size": [1, 1]},
								"south": {"uv": [23, 53], "uv_size": [1, 1]},
								"west": {"uv": [53, 23], "uv_size": [1, 1]},
								"up": {"uv": [24, 53], "uv_size": [1, 1]},
								"down": {"uv": [53, 25], "uv_size": [1, -1]}
							}
						},
						{
							"origin": [-0.568, 30.6828, 6.8678],
							"size": [1.136, 0.699, 1.113],
							"inflate": -0.3,
							"uv": {
								"north": {"uv": [53, 30], "uv_size": [1, 1]},
								"east": {"uv": [31, 53], "uv_size": [1, 1]},
								"south": {"uv": [53, 31], "uv_size": [1, 1]},
								"west": {"uv": [32, 53], "uv_size": [1, 1]},
								"up": {"uv": [53, 32], "uv_size": [1, 1]},
								"down": {"uv": [53, 34], "uv_size": [1, -1]}
							}
						},
						{
							"origin": [-0.368, 30.4328, -4.4322],
							"size": [0.736, 0.849, 0.713],
							"inflate": -0.3,
							"uv": {
								"north": {"uv": [34, 53], "uv_size": [1, 1]},
								"east": {"uv": [53, 34], "uv_size": [1, 1]},
								"south": {"uv": [35, 53], "uv_size": [1, 1]},
								"west": {"uv": [53, 35], "uv_size": [1, 1]},
								"up": {"uv": [36, 53], "uv_size": [1, 1]},
								"down": {"uv": [53, 37], "uv_size": [1, -1]}
							}
						},
						{
							"origin": [-0.518, 30.1578, -4.4322],
							"size": [1.036, 0.874, 0.713],
							"inflate": -0.3,
							"uv": {
								"north": {"uv": [37, 53], "uv_size": [1, 1]},
								"east": {"uv": [53, 37], "uv_size": [1, 1]},
								"south": {"uv": [53, 38], "uv_size": [1, 1]},
								"west": {"uv": [53, 39], "uv_size": [1, 1]},
								"up": {"uv": [53, 40], "uv_size": [1, 1]},
								"down": {"uv": [53, 42], "uv_size": [1, -1]}
							}
						},
						{
							"origin": [-0.568, 30.1828, 6.8678],
							"size": [0.736, 1.099, 1.113],
							"inflate": -0.3,
							"uv": {
								"north": {"uv": [25, 53], "uv_size": [1, 1]},
								"east": {"uv": [53, 25], "uv_size": [1, 1]},
								"south": {"uv": [26, 53], "uv_size": [1, 1]},
								"west": {"uv": [53, 26], "uv_size": [1, 1]},
								"up": {"uv": [53, 27], "uv_size": [1, 1]},
								"down": {"uv": [53, 30], "uv_size": [1, -1]}
							}
						},
						{
							"origin": [22.60944, 36.39936, -4.8742],
							"size": [1.1016, 1.569, 1.513],
							"inflate": -0.3,
							"pivot": [21.0672, 7.4652, -9.6358],
							"rotation": [0, 0, -45],
							"uv": {
								"north": {"uv": [38, 52], "uv_size": [1, 2]},
								"east": {"uv": [8, 48], "uv_size": [2, 2]},
								"south": {"uv": [39, 52], "uv_size": [1, 2]},
								"west": {"uv": [48, 8], "uv_size": [2, 2]},
								"up": {"uv": [52, 39], "uv_size": [1, 2]},
								"down": {"uv": [40, 54], "uv_size": [1, -2]}
							}
						},
						{
							"origin": [-1.668, 29.7828, -4.8742],
							"size": [3.336, 0.999, 1.513],
							"inflate": -0.3,
							"uv": {
								"north": {"uv": [50, 10], "uv_size": [3, 1]},
								"east": {"uv": [52, 19], "uv_size": [2, 1]},
								"south": {"uv": [50, 11], "uv_size": [3, 1]},
								"west": {"uv": [52, 28], "uv_size": [2, 1]},
								"up": {"uv": [45, 12], "uv_size": [3, 2]},
								"down": {"uv": [45, 28], "uv_size": [3, -2]}
							}
						},
						{
							"origin": [-23.71104, 36.39936, -4.8742],
							"size": [1.1016, 1.569, 1.513],
							"inflate": -0.3,
							"pivot": [-21.0672, 7.4652, -9.6358],
							"rotation": [0, 0, 45],
							"uv": {
								"north": {"uv": [33, 52], "uv_size": [1, 2]},
								"east": {"uv": [4, 48], "uv_size": [2, 2]},
								"south": {"uv": [52, 33], "uv_size": [1, 2]},
								"west": {"uv": [48, 6], "uv_size": [2, 2]},
								"up": {"uv": [52, 35], "uv_size": [1, 2]},
								"down": {"uv": [52, 39], "uv_size": [1, -2]}
							}
						},
						{
							"origin": [22.60944, 18.50364, -3.1642],
							"size": [1.1016, 1.797, 11.829],
							"inflate": -0.3,
							"pivot": [21.0672, 49.0068, 2.1062],
							"rotation": [0, 0, 45],
							"uv": {
								"north": {"uv": [17, 52], "uv_size": [1, 2]},
								"east": {"uv": [35, 2], "uv_size": [12, 2]},
								"south": {"uv": [52, 17], "uv_size": [1, 2]},
								"west": {"uv": [35, 4], "uv_size": [12, 2]},
								"up": {"uv": [2, 39], "uv_size": [1, 12]},
								"down": {"uv": [3, 51], "uv_size": [1, -12]}
							}
						},
						{
							"origin": [-23.71104, 18.50364, -3.1642],
							"size": [1.1016, 1.797, 11.829],
							"inflate": -0.3,
							"pivot": [-21.0672, 49.0068, 2.1062],
							"rotation": [0, 0, -45],
							"uv": {
								"north": {"uv": [52, 15], "uv_size": [1, 2]},
								"east": {"uv": [34, 33], "uv_size": [12, 2]},
								"south": {"uv": [16, 52], "uv_size": [1, 2]},
								"west": {"uv": [35, 0], "uv_size": [12, 2]},
								"up": {"uv": [0, 39], "uv_size": [1, 12]},
								"down": {"uv": [1, 51], "uv_size": [1, -12]}
							}
						},
						{
							"origin": [-1.668, 25.6902, -3.1642],
							"size": [3.336, 0.999, 11.829],
							"inflate": -0.3,
							"uv": {
								"north": {"uv": [50, 6], "uv_size": [3, 1]},
								"east": {"uv": [38, 29], "uv_size": [12, 1]},
								"south": {"uv": [50, 7], "uv_size": [3, 1]},
								"west": {"uv": [35, 38], "uv_size": [12, 1]},
								"up": {"uv": [12, 22], "uv_size": [3, 12]},
								"down": {"uv": [15, 34], "uv_size": [3, -12]}
							}
						},
						{
							"origin": [1.8064, 28.7656, -5.1162],
							"size": [0.9016, 0.742, 0.8104],
							"inflate": -0.2,
							"pivot": [2.508, 27.8256, -4.0042],
							"rotation": [0, 0, -12],
							"uv": {
								"north": {"uv": [18, 53], "uv_size": [1, 1]},
								"east": {"uv": [53, 18], "uv_size": [1, 1]},
								"south": {"uv": [19, 53], "uv_size": [1, 1]},
								"west": {"uv": [53, 20], "uv_size": [1, 1]},
								"up": {"uv": [21, 53], "uv_size": [1, 1]},
								"down": {"uv": [53, 22], "uv_size": [1, -1]}
							}
						},
						{
							"origin": [1.8064, 27.6256, -4.2042],
							"size": [0.9016, 1.882, 5.0284],
							"inflate": -0.2,
							"pivot": [2.508, 27.8256, -4.0042],
							"rotation": [0, 0, -12],
							"uv": {
								"north": {"uv": [13, 52], "uv_size": [1, 2]},
								"east": {"uv": [39, 14], "uv_size": [5, 2]},
								"south": {"uv": [52, 13], "uv_size": [1, 2]},
								"west": {"uv": [39, 16], "uv_size": [5, 2]},
								"up": {"uv": [35, 45], "uv_size": [1, 5]},
								"down": {"uv": [36, 50], "uv_size": [1, -5]}
							}
						},
						{
							"origin": [1.396, 27.6256, -4.2042],
							"size": [1.312, 1.6996, 1.1296],
							"inflate": -0.2,
							"pivot": [2.508, 27.8256, -4.0042],
							"rotation": [38.65552, 0, -12.2651],
							"uv": {
								"north": {"uv": [7, 52], "uv_size": [1, 2]},
								"east": {"uv": [10, 52], "uv_size": [1, 2]},
								"south": {"uv": [11, 52], "uv_size": [1, 2]},
								"west": {"uv": [12, 52], "uv_size": [1, 2]},
								"up": {"uv": [53, 16], "uv_size": [1, 1]},
								"down": {"uv": [53, 18], "uv_size": [1, -1]}
							}
						},
						{
							"origin": [1.8064, 28.7656, -4.7742],
							"size": [0.9016, 0.742, 1.0384],
							"inflate": -0.2,
							"pivot": [2.508, 27.8256, -4.0042],
							"rotation": [0, 0, -12],
							"uv": {
								"north": {"uv": [53, 10], "uv_size": [1, 1]},
								"east": {"uv": [53, 11], "uv_size": [1, 1]},
								"south": {"uv": [53, 12], "uv_size": [1, 1]},
								"west": {"uv": [53, 13], "uv_size": [1, 1]},
								"up": {"uv": [53, 14], "uv_size": [1, 1]},
								"down": {"uv": [53, 16], "uv_size": [1, -1]}
							}
						},
						{
							"origin": [1.396, 28.9256, -4.2042],
							"size": [1.312, 0.5592, 0.6736],
							"inflate": -0.2,
							"pivot": [2.508, 27.8256, -4.0042],
							"rotation": [38.65552, 0, -12.2651],
							"uv": {
								"north": {"uv": [52, 1], "uv_size": [1, 1]},
								"east": {"uv": [52, 1], "uv_size": [1, 1]},
								"south": {"uv": [52, 1], "uv_size": [1, 1]},
								"west": {"uv": [52, 1], "uv_size": [1, 1]},
								"up": {"uv": [53, 2], "uv_size": [-1, -1]},
								"down": {"uv": [53, 2], "uv_size": [-1, -1]}
							}
						},
						{
							"origin": [-1.5892, 26.5184, 6.8648],
							"size": [3.1464, 3.2376, 0.912],
							"uv": {
								"north": {"uv": [35, 39], "uv_size": [3, 3]},
								"east": {"uv": [33, 46], "uv_size": [1, 3]},
								"south": {"uv": [38, 39], "uv_size": [3, 3]},
								"west": {"uv": [48, 10], "uv_size": [1, 3]},
								"up": {"uv": [48, 13], "uv_size": [3, 1]},
								"down": {"uv": [48, 22], "uv_size": [3, -1]}
							}
						}
					]
				},
				{
					"name": "scopepip",
					"parent": "main",
					"pivot": [0.08, 28.04, 3.93],
					"cubes": [
						{
							"origin": [-1.5642, 26.5184, 6.8898],
							"size": [3.0464, 3.0126, 0.912],
							"uv": {
								"north": {"uv": [35, 39], "uv_size": [3, 3]},
								"east": {"uv": [33, 46], "uv_size": [1, 3]},
								"south": {"uv": [38, 39], "uv_size": [3, 3]},
								"west": {"uv": [48, 10], "uv_size": [1, 3]},
								"up": {"uv": [48, 13], "uv_size": [3, 1]},
								"down": {"uv": [48, 22], "uv_size": [3, -1]}
							}
						}
					]
				},
				{
					"name": "_ca_scope",
					"parent": "main",
					"pivot": [-0.1, 25.68, -1.87],
					"cubes": [
						{
							"origin": [-0.38, 24.186, -2.1565],
							"size": [0.76, 0.76, 0.76],
							"uv": {
								"north": {"uv": [34, 41], "uv_size": [1, 1]},
								"east": {"uv": [10, 46], "uv_size": [1, 1]},
								"south": {"uv": [46, 37], "uv_size": [1, 1]},
								"west": {"uv": [51, 5], "uv_size": [1, 1]},
								"up": {"uv": [51, 13], "uv_size": [1, 1]},
								"down": {"uv": [45, 53], "uv_size": [1, -1]}
							}
						}
					]
				},
				{
					"name": "_cb_scope",
					"parent": "main",
					"pivot": [0, 30.66, 2.03],
					"cubes": [
						{
							"origin": [-0.44, 30.12, 0.53],
							"size": [0.8, 0.8, 0.8],
							"uv": {
								"north": {"uv": [60, 18], "uv_size": [1, 1]},
								"east": {"uv": [19, 58], "uv_size": [1, 1]},
								"south": {"uv": [58, 18], "uv_size": [1, 1]},
								"west": {"uv": [20, 58], "uv_size": [1, 1]},
								"up": {"uv": [58, 20], "uv_size": [1, 1]},
								"down": {"uv": [58, 21], "uv_size": [1, -1]}
							}
						}
					]
				},
				{
					"name": "scope",
					"parent": "main",
					"pivot": [-0.04, 28.18, 12.29],
					"cubes": [
						{
							"origin": [-0.52, 27.7, 12.11],
							"size": [0.96, 0.96, 0.96],
							"inflate": -0.4,
							"uv": {
								"north": {"uv": [52, 45], "uv_size": [1, 1]},
								"east": {"uv": [46, 52], "uv_size": [1, 1]},
								"south": {"uv": [52, 46], "uv_size": [1, 1]},
								"west": {"uv": [47, 52], "uv_size": [1, 1]},
								"up": {"uv": [52, 47], "uv_size": [1, 1]},
								"down": {"uv": [48, 53], "uv_size": [1, -1]}
							}
						}
					]
				}
			]
		}
	]
}