{
	"format_version": "1.12.0",
	"minecraft:geometry": [
		{
			"description": {
				"identifier": "geometry.unknown",
				"texture_width": 64,
				"texture_height": 64,
				"visible_bounds_width": 8,
				"visible_bounds_height": 6,
				"visible_bounds_offset": [0, 2, 0]
			},
			"bones": [
				{
					"name": "main",
					"pivot": [0, 20, 0]
				},
				{
					"name": "g11scope",
					"parent": "main",
					"pivot": [-1.8, -0.3, 7.5],
					"cubes": [
						{
							"origin": [-1.11275, 36.44975, -10.07525],
							"size": [2.2505, 1.5005, 16.5255],
							"inflate": 0.001,
							"uv": {
								"north": {"uv": [29, 32], "uv_size": [2, 2]},
								"east": {"uv": [0, 0], "uv_size": [21, 2]},
								"south": {"uv": [32, 29], "uv_size": [2, 2]},
								"west": {"uv": [0, 2], "uv_size": [21, 2]},
								"up": {"uv": [0, 4], "uv_size": [2, 21]},
								"down": {"uv": [2, 25], "uv_size": [2, -21]}
							}
						},
						{
							"origin": [-1.11275, 38.32475, -7.70025],
							"size": [2.2505, 0.7505, 1.5755],
							"inflate": 0.001,
							"pivot": [1.2, 39.075, -7.7],
							"rotation": [-46, 0, 0],
							"uv": {
								"north": {"uv": [43, 35], "uv_size": [2, 1]},
								"east": {"uv": [36, 43], "uv_size": [2, 1]},
								"south": {"uv": [43, 36], "uv_size": [2, 1]},
								"west": {"uv": [43, 37], "uv_size": [2, 1]},
								"up": {"uv": [36, 5], "uv_size": [2, 2]},
								"down": {"uv": [8, 38], "uv_size": [2, -2]}
							}
						},
						{
							"origin": [-1.11275, 38.19975, 2.42475],
							"size": [2.2505, 0.8755, 1.5755],
							"inflate": 0.001,
							"pivot": [1.2, 39.075, 4],
							"rotation": [46, 0, 0],
							"uv": {
								"north": {"uv": [43, 38], "uv_size": [2, 1]},
								"east": {"uv": [43, 39], "uv_size": [2, 1]},
								"south": {"uv": [40, 43], "uv_size": [2, 1]},
								"west": {"uv": [43, 40], "uv_size": [2, 1]},
								"up": {"uv": [36, 9], "uv_size": [2, 2]},
								"down": {"uv": [16, 38], "uv_size": [2, -2]}
							}
						},
						{
							"origin": [-0.86275, 37.94975, -10.07525],
							"size": [1.7505, 3.9005, 2.4505],
							"inflate": 0.001,
							"uv": {
								"north": {"uv": [16, 23], "uv_size": [2, 5]},
								"east": {"uv": [18, 23], "uv_size": [2, 5]},
								"south": {"uv": [20, 23], "uv_size": [2, 5]},
								"west": {"uv": [22, 23], "uv_size": [2, 5]},
								"up": {"uv": [31, 32], "uv_size": [2, 2]},
								"down": {"uv": [33, 2], "uv_size": [2, -2]}
							}
						},
						{
							"origin": [-1.11275, 41.84975, -10.07525],
							"size": [2.2505, 2.1255, 16.5255],
							"inflate": 0.001,
							"uv": {
								"north": {"uv": [33, 8], "uv_size": [2, 2]},
								"east": {"uv": [4, 4], "uv_size": [21, 2]},
								"south": {"uv": [10, 33], "uv_size": [2, 2]},
								"west": {"uv": [4, 6], "uv_size": [21, 2]},
								"up": {"uv": [4, 8], "uv_size": [2, 21]},
								"down": {"uv": [6, 29], "uv_size": [2, -21]}
							}
						},
						{
							"origin": [0.88725, 43.97475, -10.07525],
							"size": [0.2505, 1.1505, 16.5255],
							"inflate": 0.001,
							"pivot": [1.1375, 43.975, -14.375],
							"rotation": [0, 0, -77],
							"uv": {
								"north": {"uv": [42, 44], "uv_size": [1, 1]},
								"east": {"uv": [8, 8], "uv_size": [21, 1]},
								"south": {"uv": [44, 42], "uv_size": [1, 1]},
								"west": {"uv": [8, 9], "uv_size": [21, 1]},
								"up": {"uv": [8, 10], "uv_size": [1, 21]},
								"down": {"uv": [9, 31], "uv_size": [1, -21]}
							}
						},
						{
							"origin": [-1.11275, 43.97475, -10.07525],
							"size": [0.2505, 1.1505, 16.5255],
							"inflate": 0.001,
							"pivot": [-1.1125, 43.975, -14.375],
							"rotation": [0, 0, 77],
							"uv": {
								"north": {"uv": [43, 44], "uv_size": [1, 1]},
								"east": {"uv": [10, 10], "uv_size": [21, 1]},
								"south": {"uv": [44, 43], "uv_size": [1, 1]},
								"west": {"uv": [10, 11], "uv_size": [21, 1]},
								"up": {"uv": [10, 12], "uv_size": [1, 21]},
								"down": {"uv": [11, 33], "uv_size": [1, -21]}
							}
						},
						{
							"origin": [-1.11275, 40.69975, -10.07525],
							"size": [0.2505, 1.1505, 16.5255],
							"inflate": 0.001,
							"pivot": [-1.1125, 41.85, -14.375],
							"rotation": [0, 0, -77],
							"uv": {
								"north": {"uv": [45, 38], "uv_size": [1, 1]},
								"east": {"uv": [14, 14], "uv_size": [21, 1]},
								"south": {"uv": [39, 45], "uv_size": [1, 1]},
								"west": {"uv": [14, 15], "uv_size": [21, 1]},
								"up": {"uv": [14, 16], "uv_size": [1, 21]},
								"down": {"uv": [15, 37], "uv_size": [1, -21]}
							}
						},
						{
							"origin": [0.88725, 40.69975, -10.07525],
							"size": [0.2505, 1.1505, 16.5255],
							"inflate": 0.001,
							"pivot": [1.1375, 41.85, -14.375],
							"rotation": [0, 0, 77],
							"uv": {
								"north": {"uv": [45, 37], "uv_size": [1, 1]},
								"east": {"uv": [12, 12], "uv_size": [21, 1]},
								"south": {"uv": [38, 45], "uv_size": [1, 1]},
								"west": {"uv": [12, 13], "uv_size": [21, 1]},
								"up": {"uv": [12, 14], "uv_size": [1, 21]},
								"down": {"uv": [13, 35], "uv_size": [1, -21]}
							}
						},
						{
							"origin": [0.63725, 37.94975, -10.07525],
							"size": [0.5005, 1.1255, 2.4505],
							"inflate": 0.001,
							"uv": {
								"north": {"uv": [25, 19], "uv_size": [1, 1]},
								"east": {"uv": [34, 30], "uv_size": [2, 1]},
								"south": {"uv": [30, 2], "uv_size": [1, 1]},
								"west": {"uv": [40, 29], "uv_size": [2, 1]},
								"up": {"uv": [27, 3], "uv_size": [1, 2]},
								"down": {"uv": [15, 42], "uv_size": [1, -2]}
							}
						},
						{
							"origin": [-1.11275, 39.07475, -8.20025],
							"size": [0.3755, 2.7755, 0.5755],
							"inflate": 0.001,
							"uv": {
								"north": {"uv": [18, 35], "uv_size": [1, 3]},
								"east": {"uv": [2, 36], "uv_size": [1, 3]},
								"south": {"uv": [36, 16], "uv_size": [1, 3]},
								"west": {"uv": [36, 22], "uv_size": [1, 3]},
								"up": {"uv": [35, 9], "uv_size": [1, 1]},
								"down": {"uv": [35, 25], "uv_size": [1, -1]}
							}
						},
						{
							"origin": [-1.11275, 39.07475, -10.07525],
							"size": [0.3755, 2.7755, 0.5755],
							"inflate": 0.001,
							"uv": {
								"north": {"uv": [23, 36], "uv_size": [1, 3]},
								"east": {"uv": [24, 36], "uv_size": [1, 3]},
								"south": {"uv": [25, 36], "uv_size": [1, 3]},
								"west": {"uv": [26, 36], "uv_size": [1, 3]},
								"up": {"uv": [36, 11], "uv_size": [1, 1]},
								"down": {"uv": [38, 44], "uv_size": [1, -1]}
							}
						},
						{
							"origin": [-1.11275, 39.07475, 3.99975],
							"size": [0.5005, 2.7755, 0.5755],
							"inflate": 0.001,
							"uv": {
								"north": {"uv": [36, 29], "uv_size": [1, 3]},
								"east": {"uv": [30, 36], "uv_size": [1, 3]},
								"south": {"uv": [31, 36], "uv_size": [1, 3]},
								"west": {"uv": [32, 36], "uv_size": [1, 3]},
								"up": {"uv": [43, 42], "uv_size": [1, 1]},
								"down": {"uv": [43, 44], "uv_size": [1, -1]}
							}
						},
						{
							"origin": [-1.11275, 39.07475, 5.87475],
							"size": [0.5005, 2.7755, 0.5755],
							"inflate": 0.001,
							"uv": {
								"north": {"uv": [36, 26], "uv_size": [1, 3]},
								"east": {"uv": [27, 36], "uv_size": [1, 3]},
								"south": {"uv": [28, 36], "uv_size": [1, 3]},
								"west": {"uv": [29, 36], "uv_size": [1, 3]},
								"up": {"uv": [43, 41], "uv_size": [1, 1]},
								"down": {"uv": [42, 44], "uv_size": [1, -1]}
							}
						},
						{
							"origin": [0.63725, 39.07475, 5.87475],
							"size": [0.5005, 2.7755, 0.5755],
							"inflate": 0.001,
							"uv": {
								"north": {"uv": [11, 37], "uv_size": [1, 3]},
								"east": {"uv": [37, 11], "uv_size": [1, 3]},
								"south": {"uv": [12, 37], "uv_size": [1, 3]},
								"west": {"uv": [13, 37], "uv_size": [1, 3]},
								"up": {"uv": [44, 5], "uv_size": [1, 1]},
								"down": {"uv": [44, 7], "uv_size": [1, -1]}
							}
						},
						{
							"origin": [0.63725, 39.07475, 3.99975],
							"size": [0.5005, 2.7755, 0.5755],
							"inflate": 0.001,
							"uv": {
								"north": {"uv": [5, 37], "uv_size": [1, 3]},
								"east": {"uv": [6, 37], "uv_size": [1, 3]},
								"south": {"uv": [7, 37], "uv_size": [1, 3]},
								"west": {"uv": [10, 37], "uv_size": [1, 3]},
								"up": {"uv": [44, 3], "uv_size": [1, 1]},
								"down": {"uv": [44, 5], "uv_size": [1, -1]}
							}
						},
						{
							"origin": [0.63725, 39.07475, -8.20025],
							"size": [0.5005, 2.7755, 0.5755],
							"inflate": 0.001,
							"uv": {
								"north": {"uv": [36, 35], "uv_size": [1, 3]},
								"east": {"uv": [0, 37], "uv_size": [1, 3]},
								"south": {"uv": [37, 0], "uv_size": [1, 3]},
								"west": {"uv": [1, 37], "uv_size": [1, 3]},
								"up": {"uv": [2, 44], "uv_size": [1, 1]},
								"down": {"uv": [44, 3], "uv_size": [1, -1]}
							}
						},
						{
							"origin": [0.63725, 39.07475, -10.07525],
							"size": [0.5005, 2.7755, 0.5755],
							"inflate": 0.001,
							"uv": {
								"north": {"uv": [36, 32], "uv_size": [1, 3]},
								"east": {"uv": [33, 36], "uv_size": [1, 3]},
								"south": {"uv": [34, 36], "uv_size": [1, 3]},
								"west": {"uv": [35, 36], "uv_size": [1, 3]},
								"up": {"uv": [44, 0], "uv_size": [1, 1]},
								"down": {"uv": [44, 2], "uv_size": [1, -1]}
							}
						},
						{
							"origin": [0.63725, 38.94975, -9.32525],
							"size": [0.5005, 0.5005, 0.2005],
							"inflate": 0.001,
							"pivot": [0.95, 38.95, -9.2],
							"rotation": [45, 0, 0],
							"uv": {
								"north": {"uv": [44, 7], "uv_size": [1, 1]},
								"east": {"uv": [44, 8], "uv_size": [1, 1]},
								"south": {"uv": [44, 9], "uv_size": [1, 1]},
								"west": {"uv": [44, 10], "uv_size": [1, 1]},
								"up": {"uv": [44, 11], "uv_size": [1, 1]},
								"down": {"uv": [44, 13], "uv_size": [1, -1]}
							}
						},
						{
							"origin": [-1.23775, 37.19975, 5.12475],
							"size": [2.5005, 0.5005, 0.5005],
							"inflate": 0.001,
							"pivot": [1.325, 37.2, 5.5],
							"rotation": [45, 0, 0],
							"uv": {
								"north": {"uv": [40, 24], "uv_size": [3, 1]},
								"east": {"uv": [45, 40], "uv_size": [1, 1]},
								"south": {"uv": [40, 25], "uv_size": [3, 1]},
								"west": {"uv": [41, 45], "uv_size": [1, 1]},
								"up": {"uv": [40, 26], "uv_size": [3, 1]},
								"down": {"uv": [40, 28], "uv_size": [3, -1]}
							}
						},
						{
							"origin": [-1.23775, 37.19975, -8.95025],
							"size": [2.5005, 0.5005, 0.5005],
							"inflate": 0.001,
							"pivot": [1.325, 37.2, -8.575],
							"rotation": [45, 0, 0],
							"uv": {
								"north": {"uv": [40, 17], "uv_size": [3, 1]},
								"east": {"uv": [45, 39], "uv_size": [1, 1]},
								"south": {"uv": [40, 18], "uv_size": [3, 1]},
								"west": {"uv": [40, 45], "uv_size": [1, 1]},
								"up": {"uv": [19, 40], "uv_size": [3, 1]},
								"down": {"uv": [40, 24], "uv_size": [3, -1]}
							}
						},
						{
							"origin": [0.63725, 38.94975, -8.52525],
							"size": [0.5005, 0.5005, 0.2005],
							"inflate": 0.001,
							"pivot": [0.95, 38.95, -8.45],
							"rotation": [-45, 0, 0],
							"uv": {
								"north": {"uv": [44, 13], "uv_size": [1, 1]},
								"east": {"uv": [44, 14], "uv_size": [1, 1]},
								"south": {"uv": [15, 44], "uv_size": [1, 1]},
								"west": {"uv": [44, 15], "uv_size": [1, 1]},
								"up": {"uv": [44, 16], "uv_size": [1, 1]},
								"down": {"uv": [44, 18], "uv_size": [1, -1]}
							}
						},
						{
							"origin": [0.63725, 38.94975, 4.74975],
							"size": [0.5005, 0.5005, 0.2005],
							"inflate": 0.001,
							"pivot": [0.95, 38.95, 4.875],
							"rotation": [45, 0, 0],
							"uv": {
								"north": {"uv": [44, 22], "uv_size": [1, 1]},
								"east": {"uv": [23, 44], "uv_size": [1, 1]},
								"south": {"uv": [44, 23], "uv_size": [1, 1]},
								"west": {"uv": [24, 44], "uv_size": [1, 1]},
								"up": {"uv": [44, 24], "uv_size": [1, 1]},
								"down": {"uv": [25, 45], "uv_size": [1, -1]}
							}
						},
						{
							"origin": [0.63725, 38.94975, 5.54975],
							"size": [0.5005, 0.5005, 0.2005],
							"inflate": 0.001,
							"pivot": [0.95, 38.95, 5.625],
							"rotation": [-45, 0, 0],
							"uv": {
								"north": {"uv": [19, 44], "uv_size": [1, 1]},
								"east": {"uv": [44, 19], "uv_size": [1, 1]},
								"south": {"uv": [20, 44], "uv_size": [1, 1]},
								"west": {"uv": [44, 20], "uv_size": [1, 1]},
								"up": {"uv": [44, 21], "uv_size": [1, 1]},
								"down": {"uv": [22, 45], "uv_size": [1, -1]}
							}
						},
						{
							"origin": [-1.11275, 38.94975, 4.74975],
							"size": [0.5005, 0.5005, 0.2005],
							"inflate": 0.001,
							"pivot": [-0.925, 38.95, 4.875],
							"rotation": [45, 0, 0],
							"uv": {
								"north": {"uv": [37, 44], "uv_size": [1, 1]},
								"east": {"uv": [38, 44], "uv_size": [1, 1]},
								"south": {"uv": [39, 44], "uv_size": [1, 1]},
								"west": {"uv": [40, 44], "uv_size": [1, 1]},
								"up": {"uv": [41, 44], "uv_size": [1, 1]},
								"down": {"uv": [44, 42], "uv_size": [1, -1]}
							}
						},
						{
							"origin": [-1.11275, 38.94975, 5.54975],
							"size": [0.5005, 0.5005, 0.2005],
							"inflate": 0.001,
							"pivot": [-0.925, 38.95, 5.625],
							"rotation": [-45, 0, 0],
							"uv": {
								"north": {"uv": [32, 44], "uv_size": [1, 1]},
								"east": {"uv": [44, 32], "uv_size": [1, 1]},
								"south": {"uv": [44, 33], "uv_size": [1, 1]},
								"west": {"uv": [44, 34], "uv_size": [1, 1]},
								"up": {"uv": [35, 44], "uv_size": [1, 1]},
								"down": {"uv": [36, 45], "uv_size": [1, -1]}
							}
						},
						{
							"origin": [-1.11275, 38.94975, -9.32525],
							"size": [0.3755, 0.5005, 0.2005],
							"inflate": 0.001,
							"pivot": [-0.8, 38.95, -9.2],
							"rotation": [45, 0, 0],
							"uv": {
								"north": {"uv": [44, 28], "uv_size": [1, 1]},
								"east": {"uv": [29, 44], "uv_size": [1, 1]},
								"south": {"uv": [44, 29], "uv_size": [1, 1]},
								"west": {"uv": [30, 44], "uv_size": [1, 1]},
								"up": {"uv": [31, 44], "uv_size": [1, 1]},
								"down": {"uv": [44, 32], "uv_size": [1, -1]}
							}
						},
						{
							"origin": [-1.11275, 38.94975, -8.52525],
							"size": [0.3755, 0.5005, 0.2005],
							"inflate": 0.001,
							"pivot": [-0.8, 38.95, -8.45],
							"rotation": [-45, 0, 0],
							"uv": {
								"north": {"uv": [44, 25], "uv_size": [1, 1]},
								"east": {"uv": [26, 44], "uv_size": [1, 1]},
								"south": {"uv": [44, 26], "uv_size": [1, 1]},
								"west": {"uv": [27, 44], "uv_size": [1, 1]},
								"up": {"uv": [44, 27], "uv_size": [1, 1]},
								"down": {"uv": [28, 45], "uv_size": [1, -1]}
							}
						},
						{
							"origin": [0.63725, 37.94975, 3.99975],
							"size": [0.5005, 1.1255, 2.4505],
							"inflate": 0.001,
							"uv": {
								"north": {"uv": [3, 30], "uv_size": [1, 1]},
								"east": {"uv": [30, 40], "uv_size": [2, 1]},
								"south": {"uv": [30, 27], "uv_size": [1, 1]},
								"west": {"uv": [40, 30], "uv_size": [2, 1]},
								"up": {"uv": [22, 40], "uv_size": [1, 2]},
								"down": {"uv": [32, 42], "uv_size": [1, -2]}
							}
						},
						{
							"origin": [-1.11275, 37.94975, 3.99975],
							"size": [0.5005, 1.1255, 2.4505],
							"inflate": 0.001,
							"uv": {
								"north": {"uv": [33, 26], "uv_size": [1, 1]},
								"east": {"uv": [40, 36], "uv_size": [2, 1]},
								"south": {"uv": [34, 7], "uv_size": [1, 1]},
								"west": {"uv": [40, 37], "uv_size": [2, 1]},
								"up": {"uv": [40, 39], "uv_size": [1, 2]},
								"down": {"uv": [41, 4], "uv_size": [1, -2]}
							}
						},
						{
							"origin": [-1.11275, 37.94975, -10.07525],
							"size": [0.3755, 1.1255, 2.4505],
							"inflate": 0.001,
							"uv": {
								"north": {"uv": [31, 5], "uv_size": [1, 1]},
								"east": {"uv": [40, 31], "uv_size": [2, 1]},
								"south": {"uv": [31, 29], "uv_size": [1, 1]},
								"west": {"uv": [33, 40], "uv_size": [2, 1]},
								"up": {"uv": [40, 34], "uv_size": [1, 2]},
								"down": {"uv": [35, 42], "uv_size": [1, -2]}
							}
						},
						{
							"origin": [-0.86275, 37.94975, 3.99975],
							"size": [1.7505, 3.9005, 2.4505],
							"inflate": 0.001,
							"uv": {
								"north": {"uv": [24, 20], "uv_size": [2, 5]},
								"east": {"uv": [0, 25], "uv_size": [2, 5]},
								"south": {"uv": [25, 0], "uv_size": [2, 5]},
								"west": {"uv": [2, 25], "uv_size": [2, 5]},
								"up": {"uv": [33, 2], "uv_size": [2, 2]},
								"down": {"uv": [5, 35], "uv_size": [2, -2]}
							}
						},
						{
							"origin": [-1.28078, 41.07005, 7.51318],
							"size": [2.59983, 0.97034, 3.71007],
							"inflate": -0.3,
							"uv": {
								"north": {"uv": [36, 19], "uv_size": [3, 1]},
								"east": {"uv": [31, 24], "uv_size": [4, 1]},
								"south": {"uv": [37, 3], "uv_size": [3, 1]},
								"west": {"uv": [32, 31], "uv_size": [4, 1]},
								"up": {"uv": [16, 16], "uv_size": [3, 4]},
								"down": {"uv": [19, 20], "uv_size": [3, -4]}
							}
						},
						{
							"origin": [17.28801, 32.95963, 7.51318],
							"size": [1.04441, 1.54066, 3.71007],
							"inflate": -0.3,
							"pivot": [19.31379, 57.85013, 9.34265],
							"rotation": [0, 0, 45],
							"uv": {
								"north": {"uv": [3, 41], "uv_size": [1, 2]},
								"east": {"uv": [28, 6], "uv_size": [4, 2]},
								"south": {"uv": [4, 41], "uv_size": [1, 2]},
								"west": {"uv": [19, 28], "uv_size": [4, 2]},
								"up": {"uv": [24, 0], "uv_size": [1, 4]},
								"down": {"uv": [18, 35], "uv_size": [1, -4]}
							}
						},
						{
							"origin": [-19.1089, 35.13722, 7.51318],
							"size": [1.04441, 1.43697, 3.71007],
							"inflate": -0.3,
							"pivot": [-17.05349, 59.92403, 9.34265],
							"rotation": [0, 0, -45],
							"uv": {
								"north": {"uv": [44, 44], "uv_size": [1, 1]},
								"east": {"uv": [33, 4], "uv_size": [4, 1]},
								"south": {"uv": [0, 45], "uv_size": [1, 1]},
								"west": {"uv": [33, 12], "uv_size": [4, 1]},
								"up": {"uv": [2, 32], "uv_size": [1, 4]},
								"down": {"uv": [7, 37], "uv_size": [1, -4]}
							}
						},
						{
							"origin": [17.28801, 51.40523, 7.51318],
							"size": [1.04441, 1.54066, 3.71007],
							"inflate": -0.3,
							"pivot": [19.31379, 28.05539, 9.34265],
							"rotation": [0, 0, -45],
							"uv": {
								"north": {"uv": [41, 4], "uv_size": [1, 2]},
								"east": {"uv": [23, 28], "uv_size": [4, 2]},
								"south": {"uv": [5, 41], "uv_size": [1, 2]},
								"west": {"uv": [27, 28], "uv_size": [4, 2]},
								"up": {"uv": [33, 16], "uv_size": [1, 4]},
								"down": {"uv": [19, 37], "uv_size": [1, -4]}
							}
						},
						{
							"origin": [-19.1089, 49.33134, 7.51318],
							"size": [1.04441, 1.43697, 3.71007],
							"inflate": -0.3,
							"pivot": [-17.05349, 25.9815, 9.34265],
							"rotation": [0, 0, 45],
							"uv": {
								"north": {"uv": [45, 0], "uv_size": [1, 1]},
								"east": {"uv": [33, 13], "uv_size": [4, 1]},
								"south": {"uv": [1, 45], "uv_size": [1, 1]},
								"west": {"uv": [33, 20], "uv_size": [4, 1]},
								"up": {"uv": [20, 33], "uv_size": [1, 4]},
								"down": {"uv": [21, 37], "uv_size": [1, -4]}
							}
						},
						{
							"origin": [-1.87333, 41.65187, 7.51318],
							"size": [0.97034, 2.59106, 3.71007],
							"inflate": -0.3,
							"uv": {
								"north": {"uv": [14, 37], "uv_size": [1, 3]},
								"east": {"uv": [16, 20], "uv_size": [4, 3]},
								"south": {"uv": [37, 14], "uv_size": [1, 3]},
								"west": {"uv": [20, 20], "uv_size": [4, 3]},
								"up": {"uv": [22, 33], "uv_size": [1, 4]},
								"down": {"uv": [33, 36], "uv_size": [1, -4]}
							}
						},
						{
							"origin": [0.94125, 41.73081, 7.51318],
							"size": [1.04441, 2.43805, 3.71007],
							"inflate": -0.3,
							"uv": {
								"north": {"uv": [6, 41], "uv_size": [1, 2]},
								"east": {"uv": [4, 29], "uv_size": [4, 2]},
								"south": {"uv": [7, 41], "uv_size": [1, 2]},
								"west": {"uv": [29, 8], "uv_size": [4, 2]},
								"up": {"uv": [3, 34], "uv_size": [1, 4]},
								"down": {"uv": [4, 38], "uv_size": [1, -4]}
							}
						},
						{
							"origin": [-1.28078, 43.86513, 7.51318],
							"size": [2.59983, 0.97034, 3.71007],
							"inflate": -0.3,
							"uv": {
								"north": {"uv": [37, 4], "uv_size": [3, 1]},
								"east": {"uv": [33, 21], "uv_size": [4, 1]},
								"south": {"uv": [37, 7], "uv_size": [3, 1]},
								"west": {"uv": [33, 25], "uv_size": [4, 1]},
								"up": {"uv": [21, 0], "uv_size": [3, 4]},
								"down": {"uv": [22, 20], "uv_size": [3, -4]}
							}
						},
						{
							"origin": [-1.33357, 41.0023, 9.61634],
							"size": [2.69982, 0.98886, 0.99057],
							"inflate": -0.3,
							"uv": {
								"north": {"uv": [38, 5], "uv_size": [3, 1]},
								"east": {"uv": [45, 12], "uv_size": [1, 1]},
								"south": {"uv": [38, 6], "uv_size": [3, 1]},
								"west": {"uv": [13, 45], "uv_size": [1, 1]},
								"up": {"uv": [38, 15], "uv_size": [3, 1]},
								"down": {"uv": [38, 17], "uv_size": [3, -1]}
							}
						},
						{
							"origin": [18.16366, 32.48636, 9.61634],
							"size": [1.06663, 1.58769, 0.99057],
							"inflate": -0.3,
							"pivot": [20.27573, 58.60639, 8.64729],
							"rotation": [0, 0, 45],
							"uv": {
								"north": {"uv": [42, 35], "uv_size": [1, 2]},
								"east": {"uv": [42, 37], "uv_size": [1, 2]},
								"south": {"uv": [39, 42], "uv_size": [1, 2]},
								"west": {"uv": [42, 39], "uv_size": [1, 2]},
								"up": {"uv": [45, 11], "uv_size": [1, 1]},
								"down": {"uv": [12, 46], "uv_size": [1, -1]}
							}
						},
						{
							"origin": [-20.05309, 34.77283, 9.61634],
							"size": [1.06663, 1.47881, 0.99057],
							"inflate": -0.3,
							"pivot": [-17.90992, 60.78398, 8.64729],
							"rotation": [0, 0, -45],
							"uv": {
								"north": {"uv": [45, 8], "uv_size": [1, 1]},
								"east": {"uv": [9, 45], "uv_size": [1, 1]},
								"south": {"uv": [45, 9], "uv_size": [1, 1]},
								"west": {"uv": [10, 45], "uv_size": [1, 1]},
								"up": {"uv": [45, 10], "uv_size": [1, 1]},
								"down": {"uv": [11, 46], "uv_size": [1, -1]}
							}
						},
						{
							"origin": [18.16366, 51.85425, 9.61634],
							"size": [1.06663, 1.58769, 0.99057],
							"inflate": -0.3,
							"pivot": [20.27573, 27.32191, 8.64729],
							"rotation": [0, 0, -45],
							"uv": {
								"north": {"uv": [42, 31], "uv_size": [1, 2]},
								"east": {"uv": [32, 42], "uv_size": [1, 2]},
								"south": {"uv": [42, 33], "uv_size": [1, 2]},
								"west": {"uv": [35, 42], "uv_size": [1, 2]},
								"up": {"uv": [45, 7], "uv_size": [1, 1]},
								"down": {"uv": [8, 46], "uv_size": [1, -1]}
							}
						},
						{
							"origin": [-20.05309, 49.67665, 9.61634],
							"size": [1.06663, 1.47881, 0.99057],
							"inflate": -0.3,
							"pivot": [-17.90992, 25.14432, 8.64729],
							"rotation": [0, 0, 45],
							"uv": {
								"north": {"uv": [45, 4], "uv_size": [1, 1]},
								"east": {"uv": [5, 45], "uv_size": [1, 1]},
								"south": {"uv": [45, 5], "uv_size": [1, 1]},
								"west": {"uv": [6, 45], "uv_size": [1, 1]},
								"up": {"uv": [45, 6], "uv_size": [1, 1]},
								"down": {"uv": [7, 46], "uv_size": [1, -1]}
							}
						},
						{
							"origin": [-1.95574, 41.61322, 9.61634],
							"size": [0.98886, 2.69061, 0.99057],
							"inflate": -0.3,
							"uv": {
								"north": {"uv": [9, 38], "uv_size": [1, 3]},
								"east": {"uv": [38, 9], "uv_size": [1, 3]},
								"south": {"uv": [38, 12], "uv_size": [1, 3]},
								"west": {"uv": [16, 38], "uv_size": [1, 3]},
								"up": {"uv": [45, 3], "uv_size": [1, 1]},
								"down": {"uv": [4, 46], "uv_size": [1, -1]}
							}
						},
						{
							"origin": [0.99956, 41.6961, 9.61634],
							"size": [1.06663, 2.52995, 0.99057],
							"inflate": -0.3,
							"uv": {
								"north": {"uv": [38, 0], "uv_size": [1, 3]},
								"east": {"uv": [3, 38], "uv_size": [1, 3]},
								"south": {"uv": [4, 38], "uv_size": [1, 3]},
								"west": {"uv": [8, 38], "uv_size": [1, 3]},
								"up": {"uv": [45, 2], "uv_size": [1, 1]},
								"down": {"uv": [3, 46], "uv_size": [1, -1]}
							}
						},
						{
							"origin": [-1.33357, 43.93714, 9.61634],
							"size": [2.69982, 0.98886, 0.99057],
							"inflate": -0.3,
							"uv": {
								"north": {"uv": [37, 34], "uv_size": [3, 1]},
								"east": {"uv": [45, 1], "uv_size": [1, 1]},
								"south": {"uv": [37, 35], "uv_size": [3, 1]},
								"west": {"uv": [2, 45], "uv_size": [1, 1]},
								"up": {"uv": [37, 36], "uv_size": [3, 1]},
								"down": {"uv": [37, 38], "uv_size": [3, -1]}
							}
						},
						{
							"origin": [-1.33357, 41.0023, 8.11634],
							"size": [2.69982, 0.98886, 0.99057],
							"inflate": -0.3,
							"uv": {
								"north": {"uv": [38, 32], "uv_size": [3, 1]},
								"east": {"uv": [45, 24], "uv_size": [1, 1]},
								"south": {"uv": [38, 33], "uv_size": [3, 1]},
								"west": {"uv": [25, 45], "uv_size": [1, 1]},
								"up": {"uv": [39, 9], "uv_size": [3, 1]},
								"down": {"uv": [39, 11], "uv_size": [3, -1]}
							}
						},
						{
							"origin": [18.16366, 32.48636, 8.11634],
							"size": [1.06663, 1.58769, 0.99057],
							"inflate": -0.3,
							"pivot": [20.27573, 58.60639, 7.14729],
							"rotation": [0, 0, 45],
							"uv": {
								"north": {"uv": [3, 43], "uv_size": [1, 2]},
								"east": {"uv": [4, 43], "uv_size": [1, 2]},
								"south": {"uv": [43, 4], "uv_size": [1, 2]},
								"west": {"uv": [5, 43], "uv_size": [1, 2]},
								"up": {"uv": [45, 23], "uv_size": [1, 1]},
								"down": {"uv": [24, 46], "uv_size": [1, -1]}
							}
						},
						{
							"origin": [-20.05309, 34.77283, 8.11634],
							"size": [1.06663, 1.47881, 0.99057],
							"inflate": -0.3,
							"pivot": [-17.90992, 60.78398, 7.14729],
							"rotation": [0, 0, -45],
							"uv": {
								"north": {"uv": [45, 20], "uv_size": [1, 1]},
								"east": {"uv": [21, 45], "uv_size": [1, 1]},
								"south": {"uv": [45, 21], "uv_size": [1, 1]},
								"west": {"uv": [22, 45], "uv_size": [1, 1]},
								"up": {"uv": [45, 22], "uv_size": [1, 1]},
								"down": {"uv": [23, 46], "uv_size": [1, -1]}
							}
						},
						{
							"origin": [18.16366, 51.85425, 8.11634],
							"size": [1.06663, 1.58769, 0.99057],
							"inflate": -0.3,
							"pivot": [20.27573, 27.32191, 7.14729],
							"rotation": [0, 0, -45],
							"uv": {
								"north": {"uv": [42, 41], "uv_size": [1, 2]},
								"east": {"uv": [0, 43], "uv_size": [1, 2]},
								"south": {"uv": [43, 0], "uv_size": [1, 2]},
								"west": {"uv": [1, 43], "uv_size": [1, 2]},
								"up": {"uv": [45, 19], "uv_size": [1, 1]},
								"down": {"uv": [20, 46], "uv_size": [1, -1]}
							}
						},
						{
							"origin": [-20.05309, 49.67665, 8.11634],
							"size": [1.06663, 1.47881, 0.99057],
							"inflate": -0.3,
							"pivot": [-17.90992, 25.14432, 7.14729],
							"rotation": [0, 0, 45],
							"uv": {
								"north": {"uv": [45, 16], "uv_size": [1, 1]},
								"east": {"uv": [17, 45], "uv_size": [1, 1]},
								"south": {"uv": [45, 17], "uv_size": [1, 1]},
								"west": {"uv": [18, 45], "uv_size": [1, 1]},
								"up": {"uv": [45, 18], "uv_size": [1, 1]},
								"down": {"uv": [19, 46], "uv_size": [1, -1]}
							}
						},
						{
							"origin": [-1.95574, 41.61322, 8.11634],
							"size": [0.98886, 2.69061, 0.99057],
							"inflate": -0.3,
							"uv": {
								"north": {"uv": [37, 38], "uv_size": [1, 3]},
								"east": {"uv": [38, 38], "uv_size": [1, 3]},
								"south": {"uv": [39, 0], "uv_size": [1, 3]},
								"west": {"uv": [2, 39], "uv_size": [1, 3]},
								"up": {"uv": [45, 15], "uv_size": [1, 1]},
								"down": {"uv": [16, 46], "uv_size": [1, -1]}
							}
						},
						{
							"origin": [0.99956, 41.6961, 8.11634],
							"size": [1.06663, 2.52995, 0.99057],
							"inflate": -0.3,
							"uv": {
								"north": {"uv": [17, 38], "uv_size": [1, 3]},
								"east": {"uv": [18, 38], "uv_size": [1, 3]},
								"south": {"uv": [38, 29], "uv_size": [1, 3]},
								"west": {"uv": [36, 38], "uv_size": [1, 3]},
								"up": {"uv": [45, 14], "uv_size": [1, 1]},
								"down": {"uv": [15, 46], "uv_size": [1, -1]}
							}
						},
						{
							"origin": [-1.33357, 43.93714, 8.11634],
							"size": [2.69982, 0.98886, 0.99057],
							"inflate": -0.3,
							"uv": {
								"north": {"uv": [38, 20], "uv_size": [3, 1]},
								"east": {"uv": [45, 13], "uv_size": [1, 1]},
								"south": {"uv": [38, 21], "uv_size": [3, 1]},
								"west": {"uv": [14, 45], "uv_size": [1, 1]},
								"up": {"uv": [38, 22], "uv_size": [3, 1]},
								"down": {"uv": [38, 29], "uv_size": [3, -1]}
							}
						},
						{
							"origin": [-1.33357, 41.0023, 8.86634],
							"size": [2.69982, 0.98886, 0.99057],
							"inflate": -0.3,
							"uv": {
								"north": {"uv": [39, 19], "uv_size": [3, 1]},
								"east": {"uv": [45, 36], "uv_size": [1, 1]},
								"south": {"uv": [30, 39], "uv_size": [3, 1]},
								"west": {"uv": [37, 45], "uv_size": [1, 1]},
								"up": {"uv": [33, 39], "uv_size": [3, 1]},
								"down": {"uv": [39, 39], "uv_size": [3, -1]}
							}
						},
						{
							"origin": [18.16366, 32.48636, 8.86634],
							"size": [1.06663, 1.58769, 0.99057],
							"inflate": -0.3,
							"pivot": [20.27573, 58.60639, 7.89729],
							"rotation": [0, 0, 45],
							"uv": {
								"north": {"uv": [43, 8], "uv_size": [1, 2]},
								"east": {"uv": [9, 43], "uv_size": [1, 2]},
								"south": {"uv": [10, 43], "uv_size": [1, 2]},
								"west": {"uv": [43, 10], "uv_size": [1, 2]},
								"up": {"uv": [45, 35], "uv_size": [1, 1]},
								"down": {"uv": [36, 46], "uv_size": [1, -1]}
							}
						},
						{
							"origin": [-20.05309, 34.77283, 8.86634],
							"size": [1.06663, 1.47881, 0.99057],
							"inflate": -0.3,
							"pivot": [-17.90992, 60.78398, 7.89729],
							"rotation": [0, 0, -45],
							"uv": {
								"north": {"uv": [45, 32], "uv_size": [1, 1]},
								"east": {"uv": [33, 45], "uv_size": [1, 1]},
								"south": {"uv": [45, 33], "uv_size": [1, 1]},
								"west": {"uv": [34, 45], "uv_size": [1, 1]},
								"up": {"uv": [45, 34], "uv_size": [1, 1]},
								"down": {"uv": [35, 46], "uv_size": [1, -1]}
							}
						},
						{
							"origin": [18.16366, 51.85425, 8.86634],
							"size": [1.06663, 1.58769, 0.99057],
							"inflate": -0.3,
							"pivot": [20.27573, 27.32191, 7.89729],
							"rotation": [0, 0, -45],
							"uv": {
								"north": {"uv": [6, 43], "uv_size": [1, 2]},
								"east": {"uv": [43, 6], "uv_size": [1, 2]},
								"south": {"uv": [7, 43], "uv_size": [1, 2]},
								"west": {"uv": [8, 43], "uv_size": [1, 2]},
								"up": {"uv": [45, 31], "uv_size": [1, 1]},
								"down": {"uv": [32, 46], "uv_size": [1, -1]}
							}
						},
						{
							"origin": [-20.05309, 49.67665, 8.86634],
							"size": [1.06663, 1.47881, 0.99057],
							"inflate": -0.3,
							"pivot": [-17.90992, 25.14432, 7.89729],
							"rotation": [0, 0, 45],
							"uv": {
								"north": {"uv": [45, 28], "uv_size": [1, 1]},
								"east": {"uv": [29, 45], "uv_size": [1, 1]},
								"south": {"uv": [45, 29], "uv_size": [1, 1]},
								"west": {"uv": [30, 45], "uv_size": [1, 1]},
								"up": {"uv": [45, 30], "uv_size": [1, 1]},
								"down": {"uv": [31, 46], "uv_size": [1, -1]}
							}
						},
						{
							"origin": [-1.95574, 41.61322, 8.86634],
							"size": [0.98886, 2.69061, 0.99057],
							"inflate": -0.3,
							"uv": {
								"north": {"uv": [27, 39], "uv_size": [1, 3]},
								"east": {"uv": [28, 39], "uv_size": [1, 3]},
								"south": {"uv": [29, 39], "uv_size": [1, 3]},
								"west": {"uv": [39, 29], "uv_size": [1, 3]},
								"up": {"uv": [45, 27], "uv_size": [1, 1]},
								"down": {"uv": [28, 46], "uv_size": [1, -1]}
							}
						},
						{
							"origin": [0.99956, 41.6961, 8.86634],
							"size": [1.06663, 2.52995, 0.99057],
							"inflate": -0.3,
							"uv": {
								"north": {"uv": [23, 39], "uv_size": [1, 3]},
								"east": {"uv": [24, 39], "uv_size": [1, 3]},
								"south": {"uv": [25, 39], "uv_size": [1, 3]},
								"west": {"uv": [26, 39], "uv_size": [1, 3]},
								"up": {"uv": [45, 26], "uv_size": [1, 1]},
								"down": {"uv": [27, 46], "uv_size": [1, -1]}
							}
						},
						{
							"origin": [-1.33357, 43.93714, 8.86634],
							"size": [2.69982, 0.98886, 0.99057],
							"inflate": -0.3,
							"uv": {
								"north": {"uv": [39, 11], "uv_size": [3, 1]},
								"east": {"uv": [45, 25], "uv_size": [1, 1]},
								"south": {"uv": [39, 12], "uv_size": [3, 1]},
								"west": {"uv": [26, 45], "uv_size": [1, 1]},
								"up": {"uv": [39, 13], "uv_size": [3, 1]},
								"down": {"uv": [39, 15], "uv_size": [3, -1]}
							}
						},
						{
							"origin": [-22.06806, 50.38806, 10.53769],
							"size": [1.11458, 1.56912, 1.68416],
							"inflate": -0.3,
							"pivot": [-19.73549, 23.30403, 12.60866],
							"rotation": [0, 0, 45],
							"uv": {
								"north": {"uv": [8, 41], "uv_size": [1, 2]},
								"east": {"uv": [34, 5], "uv_size": [2, 2]},
								"south": {"uv": [9, 41], "uv_size": [1, 2]},
								"west": {"uv": [8, 34], "uv_size": [2, 2]},
								"up": {"uv": [12, 41], "uv_size": [1, 2]},
								"down": {"uv": [13, 43], "uv_size": [1, -2]}
							}
						},
						{
							"origin": [-22.06806, 33.95277, 10.53769],
							"size": [1.11458, 1.56912, 1.68416],
							"inflate": -0.3,
							"pivot": [-19.73549, 62.60591, 12.60866],
							"rotation": [0, 0, -45],
							"uv": {
								"north": {"uv": [14, 41], "uv_size": [1, 2]},
								"east": {"uv": [34, 10], "uv_size": [2, 2]},
								"south": {"uv": [41, 15], "uv_size": [1, 2]},
								"west": {"uv": [16, 34], "uv_size": [2, 2]},
								"up": {"uv": [16, 41], "uv_size": [1, 2]},
								"down": {"uv": [17, 43], "uv_size": [1, -2]}
							}
						},
						{
							"origin": [-2.11109, 41.49605, 10.53769],
							"size": [1.02881, 2.90544, 1.68416],
							"inflate": -0.3,
							"uv": {
								"north": {"uv": [15, 37], "uv_size": [1, 3]},
								"east": {"uv": [29, 19], "uv_size": [2, 3]},
								"south": {"uv": [19, 37], "uv_size": [1, 3]},
								"west": {"uv": [29, 22], "uv_size": [2, 3]},
								"up": {"uv": [18, 41], "uv_size": [1, 2]},
								"down": {"uv": [19, 43], "uv_size": [1, -2]}
							}
						},
						{
							"origin": [-1.42499, 40.82236, 10.53769],
							"size": [2.91559, 1.02881, 1.68416],
							"inflate": -0.3,
							"uv": {
								"north": {"uv": [37, 8], "uv_size": [3, 1]},
								"east": {"uv": [41, 6], "uv_size": [2, 1]},
								"south": {"uv": [37, 17], "uv_size": [3, 1]},
								"west": {"uv": [20, 41], "uv_size": [2, 1]},
								"up": {"uv": [0, 30], "uv_size": [3, 2]},
								"down": {"uv": [30, 2], "uv_size": [3, -2]}
							}
						},
						{
							"origin": [20.07572, 31.43135, 10.53769],
							"size": [1.11458, 1.68919, 1.68416],
							"inflate": -0.3,
							"pivot": [22.37399, 60.20456, 12.60866],
							"rotation": [0, 0, 45],
							"uv": {
								"north": {"uv": [41, 20], "uv_size": [1, 2]},
								"east": {"uv": [34, 16], "uv_size": [2, 2]},
								"south": {"uv": [30, 41], "uv_size": [1, 2]},
								"west": {"uv": [34, 18], "uv_size": [2, 2]},
								"up": {"uv": [31, 41], "uv_size": [1, 2]},
								"down": {"uv": [41, 34], "uv_size": [1, -2]}
							}
						},
						{
							"origin": [1.14789, 41.58745, 10.53769],
							"size": [1.11458, 2.72827, 1.68416],
							"inflate": -0.3,
							"uv": {
								"north": {"uv": [20, 37], "uv_size": [1, 3]},
								"east": {"uv": [19, 30], "uv_size": [2, 3]},
								"south": {"uv": [37, 20], "uv_size": [1, 3]},
								"west": {"uv": [21, 30], "uv_size": [2, 3]},
								"up": {"uv": [33, 41], "uv_size": [1, 2]},
								"down": {"uv": [34, 43], "uv_size": [1, -2]}
							}
						},
						{
							"origin": [-1.42499, 44.05877, 10.53769],
							"size": [2.91559, 1.02881, 1.68416],
							"inflate": -0.3,
							"uv": {
								"north": {"uv": [37, 18], "uv_size": [3, 1]},
								"east": {"uv": [41, 22], "uv_size": [2, 1]},
								"south": {"uv": [37, 23], "uv_size": [3, 1]},
								"west": {"uv": [41, 28], "uv_size": [2, 1]},
								"up": {"uv": [23, 30], "uv_size": [3, 2]},
								"down": {"uv": [30, 27], "uv_size": [3, -2]}
							}
						},
						{
							"origin": [20.07572, 52.78941, 10.53769],
							"size": [1.11458, 1.68919, 1.68416],
							"inflate": -0.3,
							"pivot": [22.37399, 25.70539, 12.60866],
							"rotation": [0, 0, -45],
							"uv": {
								"north": {"uv": [41, 34], "uv_size": [1, 2]},
								"east": {"uv": [34, 22], "uv_size": [2, 2]},
								"south": {"uv": [36, 41], "uv_size": [1, 2]},
								"west": {"uv": [23, 34], "uv_size": [2, 2]},
								"up": {"uv": [37, 41], "uv_size": [1, 2]},
								"down": {"uv": [38, 43], "uv_size": [1, -2]}
							}
						},
						{
							"origin": [-1.3875, 41.456, -11.14144],
							"size": [2.86875, 3.03525, 1.0375],
							"uv": {
								"north": {"uv": [16, 28], "uv_size": [3, 3]},
								"east": {"uv": [10, 40], "uv_size": [1, 3]},
								"south": {"uv": [28, 16], "uv_size": [3, 3]},
								"west": {"uv": [11, 40], "uv_size": [1, 3]},
								"up": {"uv": [40, 8], "uv_size": [3, 1]},
								"down": {"uv": [12, 41], "uv_size": [3, -1]}
							}
						},
						{
							"origin": [-22.06806, 50.38806, -11.53731],
							"size": [1.11458, 1.56912, 1.7625],
							"inflate": -0.3,
							"pivot": [-19.73549, 23.30403, -9.46634],
							"rotation": [0, 0, 45],
							"uv": {
								"north": {"uv": [43, 31], "uv_size": [1, 2]},
								"east": {"uv": [12, 35], "uv_size": [2, 2]},
								"south": {"uv": [33, 43], "uv_size": [1, 2]},
								"west": {"uv": [35, 14], "uv_size": [2, 2]},
								"up": {"uv": [43, 33], "uv_size": [1, 2]},
								"down": {"uv": [34, 45], "uv_size": [1, -2]}
							}
						},
						{
							"origin": [-1.42499, 44.05877, -11.53731],
							"size": [2.91559, 1.02881, 1.7625],
							"inflate": -0.3,
							"uv": {
								"north": {"uv": [5, 40], "uv_size": [3, 1]},
								"east": {"uv": [30, 43], "uv_size": [2, 1]},
								"south": {"uv": [40, 7], "uv_size": [3, 1]},
								"west": {"uv": [43, 30], "uv_size": [2, 1]},
								"up": {"uv": [23, 32], "uv_size": [3, 2]},
								"down": {"uv": [26, 34], "uv_size": [3, -2]}
							}
						},
						{
							"origin": [-2.11109, 41.49605, -11.53731],
							"size": [1.02881, 2.90544, 1.7625],
							"inflate": -0.3,
							"uv": {
								"north": {"uv": [1, 40], "uv_size": [1, 3]},
								"east": {"uv": [0, 32], "uv_size": [2, 3]},
								"south": {"uv": [40, 2], "uv_size": [1, 3]},
								"west": {"uv": [32, 5], "uv_size": [2, 3]},
								"up": {"uv": [43, 26], "uv_size": [1, 2]},
								"down": {"uv": [43, 30], "uv_size": [1, -2]}
							}
						},
						{
							"origin": [-22.06806, 33.95277, -11.53731],
							"size": [1.11458, 1.56912, 1.7625],
							"inflate": -0.3,
							"pivot": [-19.73549, 62.60591, -9.46634],
							"rotation": [0, 0, -45],
							"uv": {
								"north": {"uv": [43, 20], "uv_size": [1, 2]},
								"east": {"uv": [35, 7], "uv_size": [2, 2]},
								"south": {"uv": [21, 43], "uv_size": [1, 2]},
								"west": {"uv": [10, 35], "uv_size": [2, 2]},
								"up": {"uv": [43, 22], "uv_size": [1, 2]},
								"down": {"uv": [43, 26], "uv_size": [1, -2]}
							}
						},
						{
							"origin": [-1.42499, 40.82236, -11.53731],
							"size": [2.91559, 1.02881, 1.7625],
							"inflate": -0.3,
							"uv": {
								"north": {"uv": [40, 0], "uv_size": [3, 1]},
								"east": {"uv": [43, 18], "uv_size": [2, 1]},
								"south": {"uv": [40, 1], "uv_size": [3, 1]},
								"west": {"uv": [19, 43], "uv_size": [2, 1]},
								"up": {"uv": [31, 22], "uv_size": [3, 2]},
								"down": {"uv": [31, 29], "uv_size": [3, -2]}
							}
						},
						{
							"origin": [20.07572, 31.43135, -11.53731],
							"size": [1.11458, 1.68919, 1.7625],
							"inflate": -0.3,
							"pivot": [22.37399, 60.20456, -9.46634],
							"rotation": [0, 0, 45],
							"uv": {
								"north": {"uv": [16, 43], "uv_size": [1, 2]},
								"east": {"uv": [35, 2], "uv_size": [2, 2]},
								"south": {"uv": [43, 16], "uv_size": [1, 2]},
								"west": {"uv": [5, 35], "uv_size": [2, 2]},
								"up": {"uv": [17, 43], "uv_size": [1, 2]},
								"down": {"uv": [18, 45], "uv_size": [1, -2]}
							}
						},
						{
							"origin": [1.14789, 41.58745, -11.53731],
							"size": [1.11458, 2.72827, 1.7625],
							"inflate": -0.3,
							"uv": {
								"north": {"uv": [39, 39], "uv_size": [1, 3]},
								"east": {"uv": [31, 16], "uv_size": [2, 3]},
								"south": {"uv": [0, 40], "uv_size": [1, 3]},
								"west": {"uv": [31, 19], "uv_size": [2, 3]},
								"up": {"uv": [14, 43], "uv_size": [1, 2]},
								"down": {"uv": [43, 16], "uv_size": [1, -2]}
							}
						},
						{
							"origin": [20.07572, 52.78941, -11.53731],
							"size": [1.11458, 1.68919, 1.7625],
							"inflate": -0.3,
							"pivot": [22.37399, 25.70539, -9.46634],
							"rotation": [0, 0, -45],
							"uv": {
								"north": {"uv": [11, 43], "uv_size": [1, 2]},
								"east": {"uv": [0, 35], "uv_size": [2, 2]},
								"south": {"uv": [12, 43], "uv_size": [1, 2]},
								"west": {"uv": [35, 0], "uv_size": [2, 2]},
								"up": {"uv": [43, 12], "uv_size": [1, 2]},
								"down": {"uv": [13, 45], "uv_size": [1, -2]}
							}
						},
						{
							"origin": [-1.3875, 41.456, 11.375],
							"size": [2.86875, 3.03525, 0],
							"uv": {
								"north": {"uv": [25, 5], "uv_size": [3, 3]},
								"east": {"uv": [0, 0], "uv_size": [0, 3]},
								"south": {"uv": [25, 16], "uv_size": [3, 3]},
								"west": {"uv": [0, 0], "uv_size": [0, 3]},
								"up": {"uv": [0, 0], "uv_size": [3, 0]},
								"down": {"uv": [0, 0], "uv_size": [3, 0]}
							}
						},
						{
							"origin": [-1.3875, 41.456, 6.46875],
							"size": [2.86875, 3.03525, 0],
							"uv": {
								"north": {"uv": [26, 22], "uv_size": [3, 3]},
								"east": {"uv": [0, 0], "uv_size": [0, 3]},
								"south": {"uv": [27, 0], "uv_size": [3, 3]},
								"west": {"uv": [0, 0], "uv_size": [0, 3]},
								"up": {"uv": [0, 0], "uv_size": [3, 0]},
								"down": {"uv": [0, 0], "uv_size": [3, 0]}
							}
						},
						{
							"origin": [-22.06806, 50.38806, 6.16269],
							"size": [1.11458, 1.56912, 2.02166],
							"inflate": -0.3,
							"pivot": [-19.73549, 23.30403, 6.88366],
							"rotation": [0, 0, 45],
							"uv": {
								"north": {"uv": [27, 42], "uv_size": [1, 2]},
								"east": {"uv": [34, 32], "uv_size": [2, 2]},
								"south": {"uv": [28, 42], "uv_size": [1, 2]},
								"west": {"uv": [34, 34], "uv_size": [2, 2]},
								"up": {"uv": [29, 42], "uv_size": [1, 2]},
								"down": {"uv": [42, 31], "uv_size": [1, -2]}
							}
						},
						{
							"origin": [-22.06806, 33.95277, 6.16269],
							"size": [1.11458, 1.56912, 2.02166],
							"inflate": -0.3,
							"pivot": [-19.73549, 62.60591, 6.88366],
							"rotation": [0, 0, -45],
							"uv": {
								"north": {"uv": [23, 42], "uv_size": [1, 2]},
								"east": {"uv": [29, 34], "uv_size": [2, 2]},
								"south": {"uv": [24, 42], "uv_size": [1, 2]},
								"west": {"uv": [31, 34], "uv_size": [2, 2]},
								"up": {"uv": [25, 42], "uv_size": [1, 2]},
								"down": {"uv": [26, 44], "uv_size": [1, -2]}
							}
						},
						{
							"origin": [-2.11109, 41.49605, 6.16269],
							"size": [1.02881, 2.90544, 2.02166],
							"inflate": -0.3,
							"uv": {
								"north": {"uv": [37, 28], "uv_size": [1, 3]},
								"east": {"uv": [8, 31], "uv_size": [2, 3]},
								"south": {"uv": [37, 31], "uv_size": [1, 3]},
								"west": {"uv": [16, 31], "uv_size": [2, 3]},
								"up": {"uv": [42, 20], "uv_size": [1, 2]},
								"down": {"uv": [22, 44], "uv_size": [1, -2]}
							}
						},
						{
							"origin": [-1.42499, 40.82236, 6.16269],
							"size": [2.91559, 1.02881, 2.02166],
							"inflate": -0.3,
							"uv": {
								"north": {"uv": [37, 26], "uv_size": [3, 1]},
								"east": {"uv": [42, 19], "uv_size": [2, 1]},
								"south": {"uv": [37, 27], "uv_size": [3, 1]},
								"west": {"uv": [20, 42], "uv_size": [2, 1]},
								"up": {"uv": [5, 31], "uv_size": [3, 2]},
								"down": {"uv": [31, 12], "uv_size": [3, -2]}
							}
						},
						{
							"origin": [20.07572, 31.43135, 6.16269],
							"size": [1.11458, 1.68919, 2.02166],
							"inflate": -0.3,
							"pivot": [22.37399, 60.20456, 6.88366],
							"rotation": [0, 0, 45],
							"uv": {
								"north": {"uv": [42, 11], "uv_size": [1, 2]},
								"east": {"uv": [27, 34], "uv_size": [2, 2]},
								"south": {"uv": [42, 13], "uv_size": [1, 2]},
								"west": {"uv": [34, 28], "uv_size": [2, 2]},
								"up": {"uv": [15, 42], "uv_size": [1, 2]},
								"down": {"uv": [42, 17], "uv_size": [1, -2]}
							}
						},
						{
							"origin": [1.14789, 41.58745, 6.16269],
							"size": [1.11458, 2.72827, 2.02166],
							"inflate": -0.3,
							"uv": {
								"north": {"uv": [21, 37], "uv_size": [1, 3]},
								"east": {"uv": [31, 2], "uv_size": [2, 3]},
								"south": {"uv": [22, 37], "uv_size": [1, 3]},
								"west": {"uv": [3, 31], "uv_size": [2, 3]},
								"up": {"uv": [42, 4], "uv_size": [1, 2]},
								"down": {"uv": [42, 11], "uv_size": [1, -2]}
							}
						},
						{
							"origin": [-1.42499, 44.05877, 6.16269],
							"size": [2.91559, 1.02881, 2.02166],
							"inflate": -0.3,
							"uv": {
								"north": {"uv": [37, 24], "uv_size": [3, 1]},
								"east": {"uv": [42, 2], "uv_size": [2, 1]},
								"south": {"uv": [37, 25], "uv_size": [3, 1]},
								"west": {"uv": [42, 3], "uv_size": [2, 1]},
								"up": {"uv": [26, 30], "uv_size": [3, 2]},
								"down": {"uv": [29, 32], "uv_size": [3, -2]}
							}
						},
						{
							"origin": [20.07572, 52.78941, 6.16269],
							"size": [1.11458, 1.68919, 2.02166],
							"inflate": -0.3,
							"pivot": [22.37399, 25.70539, 6.88366],
							"rotation": [0, 0, -45],
							"uv": {
								"north": {"uv": [41, 39], "uv_size": [1, 2]},
								"east": {"uv": [25, 34], "uv_size": [2, 2]},
								"south": {"uv": [40, 41], "uv_size": [1, 2]},
								"west": {"uv": [34, 26], "uv_size": [2, 2]},
								"up": {"uv": [41, 41], "uv_size": [1, 2]},
								"down": {"uv": [2, 44], "uv_size": [1, -2]}
							}
						},
						{
							"origin": [-1.3875, 41.456, 7.48981],
							"size": [2.86875, 3.03525, 0],
							"uv": {
								"north": {"uv": [24, 25], "uv_size": [3, 3]},
								"east": {"uv": [0, 0], "uv_size": [0, 3]},
								"south": {"uv": [26, 19], "uv_size": [3, 3]},
								"west": {"uv": [0, 0], "uv_size": [0, 3]},
								"up": {"uv": [0, 0], "uv_size": [3, 0]},
								"down": {"uv": [0, 0], "uv_size": [3, 0]}
							}
						}
					]
				},
				{
					"name": "scopepip",
					"parent": "main",
					"pivot": [0.28, 44.94, 3.73],
					"cubes": [
						{
							"origin": [-1.47, 41.4848, 11.56],
							"size": [2.995, 2.9282, 0],
							"uv": {
								"north": {"uv": [27, 25], "uv_size": [3, 3]},
								"east": {"uv": [0, 0], "uv_size": [0, 3]},
								"south": {"uv": [28, 3], "uv_size": [3, 3]},
								"west": {"uv": [0, 0], "uv_size": [0, 3]},
								"up": {"uv": [0, 0], "uv_size": [3, 0]},
								"down": {"uv": [0, 0], "uv_size": [3, 0]}
							}
						}
					]
				},
				{
					"name": "scope",
					"parent": "main",
					"pivot": [-0.34, 35.78, 14.39],
					"cubes": [
						{
							"origin": [-0.42, 42.5, 17.11],
							"size": [0.96, 0.96, 0.96],
							"inflate": -0.4,
							"uv": {
								"north": {"uv": [45, 44], "uv_size": [1, 1]},
								"east": {"uv": [45, 45], "uv_size": [1, 1]},
								"south": {"uv": [0, 46], "uv_size": [1, 1]},
								"west": {"uv": [46, 0], "uv_size": [1, 1]},
								"up": {"uv": [1, 46], "uv_size": [1, 1]},
								"down": {"uv": [46, 2], "uv_size": [1, -1]}
							}
						}
					]
				},
				{
					"name": "_ca_scope",
					"parent": "main",
					"pivot": [0.1, 29.95, 2.15],
					"cubes": [
						{
							"origin": [-0.42, 36.75, -2.2],
							"size": [1, 1, 1],
							"uv": {
								"north": {"uv": [45, 41], "uv_size": [1, 1]},
								"east": {"uv": [42, 45], "uv_size": [1, 1]},
								"south": {"uv": [45, 42], "uv_size": [1, 1]},
								"west": {"uv": [43, 45], "uv_size": [1, 1]},
								"up": {"uv": [45, 43], "uv_size": [1, 1]},
								"down": {"uv": [44, 46], "uv_size": [1, -1]}
							}
						}
					]
				}
			]
		}
	]
}