{
	"format_version": "1.12.0",
	"minecraft:geometry": [
		{
			"description": {
				"identifier": "geometry.unknown",
				"texture_width": 16,
				"texture_height": 16,
				"visible_bounds_width": 8,
				"visible_bounds_height": 4,
				"visible_bounds_offset": [0, 1, 0]
			},
			"bones": [
				{
					"name": "main",
					"pivot": [0, 20, 0]
				},
				{
					"name": "bone17",
					"parent": "main",
					"pivot": [0.65, 21.4, 6.25],
					"cubes": [
						{
							"origin": [-2.55, 27.445, -0.05],
							"size": [2.55, 0.25, 2.375],
							"pivot": [-1.275, 27.57, 2.4],
							"rotation": [0, 0, 90],
							"uv": {
								"north": {"uv": [0, 9], "uv_size": [3, 1]},
								"east": {"uv": [6, 11], "uv_size": [2, 1]},
								"south": {"uv": [9, 0], "uv_size": [3, 1]},
								"west": {"uv": [8, 11], "uv_size": [2, 1]},
								"up": {"uv": [4, 0], "uv_size": [3, 2]},
								"down": {"uv": [0, 7], "uv_size": [3, -2]}
							}
						},
						{
							"origin": [0, 27.445, -0.05],
							"size": [2.55, 0.25, 2.375],
							"pivot": [1.275, 27.57, 2.4],
							"rotation": [0, 0, -90],
							"uv": {
								"north": {"uv": [9, 1], "uv_size": [3, 1]},
								"east": {"uv": [11, 8], "uv_size": [2, 1]},
								"south": {"uv": [9, 2], "uv_size": [3, 1]},
								"west": {"uv": [10, 11], "uv_size": [2, 1]},
								"up": {"uv": [3, 5], "uv_size": [3, 2]},
								"down": {"uv": [6, 4], "uv_size": [3, -2]}
							}
						},
						{
							"origin": [-1.075, 27.445, 2.3],
							"size": [1.075, 0.25, 2.375],
							"pivot": [-1.275, 27.57, 4.75],
							"rotation": [0, 0, 90],
							"uv": {
								"north": {"uv": [14, 3], "uv_size": [1, 1]},
								"east": {"uv": [0, 12], "uv_size": [2, 1]},
								"south": {"uv": [4, 14], "uv_size": [1, 1]},
								"west": {"uv": [12, 0], "uv_size": [2, 1]},
								"up": {"uv": [12, 1], "uv_size": [1, 2]},
								"down": {"uv": [2, 14], "uv_size": [1, -2]}
							}
						},
						{
							"origin": [0, 27.445, 2.3],
							"size": [1.075, 0.25, 2.375],
							"pivot": [1.275, 27.57, 4.75],
							"rotation": [0, 0, -90],
							"uv": {
								"north": {"uv": [5, 14], "uv_size": [1, 1]},
								"east": {"uv": [3, 12], "uv_size": [2, 1]},
								"south": {"uv": [14, 6], "uv_size": [1, 1]},
								"west": {"uv": [12, 3], "uv_size": [2, 1]},
								"up": {"uv": [12, 4], "uv_size": [1, 2]},
								"down": {"uv": [5, 14], "uv_size": [1, -2]}
							}
						},
						{
							"origin": [-1.575, 27.54159, 1.47144],
							"size": [1.175, 0.25, 2.075],
							"pivot": [-1.275, 27.66659, 2.65894],
							"rotation": [0, 60, 90],
							"uv": {
								"north": {"uv": [14, 7], "uv_size": [1, 1]},
								"east": {"uv": [6, 12], "uv_size": [2, 1]},
								"south": {"uv": [8, 14], "uv_size": [1, 1]},
								"west": {"uv": [12, 6], "uv_size": [2, 1]},
								"up": {"uv": [8, 12], "uv_size": [1, 2]},
								"down": {"uv": [9, 14], "uv_size": [1, -2]}
							}
						},
						{
							"origin": [0.4, 27.54159, 1.47144],
							"size": [1.175, 0.25, 2.075],
							"pivot": [1.275, 27.66659, 2.65894],
							"rotation": [0, -60, -90],
							"uv": {
								"north": {"uv": [9, 14], "uv_size": [1, 1]},
								"east": {"uv": [12, 7], "uv_size": [2, 1]},
								"south": {"uv": [14, 9], "uv_size": [1, 1]},
								"west": {"uv": [12, 9], "uv_size": [2, 1]},
								"up": {"uv": [10, 12], "uv_size": [1, 2]},
								"down": {"uv": [12, 12], "uv_size": [1, -2]}
							}
						},
						{
							"origin": [-1.2, 28.77, -0.05],
							"size": [2.4, 0.25, 2.375],
							"pivot": [0, 28.895, 1.1375],
							"rotation": [0, 0, -180],
							"uv": {
								"north": {"uv": [11, 12], "uv_size": [2, 1]},
								"east": {"uv": [0, 13], "uv_size": [2, 1]},
								"south": {"uv": [13, 1], "uv_size": [2, 1]},
								"west": {"uv": [13, 2], "uv_size": [2, 1]},
								"up": {"uv": [0, 7], "uv_size": [2, 2]},
								"down": {"uv": [7, 2], "uv_size": [2, -2]}
							}
						},
						{
							"origin": [-1.35225, 28.70534, -0.05],
							"size": [0.275, 0.175, 2.375],
							"pivot": [-1.21475, 28.83034, 1.1375],
							"rotation": [0, 0, 142.25],
							"uv": {
								"north": {"uv": [10, 14], "uv_size": [1, 1]},
								"east": {"uv": [3, 13], "uv_size": [2, 1]},
								"south": {"uv": [14, 10], "uv_size": [1, 1]},
								"west": {"uv": [13, 4], "uv_size": [2, 1]},
								"up": {"uv": [6, 13], "uv_size": [1, 2]},
								"down": {"uv": [7, 15], "uv_size": [1, -2]}
							}
						},
						{
							"origin": [1.07725, 28.70534, -0.05],
							"size": [0.275, 0.15, 2.375],
							"pivot": [1.21475, 28.83034, 1.1375],
							"rotation": [0, 0, -142.25],
							"uv": {
								"north": {"uv": [14, 11], "uv_size": [1, 1]},
								"east": {"uv": [13, 5], "uv_size": [2, 1]},
								"south": {"uv": [12, 14], "uv_size": [1, 1]},
								"west": {"uv": [13, 8], "uv_size": [2, 1]},
								"up": {"uv": [13, 10], "uv_size": [1, 2]},
								"down": {"uv": [11, 15], "uv_size": [1, -2]}
							}
						},
						{
							"origin": [-1.275, 26.37, 1.675],
							"size": [2.55, 0.775, 2.5],
							"uv": {
								"north": {"uv": [3, 9], "uv_size": [3, 1]},
								"east": {"uv": [12, 13], "uv_size": [2, 1]},
								"south": {"uv": [9, 3], "uv_size": [3, 1]},
								"west": {"uv": [13, 12], "uv_size": [2, 1]},
								"up": {"uv": [6, 4], "uv_size": [3, 2]},
								"down": {"uv": [6, 8], "uv_size": [3, -2]}
							}
						},
						{
							"origin": [-1.275, 26.52074, 3.91642],
							"size": [2.55, 0.4, 0.8],
							"pivot": [0, 26.72074, 4.31642],
							"rotation": [-45, 0, 0],
							"uv": {
								"north": {"uv": [9, 7], "uv_size": [3, 1]},
								"east": {"uv": [14, 14], "uv_size": [1, 1]},
								"south": {"uv": [9, 9], "uv_size": [3, 1]},
								"west": {"uv": [0, 15], "uv_size": [1, 1]},
								"up": {"uv": [0, 10], "uv_size": [3, 1]},
								"down": {"uv": [3, 11], "uv_size": [3, -1]}
							}
						},
						{
							"origin": [-1.275, 26.51497, 1.15222],
							"size": [2.55, 0.4, 0.8],
							"pivot": [0, 26.71497, 1.55222],
							"rotation": [-132.5, 0, 0],
							"uv": {
								"north": {"uv": [6, 10], "uv_size": [3, 1]},
								"east": {"uv": [15, 0], "uv_size": [1, 1]},
								"south": {"uv": [9, 10], "uv_size": [3, 1]},
								"west": {"uv": [1, 15], "uv_size": [1, 1]},
								"up": {"uv": [0, 11], "uv_size": [3, 1]},
								"down": {"uv": [3, 12], "uv_size": [3, -1]}
							}
						},
						{
							"origin": [0.6, 26.995, 3.425],
							"size": [0.5, 0.3, 0.5],
							"pivot": [0.7, 27.145, 3.825],
							"rotation": [0, 45, 0],
							"uv": {
								"north": {"uv": [16, 4], "uv_size": [-1, -1]},
								"east": {"uv": [16, 4], "uv_size": [-1, -1]},
								"south": {"uv": [16, 4], "uv_size": [-1, -1]},
								"west": {"uv": [16, 4], "uv_size": [-1, -1]},
								"up": {"uv": [15, 3], "uv_size": [1, 1]},
								"down": {"uv": [15, 3], "uv_size": [1, 1]}
							}
						},
						{
							"origin": [-0.8, 26.995, 3.425],
							"size": [0.5, 0.3, 0.5],
							"pivot": [-0.7, 27.145, 3.825],
							"rotation": [0, 45, 0],
							"uv": {
								"north": {"uv": [16, 4], "uv_size": [-1, -1]},
								"east": {"uv": [16, 4], "uv_size": [-1, -1]},
								"south": {"uv": [16, 4], "uv_size": [-1, -1]},
								"west": {"uv": [16, 4], "uv_size": [-1, -1]},
								"up": {"uv": [15, 3], "uv_size": [1, 1]},
								"down": {"uv": [15, 3], "uv_size": [1, 1]}
							}
						},
						{
							"origin": [-1.275, 26.37, 4.175],
							"size": [2.55, 0.4, 0.8],
							"uv": {
								"north": {"uv": [9, 4], "uv_size": [3, 1]},
								"east": {"uv": [13, 14], "uv_size": [1, 1]},
								"south": {"uv": [9, 5], "uv_size": [3, 1]},
								"west": {"uv": [14, 13], "uv_size": [1, 1]},
								"up": {"uv": [6, 9], "uv_size": [3, 1]},
								"down": {"uv": [9, 7], "uv_size": [3, -1]}
							}
						},
						{
							"origin": [-1.275, 26.17, 0.075],
							"size": [2.55, 0.775, 2.6],
							"uv": {
								"north": {"uv": [2, 7], "uv_size": [3, 1]},
								"east": {"uv": [2, 8], "uv_size": [3, 1]},
								"south": {"uv": [5, 8], "uv_size": [3, 1]},
								"west": {"uv": [8, 8], "uv_size": [3, 1]},
								"up": {"uv": [0, 2], "uv_size": [3, 3]},
								"down": {"uv": [3, 5], "uv_size": [3, -3]}
							}
						}
					]
				},
				{
					"name": "scope",
					"parent": "main",
					"pivot": [0.05, 27.75, 7.85],
					"cubes": [
						{
							"origin": [-0.45, 27.65, 9.85],
							"size": [1, 1, 1],
							"inflate": -0.4,
							"uv": {
								"north": {"uv": [5, 7], "uv_size": [1, 1]},
								"east": {"uv": [0, 14], "uv_size": [1, 1]},
								"south": {"uv": [14, 0], "uv_size": [1, 1]},
								"west": {"uv": [1, 14], "uv_size": [1, 1]},
								"up": {"uv": [2, 14], "uv_size": [1, 1]},
								"down": {"uv": [3, 15], "uv_size": [1, -1]}
							}
						}
					]
				},
				{
					"name": "_ca_scope",
					"parent": "main",
					"pivot": [0.1, 26.05, 4.75],
					"cubes": [
						{"origin": [-0.49, 26.45, 0.9], "size": [1, 1, 1], "uv": [0, 0]}
					]
				}
			]
		}
	]
}