{
	"format_version": "1.12.0",
	"minecraft:geometry": [
		{
			"description": {
				"identifier": "geometry.unknown",
				"texture_width": 16,
				"texture_height": 16,
				"visible_bounds_width": 8,
				"visible_bounds_height": 6,
				"visible_bounds_offset": [0, 2, 0]
			},
			"bones": [
				{
					"name": "main",
					"pivot": [0, 20, 0]
				},
				{
					"name": "gun22",
					"parent": "main",
					"pivot": [-0.8541, 32.61194, -5.277],
					"cubes": [
						{
							"origin": [-0.89568, 29.77306, -6.14975],
							"size": [2.33175, 0.90675, 6.3755],
							"inflate": 0.001,
							"uv": {
								"north": {"uv": [6, 0], "uv_size": [2, 1]},
								"east": {"uv": [2, 4], "uv_size": [4, 1]},
								"south": {"uv": [6, 1], "uv_size": [2, 1]},
								"west": {"uv": [4, 3], "uv_size": [4, 1]},
								"up": {"uv": [0, 0], "uv_size": [2, 4]},
								"down": {"uv": [2, 4], "uv_size": [2, -4]}
							}
						},
						{
							"origin": [-0.89568, 30.68181, -6.14975],
							"size": [2.33175, 0.3755, 3.46925],
							"inflate": 0.001,
							"uv": {
								"north": {"uv": [2, 6], "uv_size": [2, 1]},
								"east": {"uv": [2, 5], "uv_size": [3, 1]},
								"south": {"uv": [6, 2], "uv_size": [2, 1]},
								"west": {"uv": [5, 5], "uv_size": [3, 1]},
								"up": {"uv": [0, 4], "uv_size": [2, 3]},
								"down": {"uv": [4, 3], "uv_size": [2, -3]}
							}
						},
						{
							"origin": [-0.89568, 30.41949, -2.72571],
							"size": [2.33175, 0.438, 1.563],
							"inflate": 0.001,
							"pivot": [0.19207, 30.77912, -1.94421],
							"rotation": [-15, 0, 0],
							"uv": {
								"north": {"uv": [4, 6], "uv_size": [2, 1]},
								"east": {"uv": [11, 4], "uv_size": [1, 1]},
								"south": {"uv": [6, 4], "uv_size": [2, 1]},
								"west": {"uv": [11, 5], "uv_size": [1, 1]},
								"up": {"uv": [6, 6], "uv_size": [2, 1]},
								"down": {"uv": [0, 8], "uv_size": [2, -1]}
							}
						},
						{
							"origin": [-1.42942, 29.55431, -6.181],
							"size": [0.53175, 0.65675, 3.938],
							"inflate": 0.001,
							"uv": {
								"north": {"uv": [6, 11], "uv_size": [1, 1]},
								"east": {"uv": [2, 7], "uv_size": [2, 1]},
								"south": {"uv": [11, 6], "uv_size": [1, 1]},
								"west": {"uv": [4, 7], "uv_size": [2, 1]},
								"up": {"uv": [6, 7], "uv_size": [1, 2]},
								"down": {"uv": [7, 9], "uv_size": [1, -2]}
							}
						},
						{
							"origin": [-1.24192, 29.33556, -6.181],
							"size": [0.34425, 0.21925, 3.938],
							"inflate": 0.001,
							"uv": {
								"north": {"uv": [7, 11], "uv_size": [1, 1]},
								"east": {"uv": [0, 8], "uv_size": [2, 1]},
								"south": {"uv": [11, 7], "uv_size": [1, 1]},
								"west": {"uv": [8, 0], "uv_size": [2, 1]},
								"up": {"uv": [8, 1], "uv_size": [1, 2]},
								"down": {"uv": [2, 10], "uv_size": [1, -2]}
							}
						},
						{
							"origin": [-1.38893, 29.29164, -6.181],
							"size": [0.5005, 0.28175, 3.938],
							"inflate": 0.001,
							"pivot": [-1.34181, 29.43251, -2.30575],
							"rotation": [0, 0, -55],
							"uv": {
								"north": {"uv": [8, 11], "uv_size": [1, 1]},
								"east": {"uv": [3, 8], "uv_size": [2, 1]},
								"south": {"uv": [11, 8], "uv_size": [1, 1]},
								"west": {"uv": [8, 3], "uv_size": [2, 1]},
								"up": {"uv": [8, 4], "uv_size": [1, 2]},
								"down": {"uv": [5, 10], "uv_size": [1, -2]}
							}
						},
						{
							"origin": [-1.38893, 30.19198, -6.181],
							"size": [0.5005, 0.28175, 3.938],
							"inflate": 0.001,
							"pivot": [-1.34181, 30.33286, -2.30575],
							"rotation": [0, 0, 55],
							"uv": {
								"north": {"uv": [9, 11], "uv_size": [1, 1]},
								"east": {"uv": [8, 6], "uv_size": [2, 1]},
								"south": {"uv": [11, 9], "uv_size": [1, 1]},
								"west": {"uv": [8, 7], "uv_size": [2, 1]},
								"up": {"uv": [8, 8], "uv_size": [1, 2]},
								"down": {"uv": [0, 11], "uv_size": [1, -2]}
							}
						},
						{
							"origin": [-1.24192, 30.21056, -6.181],
							"size": [0.34425, 0.21925, 3.938],
							"inflate": 0.001,
							"uv": {
								"north": {"uv": [10, 11], "uv_size": [1, 1]},
								"east": {"uv": [9, 1], "uv_size": [2, 1]},
								"south": {"uv": [11, 11], "uv_size": [1, 1]},
								"west": {"uv": [9, 2], "uv_size": [2, 1]},
								"up": {"uv": [1, 9], "uv_size": [1, 2]},
								"down": {"uv": [3, 11], "uv_size": [1, -2]}
							}
						},
						{
							"origin": [1.43807, 30.21056, -6.08725],
							"size": [0.34425, 0.21925, 3.7505],
							"inflate": 0.001,
							"uv": {
								"north": {"uv": [12, 0], "uv_size": [1, 1]},
								"east": {"uv": [9, 4], "uv_size": [2, 1]},
								"south": {"uv": [2, 12], "uv_size": [1, 1]},
								"west": {"uv": [9, 5], "uv_size": [2, 1]},
								"up": {"uv": [4, 9], "uv_size": [1, 2]},
								"down": {"uv": [6, 11], "uv_size": [1, -2]}
							}
						},
						{
							"origin": [1.42883, 30.19198, -6.08725],
							"size": [0.5005, 0.28175, 3.7505],
							"inflate": 0.001,
							"pivot": [1.88221, 30.33286, -2.99325],
							"rotation": [0, 0, -55],
							"uv": {
								"north": {"uv": [12, 3], "uv_size": [1, 1]},
								"east": {"uv": [9, 8], "uv_size": [2, 1]},
								"south": {"uv": [12, 4], "uv_size": [1, 1]},
								"west": {"uv": [9, 9], "uv_size": [2, 1]},
								"up": {"uv": [7, 9], "uv_size": [1, 2]},
								"down": {"uv": [2, 12], "uv_size": [1, -2]}
							}
						},
						{
							"origin": [1.43807, 29.55431, -6.08725],
							"size": [0.53175, 0.65675, 3.7505],
							"inflate": 0.001,
							"uv": {
								"north": {"uv": [5, 12], "uv_size": [1, 1]},
								"east": {"uv": [10, 0], "uv_size": [2, 1]},
								"south": {"uv": [12, 5], "uv_size": [1, 1]},
								"west": {"uv": [10, 3], "uv_size": [2, 1]},
								"up": {"uv": [5, 10], "uv_size": [1, 2]},
								"down": {"uv": [10, 8], "uv_size": [1, -2]}
							}
						},
						{
							"origin": [1.42883, 29.29164, -6.08725],
							"size": [0.5005, 0.28175, 3.7505],
							"inflate": 0.001,
							"pivot": [1.88221, 29.43251, -2.99325],
							"rotation": [0, 0, 55],
							"uv": {
								"north": {"uv": [6, 12], "uv_size": [1, 1]},
								"east": {"uv": [8, 10], "uv_size": [2, 1]},
								"south": {"uv": [12, 6], "uv_size": [1, 1]},
								"west": {"uv": [10, 10], "uv_size": [2, 1]},
								"up": {"uv": [0, 11], "uv_size": [1, 2]},
								"down": {"uv": [1, 13], "uv_size": [1, -2]}
							}
						},
						{
							"origin": [1.43807, 29.33556, -6.08725],
							"size": [0.34425, 0.21925, 3.7505],
							"inflate": 0.001,
							"uv": {
								"north": {"uv": [7, 12], "uv_size": [1, 1]},
								"east": {"uv": [11, 1], "uv_size": [2, 1]},
								"south": {"uv": [12, 7], "uv_size": [1, 1]},
								"west": {"uv": [11, 2], "uv_size": [2, 1]},
								"up": {"uv": [3, 11], "uv_size": [1, 2]},
								"down": {"uv": [4, 13], "uv_size": [1, -2]}
							}
						},
						{
							"origin": [1.68807, 29.64806, -5.6185],
							"size": [0.3755, 0.3755, 0.3755],
							"inflate": 0.001,
							"pivot": [1.87582, 29.83581, -5.337],
							"rotation": [-45, 0, 0],
							"uv": {
								"north": {"uv": [13, 7], "uv_size": [1, 1]},
								"east": {"uv": [8, 13], "uv_size": [1, 1]},
								"south": {"uv": [13, 8], "uv_size": [1, 1]},
								"west": {"uv": [9, 13], "uv_size": [1, 1]},
								"up": {"uv": [13, 9], "uv_size": [1, 1]},
								"down": {"uv": [10, 14], "uv_size": [1, -1]}
							}
						},
						{
							"origin": [1.68807, 29.64806, -3.3685],
							"size": [0.3755, 0.3755, 0.3755],
							"inflate": 0.001,
							"pivot": [1.87582, 29.83581, -3.087],
							"rotation": [-45, 0, 0],
							"uv": {
								"north": {"uv": [13, 10], "uv_size": [1, 1]},
								"east": {"uv": [11, 13], "uv_size": [1, 1]},
								"south": {"uv": [13, 11], "uv_size": [1, 1]},
								"west": {"uv": [12, 13], "uv_size": [1, 1]},
								"up": {"uv": [13, 12], "uv_size": [1, 1]},
								"down": {"uv": [13, 14], "uv_size": [1, -1]}
							}
						}
					]
				},
				{
					"name": "gun2",
					"parent": "gun22",
					"pivot": [-1.1041, 33.11194, -5.0895],
					"cubes": [
						{
							"origin": [-0.53913, 30.98028, -6.11819],
							"size": [1.68081, 0.39956, 2.18081],
							"inflate": 0.001,
							"uv": {
								"north": {"uv": [8, 12], "uv_size": [1, 1]},
								"east": {"uv": [12, 8], "uv_size": [1, 1]},
								"south": {"uv": [9, 12], "uv_size": [1, 1]},
								"west": {"uv": [12, 9], "uv_size": [1, 1]},
								"up": {"uv": [10, 12], "uv_size": [1, 1]},
								"down": {"uv": [12, 11], "uv_size": [1, -1]}
							}
						},
						{
							"origin": [-0.53913, 30.86241, -3.97164],
							"size": [1.68081, 0.35269, 1.32925],
							"inflate": 0.001,
							"pivot": [0.30127, 31.15594, -3.30701],
							"rotation": [-14.5, 0, 0],
							"uv": {
								"north": {"uv": [11, 12], "uv_size": [1, 1]},
								"east": {"uv": [12, 11], "uv_size": [1, 1]},
								"south": {"uv": [12, 12], "uv_size": [1, 1]},
								"west": {"uv": [0, 13], "uv_size": [1, 1]},
								"up": {"uv": [13, 0], "uv_size": [1, 1]},
								"down": {"uv": [1, 14], "uv_size": [1, -1]}
							}
						},
						{
							"origin": [-0.5782, 31.38184, -6.49631],
							"size": [1.75894, 0.27456, 0.31363],
							"inflate": 0.001,
							"uv": {
								"north": {"uv": [13, 1], "uv_size": [1, 1]},
								"east": {"uv": [2, 13], "uv_size": [1, 1]},
								"south": {"uv": [13, 2], "uv_size": [1, 1]},
								"west": {"uv": [3, 13], "uv_size": [1, 1]},
								"up": {"uv": [13, 3], "uv_size": [1, 1]},
								"down": {"uv": [4, 14], "uv_size": [1, -1]}
							}
						},
						{
							"origin": [-0.46101, 31.24881, -6.26945],
							"size": [1.52456, 0.31363, 0.39175],
							"inflate": 0.001,
							"pivot": [0.30127, 31.50328, -6.11263],
							"rotation": [-45, 0, 0],
							"uv": {
								"north": {"uv": [13, 4], "uv_size": [1, 1]},
								"east": {"uv": [5, 13], "uv_size": [1, 1]},
								"south": {"uv": [13, 5], "uv_size": [1, 1]},
								"west": {"uv": [6, 13], "uv_size": [1, 1]},
								"up": {"uv": [13, 6], "uv_size": [1, 1]},
								"down": {"uv": [7, 14], "uv_size": [1, -1]}
							}
						},
						{
							"origin": [1.37805, 31.85059, -6.49631],
							"size": [0.27456, 1.75894, 0.31363],
							"inflate": 0.001,
							"uv": {
								"north": {"uv": [0, 14], "uv_size": [1, 1]},
								"east": {"uv": [14, 0], "uv_size": [1, 1]},
								"south": {"uv": [1, 14], "uv_size": [1, 1]},
								"west": {"uv": [14, 1], "uv_size": [1, 1]},
								"up": {"uv": [2, 14], "uv_size": [1, 1]},
								"down": {"uv": [14, 3], "uv_size": [1, -1]}
							}
						},
						{
							"origin": [-0.5782, 33.80684, -6.49631],
							"size": [1.75894, 0.27456, 0.31363],
							"inflate": 0.001,
							"uv": {
								"north": {"uv": [3, 14], "uv_size": [1, 1]},
								"east": {"uv": [14, 3], "uv_size": [1, 1]},
								"south": {"uv": [4, 14], "uv_size": [1, 1]},
								"west": {"uv": [14, 4], "uv_size": [1, 1]},
								"up": {"uv": [5, 14], "uv_size": [1, 1]},
								"down": {"uv": [14, 6], "uv_size": [1, -1]}
							}
						},
						{
							"origin": [-1.05007, 31.85059, -6.49631],
							"size": [0.27456, 1.75894, 0.31363],
							"inflate": 0.001,
							"uv": {
								"north": {"uv": [6, 14], "uv_size": [1, 1]},
								"east": {"uv": [14, 6], "uv_size": [1, 1]},
								"south": {"uv": [7, 14], "uv_size": [1, 1]},
								"west": {"uv": [14, 7], "uv_size": [1, 1]},
								"up": {"uv": [8, 14], "uv_size": [1, 1]},
								"down": {"uv": [14, 9], "uv_size": [1, -1]}
							}
						},
						{
							"origin": [1.56927, 33.57632, -6.49631],
							"size": [0.27456, 0.66519, 0.31363],
							"inflate": 0.001,
							"pivot": [1.70655, 33.36204, -6.3395],
							"rotation": [0, 0, -45],
							"uv": {
								"north": {"uv": [9, 14], "uv_size": [1, 1]},
								"east": {"uv": [14, 9], "uv_size": [1, 1]},
								"south": {"uv": [10, 14], "uv_size": [1, 1]},
								"west": {"uv": [14, 10], "uv_size": [1, 1]},
								"up": {"uv": [11, 14], "uv_size": [1, 1]},
								"down": {"uv": [14, 12], "uv_size": [1, -1]}
							}
						},
						{
							"origin": [-0.46788, 31.54209, -6.49631],
							"size": [0.27456, 0.66519, 0.31363],
							"inflate": 0.001,
							"pivot": [-0.3306, 31.32781, -6.3395],
							"rotation": [0, 0, -45],
							"uv": {
								"north": {"uv": [12, 14], "uv_size": [1, 1]},
								"east": {"uv": [14, 12], "uv_size": [1, 1]},
								"south": {"uv": [13, 14], "uv_size": [1, 1]},
								"west": {"uv": [14, 13], "uv_size": [1, 1]},
								"up": {"uv": [14, 14], "uv_size": [1, 1]},
								"down": {"uv": [0, 16], "uv_size": [1, -1]}
							}
						},
						{
							"origin": [0.79587, 31.54209, -6.49631],
							"size": [0.27456, 0.66519, 0.31363],
							"inflate": 0.001,
							"pivot": [0.93315, 31.32781, -6.3395],
							"rotation": [0, 0, 45],
							"uv": {
								"north": {"uv": [15, 0], "uv_size": [1, 1]},
								"east": {"uv": [1, 15], "uv_size": [1, 1]},
								"south": {"uv": [15, 1], "uv_size": [1, 1]},
								"west": {"uv": [2, 15], "uv_size": [1, 1]},
								"up": {"uv": [15, 2], "uv_size": [1, 1]},
								"down": {"uv": [3, 16], "uv_size": [1, -1]}
							}
						},
						{
							"origin": [-1.24138, 33.57622, -6.49631],
							"size": [0.27456, 0.66519, 0.31363],
							"inflate": 0.001,
							"pivot": [-1.1041, 33.36194, -6.3395],
							"rotation": [0, 0, 45],
							"uv": {
								"north": {"uv": [15, 3], "uv_size": [1, 1]},
								"east": {"uv": [4, 15], "uv_size": [1, 1]},
								"south": {"uv": [15, 4], "uv_size": [1, 1]},
								"west": {"uv": [5, 15], "uv_size": [1, 1]},
								"up": {"uv": [15, 5], "uv_size": [1, 1]},
								"down": {"uv": [6, 16], "uv_size": [1, -1]}
							}
						}
					]
				},
				{
					"name": "scope",
					"parent": "main",
					"pivot": [0.31, 31.88, 5.99],
					"cubes": [
						{
							"origin": [-0.18, 32.3, 4.11],
							"size": [1, 1, 1],
							"inflate": -0.4,
							"uv": {
								"north": {"uv": [60, 19], "uv_size": [1, 1]},
								"east": {"uv": [23, 56], "uv_size": [1, 1]},
								"south": {"uv": [58, 18], "uv_size": [1, 1]},
								"west": {"uv": [24, 57], "uv_size": [1, 1]},
								"up": {"uv": [58, 23], "uv_size": [1, 1]},
								"down": {"uv": [26, 60], "uv_size": [1, -1]}
							}
						}
					]
				},
				{
					"name": "_ca_scope",
					"parent": "main",
					"pivot": [0.1, 31.38, -3.87],
					"cubes": [
						{
							"origin": [0.02, 29.886, -4.1565],
							"size": [0.76, 0.76, 0.76],
							"uv": {
								"north": {"uv": [53, 14], "uv_size": [1, 1]},
								"east": {"uv": [15, 53], "uv_size": [1, 1]},
								"south": {"uv": [53, 15], "uv_size": [1, 1]},
								"west": {"uv": [16, 53], "uv_size": [1, 1]},
								"up": {"uv": [53, 16], "uv_size": [1, 1]},
								"down": {"uv": [17, 54], "uv_size": [1, -1]}
							}
						}
					]
				}
			]
		}
	]
}