{
	"format_version": "1.12.0",
	"minecraft:geometry": [
		{
			"description": {
				"identifier": "geometry.unknown",
				"texture_width": 128,
				"texture_height": 128,
				"visible_bounds_width": 9,
				"visible_bounds_height": 5,
				"visible_bounds_offset": [0, 0.5, 0]
			},
			"bones": [
				{
					"name": "main",
					"pivot": [0, 20, 0]
				},
				{
					"name": "pso",
					"parent": "main",
					"pivot": [0.2, 29.2, -6.55],
					"cubes": [
						{
							"origin": [-1.2504, 30.7734, -10.11],
							"size": [2.8572, 1.418, 7.8399],
							"inflate": -0.3,
							"uv": {
								"north": {"uv": [53, 50], "uv_size": [3, 1]},
								"east": {"uv": [50, 39], "uv_size": [8, 1]},
								"south": {"uv": [64, 30], "uv_size": [3, 1]},
								"west": {"uv": [53, 36], "uv_size": [8, 1]},
								"up": {"uv": [47, 46], "uv_size": [3, 8]},
								"down": {"uv": [6, 56], "uv_size": [3, -8]}
							}
						},
						{
							"origin": [-1.2504, 31.0734, -8.81],
							"size": [2.8572, 1.418, 3.4399],
							"inflate": -0.3,
							"uv": {
								"north": {"uv": [64, 43], "uv_size": [3, 1]},
								"east": {"uv": [65, 4], "uv_size": [3, 1]},
								"south": {"uv": [65, 5], "uv_size": [3, 1]},
								"west": {"uv": [65, 6], "uv_size": [3, 1]},
								"up": {"uv": [41, 53], "uv_size": [3, 3]},
								"down": {"uv": [9, 57], "uv_size": [3, -3]}
							}
						},
						{
							"origin": [-1.2504, 31.3734, -10.34],
							"size": [2.8572, 0.818, 0.83],
							"inflate": -0.3,
							"pivot": [1.32, 31.89, -9.81],
							"rotation": [28, 0, 0],
							"uv": {
								"north": {"uv": [65, 7], "uv_size": [3, 1]},
								"east": {"uv": [42, 70], "uv_size": [1, 1]},
								"south": {"uv": [12, 65], "uv_size": [3, 1]},
								"west": {"uv": [70, 43], "uv_size": [1, 1]},
								"up": {"uv": [17, 65], "uv_size": [3, 1]},
								"down": {"uv": [20, 66], "uv_size": [3, -1]}
							}
						},
						{
							"origin": [-1.2504, 30.6734, -10.65065],
							"size": [2.8572, 1.418, 0.9399],
							"inflate": -0.3,
							"pivot": [1.32, 31.79, -10.01],
							"rotation": [67, 0, 0],
							"uv": {
								"north": {"uv": [65, 20], "uv_size": [3, 1]},
								"east": {"uv": [70, 44], "uv_size": [1, 1]},
								"south": {"uv": [65, 21], "uv_size": [3, 1]},
								"west": {"uv": [45, 70], "uv_size": [1, 1]},
								"up": {"uv": [23, 65], "uv_size": [3, 1]},
								"down": {"uv": [65, 29], "uv_size": [3, -1]}
							}
						},
						{
							"origin": [-1.2504, 28.0186, -8.25065],
							"size": [2.8572, 1.418, 6.0399],
							"inflate": -0.3,
							"uv": {
								"north": {"uv": [29, 65], "uv_size": [3, 1]},
								"east": {"uv": [55, 31], "uv_size": [6, 1]},
								"south": {"uv": [65, 29], "uv_size": [3, 1]},
								"west": {"uv": [56, 52], "uv_size": [6, 1]},
								"up": {"uv": [9, 48], "uv_size": [3, 6]},
								"down": {"uv": [12, 54], "uv_size": [3, -6]}
							}
						},
						{
							"origin": [1.0496, 26.5186, -11.75065],
							"size": [1.0572, 2.9, 9.4399],
							"inflate": -0.3,
							"pivot": [1.8, 28.32, -8.07015],
							"rotation": [0, 0, -27],
							"uv": {
								"north": {"uv": [40, 64], "uv_size": [1, 3]},
								"east": {"uv": [47, 40], "uv_size": [9, 3]},
								"south": {"uv": [2, 65], "uv_size": [1, 3]},
								"west": {"uv": [47, 43], "uv_size": [9, 3]},
								"up": {"uv": [44, 53], "uv_size": [1, 9]},
								"down": {"uv": [12, 63], "uv_size": [1, -9]}
							}
						},
						{
							"origin": [1.2496, 27.0186, -5.35065],
							"size": [1.0572, 1.2, 3.0399],
							"inflate": -0.3,
							"pivot": [2, 27.92, -5.17015],
							"rotation": [0, 0, -67],
							"uv": {
								"north": {"uv": [70, 45], "uv_size": [1, 1]},
								"east": {"uv": [65, 31], "uv_size": [3, 1]},
								"south": {"uv": [46, 70], "uv_size": [1, 1]},
								"west": {"uv": [65, 32], "uv_size": [3, 1]},
								"up": {"uv": [7, 65], "uv_size": [1, 3]},
								"down": {"uv": [8, 68], "uv_size": [1, -3]}
							}
						},
						{
							"origin": [2.6328, 24.8186, -5.35065],
							"size": [0.8572, 1.93, 3],
							"inflate": -0.3,
							"pivot": [3.2, 26.42, -5.17015],
							"rotation": [0, 0, 29],
							"uv": {
								"north": {"uv": [56, 67], "uv_size": [1, 2]},
								"east": {"uv": [58, 8], "uv_size": [3, 2]},
								"south": {"uv": [57, 67], "uv_size": [1, 2]},
								"west": {"uv": [58, 10], "uv_size": [3, 2]},
								"up": {"uv": [65, 34], "uv_size": [1, 3]},
								"down": {"uv": [41, 68], "uv_size": [1, -3]}
							}
						},
						{
							"origin": [1.66, 24.9186, -5.35065],
							"size": [1.03, 1.23, 3],
							"inflate": -0.3,
							"pivot": [2, 25.82, -5.17015],
							"rotation": [0, 0, -32],
							"uv": {
								"north": {"uv": [70, 46], "uv_size": [1, 1]},
								"east": {"uv": [65, 46], "uv_size": [3, 1]},
								"south": {"uv": [47, 70], "uv_size": [1, 1]},
								"west": {"uv": [65, 47], "uv_size": [3, 1]},
								"up": {"uv": [42, 65], "uv_size": [1, 3]},
								"down": {"uv": [45, 68], "uv_size": [1, -3]}
							}
						},
						{
							"origin": [2.4328, 25.2186, -5.35065],
							"size": [0.8572, 1.23, 3],
							"inflate": -0.3,
							"pivot": [3.2, 26.42, -5.17015],
							"rotation": [0, 0, 29],
							"uv": {
								"north": {"uv": [70, 47], "uv_size": [1, 1]},
								"east": {"uv": [58, 65], "uv_size": [3, 1]},
								"south": {"uv": [49, 70], "uv_size": [1, 1]},
								"west": {"uv": [64, 65], "uv_size": [3, 1]},
								"up": {"uv": [46, 65], "uv_size": [1, 3]},
								"down": {"uv": [3, 69], "uv_size": [1, -3]}
							}
						},
						{
							"origin": [1.4496, 26.5186, -11.05065],
							"size": [0.7572, 2.9, 0.9399],
							"inflate": -0.3,
							"pivot": [1.8, 28.32, -8.07015],
							"rotation": [0, 0, -27],
							"uv": {
								"north": {"uv": [4, 66], "uv_size": [1, 3]},
								"east": {"uv": [10, 66], "uv_size": [1, 3]},
								"south": {"uv": [11, 66], "uv_size": [1, 3]},
								"west": {"uv": [12, 66], "uv_size": [1, 3]},
								"up": {"uv": [50, 70], "uv_size": [1, 1]},
								"down": {"uv": [70, 51], "uv_size": [1, -1]}
							}
						},
						{
							"origin": [1.4496, 26.5186, -9.75065],
							"size": [0.7572, 2.9, 0.9399],
							"inflate": -0.3,
							"pivot": [1.8, 28.32, -6.77015],
							"rotation": [0, 0, -27],
							"uv": {
								"north": {"uv": [13, 66], "uv_size": [1, 3]},
								"east": {"uv": [14, 66], "uv_size": [1, 3]},
								"south": {"uv": [17, 66], "uv_size": [1, 3]},
								"west": {"uv": [18, 66], "uv_size": [1, 3]},
								"up": {"uv": [51, 70], "uv_size": [1, 1]},
								"down": {"uv": [70, 52], "uv_size": [1, -1]}
							}
						},
						{
							"origin": [1.4496, 27.4186, -3.95065],
							"size": [0.7572, 2, 0.9399],
							"inflate": -0.3,
							"pivot": [1.8, 28.32, -0.97015],
							"rotation": [0, 0, -27],
							"uv": {
								"north": {"uv": [58, 67], "uv_size": [1, 2]},
								"east": {"uv": [67, 58], "uv_size": [1, 2]},
								"south": {"uv": [67, 60], "uv_size": [1, 2]},
								"west": {"uv": [61, 67], "uv_size": [1, 2]},
								"up": {"uv": [70, 52], "uv_size": [1, 1]},
								"down": {"uv": [53, 71], "uv_size": [1, -1]}
							}
						},
						{
							"origin": [1.4496, 27.4186, -5.25065],
							"size": [0.7572, 2, 0.9399],
							"inflate": -0.3,
							"pivot": [1.8, 28.32, -2.27015],
							"rotation": [0, 0, -27],
							"uv": {
								"north": {"uv": [67, 62], "uv_size": [1, 2]},
								"east": {"uv": [63, 67], "uv_size": [1, 2]},
								"south": {"uv": [64, 67], "uv_size": [1, 2]},
								"west": {"uv": [65, 67], "uv_size": [1, 2]},
								"up": {"uv": [54, 70], "uv_size": [1, 1]},
								"down": {"uv": [70, 55], "uv_size": [1, -1]}
							}
						},
						{
							"origin": [0.0576, 28.7644, -8.25065],
							"size": [2.3016, 2.6746, 6.0399],
							"inflate": -0.3,
							"uv": {
								"north": {"uv": [5, 58], "uv_size": [2, 3]},
								"east": {"uv": [15, 48], "uv_size": [6, 3]},
								"south": {"uv": [58, 12], "uv_size": [2, 3]},
								"west": {"uv": [21, 48], "uv_size": [6, 3]},
								"up": {"uv": [45, 48], "uv_size": [2, 6]},
								"down": {"uv": [15, 57], "uv_size": [2, -6]}
							}
						},
						{
							"origin": [0.2576, 29.225, -5.35065],
							"size": [2.2016, 1.015, 1],
							"inflate": -0.3,
							"pivot": [2.2592, 29.94, -5.0507],
							"rotation": [-44, 0, 0],
							"uv": {
								"north": {"uv": [48, 54], "uv_size": [2, 1]},
								"east": {"uv": [55, 70], "uv_size": [1, 1]},
								"south": {"uv": [67, 65], "uv_size": [2, 1]},
								"west": {"uv": [70, 55], "uv_size": [1, 1]},
								"up": {"uv": [66, 67], "uv_size": [2, 1]},
								"down": {"uv": [67, 67], "uv_size": [2, -1]}
							}
						},
						{
							"origin": [1.8576, 29.325, -5.35065],
							"size": [0.7016, 0.915, 0.9],
							"inflate": -0.3,
							"pivot": [2.2592, 29.94, -5.1507],
							"rotation": [-44, 0, 0],
							"uv": {
								"north": {"uv": [70, 56], "uv_size": [1, 1]},
								"east": {"uv": [57, 70], "uv_size": [1, 1]},
								"south": {"uv": [58, 70], "uv_size": [1, 1]},
								"west": {"uv": [70, 58], "uv_size": [1, 1]},
								"up": {"uv": [59, 70], "uv_size": [1, 1]},
								"down": {"uv": [70, 60], "uv_size": [1, -1]}
							}
						},
						{
							"origin": [0.2576, 29.0644, -7.65065],
							"size": [2.2016, 1.1746, 2.9],
							"inflate": -0.3,
							"uv": {
								"north": {"uv": [68, 4], "uv_size": [2, 1]},
								"east": {"uv": [66, 14], "uv_size": [3, 1]},
								"south": {"uv": [68, 5], "uv_size": [2, 1]},
								"west": {"uv": [66, 15], "uv_size": [3, 1]},
								"up": {"uv": [13, 58], "uv_size": [2, 3]},
								"down": {"uv": [58, 18], "uv_size": [2, -3]}
							}
						},
						{
							"origin": [0.9576, 28.0644, -7.65065],
							"size": [1.5016, 1.6746, 1.9],
							"inflate": -0.3,
							"uv": {
								"north": {"uv": [60, 26], "uv_size": [2, 2]},
								"east": {"uv": [60, 37], "uv_size": [2, 2]},
								"south": {"uv": [60, 44], "uv_size": [2, 2]},
								"west": {"uv": [60, 50], "uv_size": [2, 2]},
								"up": {"uv": [5, 61], "uv_size": [2, 2]},
								"down": {"uv": [61, 10], "uv_size": [2, -2]}
							}
						},
						{
							"origin": [1.5576, 27.1644, -7.65065],
							"size": [0.9016, 1.5746, 1.9],
							"inflate": -0.3,
							"uv": {
								"north": {"uv": [2, 68], "uv_size": [1, 2]},
								"east": {"uv": [9, 61], "uv_size": [2, 2]},
								"south": {"uv": [68, 6], "uv_size": [1, 2]},
								"west": {"uv": [61, 10], "uv_size": [2, 2]},
								"up": {"uv": [7, 68], "uv_size": [1, 2]},
								"down": {"uv": [8, 70], "uv_size": [1, -2]}
							}
						},
						{
							"origin": [1.6576, 24.8644, -11.75065],
							"size": [1.3016, 2.4746, 3],
							"inflate": -0.3,
							"uv": {
								"north": {"uv": [9, 68], "uv_size": [1, 2]},
								"east": {"uv": [58, 18], "uv_size": [3, 2]},
								"south": {"uv": [68, 12], "uv_size": [1, 2]},
								"west": {"uv": [58, 28], "uv_size": [3, 2]},
								"up": {"uv": [19, 66], "uv_size": [1, 3]},
								"down": {"uv": [20, 69], "uv_size": [1, -3]}
							}
						},
						{
							"origin": [1.9576, 20.7644, -11.75065],
							"size": [0.9016, 4.7746, 3],
							"inflate": -0.3,
							"uv": {
								"north": {"uv": [32, 59], "uv_size": [1, 5]},
								"east": {"uv": [50, 32], "uv_size": [3, 5]},
								"south": {"uv": [39, 59], "uv_size": [1, 5]},
								"west": {"uv": [50, 46], "uv_size": [3, 5]},
								"up": {"uv": [21, 66], "uv_size": [1, 3]},
								"down": {"uv": [22, 69], "uv_size": [1, -3]}
							}
						},
						{
							"origin": [2.0576, 20.4644, -11.05065],
							"size": [0.9016, 5.0746, 0.9],
							"inflate": -0.3,
							"uv": {
								"north": {"uv": [40, 59], "uv_size": [1, 5]},
								"east": {"uv": [7, 60], "uv_size": [1, 5]},
								"south": {"uv": [8, 60], "uv_size": [1, 5]},
								"west": {"uv": [29, 60], "uv_size": [1, 5]},
								"up": {"uv": [60, 70], "uv_size": [1, 1]},
								"down": {"uv": [70, 61], "uv_size": [1, -1]}
							}
						},
						{
							"origin": [2.0576, 19.8644, -9.75065],
							"size": [0.9016, 5.6746, 0.9],
							"inflate": -0.3,
							"uv": {
								"north": {"uv": [7, 34], "uv_size": [1, 6]},
								"east": {"uv": [6, 42], "uv_size": [1, 6]},
								"south": {"uv": [43, 56], "uv_size": [1, 6]},
								"west": {"uv": [11, 57], "uv_size": [1, 6]},
								"up": {"uv": [70, 61], "uv_size": [1, 1]},
								"down": {"uv": [70, 63], "uv_size": [1, -1]}
							}
						},
						{
							"origin": [2.2576, 19.3644, -5.25065],
							"size": [0.7016, 6.4746, 0.9],
							"inflate": -0.3,
							"uv": {
								"north": {"uv": [47, 57], "uv_size": [1, 6]},
								"east": {"uv": [33, 58], "uv_size": [1, 6]},
								"south": {"uv": [34, 58], "uv_size": [1, 6]},
								"west": {"uv": [35, 58], "uv_size": [1, 6]},
								"up": {"uv": [63, 70], "uv_size": [1, 1]},
								"down": {"uv": [70, 64], "uv_size": [1, -1]}
							}
						},
						{
							"origin": [2.2576, 19.3644, -4.95065],
							"size": [0.7016, 0.8746, 1.6],
							"inflate": -0.3,
							"uv": {
								"north": {"uv": [64, 70], "uv_size": [1, 1]},
								"east": {"uv": [68, 16], "uv_size": [2, 1]},
								"south": {"uv": [66, 70], "uv_size": [1, 1]},
								"west": {"uv": [68, 17], "uv_size": [2, 1]},
								"up": {"uv": [68, 20], "uv_size": [1, 2]},
								"down": {"uv": [23, 70], "uv_size": [1, -2]}
							}
						},
						{
							"origin": [2.0576, 19.8, -3.95065],
							"size": [0.9016, 5.9746, 0.9],
							"inflate": -0.3,
							"uv": {
								"north": {"uv": [36, 58], "uv_size": [1, 6]},
								"east": {"uv": [37, 58], "uv_size": [1, 6]},
								"south": {"uv": [38, 58], "uv_size": [1, 6]},
								"west": {"uv": [48, 58], "uv_size": [1, 6]},
								"up": {"uv": [67, 70], "uv_size": [1, 1]},
								"down": {"uv": [68, 71], "uv_size": [1, -1]}
							}
						},
						{
							"origin": [1.7576, 21.5644, -11.75065],
							"size": [0.9016, 0.8746, 3],
							"inflate": -0.3,
							"uv": {
								"north": {"uv": [69, 70], "uv_size": [1, 1]},
								"east": {"uv": [66, 22], "uv_size": [3, 1]},
								"south": {"uv": [70, 69], "uv_size": [1, 1]},
								"west": {"uv": [23, 66], "uv_size": [3, 1]},
								"up": {"uv": [66, 23], "uv_size": [1, 3]},
								"down": {"uv": [26, 69], "uv_size": [1, -3]}
							}
						},
						{
							"origin": [1.9576, 20.7644, -5.35065],
							"size": [0.9016, 5.7746, 3],
							"inflate": -0.3,
							"uv": {
								"north": {"uv": [49, 58], "uv_size": [1, 6]},
								"east": {"uv": [27, 48], "uv_size": [3, 6]},
								"south": {"uv": [50, 58], "uv_size": [1, 6]},
								"west": {"uv": [30, 48], "uv_size": [3, 6]},
								"up": {"uv": [27, 66], "uv_size": [1, 3]},
								"down": {"uv": [28, 69], "uv_size": [1, -3]}
							}
						},
						{
							"origin": [1.9576, 19.0644, -5.35065],
							"size": [0.9016, 2.3, 3],
							"inflate": -0.3,
							"pivot": [2.5592, 21.06, -2.6506],
							"rotation": [-36, 0, 0],
							"uv": {
								"north": {"uv": [68, 23], "uv_size": [1, 2]},
								"east": {"uv": [58, 34], "uv_size": [3, 2]},
								"south": {"uv": [24, 68], "uv_size": [1, 2]},
								"west": {"uv": [58, 39], "uv_size": [3, 2]},
								"up": {"uv": [29, 66], "uv_size": [1, 3]},
								"down": {"uv": [30, 69], "uv_size": [1, -3]}
							}
						},
						{
							"origin": [2.2484, 19.0644, -3.25065],
							"size": [0.7016, 1.11, 0.9],
							"inflate": -0.3,
							"pivot": [2.6592, 21.06, -2.6506],
							"rotation": [-36, 0, 0],
							"uv": {
								"north": {"uv": [70, 70], "uv_size": [1, 1]},
								"east": {"uv": [71, 0], "uv_size": [1, 1]},
								"south": {"uv": [71, 1], "uv_size": [1, 1]},
								"west": {"uv": [71, 2], "uv_size": [1, 1]},
								"up": {"uv": [3, 71], "uv_size": [1, 1]},
								"down": {"uv": [71, 4], "uv_size": [1, -1]}
							}
						},
						{
							"origin": [1.9576, 17.5644, -11.74935],
							"size": [0.9016, 3.8, 2],
							"inflate": -0.3,
							"pivot": [2.5592, 21.06, -11.4494],
							"rotation": [64, 0, 0],
							"uv": {
								"north": {"uv": [13, 61], "uv_size": [1, 4]},
								"east": {"uv": [13, 54], "uv_size": [2, 4]},
								"south": {"uv": [14, 61], "uv_size": [1, 4]},
								"west": {"uv": [56, 0], "uv_size": [2, 4]},
								"up": {"uv": [25, 68], "uv_size": [1, 2]},
								"down": {"uv": [68, 30], "uv_size": [1, -2]}
							}
						},
						{
							"origin": [2.2576, 18.3644, -11.74935],
							"size": [0.7016, 2.2, 0.9],
							"inflate": -0.3,
							"pivot": [2.6592, 21.06, -11.4494],
							"rotation": [64, 0, 0],
							"uv": {
								"north": {"uv": [68, 31], "uv_size": [1, 2]},
								"east": {"uv": [41, 68], "uv_size": [1, 2]},
								"south": {"uv": [42, 68], "uv_size": [1, 2]},
								"west": {"uv": [45, 68], "uv_size": [1, 2]},
								"up": {"uv": [4, 71], "uv_size": [1, 1]},
								"down": {"uv": [71, 5], "uv_size": [1, -1]}
							}
						},
						{
							"origin": [2.2576, 18.3, -11.74935],
							"size": [0.7016, 0.7, 0.8],
							"inflate": -0.3,
							"pivot": [2.6592, 21.06, -11.4494],
							"rotation": [64, 0, 0],
							"uv": {
								"north": {"uv": [71, 5], "uv_size": [1, 1]},
								"east": {"uv": [6, 71], "uv_size": [1, 1]},
								"south": {"uv": [7, 71], "uv_size": [1, 1]},
								"west": {"uv": [71, 8], "uv_size": [1, 1]},
								"up": {"uv": [71, 9], "uv_size": [1, 1]},
								"down": {"uv": [10, 72], "uv_size": [1, -1]}
							}
						},
						{
							"origin": [2.2576, 19.9, -11.74935],
							"size": [0.7016, 0.7, 0.7],
							"inflate": -0.3,
							"pivot": [2.6592, 21.06, -11.4494],
							"rotation": [64, 0, 0],
							"uv": {
								"north": {"uv": [71, 10], "uv_size": [1, 1]},
								"east": {"uv": [11, 71], "uv_size": [1, 1]},
								"south": {"uv": [71, 11], "uv_size": [1, 1]},
								"west": {"uv": [12, 71], "uv_size": [1, 1]},
								"up": {"uv": [71, 12], "uv_size": [1, 1]},
								"down": {"uv": [13, 72], "uv_size": [1, -1]}
							}
						},
						{
							"origin": [1.7576, 21.5644, -5.35065],
							"size": [0.9016, 0.8746, 3],
							"inflate": -0.3,
							"uv": {
								"north": {"uv": [71, 13], "uv_size": [1, 1]},
								"east": {"uv": [66, 26], "uv_size": [3, 1]},
								"south": {"uv": [14, 71], "uv_size": [1, 1]},
								"west": {"uv": [66, 27], "uv_size": [3, 1]},
								"up": {"uv": [31, 66], "uv_size": [1, 3]},
								"down": {"uv": [32, 69], "uv_size": [1, -3]}
							}
						},
						{
							"origin": [1.9576, 20.7644, -9.35065],
							"size": [0.9016, 1.6746, 4.6],
							"inflate": -0.3,
							"uv": {
								"north": {"uv": [46, 68], "uv_size": [1, 2]},
								"east": {"uv": [53, 34], "uv_size": [5, 2]},
								"south": {"uv": [68, 46], "uv_size": [1, 2]},
								"west": {"uv": [53, 46], "uv_size": [5, 2]},
								"up": {"uv": [30, 60], "uv_size": [1, 5]},
								"down": {"uv": [31, 65], "uv_size": [1, -5]}
							}
						},
						{
							"origin": [1.9576, 19.3644, -8.85065],
							"size": [0.9016, 2, 5.5],
							"inflate": -0.3,
							"uv": {
								"north": {"uv": [68, 50], "uv_size": [1, 2]},
								"east": {"uv": [53, 48], "uv_size": [5, 2]},
								"south": {"uv": [53, 68], "uv_size": [1, 2]},
								"west": {"uv": [50, 53], "uv_size": [5, 2]},
								"up": {"uv": [41, 60], "uv_size": [1, 5]},
								"down": {"uv": [42, 65], "uv_size": [1, -5]}
							}
						},
						{
							"origin": [1.4576, 27.8644, -7.65065],
							"size": [0.7016, 0.8746, 1.9],
							"inflate": -0.3,
							"uv": {
								"north": {"uv": [71, 14], "uv_size": [1, 1]},
								"east": {"uv": [68, 18], "uv_size": [2, 1]},
								"south": {"uv": [71, 15], "uv_size": [1, 1]},
								"west": {"uv": [68, 25], "uv_size": [2, 1]},
								"up": {"uv": [54, 68], "uv_size": [1, 2]},
								"down": {"uv": [55, 70], "uv_size": [1, -2]}
							}
						},
						{
							"origin": [-1.9192, 28.6753, -8.25065],
							"size": [2.618, 2.8473, 6.0399],
							"inflate": -0.3,
							"uv": {
								"north": {"uv": [27, 54], "uv_size": [3, 3]},
								"east": {"uv": [33, 48], "uv_size": [6, 3]},
								"south": {"uv": [30, 54], "uv_size": [3, 3]},
								"west": {"uv": [39, 48], "uv_size": [6, 3]},
								"up": {"uv": [0, 50], "uv_size": [3, 6]},
								"down": {"uv": [3, 56], "uv_size": [3, -6]}
							}
						},
						{
							"origin": [-1.2192, 30.7753, -4.55065],
							"size": [2.818, 1.0473, 2.3399],
							"inflate": -0.3,
							"uv": {
								"north": {"uv": [33, 66], "uv_size": [3, 1]},
								"east": {"uv": [68, 52], "uv_size": [2, 1]},
								"south": {"uv": [66, 34], "uv_size": [3, 1]},
								"west": {"uv": [68, 58], "uv_size": [2, 1]},
								"up": {"uv": [58, 41], "uv_size": [3, 2]},
								"down": {"uv": [58, 48], "uv_size": [3, -2]}
							}
						},
						{
							"origin": [-21.37292, 37.34308, -8.25065],
							"size": [1.1016, 1.54468, 6.0399],
							"inflate": -0.3,
							"pivot": [-19.0916, 10.9496, -6.57015],
							"rotation": [0, 0, 45],
							"uv": {
								"north": {"uv": [68, 59], "uv_size": [1, 2]},
								"east": {"uv": [50, 37], "uv_size": [6, 2]},
								"south": {"uv": [68, 61], "uv_size": [1, 2]},
								"west": {"uv": [17, 51], "uv_size": [6, 2]},
								"up": {"uv": [51, 58], "uv_size": [1, 6]},
								"down": {"uv": [52, 64], "uv_size": [1, -6]}
							}
						},
						{
							"origin": [19.60812, 39.68388, -8.25065],
							"size": [1.2016, 1.66172, 6.0399],
							"inflate": -0.3,
							"pivot": [21.956, 13.2904, -6.57015],
							"rotation": [0, 0, -45],
							"uv": {
								"north": {"uv": [66, 68], "uv_size": [1, 2]},
								"east": {"uv": [33, 51], "uv_size": [6, 2]},
								"south": {"uv": [67, 68], "uv_size": [1, 2]},
								"west": {"uv": [39, 51], "uv_size": [6, 2]},
								"up": {"uv": [53, 58], "uv_size": [1, 6]},
								"down": {"uv": [58, 59], "uv_size": [1, -6]}
							}
						},
						{
							"origin": [-21.37292, 21.32224, -8.25065],
							"size": [1.4016, 1.54468, 6.0399],
							"inflate": -0.3,
							"pivot": [-19.0916, 49.2604, -6.57015],
							"rotation": [0, 0, -45],
							"uv": {
								"north": {"uv": [68, 67], "uv_size": [1, 2]},
								"east": {"uv": [50, 51], "uv_size": [6, 2]},
								"south": {"uv": [3, 69], "uv_size": [1, 2]},
								"west": {"uv": [52, 8], "uv_size": [6, 2]},
								"up": {"uv": [54, 58], "uv_size": [1, 6]},
								"down": {"uv": [55, 64], "uv_size": [1, -6]}
							}
						},
						{
							"origin": [19.20812, 18.8644, -8.25065],
							"size": [1.6016, 1.66172, 6.0399],
							"inflate": -0.3,
							"pivot": [21.956, 46.9196, -6.57015],
							"rotation": [0, 0, 45],
							"uv": {
								"north": {"uv": [15, 61], "uv_size": [2, 2]},
								"east": {"uv": [52, 10], "uv_size": [6, 2]},
								"south": {"uv": [61, 18], "uv_size": [2, 2]},
								"west": {"uv": [52, 12], "uv_size": [6, 2]},
								"up": {"uv": [23, 51], "uv_size": [2, 6]},
								"down": {"uv": [25, 57], "uv_size": [2, -6]}
							}
						},
						{
							"origin": [-1.95158, 28.67281, -2.90566],
							"size": [1.02636, 2.89225, 0.8447],
							"inflate": -0.3,
							"uv": {
								"north": {"uv": [66, 35], "uv_size": [1, 3]},
								"east": {"uv": [36, 66], "uv_size": [1, 3]},
								"south": {"uv": [37, 66], "uv_size": [1, 3]},
								"west": {"uv": [38, 66], "uv_size": [1, 3]},
								"up": {"uv": [71, 16], "uv_size": [1, 1]},
								"down": {"uv": [17, 72], "uv_size": [1, -1]}
							}
						},
						{
							"origin": [-21.79438, 37.51394, -2.90566],
							"size": [1.11163, 1.56357, 0.8447],
							"inflate": -0.3,
							"pivot": [-19.47343, 10.58659, -1.19755],
							"rotation": [0, 0, 45],
							"uv": {
								"north": {"uv": [4, 69], "uv_size": [1, 2]},
								"east": {"uv": [69, 6], "uv_size": [1, 2]},
								"south": {"uv": [10, 69], "uv_size": [1, 2]},
								"west": {"uv": [11, 69], "uv_size": [1, 2]},
								"up": {"uv": [71, 17], "uv_size": [1, 1]},
								"down": {"uv": [18, 72], "uv_size": [1, -1]}
							}
						},
						{
							"origin": [-1.26941, 31.22087, -2.90566],
							"size": [2.90234, 1.02636, 0.8447],
							"inflate": -0.3,
							"uv": {
								"north": {"uv": [66, 38], "uv_size": [3, 1]},
								"east": {"uv": [71, 18], "uv_size": [1, 1]},
								"south": {"uv": [66, 39], "uv_size": [3, 1]},
								"west": {"uv": [19, 71], "uv_size": [1, 1]},
								"up": {"uv": [66, 40], "uv_size": [3, 1]},
								"down": {"uv": [66, 42], "uv_size": [3, -1]}
							}
						},
						{
							"origin": [20.10828, 39.90156, -2.90566],
							"size": [1.11163, 1.68295, 0.8447],
							"inflate": -0.3,
							"pivot": [22.39512, 12.97421, -1.19755],
							"rotation": [0, 0, -45],
							"uv": {
								"north": {"uv": [12, 69], "uv_size": [1, 2]},
								"east": {"uv": [69, 12], "uv_size": [1, 2]},
								"south": {"uv": [13, 69], "uv_size": [1, 2]},
								"west": {"uv": [14, 69], "uv_size": [1, 2]},
								"up": {"uv": [71, 19], "uv_size": [1, 1]},
								"down": {"uv": [20, 72], "uv_size": [1, -1]}
							}
						},
						{
							"origin": [1.28875, 28.76369, -2.90566],
							"size": [1.11163, 2.71609, 0.8447],
							"inflate": -0.3,
							"uv": {
								"north": {"uv": [39, 66], "uv_size": [1, 3]},
								"east": {"uv": [43, 66], "uv_size": [1, 3]},
								"south": {"uv": [44, 66], "uv_size": [1, 3]},
								"west": {"uv": [48, 66], "uv_size": [1, 3]},
								"up": {"uv": [71, 20], "uv_size": [1, 1]},
								"down": {"uv": [21, 72], "uv_size": [1, -1]}
							}
						},
						{
							"origin": [20.10828, 18.66569, -2.90566],
							"size": [1.11163, 1.68295, 0.8447],
							"inflate": -0.3,
							"pivot": [22.39512, 47.27599, -1.19755],
							"rotation": [0, 0, 45],
							"uv": {
								"north": {"uv": [69, 14], "uv_size": [1, 2]},
								"east": {"uv": [17, 69], "uv_size": [1, 2]},
								"south": {"uv": [18, 69], "uv_size": [1, 2]},
								"west": {"uv": [19, 69], "uv_size": [1, 2]},
								"up": {"uv": [71, 21], "uv_size": [1, 1]},
								"down": {"uv": [22, 72], "uv_size": [1, -1]}
							}
						},
						{
							"origin": [-1.26941, 28.00297, -2.90566],
							"size": [2.90234, 1.02636, 0.8447],
							"inflate": -0.3,
							"uv": {
								"north": {"uv": [66, 42], "uv_size": [3, 1]},
								"east": {"uv": [71, 22], "uv_size": [1, 1]},
								"south": {"uv": [66, 44], "uv_size": [3, 1]},
								"west": {"uv": [71, 23], "uv_size": [1, 1]},
								"up": {"uv": [66, 45], "uv_size": [3, 1]},
								"down": {"uv": [66, 49], "uv_size": [3, -1]}
							}
						},
						{
							"origin": [-21.79438, 21.17268, -2.90566],
							"size": [1.11163, 1.56357, 0.8447],
							"inflate": -0.3,
							"pivot": [-19.47343, 49.66361, -1.19755],
							"rotation": [0, 0, -45],
							"uv": {
								"north": {"uv": [20, 69], "uv_size": [1, 2]},
								"east": {"uv": [69, 20], "uv_size": [1, 2]},
								"south": {"uv": [21, 69], "uv_size": [1, 2]},
								"west": {"uv": [22, 69], "uv_size": [1, 2]},
								"up": {"uv": [71, 24], "uv_size": [1, 1]},
								"down": {"uv": [71, 26], "uv_size": [1, -1]}
							}
						},
						{
							"origin": [-1.11485, 31.02514, -12.04651],
							"size": [2.53527, 0.95838, 4.46403],
							"inflate": -0.3,
							"uv": {
								"north": {"uv": [49, 66], "uv_size": [3, 1]},
								"east": {"uv": [59, 33], "uv_size": [4, 1]},
								"south": {"uv": [66, 49], "uv_size": [3, 1]},
								"west": {"uv": [61, 28], "uv_size": [4, 1]},
								"up": {"uv": [52, 14], "uv_size": [3, 4]},
								"down": {"uv": [52, 22], "uv_size": [3, -4]}
							}
						},
						{
							"origin": [1.03545, 28.95973, -12.04651],
							"size": [1.03006, 2.37871, 4.46403],
							"inflate": -0.3,
							"uv": {
								"north": {"uv": [69, 22], "uv_size": [1, 2]},
								"east": {"uv": [4, 0], "uv_size": [4, 2]},
								"south": {"uv": [26, 69], "uv_size": [1, 2]},
								"west": {"uv": [55, 20], "uv_size": [4, 2]},
								"up": {"uv": [23, 61], "uv_size": [1, 4]},
								"down": {"uv": [24, 65], "uv_size": [1, -4]}
							}
						},
						{
							"origin": [-1.68826, 28.88334, -12.04651],
							"size": [0.95838, 2.52678, 4.46403],
							"inflate": -0.3,
							"uv": {
								"north": {"uv": [66, 50], "uv_size": [1, 3]},
								"east": {"uv": [52, 22], "uv_size": [4, 3]},
								"south": {"uv": [52, 66], "uv_size": [1, 3]},
								"west": {"uv": [52, 25], "uv_size": [4, 3]},
								"up": {"uv": [61, 39], "uv_size": [1, 4]},
								"down": {"uv": [45, 65], "uv_size": [1, -4]}
							}
						},
						{
							"origin": [-18.36739, 36.31487, -12.04651],
							"size": [1.03006, 1.40995, 4.46403],
							"inflate": -0.3,
							"pivot": [-16.36866, 13.72855, -11.36291],
							"rotation": [0, 0, 45],
							"uv": {
								"north": {"uv": [26, 71], "uv_size": [1, 1]},
								"east": {"uv": [61, 29], "uv_size": [4, 1]},
								"south": {"uv": [71, 26], "uv_size": [1, 1]},
								"west": {"uv": [61, 31], "uv_size": [4, 1]},
								"up": {"uv": [46, 61], "uv_size": [1, 4]},
								"down": {"uv": [58, 65], "uv_size": [1, -4]}
							}
						},
						{
							"origin": [16.85446, 38.32182, -12.04651],
							"size": [1.03006, 1.51029, 4.46403],
							"inflate": -0.3,
							"pivot": [18.82453, 15.73549, -11.36291],
							"rotation": [0, 0, -45],
							"uv": {
								"north": {"uv": [69, 26], "uv_size": [1, 2]},
								"east": {"uv": [3, 56], "uv_size": [4, 2]},
								"south": {"uv": [27, 69], "uv_size": [1, 2]},
								"west": {"uv": [56, 22], "uv_size": [4, 2]},
								"up": {"uv": [59, 61], "uv_size": [1, 4]},
								"down": {"uv": [61, 63], "uv_size": [1, -4]}
							}
						},
						{
							"origin": [-18.36739, 22.57901, -12.04651],
							"size": [1.03006, 1.40995, 4.46403],
							"inflate": -0.3,
							"pivot": [-16.36866, 46.57527, -11.36291],
							"rotation": [0, 0, -45],
							"uv": {
								"north": {"uv": [27, 71], "uv_size": [1, 1]},
								"east": {"uv": [61, 34], "uv_size": [4, 1]},
								"south": {"uv": [28, 71], "uv_size": [1, 1]},
								"west": {"uv": [61, 35], "uv_size": [4, 1]},
								"up": {"uv": [60, 61], "uv_size": [1, 4]},
								"down": {"uv": [62, 4], "uv_size": [1, -4]}
							}
						},
						{
							"origin": [16.85446, 20.47171, -12.04651],
							"size": [1.03006, 1.51029, 4.46403],
							"inflate": -0.3,
							"pivot": [18.82453, 44.56833, -11.36291],
							"rotation": [0, 0, 45],
							"uv": {
								"north": {"uv": [28, 69], "uv_size": [1, 2]},
								"east": {"uv": [56, 24], "uv_size": [4, 2]},
								"south": {"uv": [69, 28], "uv_size": [1, 2]},
								"west": {"uv": [56, 26], "uv_size": [4, 2]},
								"up": {"uv": [3, 62], "uv_size": [1, 4]},
								"down": {"uv": [4, 66], "uv_size": [1, -4]}
							}
						},
						{
							"origin": [-1.11485, 28.3203, -12.04651],
							"size": [2.53527, 0.95838, 4.46403],
							"inflate": -0.3,
							"uv": {
								"north": {"uv": [53, 66], "uv_size": [3, 1]},
								"east": {"uv": [61, 36], "uv_size": [4, 1]},
								"south": {"uv": [66, 53], "uv_size": [3, 1]},
								"west": {"uv": [61, 46], "uv_size": [4, 1]},
								"up": {"uv": [52, 28], "uv_size": [3, 4]},
								"down": {"uv": [53, 4], "uv_size": [3, -4]}
							}
						},
						{
							"origin": [-1.13115, 28.3107, -12.08144],
							"size": [2.57397, 0.96555, 0.76731],
							"inflate": -0.3,
							"uv": {
								"north": {"uv": [66, 55], "uv_size": [3, 1]},
								"east": {"uv": [29, 71], "uv_size": [1, 1]},
								"south": {"uv": [56, 66], "uv_size": [3, 1]},
								"west": {"uv": [71, 29], "uv_size": [1, 1]},
								"up": {"uv": [66, 56], "uv_size": [3, 1]},
								"down": {"uv": [66, 58], "uv_size": [3, -1]}
							}
						},
						{
							"origin": [17.19755, 20.30515, -12.08144],
							"size": [1.03866, 1.5285, 0.76731],
							"inflate": -0.3,
							"pivot": [19.20102, 44.8777, -15.16417],
							"rotation": [0, 0, 45],
							"uv": {
								"north": {"uv": [29, 69], "uv_size": [1, 2]},
								"east": {"uv": [30, 69], "uv_size": [1, 2]},
								"south": {"uv": [31, 69], "uv_size": [1, 2]},
								"west": {"uv": [69, 31], "uv_size": [1, 2]},
								"up": {"uv": [30, 71], "uv_size": [1, 1]},
								"down": {"uv": [71, 31], "uv_size": [1, -1]}
							}
						},
						{
							"origin": [-18.72874, 22.45459, -12.08144],
							"size": [1.03866, 1.42614, 0.76731],
							"inflate": -0.3,
							"pivot": [-16.69603, 46.92478, -15.16417],
							"rotation": [0, 0, -45],
							"uv": {
								"north": {"uv": [31, 71], "uv_size": [1, 1]},
								"east": {"uv": [71, 31], "uv_size": [1, 1]},
								"south": {"uv": [32, 71], "uv_size": [1, 1]},
								"west": {"uv": [71, 32], "uv_size": [1, 1]},
								"up": {"uv": [71, 33], "uv_size": [1, 1]},
								"down": {"uv": [71, 35], "uv_size": [1, -1]}
							}
						},
						{
							"origin": [17.19755, 38.51225, -12.08144],
							"size": [1.03866, 1.5285, 0.76731],
							"inflate": -0.3,
							"pivot": [19.20102, 15.4682, -15.16417],
							"rotation": [0, 0, -45],
							"uv": {
								"north": {"uv": [32, 69], "uv_size": [1, 2]},
								"east": {"uv": [36, 69], "uv_size": [1, 2]},
								"south": {"uv": [37, 69], "uv_size": [1, 2]},
								"west": {"uv": [38, 69], "uv_size": [1, 2]},
								"up": {"uv": [71, 35], "uv_size": [1, 1]},
								"down": {"uv": [36, 72], "uv_size": [1, -1]}
							}
						},
						{
							"origin": [-18.72874, 36.46517, -12.08144],
							"size": [1.03866, 1.42614, 0.76731],
							"inflate": -0.3,
							"pivot": [-16.69603, 13.42112, -15.16417],
							"rotation": [0, 0, 45],
							"uv": {
								"north": {"uv": [71, 36], "uv_size": [1, 1]},
								"east": {"uv": [37, 71], "uv_size": [1, 1]},
								"south": {"uv": [71, 37], "uv_size": [1, 1]},
								"west": {"uv": [38, 71], "uv_size": [1, 1]},
								"up": {"uv": [71, 38], "uv_size": [1, 1]},
								"down": {"uv": [39, 72], "uv_size": [1, -1]}
							}
						},
						{
							"origin": [-1.71603, 28.885, -12.08144],
							"size": [0.96555, 2.56531, 0.76731],
							"inflate": -0.3,
							"uv": {
								"north": {"uv": [66, 58], "uv_size": [1, 3]},
								"east": {"uv": [59, 66], "uv_size": [1, 3]},
								"south": {"uv": [60, 66], "uv_size": [1, 3]},
								"west": {"uv": [66, 61], "uv_size": [1, 3]},
								"up": {"uv": [71, 39], "uv_size": [1, 1]},
								"down": {"uv": [40, 72], "uv_size": [1, -1]}
							}
						},
						{
							"origin": [1.06216, 28.96292, -12.08144],
							"size": [1.03866, 2.41428, 0.76731],
							"inflate": -0.3,
							"uv": {
								"north": {"uv": [69, 38], "uv_size": [1, 2]},
								"east": {"uv": [39, 69], "uv_size": [1, 2]},
								"south": {"uv": [69, 40], "uv_size": [1, 2]},
								"west": {"uv": [43, 69], "uv_size": [1, 2]},
								"up": {"uv": [71, 40], "uv_size": [1, 1]},
								"down": {"uv": [41, 72], "uv_size": [1, -1]}
							}
						},
						{
							"origin": [-1.13115, 31.06965, -12.08144],
							"size": [2.57397, 0.96555, 0.76731],
							"inflate": -0.3,
							"uv": {
								"north": {"uv": [64, 66], "uv_size": [3, 1]},
								"east": {"uv": [71, 41], "uv_size": [1, 1]},
								"south": {"uv": [66, 64], "uv_size": [3, 1]},
								"west": {"uv": [42, 71], "uv_size": [1, 1]},
								"up": {"uv": [67, 0], "uv_size": [3, 1]},
								"down": {"uv": [67, 2], "uv_size": [3, -1]}
							}
						},
						{
							"origin": [-1.04314, 30.92933, -17.84962],
							"size": [2.36496, 0.92685, 6.424],
							"inflate": -0.3,
							"uv": {
								"north": {"uv": [68, 63], "uv_size": [2, 1]},
								"east": {"uv": [58, 30], "uv_size": [6, 1]},
								"south": {"uv": [69, 24], "uv_size": [2, 1]},
								"west": {"uv": [58, 43], "uv_size": [6, 1]},
								"up": {"uv": [17, 53], "uv_size": [2, 6]},
								"down": {"uv": [19, 59], "uv_size": [2, -6]}
							}
						},
						{
							"origin": [0.91793, 29.04567, -17.84962],
							"size": [0.99221, 2.22218, 6.424],
							"inflate": -0.3,
							"uv": {
								"north": {"uv": [44, 69], "uv_size": [1, 2]},
								"east": {"uv": [53, 4], "uv_size": [6, 2]},
								"south": {"uv": [69, 44], "uv_size": [1, 2]},
								"west": {"uv": [53, 6], "uv_size": [6, 2]},
								"up": {"uv": [56, 58], "uv_size": [1, 6]},
								"down": {"uv": [57, 64], "uv_size": [1, -6]}
							}
						},
						{
							"origin": [-1.56609, 28.976, -17.84962],
							"size": [0.92685, 2.35722, 6.424],
							"inflate": -0.3,
							"uv": {
								"north": {"uv": [69, 46], "uv_size": [1, 2]},
								"east": {"uv": [53, 32], "uv_size": [6, 2]},
								"south": {"uv": [48, 69], "uv_size": [1, 2]},
								"west": {"uv": [33, 53], "uv_size": [6, 2]},
								"up": {"uv": [0, 59], "uv_size": [1, 6]},
								"down": {"uv": [1, 65], "uv_size": [1, -6]}
							}
						},
						{
							"origin": [-16.77746, 35.75356, -17.84962],
							"size": [0.99221, 1.33867, 6.424],
							"inflate": -0.3,
							"pivot": [-14.92822, 15.18124, -14.89977],
							"rotation": [0, 0, 45],
							"uv": {
								"north": {"uv": [71, 42], "uv_size": [1, 1]},
								"east": {"uv": [58, 48], "uv_size": [6, 1]},
								"south": {"uv": [43, 71], "uv_size": [1, 1]},
								"west": {"uv": [58, 49], "uv_size": [6, 1]},
								"up": {"uv": [2, 59], "uv_size": [1, 6]},
								"down": {"uv": [17, 65], "uv_size": [1, -6]}
							}
						},
						{
							"origin": [15.34487, 37.5839, -17.84962],
							"size": [0.99221, 1.43019, 6.424],
							"inflate": -0.3,
							"pivot": [17.16797, 17.01157, -14.89977],
							"rotation": [0, 0, -45],
							"uv": {
								"north": {"uv": [71, 43], "uv_size": [1, 1]},
								"east": {"uv": [59, 4], "uv_size": [6, 1]},
								"south": {"uv": [44, 71], "uv_size": [1, 1]},
								"west": {"uv": [59, 5], "uv_size": [6, 1]},
								"up": {"uv": [18, 59], "uv_size": [1, 6]},
								"down": {"uv": [19, 65], "uv_size": [1, -6]}
							}
						},
						{
							"origin": [-16.77746, 23.22645, -17.84962],
							"size": [0.99221, 1.33867, 6.424],
							"inflate": -0.3,
							"pivot": [-14.92822, 45.13745, -14.89977],
							"rotation": [0, 0, -45],
							"uv": {
								"north": {"uv": [71, 44], "uv_size": [1, 1]},
								"east": {"uv": [59, 6], "uv_size": [6, 1]},
								"south": {"uv": [45, 71], "uv_size": [1, 1]},
								"west": {"uv": [59, 7], "uv_size": [6, 1]},
								"up": {"uv": [20, 59], "uv_size": [1, 6]},
								"down": {"uv": [21, 65], "uv_size": [1, -6]}
							}
						},
						{
							"origin": [15.34487, 21.3046, -17.84962],
							"size": [0.99221, 1.43019, 6.424],
							"inflate": -0.3,
							"pivot": [17.16797, 43.30712, -14.89977],
							"rotation": [0, 0, 45],
							"uv": {
								"north": {"uv": [71, 45], "uv_size": [1, 1]},
								"east": {"uv": [59, 20], "uv_size": [6, 1]},
								"south": {"uv": [46, 71], "uv_size": [1, 1]},
								"west": {"uv": [59, 21], "uv_size": [6, 1]},
								"up": {"uv": [22, 59], "uv_size": [1, 6]},
								"down": {"uv": [25, 65], "uv_size": [1, -6]}
							}
						},
						{
							"origin": [-1.04314, 28.46251, -17.84962],
							"size": [2.36496, 0.92685, 6.424],
							"inflate": -0.3,
							"uv": {
								"north": {"uv": [69, 34], "uv_size": [2, 1]},
								"east": {"uv": [26, 59], "uv_size": [6, 1]},
								"south": {"uv": [69, 42], "uv_size": [2, 1]},
								"west": {"uv": [59, 32], "uv_size": [6, 1]},
								"up": {"uv": [21, 53], "uv_size": [2, 6]},
								"down": {"uv": [39, 59], "uv_size": [2, -6]}
							}
						},
						{
							"origin": [-0.96883, 28.49626, -2.83466],
							"size": [2.18847, 0.89416, 3.6716],
							"inflate": -0.3,
							"uv": {
								"north": {"uv": [69, 48], "uv_size": [2, 1]},
								"east": {"uv": [61, 47], "uv_size": [4, 1]},
								"south": {"uv": [69, 49], "uv_size": [2, 1]},
								"west": {"uv": [62, 26], "uv_size": [4, 1]},
								"up": {"uv": [7, 56], "uv_size": [2, 4]},
								"down": {"uv": [56, 44], "uv_size": [2, -4]}
							}
						},
						{
							"origin": [13.78038, 22.05414, -2.83466],
							"size": [0.95299, 1.34717, 3.6716],
							"inflate": -0.3,
							"pivot": [15.45117, 41.8864, -0.81979],
							"rotation": [0, 0, 45],
							"uv": {
								"north": {"uv": [71, 46], "uv_size": [1, 1]},
								"east": {"uv": [62, 27], "uv_size": [4, 1]},
								"south": {"uv": [47, 71], "uv_size": [1, 1]},
								"west": {"uv": [62, 37], "uv_size": [4, 1]},
								"up": {"uv": [26, 62], "uv_size": [1, 4]},
								"down": {"uv": [27, 66], "uv_size": [1, -4]}
							}
						},
						{
							"origin": [-15.12972, 23.78381, -2.83466],
							"size": [0.95299, 1.2648, 3.6716],
							"inflate": -0.3,
							"pivot": [-13.4354, 43.5337, -0.81979],
							"rotation": [0, 0, -45],
							"uv": {
								"north": {"uv": [71, 47], "uv_size": [1, 1]},
								"east": {"uv": [62, 38], "uv_size": [4, 1]},
								"south": {"uv": [48, 71], "uv_size": [1, 1]},
								"west": {"uv": [62, 39], "uv_size": [4, 1]},
								"up": {"uv": [28, 62], "uv_size": [1, 4]},
								"down": {"uv": [43, 66], "uv_size": [1, -4]}
							}
						},
						{
							"origin": [13.78038, 36.70551, -2.83466],
							"size": [0.95299, 1.34717, 3.6716],
							"inflate": -0.3,
							"pivot": [15.45117, 18.22041, -0.81979],
							"rotation": [0, 0, -45],
							"uv": {
								"north": {"uv": [71, 48], "uv_size": [1, 1]},
								"east": {"uv": [62, 40], "uv_size": [4, 1]},
								"south": {"uv": [49, 71], "uv_size": [1, 1]},
								"west": {"uv": [62, 41], "uv_size": [4, 1]},
								"up": {"uv": [44, 62], "uv_size": [1, 4]},
								"down": {"uv": [62, 54], "uv_size": [1, -4]}
							}
						},
						{
							"origin": [-15.12972, 35.05821, -2.83466],
							"size": [0.95299, 1.2648, 3.6716],
							"inflate": -0.3,
							"pivot": [-13.4354, 16.57311, -0.81979],
							"rotation": [0, 0, 45],
							"uv": {
								"north": {"uv": [71, 49], "uv_size": [1, 1]},
								"east": {"uv": [62, 42], "uv_size": [4, 1]},
								"south": {"uv": [50, 71], "uv_size": [1, 1]},
								"west": {"uv": [62, 44], "uv_size": [4, 1]},
								"up": {"uv": [62, 54], "uv_size": [1, 4]},
								"down": {"uv": [62, 62], "uv_size": [1, -4]}
							}
						},
						{
							"origin": [-1.43949, 28.9584, -2.83466],
							"size": [0.89416, 2.1815, 3.6716],
							"inflate": -0.3,
							"uv": {
								"north": {"uv": [69, 50], "uv_size": [1, 2]},
								"east": {"uv": [56, 37], "uv_size": [4, 2]},
								"south": {"uv": [52, 69], "uv_size": [1, 2]},
								"west": {"uv": [56, 44], "uv_size": [4, 2]},
								"up": {"uv": [62, 62], "uv_size": [1, 4]},
								"down": {"uv": [63, 4], "uv_size": [1, -4]}
							}
						},
						{
							"origin": [0.79614, 29.0211, -2.83466],
							"size": [0.95299, 2.05997, 3.6716],
							"inflate": -0.3,
							"uv": {
								"north": {"uv": [69, 55], "uv_size": [1, 2]},
								"east": {"uv": [56, 50], "uv_size": [4, 2]},
								"south": {"uv": [56, 69], "uv_size": [1, 2]},
								"west": {"uv": [54, 56], "uv_size": [4, 2]},
								"up": {"uv": [5, 63], "uv_size": [1, 4]},
								"down": {"uv": [6, 67], "uv_size": [1, -4]}
							}
						},
						{
							"origin": [-0.96883, 30.7164, -2.83466],
							"size": [2.18847, 0.89416, 3.6716],
							"inflate": -0.3,
							"uv": {
								"north": {"uv": [69, 53], "uv_size": [2, 1]},
								"east": {"uv": [62, 45], "uv_size": [4, 1]},
								"south": {"uv": [57, 69], "uv_size": [2, 1]},
								"west": {"uv": [63, 8], "uv_size": [4, 1]},
								"up": {"uv": [41, 56], "uv_size": [2, 4]},
								"down": {"uv": [9, 61], "uv_size": [2, -4]}
							}
						},
						{
							"origin": [-1.01624, 28.37474, 0.2186],
							"size": [2.30108, 0.91501, 3.99644],
							"inflate": -0.3,
							"uv": {
								"north": {"uv": [69, 57], "uv_size": [2, 1]},
								"east": {"uv": [9, 63], "uv_size": [4, 1]},
								"south": {"uv": [59, 69], "uv_size": [2, 1]},
								"west": {"uv": [63, 9], "uv_size": [4, 1]},
								"up": {"uv": [15, 57], "uv_size": [2, 4]},
								"down": {"uv": [23, 61], "uv_size": [2, -4]}
							}
						},
						{
							"origin": [14.77858, 21.47592, 0.2186],
							"size": [0.97802, 1.40014, 3.99644],
							"inflate": -0.3,
							"pivot": [16.54655, 42.69288, 1.81959],
							"rotation": [0, 0, 45],
							"uv": {
								"north": {"uv": [71, 50], "uv_size": [1, 1]},
								"east": {"uv": [63, 10], "uv_size": [4, 1]},
								"south": {"uv": [51, 71], "uv_size": [1, 1]},
								"west": {"uv": [63, 11], "uv_size": [4, 1]},
								"up": {"uv": [63, 12], "uv_size": [1, 4]},
								"down": {"uv": [15, 67], "uv_size": [1, -4]}
							}
						},
						{
							"origin": [-16.18104, 23.32821, 0.2186],
							"size": [0.97802, 1.31193, 3.99644],
							"inflate": -0.3,
							"pivot": [-14.38787, 44.45696, 1.81959],
							"rotation": [0, 0, -45],
							"uv": {
								"north": {"uv": [71, 51], "uv_size": [1, 1]},
								"east": {"uv": [63, 16], "uv_size": [4, 1]},
								"south": {"uv": [52, 71], "uv_size": [1, 1]},
								"west": {"uv": [63, 17], "uv_size": [4, 1]},
								"up": {"uv": [16, 63], "uv_size": [1, 4]},
								"down": {"uv": [63, 26], "uv_size": [1, -4]}
							}
						},
						{
							"origin": [14.77858, 37.16596, 0.2186],
							"size": [0.97802, 1.40014, 3.99644],
							"inflate": -0.3,
							"pivot": [16.54655, 17.34914, 1.81959],
							"rotation": [0, 0, -45],
							"uv": {
								"north": {"uv": [71, 52], "uv_size": [1, 1]},
								"east": {"uv": [63, 18], "uv_size": [4, 1]},
								"south": {"uv": [53, 71], "uv_size": [1, 1]},
								"west": {"uv": [63, 19], "uv_size": [4, 1]},
								"up": {"uv": [47, 63], "uv_size": [1, 4]},
								"down": {"uv": [63, 54], "uv_size": [1, -4]}
							}
						},
						{
							"origin": [-16.18104, 35.40188, 0.2186],
							"size": [0.97802, 1.31193, 3.99644],
							"inflate": -0.3,
							"pivot": [-14.38787, 15.58506, 1.81959],
							"rotation": [0, 0, 45],
							"uv": {
								"north": {"uv": [71, 53], "uv_size": [1, 1]},
								"east": {"uv": [63, 33], "uv_size": [4, 1]},
								"south": {"uv": [54, 71], "uv_size": [1, 1]},
								"west": {"uv": [63, 54], "uv_size": [4, 1]},
								"up": {"uv": [63, 55], "uv_size": [1, 4]},
								"down": {"uv": [63, 63], "uv_size": [1, -4]}
							}
						},
						{
							"origin": [-1.52027, 28.86964, 0.2186],
							"size": [0.91501, 2.29362, 3.99644],
							"inflate": -0.3,
							"uv": {
								"north": {"uv": [69, 59], "uv_size": [1, 2]},
								"east": {"uv": [25, 57], "uv_size": [4, 2]},
								"south": {"uv": [61, 69], "uv_size": [1, 2]},
								"west": {"uv": [29, 57], "uv_size": [4, 2]},
								"up": {"uv": [61, 63], "uv_size": [1, 4]},
								"down": {"uv": [63, 67], "uv_size": [1, -4]}
							}
						},
						{
							"origin": [0.87384, 28.93679, 0.2186],
							"size": [0.97802, 2.16347, 3.99644],
							"inflate": -0.3,
							"uv": {
								"north": {"uv": [69, 61], "uv_size": [1, 2]},
								"east": {"uv": [58, 0], "uv_size": [4, 2]},
								"south": {"uv": [62, 69], "uv_size": [1, 2]},
								"west": {"uv": [58, 2], "uv_size": [4, 2]},
								"up": {"uv": [64, 0], "uv_size": [1, 4]},
								"down": {"uv": [9, 68], "uv_size": [1, -4]}
							}
						},
						{
							"origin": [-1.01624, 30.75227, 0.2186],
							"size": [2.30108, 0.91501, 3.99644],
							"inflate": -0.3,
							"uv": {
								"north": {"uv": [63, 69], "uv_size": [2, 1]},
								"east": {"uv": [64, 12], "uv_size": [4, 1]},
								"south": {"uv": [69, 64], "uv_size": [2, 1]},
								"west": {"uv": [64, 13], "uv_size": [4, 1]},
								"up": {"uv": [45, 57], "uv_size": [2, 4]},
								"down": {"uv": [3, 62], "uv_size": [2, -4]}
							}
						},
						{
							"origin": [-1.08787, 28.23221, 3.53046],
							"size": [2.47119, 0.94652, 1.47609],
							"inflate": -0.3,
							"uv": {
								"north": {"uv": [69, 65], "uv_size": [2, 1]},
								"east": {"uv": [71, 54], "uv_size": [1, 1]},
								"south": {"uv": [69, 66], "uv_size": [2, 1]},
								"west": {"uv": [55, 71], "uv_size": [1, 1]},
								"up": {"uv": [69, 67], "uv_size": [2, 1]},
								"down": {"uv": [68, 70], "uv_size": [2, -1]}
							}
						},
						{
							"origin": [16.28644, 20.64351, 3.53046],
							"size": [1.01582, 1.48015, 1.47609],
							"inflate": -0.3,
							"pivot": [18.2012, 43.95217, 5.26155],
							"rotation": [0, 0, 45],
							"uv": {
								"north": {"uv": [71, 55], "uv_size": [1, 1]},
								"east": {"uv": [56, 71], "uv_size": [1, 1]},
								"south": {"uv": [71, 56], "uv_size": [1, 1]},
								"west": {"uv": [57, 71], "uv_size": [1, 1]},
								"up": {"uv": [71, 57], "uv_size": [1, 1]},
								"down": {"uv": [58, 72], "uv_size": [1, -1]}
							}
						},
						{
							"origin": [-17.76914, 22.68103, 3.53046],
							"size": [1.01582, 1.38313, 1.47609],
							"inflate": -0.3,
							"pivot": [-15.82666, 45.89266, 5.26155],
							"rotation": [0, 0, -45],
							"uv": {
								"north": {"uv": [71, 58], "uv_size": [1, 1]},
								"east": {"uv": [59, 71], "uv_size": [1, 1]},
								"south": {"uv": [71, 59], "uv_size": [1, 1]},
								"west": {"uv": [60, 71], "uv_size": [1, 1]},
								"up": {"uv": [71, 60], "uv_size": [1, 1]},
								"down": {"uv": [61, 72], "uv_size": [1, -1]}
							}
						},
						{
							"origin": [16.28644, 37.90256, 3.53046],
							"size": [1.01582, 1.48015, 1.47609],
							"inflate": -0.3,
							"pivot": [18.2012, 16.07405, 5.26155],
							"rotation": [0, 0, -45],
							"uv": {
								"north": {"uv": [71, 61], "uv_size": [1, 1]},
								"east": {"uv": [62, 71], "uv_size": [1, 1]},
								"south": {"uv": [71, 62], "uv_size": [1, 1]},
								"west": {"uv": [63, 71], "uv_size": [1, 1]},
								"up": {"uv": [71, 63], "uv_size": [1, 1]},
								"down": {"uv": [64, 72], "uv_size": [1, -1]}
							}
						},
						{
							"origin": [-17.76914, 35.96207, 3.53046],
							"size": [1.01582, 1.38313, 1.47609],
							"inflate": -0.3,
							"pivot": [-15.82666, 14.13356, 5.26155],
							"rotation": [0, 0, 45],
							"uv": {
								"north": {"uv": [71, 64], "uv_size": [1, 1]},
								"east": {"uv": [65, 71], "uv_size": [1, 1]},
								"south": {"uv": [71, 65], "uv_size": [1, 1]},
								"west": {"uv": [66, 71], "uv_size": [1, 1]},
								"up": {"uv": [71, 66], "uv_size": [1, 1]},
								"down": {"uv": [67, 72], "uv_size": [1, -1]}
							}
						},
						{
							"origin": [-1.64229, 28.77661, 3.53046],
							"size": [0.94652, 2.46298, 1.47609],
							"inflate": -0.3,
							"uv": {
								"north": {"uv": [65, 69], "uv_size": [1, 2]},
								"east": {"uv": [0, 70], "uv_size": [1, 2]},
								"south": {"uv": [70, 0], "uv_size": [1, 2]},
								"west": {"uv": [1, 70], "uv_size": [1, 2]},
								"up": {"uv": [71, 67], "uv_size": [1, 1]},
								"down": {"uv": [68, 72], "uv_size": [1, -1]}
							}
						},
						{
							"origin": [0.99123, 28.85047, 3.53046],
							"size": [1.01582, 2.31981, 1.47609],
							"inflate": -0.3,
							"uv": {
								"north": {"uv": [2, 70], "uv_size": [1, 2]},
								"east": {"uv": [70, 2], "uv_size": [1, 2]},
								"south": {"uv": [70, 4], "uv_size": [1, 2]},
								"west": {"uv": [5, 70], "uv_size": [1, 2]},
								"up": {"uv": [71, 68], "uv_size": [1, 1]},
								"down": {"uv": [69, 72], "uv_size": [1, -1]}
							}
						},
						{
							"origin": [-1.08787, 30.84749, 3.53046],
							"size": [2.47119, 0.94652, 1.47609],
							"inflate": -0.3,
							"uv": {
								"north": {"uv": [69, 68], "uv_size": [2, 1]},
								"east": {"uv": [71, 69], "uv_size": [1, 1]},
								"south": {"uv": [6, 70], "uv_size": [2, 1]},
								"west": {"uv": [70, 71], "uv_size": [1, 1]},
								"up": {"uv": [70, 6], "uv_size": [2, 1]},
								"down": {"uv": [70, 8], "uv_size": [2, -1]}
							}
						},
						{
							"origin": [-19.51606, 36.57828, 4.4335],
							"size": [1.0574, 1.46144, 3.0637],
							"inflate": -0.3,
							"pivot": [-17.40932, 12.53692, 6.3077],
							"rotation": [0, 0, 45],
							"uv": {
								"north": {"uv": [71, 70], "uv_size": [1, 1]},
								"east": {"uv": [67, 2], "uv_size": [3, 1]},
								"south": {"uv": [71, 71], "uv_size": [1, 1]},
								"west": {"uv": [67, 3], "uv_size": [3, 1]},
								"up": {"uv": [62, 66], "uv_size": [1, 3]},
								"down": {"uv": [0, 70], "uv_size": [1, -3]}
							}
						},
						{
							"origin": [-19.51606, 21.96913, 4.4335],
							"size": [1.0574, 1.46144, 3.0637],
							"inflate": -0.3,
							"pivot": [-17.40932, 47.47192, 6.3077],
							"rotation": [0, 0, -45],
							"uv": {
								"north": {"uv": [0, 72], "uv_size": [1, 1]},
								"east": {"uv": [67, 8], "uv_size": [3, 1]},
								"south": {"uv": [72, 0], "uv_size": [1, 1]},
								"west": {"uv": [67, 9], "uv_size": [3, 1]},
								"up": {"uv": [1, 67], "uv_size": [1, 3]},
								"down": {"uv": [5, 70], "uv_size": [1, -3]}
							}
						},
						{
							"origin": [-1.77652, 28.67427, 4.4335],
							"size": [0.98117, 2.64928, 3.0637],
							"inflate": -0.3,
							"uv": {
								"north": {"uv": [6, 67], "uv_size": [1, 3]},
								"east": {"uv": [45, 54], "uv_size": [3, 3]},
								"south": {"uv": [15, 67], "uv_size": [1, 3]},
								"west": {"uv": [55, 14], "uv_size": [3, 3]},
								"up": {"uv": [16, 67], "uv_size": [1, 3]},
								"down": {"uv": [67, 19], "uv_size": [1, -3]}
							}
						},
						{
							"origin": [-1.16665, 28.07543, 4.4335],
							"size": [2.6583, 0.98117, 3.0637],
							"inflate": -0.3,
							"uv": {
								"north": {"uv": [67, 10], "uv_size": [3, 1]},
								"east": {"uv": [67, 11], "uv_size": [3, 1]},
								"south": {"uv": [67, 19], "uv_size": [3, 1]},
								"west": {"uv": [23, 67], "uv_size": [3, 1]},
								"up": {"uv": [55, 17], "uv_size": [3, 3]},
								"down": {"uv": [55, 31], "uv_size": [3, -3]}
							}
						},
						{
							"origin": [17.94508, 19.72786, 4.4335],
							"size": [1.0574, 1.56817, 3.0637],
							"inflate": -0.3,
							"pivot": [20.02132, 45.33739, 6.3077],
							"rotation": [0, 0, 45],
							"uv": {
								"north": {"uv": [8, 70], "uv_size": [1, 2]},
								"east": {"uv": [59, 53], "uv_size": [3, 2]},
								"south": {"uv": [70, 8], "uv_size": [1, 2]},
								"west": {"uv": [59, 55], "uv_size": [3, 2]},
								"up": {"uv": [67, 23], "uv_size": [1, 3]},
								"down": {"uv": [33, 70], "uv_size": [1, -3]}
							}
						},
						{
							"origin": [1.12035, 28.75551, 4.4335],
							"size": [1.0574, 2.49179, 3.0637],
							"inflate": -0.3,
							"uv": {
								"north": {"uv": [9, 70], "uv_size": [1, 2]},
								"east": {"uv": [59, 57], "uv_size": [3, 2]},
								"south": {"uv": [70, 10], "uv_size": [1, 2]},
								"west": {"uv": [58, 59], "uv_size": [3, 2]},
								"up": {"uv": [34, 67], "uv_size": [1, 3]},
								"down": {"uv": [35, 70], "uv_size": [1, -3]}
							}
						},
						{
							"origin": [-1.16665, 30.95224, 4.4335],
							"size": [2.6583, 0.98117, 3.0637],
							"inflate": -0.3,
							"uv": {
								"north": {"uv": [67, 30], "uv_size": [3, 1]},
								"east": {"uv": [67, 33], "uv_size": [3, 1]},
								"south": {"uv": [67, 35], "uv_size": [3, 1]},
								"west": {"uv": [67, 36], "uv_size": [3, 1]},
								"up": {"uv": [33, 55], "uv_size": [3, 3]},
								"down": {"uv": [36, 58], "uv_size": [3, -3]}
							}
						},
						{
							"origin": [17.94508, 38.71281, 4.4335],
							"size": [1.0574, 1.56817, 3.0637],
							"inflate": -0.3,
							"pivot": [20.02132, 14.67146, 6.3077],
							"rotation": [0, 0, -45],
							"uv": {
								"north": {"uv": [70, 12], "uv_size": [1, 2]},
								"east": {"uv": [60, 12], "uv_size": [3, 2]},
								"south": {"uv": [70, 14], "uv_size": [1, 2]},
								"west": {"uv": [60, 14], "uv_size": [3, 2]},
								"up": {"uv": [40, 67], "uv_size": [1, 3]},
								"down": {"uv": [47, 70], "uv_size": [1, -3]}
							}
						},
						{
							"origin": [-0.9262, 27.688, -12.1515],
							"size": [6.496, 7.902, 7.902],
							"inflate": -3.4,
							"pivot": [3.23, 31.506, -9.0365],
							"rotation": [-27.5, 0, 0],
							"uv": {
								"north": {"uv": [35, 40], "uv_size": [6, 8]},
								"east": {"uv": [0, 2], "uv_size": [8, 8]},
								"south": {"uv": [41, 40], "uv_size": [6, 8]},
								"west": {"uv": [8, 0], "uv_size": [8, 8]},
								"up": {"uv": [0, 42], "uv_size": [6, 8]},
								"down": {"uv": [44, 40], "uv_size": [6, -8]}
							}
						},
						{
							"origin": [-0.022, 31.002, -9.5025],
							"size": [2.388, 1.806, 1.806],
							"inflate": -0.2,
							"pivot": [2.698, 30.765, -9.7395],
							"rotation": [-27.5, 0, 0],
							"uv": {
								"north": {"uv": [10, 64], "uv_size": [2, 2]},
								"east": {"uv": [64, 14], "uv_size": [2, 2]},
								"south": {"uv": [64, 22], "uv_size": [2, 2]},
								"west": {"uv": [64, 24], "uv_size": [2, 2]},
								"up": {"uv": [32, 64], "uv_size": [2, 2]},
								"down": {"uv": [34, 66], "uv_size": [2, -2]}
							}
						},
						{
							"origin": [-1.966, 31.002, -9.5025],
							"size": [2.388, 1.806, 1.806],
							"inflate": -0.2,
							"pivot": [-2.298, 30.765, -9.7395],
							"rotation": [-27.5, 0, 0],
							"uv": {
								"north": {"uv": [52, 64], "uv_size": [2, 2]},
								"east": {"uv": [64, 52], "uv_size": [2, 2]},
								"south": {"uv": [54, 64], "uv_size": [2, 2]},
								"west": {"uv": [64, 55], "uv_size": [2, 2]},
								"up": {"uv": [56, 64], "uv_size": [2, 2]},
								"down": {"uv": [64, 59], "uv_size": [2, -2]}
							}
						},
						{
							"origin": [-5.1698, 27.688, -12.1515],
							"size": [6.496, 7.902, 7.902],
							"inflate": -3.4,
							"pivot": [-2.83, 31.506, -9.0365],
							"rotation": [-27.5, 0, 0],
							"uv": {
								"north": {"uv": [46, 8], "uv_size": [6, 8]},
								"east": {"uv": [32, 0], "uv_size": [8, 8]},
								"south": {"uv": [46, 16], "uv_size": [6, 8]},
								"west": {"uv": [8, 32], "uv_size": [8, 8]},
								"up": {"uv": [46, 24], "uv_size": [6, 8]},
								"down": {"uv": [47, 8], "uv_size": [6, -8]}
							}
						},
						{
							"origin": [-1, 29.072, -17.5035],
							"size": [2.25, 2.198, 0.76],
							"uv": {
								"north": {"uv": [64, 59], "uv_size": [2, 2]},
								"east": {"uv": [25, 70], "uv_size": [1, 2]},
								"south": {"uv": [64, 61], "uv_size": [2, 2]},
								"west": {"uv": [70, 25], "uv_size": [1, 2]},
								"up": {"uv": [70, 27], "uv_size": [2, 1]},
								"down": {"uv": [70, 29], "uv_size": [2, -1]}
							}
						},
						{
							"origin": [-1.1, 28.672, 6.0715],
							"size": [2.55, 2.698, 0.76],
							"uv": {
								"north": {"uv": [48, 55], "uv_size": [3, 3]},
								"east": {"uv": [49, 67], "uv_size": [1, 3]},
								"south": {"uv": [51, 55], "uv_size": [3, 3]},
								"west": {"uv": [50, 67], "uv_size": [1, 3]},
								"up": {"uv": [67, 37], "uv_size": [3, 1]},
								"down": {"uv": [67, 44], "uv_size": [3, -1]}
							}
						}
					]
				},
				{
					"name": "pso4",
					"parent": "pso",
					"pivot": [2.298, 26.665, -2.9395],
					"rotation": [0, -90, 0],
					"cubes": [
						{
							"origin": [-0.2262, 23.188, -6.8515],
							"size": [7.196, 7.902, 7.902],
							"inflate": -3.4,
							"pivot": [4.63, 27.006, -3.7365],
							"rotation": [-27.5, 0, 0],
							"uv": {
								"north": {"uv": [32, 8], "uv_size": [7, 8]},
								"east": {"uv": [8, 8], "uv_size": [8, 8]},
								"south": {"uv": [16, 32], "uv_size": [7, 8]},
								"west": {"uv": [0, 10], "uv_size": [8, 8]},
								"up": {"uv": [32, 16], "uv_size": [7, 8]},
								"down": {"uv": [23, 40], "uv_size": [7, -8]}
							}
						},
						{
							"origin": [-0.022, 26.502, -4.2025],
							"size": [3.488, 1.806, 1.806],
							"inflate": -0.2,
							"pivot": [4.398, 26.265, -4.4395],
							"rotation": [-27.5, 0, 0],
							"uv": {
								"north": {"uv": [60, 16], "uv_size": [3, 2]},
								"east": {"uv": [36, 64], "uv_size": [2, 2]},
								"south": {"uv": [60, 22], "uv_size": [3, 2]},
								"west": {"uv": [38, 64], "uv_size": [2, 2]},
								"up": {"uv": [60, 24], "uv_size": [3, 2]},
								"down": {"uv": [26, 62], "uv_size": [3, -2]}
							}
						},
						{
							"origin": [3.278, 26.602, -4.1025],
							"size": [0.988, 1.606, 1.606],
							"inflate": -0.2,
							"pivot": [7.698, 26.265, -4.4395],
							"rotation": [-27.5, 0, 0],
							"uv": {
								"north": {"uv": [70, 29], "uv_size": [1, 2]},
								"east": {"uv": [64, 63], "uv_size": [2, 2]},
								"south": {"uv": [70, 31], "uv_size": [1, 2]},
								"west": {"uv": [0, 65], "uv_size": [2, 2]},
								"up": {"uv": [33, 70], "uv_size": [1, 2]},
								"down": {"uv": [34, 72], "uv_size": [1, -2]}
							}
						},
						{
							"origin": [3.778, 26.502, -4.2025],
							"size": [0.888, 1.806, 1.806],
							"inflate": -0.2,
							"pivot": [8.198, 26.265, -4.4395],
							"rotation": [-27.5, 0, 0],
							"uv": {
								"north": {"uv": [35, 70], "uv_size": [1, 2]},
								"east": {"uv": [65, 0], "uv_size": [2, 2]},
								"south": {"uv": [70, 35], "uv_size": [1, 2]},
								"west": {"uv": [65, 2], "uv_size": [2, 2]},
								"up": {"uv": [70, 37], "uv_size": [1, 2]},
								"down": {"uv": [70, 41], "uv_size": [1, -2]}
							}
						}
					]
				},
				{
					"name": "pso2",
					"parent": "pso",
					"pivot": [0.698, 34.865, -8.5395],
					"rotation": [0, 0, -90],
					"cubes": [
						{
							"origin": [-5.4262, 31.688, -11.0515],
							"size": [7.396, 8.102, 8.102],
							"inflate": -3.4,
							"pivot": [1.23, 35.606, -7.8365],
							"rotation": [-27.5, 0, 0],
							"uv": {
								"north": {"uv": [32, 24], "uv_size": [7, 8]},
								"east": {"uv": [16, 0], "uv_size": [8, 8]},
								"south": {"uv": [30, 32], "uv_size": [7, 8]},
								"west": {"uv": [8, 16], "uv_size": [8, 8]},
								"up": {"uv": [0, 34], "uv_size": [7, 8]},
								"down": {"uv": [37, 40], "uv_size": [7, -8]}
							}
						},
						{
							"origin": [-9.6262, 31.788, -10.9515],
							"size": [7.196, 7.902, 7.902],
							"inflate": -3.4,
							"pivot": [-3.27, 35.606, -7.8365],
							"rotation": [-27.5, 0, 0],
							"uv": {
								"north": {"uv": [39, 8], "uv_size": [7, 8]},
								"east": {"uv": [16, 8], "uv_size": [8, 8]},
								"south": {"uv": [39, 16], "uv_size": [7, 8]},
								"west": {"uv": [16, 16], "uv_size": [8, 8]},
								"up": {"uv": [39, 24], "uv_size": [7, 8]},
								"down": {"uv": [40, 8], "uv_size": [7, -8]}
							}
						},
						{
							"origin": [-9.9262, 31.988, -10.7515],
							"size": [7.396, 7.502, 7.502],
							"inflate": -3.4,
							"pivot": [-4.27, 35.606, -7.8365],
							"rotation": [-27.5, 0, 0],
							"uv": {
								"north": {"uv": [7, 40], "uv_size": [7, 8]},
								"east": {"uv": [0, 18], "uv_size": [8, 8]},
								"south": {"uv": [14, 40], "uv_size": [7, 8]},
								"west": {"uv": [24, 0], "uv_size": [8, 8]},
								"up": {"uv": [21, 40], "uv_size": [7, 8]},
								"down": {"uv": [28, 48], "uv_size": [7, -8]}
							}
						},
						{
							"origin": [-1.622, 35.102, -8.3025],
							"size": [0.688, 1.806, 1.806],
							"inflate": -0.2,
							"pivot": [0.698, 34.865, -8.5395],
							"rotation": [-27.5, 0, 0],
							"uv": {
								"north": {"uv": [15, 70], "uv_size": [1, 2]},
								"east": {"uv": [48, 64], "uv_size": [2, 2]},
								"south": {"uv": [16, 70], "uv_size": [1, 2]},
								"west": {"uv": [64, 48], "uv_size": [2, 2]},
								"up": {"uv": [70, 16], "uv_size": [1, 2]},
								"down": {"uv": [70, 20], "uv_size": [1, -2]}
							}
						}
					]
				},
				{
					"name": "pso3",
					"parent": "pso",
					"pivot": [-3.402, 31.565, -8.0395],
					"rotation": [0, 0, -180],
					"cubes": [
						{
							"origin": [-8.6262, 29.18631, -10.96707],
							"size": [7.596, 8.102, 8.102],
							"inflate": -3.4,
							"pivot": [-2.87, 32.306, -7.3365],
							"rotation": [-27.5, 0, 0],
							"uv": {
								"north": {"uv": [8, 24], "uv_size": [8, 8]},
								"east": {"uv": [24, 8], "uv_size": [8, 8]},
								"south": {"uv": [16, 24], "uv_size": [8, 8]},
								"west": {"uv": [24, 16], "uv_size": [8, 8]},
								"up": {"uv": [24, 24], "uv_size": [8, 8]},
								"down": {"uv": [0, 34], "uv_size": [8, -8]}
							}
						},
						{
							"origin": [-4.622, 32.60031, -8.21807],
							"size": [0.688, 1.806, 1.806],
							"inflate": -0.2,
							"pivot": [-3.202, 31.565, -8.0395],
							"rotation": [-27.5, 0, 0],
							"uv": {
								"north": {"uv": [70, 20], "uv_size": [1, 2]},
								"east": {"uv": [50, 64], "uv_size": [2, 2]},
								"south": {"uv": [70, 22], "uv_size": [1, 2]},
								"west": {"uv": [64, 50], "uv_size": [2, 2]},
								"up": {"uv": [23, 70], "uv_size": [1, 2]},
								"down": {"uv": [24, 72], "uv_size": [1, -2]}
							}
						}
					]
				},
				{
					"name": "scopepip",
					"parent": "pso",
					"pivot": [0.28, 29.94, 2.73],
					"cubes": [
						{
							"origin": [-1.1, 28.672, 6.0965],
							"size": [2.55, 2.698, 0.76],
							"uv": {
								"north": {"uv": [48, 55], "uv_size": [3, 3]},
								"east": {"uv": [49, 67], "uv_size": [1, 3]},
								"south": {"uv": [51, 55], "uv_size": [3, 3]},
								"west": {"uv": [50, 67], "uv_size": [1, 3]},
								"up": {"uv": [67, 37], "uv_size": [3, 1]},
								"down": {"uv": [67, 44], "uv_size": [3, -1]}
							}
						}
					]
				},
				{
					"name": "scope",
					"parent": "main",
					"pivot": [0.0575, 31.15, 8.45],
					"cubes": [
						{
							"origin": [-0.32, 29.6, 11.01],
							"size": [0.96, 0.96, 0.96],
							"inflate": -0.4,
							"uv": {
								"north": {"uv": [54, 55], "uv_size": [1, 1]},
								"east": {"uv": [12, 64], "uv_size": [1, 1]},
								"south": {"uv": [70, 33], "uv_size": [1, 1]},
								"west": {"uv": [40, 70], "uv_size": [1, 1]},
								"up": {"uv": [41, 70], "uv_size": [1, 1]},
								"down": {"uv": [70, 42], "uv_size": [1, -1]}
							}
						}
					]
				},
				{
					"name": "_ca_scope",
					"parent": "main",
					"pivot": [0.1, 27.85, -6.05],
					"cubes": [
						{"origin": [-0.42, 27.35, -10.4], "size": [1, 1, 1], "uv": [0, 0]}
					]
				}
			]
		}
	]
}