{
	"format_version": "1.12.0",
	"minecraft:geometry": [
		{
			"description": {
				"identifier": "geometry.unknown",
				"texture_width": 64,
				"texture_height": 64,
				"visible_bounds_width": 14,
				"visible_bounds_height": 4,
				"visible_bounds_offset": [0, 1, 0]
			},
			"bones": [
				{
					"name": "main",
					"pivot": [0, 20, 0]
				},
				{
					"name": "specter",
					"parent": "main",
					"pivot": [0, 29.1, -5.55],
					"cubes": [
						{
							"origin": [1.012, 28.996, -17.3825],
							"size": [1.848, 0.936, 2.34],
							"uv": {
								"north": {"uv": [18, 47], "uv_size": [2, 1]},
								"east": {"uv": [20, 47], "uv_size": [2, 1]},
								"south": {"uv": [22, 47], "uv_size": [2, 1]},
								"west": {"uv": [25, 47], "uv_size": [2, 1]},
								"up": {"uv": [11, 39], "uv_size": [2, 2]},
								"down": {"uv": [24, 41], "uv_size": [2, -2]}
							}
						},
						{
							"origin": [1.012, 29.896, -17.3825],
							"size": [1.348, 0.436, 2.34],
							"uv": {
								"north": {"uv": [3, 51], "uv_size": [1, 1]},
								"east": {"uv": [47, 45], "uv_size": [2, 1]},
								"south": {"uv": [4, 51], "uv_size": [1, 1]},
								"west": {"uv": [48, 13], "uv_size": [2, 1]},
								"up": {"uv": [0, 49], "uv_size": [1, 2]},
								"down": {"uv": [1, 51], "uv_size": [1, -2]}
							}
						},
						{
							"origin": [1.012, 30.396, -17.3825],
							"size": [1.348, 0.836, 2.34],
							"uv": {
								"north": {"uv": [51, 4], "uv_size": [1, 1]},
								"east": {"uv": [2, 49], "uv_size": [2, 1]},
								"south": {"uv": [5, 51], "uv_size": [1, 1]},
								"west": {"uv": [4, 49], "uv_size": [2, 1]},
								"up": {"uv": [6, 49], "uv_size": [1, 2]},
								"down": {"uv": [49, 8], "uv_size": [1, -2]}
							}
						},
						{
							"origin": [1.012, 28.996, -12.9825],
							"size": [1.848, 0.936, 2.74],
							"uv": {
								"north": {"uv": [49, 8], "uv_size": [2, 1]},
								"east": {"uv": [47, 14], "uv_size": [3, 1]},
								"south": {"uv": [49, 9], "uv_size": [2, 1]},
								"west": {"uv": [47, 15], "uv_size": [3, 1]},
								"up": {"uv": [38, 34], "uv_size": [2, 3]},
								"down": {"uv": [35, 41], "uv_size": [2, -3]}
							}
						},
						{
							"origin": [2.112, 23.696, -17.3825],
							"size": [0.748, 5.336, 2.34],
							"uv": {
								"north": {"uv": [38, 37], "uv_size": [1, 5]},
								"east": {"uv": [10, 32], "uv_size": [2, 5]},
								"south": {"uv": [10, 39], "uv_size": [1, 5]},
								"west": {"uv": [12, 32], "uv_size": [2, 5]},
								"up": {"uv": [7, 49], "uv_size": [1, 2]},
								"down": {"uv": [11, 51], "uv_size": [1, -2]}
							}
						},
						{
							"origin": [2.312, 23.696, -12.9825],
							"size": [0.548, 5.336, 2.74],
							"uv": {
								"north": {"uv": [13, 37], "uv_size": [1, 5]},
								"east": {"uv": [32, 4], "uv_size": [3, 5]},
								"south": {"uv": [37, 38], "uv_size": [1, 5]},
								"west": {"uv": [32, 9], "uv_size": [3, 5]},
								"up": {"uv": [16, 47], "uv_size": [1, 3]},
								"down": {"uv": [17, 50], "uv_size": [1, -3]}
							}
						},
						{
							"origin": [2.312, 23.696, -15.0825],
							"size": [0.548, 2.336, 2.14],
							"uv": {
								"north": {"uv": [35, 49], "uv_size": [1, 2]},
								"east": {"uv": [41, 8], "uv_size": [2, 2]},
								"south": {"uv": [36, 49], "uv_size": [1, 2]},
								"west": {"uv": [41, 10], "uv_size": [2, 2]},
								"up": {"uv": [49, 36], "uv_size": [1, 2]},
								"down": {"uv": [49, 40], "uv_size": [1, -2]}
							}
						},
						{
							"origin": [2.312, 27.896, -12.7825],
							"size": [0.548, 0.336, 0.64],
							"pivot": [2.4, 28.8, -12.8365],
							"rotation": [-45, 0, 0],
							"uv": {
								"north": {"uv": [51, 19], "uv_size": [1, 1]},
								"east": {"uv": [20, 51], "uv_size": [1, 1]},
								"south": {"uv": [51, 20], "uv_size": [1, 1]},
								"west": {"uv": [21, 51], "uv_size": [1, 1]},
								"up": {"uv": [51, 21], "uv_size": [1, 1]},
								"down": {"uv": [22, 52], "uv_size": [1, -1]}
							}
						},
						{
							"origin": [2.312, 27.896, -15.9575],
							"size": [0.548, 0.336, 0.64],
							"pivot": [2.4, 28.8, -15.2635],
							"rotation": [45, 0, 0],
							"uv": {
								"north": {"uv": [51, 22], "uv_size": [1, 1]},
								"east": {"uv": [23, 51], "uv_size": [1, 1]},
								"south": {"uv": [51, 23], "uv_size": [1, 1]},
								"west": {"uv": [24, 51], "uv_size": [1, 1]},
								"up": {"uv": [51, 24], "uv_size": [1, 1]},
								"down": {"uv": [25, 52], "uv_size": [1, -1]}
							}
						},
						{
							"origin": [2.312, 25.868, -15.9575],
							"size": [0.548, 0.336, 0.64],
							"pivot": [2.4, 25.3, -15.2635],
							"rotation": [-45, 0, 0],
							"uv": {
								"north": {"uv": [51, 28], "uv_size": [1, 1]},
								"east": {"uv": [29, 51], "uv_size": [1, 1]},
								"south": {"uv": [51, 29], "uv_size": [1, 1]},
								"west": {"uv": [30, 51], "uv_size": [1, 1]},
								"up": {"uv": [51, 30], "uv_size": [1, 1]},
								"down": {"uv": [31, 52], "uv_size": [1, -1]}
							}
						},
						{
							"origin": [2.312, 25.868, -12.7825],
							"size": [0.548, 0.336, 0.64],
							"pivot": [2.4, 25.3, -12.8365],
							"rotation": [45, 0, 0],
							"uv": {
								"north": {"uv": [51, 25], "uv_size": [1, 1]},
								"east": {"uv": [26, 51], "uv_size": [1, 1]},
								"south": {"uv": [51, 26], "uv_size": [1, 1]},
								"west": {"uv": [27, 51], "uv_size": [1, 1]},
								"up": {"uv": [51, 27], "uv_size": [1, 1]},
								"down": {"uv": [28, 52], "uv_size": [1, -1]}
							}
						},
						{
							"origin": [2.312, 28.096, -15.0825],
							"size": [0.548, 1.836, 2.14],
							"uv": {
								"north": {"uv": [49, 40], "uv_size": [1, 2]},
								"east": {"uv": [11, 41], "uv_size": [2, 2]},
								"south": {"uv": [49, 42], "uv_size": [1, 2]},
								"west": {"uv": [41, 12], "uv_size": [2, 2]},
								"up": {"uv": [49, 44], "uv_size": [1, 2]},
								"down": {"uv": [45, 51], "uv_size": [1, -2]}
							}
						},
						{
							"origin": [1.512, 23.696, -18.0825],
							"size": [0.648, 0.836, 8.54],
							"uv": {
								"north": {"uv": [51, 7], "uv_size": [1, 1]},
								"east": {"uv": [38, 4], "uv_size": [9, 1]},
								"south": {"uv": [51, 8], "uv_size": [1, 1]},
								"west": {"uv": [38, 5], "uv_size": [9, 1]},
								"up": {"uv": [14, 32], "uv_size": [1, 9]},
								"down": {"uv": [15, 41], "uv_size": [1, -9]}
							}
						},
						{
							"origin": [2.512, 23.696, -17.2825],
							"size": [1.048, 1.636, 0.54],
							"uv": {
								"north": {"uv": [49, 11], "uv_size": [1, 2]},
								"east": {"uv": [12, 49], "uv_size": [1, 2]},
								"south": {"uv": [14, 49], "uv_size": [1, 2]},
								"west": {"uv": [15, 49], "uv_size": [1, 2]},
								"up": {"uv": [51, 15], "uv_size": [1, 1]},
								"down": {"uv": [16, 52], "uv_size": [1, -1]}
							}
						},
						{
							"origin": [2.5091, 23.696, -17.30461],
							"size": [1.048, 1.636, 0.54],
							"pivot": [3.5971, 23.9, -16.75861],
							"rotation": [0, 32, 0],
							"uv": {
								"north": {"uv": [49, 16], "uv_size": [1, 2]},
								"east": {"uv": [49, 18], "uv_size": [1, 2]},
								"south": {"uv": [49, 20], "uv_size": [1, 2]},
								"west": {"uv": [49, 22], "uv_size": [1, 2]},
								"up": {"uv": [51, 16], "uv_size": [1, 1]},
								"down": {"uv": [17, 52], "uv_size": [1, -1]}
							}
						},
						{
							"origin": [2.512, 23.696, -10.8575],
							"size": [1.048, 1.636, 0.54],
							"uv": {
								"north": {"uv": [49, 30], "uv_size": [1, 2]},
								"east": {"uv": [49, 32], "uv_size": [1, 2]},
								"south": {"uv": [34, 49], "uv_size": [1, 2]},
								"west": {"uv": [49, 34], "uv_size": [1, 2]},
								"up": {"uv": [51, 18], "uv_size": [1, 1]},
								"down": {"uv": [19, 52], "uv_size": [1, -1]}
							}
						},
						{
							"origin": [2.5091, 23.696, -10.83539],
							"size": [1.048, 1.636, 0.54],
							"pivot": [3.5971, 23.9, -10.84139],
							"rotation": [0, -32, 0],
							"uv": {
								"north": {"uv": [49, 24], "uv_size": [1, 2]},
								"east": {"uv": [49, 26], "uv_size": [1, 2]},
								"south": {"uv": [27, 49], "uv_size": [1, 2]},
								"west": {"uv": [49, 28], "uv_size": [1, 2]},
								"up": {"uv": [51, 17], "uv_size": [1, 1]},
								"down": {"uv": [18, 52], "uv_size": [1, -1]}
							}
						},
						{
							"origin": [2.13373, 23.696, -18.1003],
							"size": [1.348, 0.836, 1.04],
							"pivot": [2.12173, 23.7, -18.0543],
							"rotation": [0, -39, 0],
							"uv": {
								"north": {"uv": [51, 9], "uv_size": [1, 1]},
								"east": {"uv": [10, 51], "uv_size": [1, 1]},
								"south": {"uv": [51, 10], "uv_size": [1, 1]},
								"west": {"uv": [11, 51], "uv_size": [1, 1]},
								"up": {"uv": [51, 11], "uv_size": [1, 1]},
								"down": {"uv": [12, 52], "uv_size": [1, -1]}
							}
						},
						{
							"origin": [2.13373, 23.696, -10.5397],
							"size": [1.348, 0.836, 1.04],
							"pivot": [2.12173, 23.7, -9.5457],
							"rotation": [0, 39, 0],
							"uv": {
								"north": {"uv": [51, 12], "uv_size": [1, 1]},
								"east": {"uv": [13, 51], "uv_size": [1, 1]},
								"south": {"uv": [51, 13], "uv_size": [1, 1]},
								"west": {"uv": [14, 51], "uv_size": [1, 1]},
								"up": {"uv": [51, 14], "uv_size": [1, 1]},
								"down": {"uv": [15, 52], "uv_size": [1, -1]}
							}
						},
						{
							"origin": [1.012, 29.896, -12.9825],
							"size": [1.348, 0.436, 2.74],
							"uv": {
								"north": {"uv": [51, 6], "uv_size": [1, 1]},
								"east": {"uv": [47, 5], "uv_size": [3, 1]},
								"south": {"uv": [7, 51], "uv_size": [1, 1]},
								"west": {"uv": [47, 10], "uv_size": [3, 1]},
								"up": {"uv": [10, 47], "uv_size": [1, 3]},
								"down": {"uv": [47, 14], "uv_size": [1, -3]}
							}
						},
						{
							"origin": [1.012, 30.396, -12.9825],
							"size": [1.348, 0.836, 2.74],
							"uv": {
								"north": {"uv": [51, 5], "uv_size": [1, 1]},
								"east": {"uv": [46, 46], "uv_size": [3, 1]},
								"south": {"uv": [6, 51], "uv_size": [1, 1]},
								"west": {"uv": [47, 4], "uv_size": [3, 1]},
								"up": {"uv": [15, 46], "uv_size": [1, 3]},
								"down": {"uv": [34, 49], "uv_size": [1, -3]}
							}
						},
						{
							"origin": [-1.211, 29.272, -19.7995],
							"size": [2.322, 2.37, 0.76],
							"uv": {
								"north": {"uv": [26, 40], "uv_size": [2, 2]},
								"east": {"uv": [35, 47], "uv_size": [1, 2]},
								"south": {"uv": [28, 40], "uv_size": [2, 2]},
								"west": {"uv": [36, 47], "uv_size": [1, 2]},
								"up": {"uv": [47, 33], "uv_size": [2, 1]},
								"down": {"uv": [37, 48], "uv_size": [2, -1]}
							}
						},
						{
							"origin": [-1.2576, 31.2946, -20.36235],
							"size": [2.4468, 0.942, 23.0881],
							"inflate": -0.3,
							"uv": {
								"north": {"uv": [47, 37], "uv_size": [2, 1]},
								"east": {"uv": [26, 24], "uv_size": [23, 1]},
								"south": {"uv": [39, 47], "uv_size": [2, 1]},
								"west": {"uv": [26, 25], "uv_size": [23, 1]},
								"up": {"uv": [16, 24], "uv_size": [2, 23]},
								"down": {"uv": [24, 39], "uv_size": [2, -23]}
							}
						},
						{
							"origin": [-1.2576, 28.7134, -20.36235],
							"size": [2.4468, 1.042, 23.0881],
							"inflate": -0.3,
							"uv": {
								"north": {"uv": [41, 47], "uv_size": [2, 1]},
								"east": {"uv": [26, 26], "uv_size": [23, 1]},
								"south": {"uv": [43, 47], "uv_size": [2, 1]},
								"west": {"uv": [26, 27], "uv_size": [23, 1]},
								"up": {"uv": [18, 24], "uv_size": [2, 23]},
								"down": {"uv": [20, 47], "uv_size": [2, -23]}
							}
						},
						{
							"origin": [0.7944, 29.3236, -20.36235],
							"size": [1.0104, 2.2974, 23.0881],
							"inflate": -0.3,
							"uv": {
								"north": {"uv": [45, 47], "uv_size": [1, 2]},
								"east": {"uv": [26, 16], "uv_size": [23, 2]},
								"south": {"uv": [46, 47], "uv_size": [1, 2]},
								"west": {"uv": [26, 18], "uv_size": [23, 2]},
								"up": {"uv": [22, 24], "uv_size": [1, 23]},
								"down": {"uv": [23, 47], "uv_size": [1, -23]}
							}
						},
						{
							"origin": [-1.8048, 29.2507, -20.36235],
							"size": [0.942, 2.4387, 23.0881],
							"inflate": -0.3,
							"uv": {
								"north": {"uv": [47, 47], "uv_size": [1, 2]},
								"east": {"uv": [26, 20], "uv_size": [23, 2]},
								"south": {"uv": [48, 11], "uv_size": [1, 2]},
								"west": {"uv": [26, 22], "uv_size": [23, 2]},
								"up": {"uv": [0, 26], "uv_size": [1, 23]},
								"down": {"uv": [1, 49], "uv_size": [1, -23]}
							}
						},
						{
							"origin": [-17.72148, 36.34252, -20.36235],
							"size": [1.0104, 1.37292, 23.0881],
							"inflate": -0.3,
							"pivot": [-15.8004, 14.8024, -0.96285],
							"rotation": [0, 0, 45],
							"uv": {
								"north": {"uv": [49, 49], "uv_size": [1, 1]},
								"east": {"uv": [26, 28], "uv_size": [23, 1]},
								"south": {"uv": [2, 50], "uv_size": [1, 1]},
								"west": {"uv": [26, 29], "uv_size": [23, 1]},
								"up": {"uv": [2, 26], "uv_size": [1, 23]},
								"down": {"uv": [3, 49], "uv_size": [1, -23]}
							}
						},
						{
							"origin": [15.89028, 38.25772, -20.36235],
							"size": [1.0104, 1.46868, 23.0881],
							"inflate": -0.3,
							"pivot": [17.784, 16.7176, -0.96285],
							"rotation": [0, 0, -45],
							"uv": {
								"north": {"uv": [3, 50], "uv_size": [1, 1]},
								"east": {"uv": [26, 30], "uv_size": [23, 1]},
								"south": {"uv": [4, 50], "uv_size": [1, 1]},
								"west": {"uv": [26, 31], "uv_size": [23, 1]},
								"up": {"uv": [4, 26], "uv_size": [1, 23]},
								"down": {"uv": [5, 49], "uv_size": [1, -23]}
							}
						},
						{
							"origin": [-17.72148, 23.23456, -20.36235],
							"size": [1.1104, 1.47292, 23.0881],
							"inflate": -0.3,
							"pivot": [-15.8004, 46.1476, -0.96285],
							"rotation": [0, 0, -45],
							"uv": {
								"north": {"uv": [50, 4], "uv_size": [1, 1]},
								"east": {"uv": [32, 0], "uv_size": [23, 1]},
								"south": {"uv": [5, 50], "uv_size": [1, 1]},
								"west": {"uv": [32, 1], "uv_size": [23, 1]},
								"up": {"uv": [6, 26], "uv_size": [1, 23]},
								"down": {"uv": [7, 49], "uv_size": [1, -23]}
							}
						},
						{
							"origin": [15.79028, 21.2236, -20.36235],
							"size": [1.1104, 1.46868, 23.0881],
							"inflate": -0.3,
							"pivot": [17.784, 44.2324, -0.96285],
							"rotation": [0, 0, 45],
							"uv": {
								"north": {"uv": [50, 5], "uv_size": [1, 1]},
								"east": {"uv": [32, 2], "uv_size": [23, 1]},
								"south": {"uv": [50, 6], "uv_size": [1, 1]},
								"west": {"uv": [32, 3], "uv_size": [23, 1]},
								"up": {"uv": [8, 32], "uv_size": [1, 23]},
								"down": {"uv": [9, 55], "uv_size": [1, -23]}
							}
						},
						{
							"origin": [-1.9587, 29.29825, -17.68435],
							"size": [0.9249, 2.4639, 2.96545],
							"inflate": -0.3,
							"uv": {
								"north": {"uv": [25, 48], "uv_size": [1, 2]},
								"east": {"uv": [4, 0], "uv_size": [3, 2]},
								"south": {"uv": [26, 48], "uv_size": [1, 2]},
								"west": {"uv": [32, 14], "uv_size": [3, 2]},
								"up": {"uv": [34, 40], "uv_size": [1, 3]},
								"down": {"uv": [24, 44], "uv_size": [1, -3]}
							}
						},
						{
							"origin": [-17.85828, 23.29273, -17.69065],
							"size": [0.9762, 1.49775, 2.97175],
							"inflate": -0.3,
							"pivot": [-15.8004, 46.2451, -11.41285],
							"rotation": [0, 0, -45],
							"uv": {
								"north": {"uv": [50, 20], "uv_size": [1, 1]},
								"east": {"uv": [40, 36], "uv_size": [3, 1]},
								"south": {"uv": [21, 50], "uv_size": [1, 1]},
								"west": {"uv": [41, 32], "uv_size": [3, 1]},
								"up": {"uv": [25, 41], "uv_size": [1, 3]},
								"down": {"uv": [35, 44], "uv_size": [1, -3]}
							}
						},
						{
							"origin": [-17.85828, 36.28702, -17.69965],
							"size": [0.9762, 1.49775, 2.98075],
							"inflate": -0.3,
							"pivot": [-15.8004, 14.8324, -17.26285],
							"rotation": [0, 0, 45],
							"uv": {
								"north": {"uv": [50, 21], "uv_size": [1, 1]},
								"east": {"uv": [41, 33], "uv_size": [3, 1]},
								"south": {"uv": [22, 50], "uv_size": [1, 1]},
								"west": {"uv": [41, 37], "uv_size": [3, 1]},
								"up": {"uv": [36, 41], "uv_size": [1, 3]},
								"down": {"uv": [41, 41], "uv_size": [1, -3]}
							}
						},
						{
							"origin": [-1.326, 31.4956, -17.69965],
							"size": [2.652, 0.89925, 2.98075],
							"inflate": -0.3,
							"uv": {
								"north": {"uv": [39, 41], "uv_size": [3, 1]},
								"east": {"uv": [26, 42], "uv_size": [3, 1]},
								"south": {"uv": [29, 42], "uv_size": [3, 1]},
								"west": {"uv": [42, 34], "uv_size": [3, 1]},
								"up": {"uv": [26, 32], "uv_size": [3, 3]},
								"down": {"uv": [29, 35], "uv_size": [3, -3]}
							}
						},
						{
							"origin": [16.88208, 36.28702, -17.69965],
							"size": [0.9762, 1.49775, 2.98075],
							"inflate": -0.3,
							"pivot": [15.8004, 14.8324, -17.26285],
							"rotation": [0, 0, -45],
							"uv": {
								"north": {"uv": [50, 22], "uv_size": [1, 1]},
								"east": {"uv": [42, 35], "uv_size": [3, 1]},
								"south": {"uv": [23, 50], "uv_size": [1, 1]},
								"west": {"uv": [38, 42], "uv_size": [3, 1]},
								"up": {"uv": [13, 42], "uv_size": [1, 3]},
								"down": {"uv": [32, 45], "uv_size": [1, -3]}
							}
						},
						{
							"origin": [1.0338, 29.29825, -17.68435],
							"size": [0.9249, 2.4639, 2.96545],
							"inflate": -0.3,
							"uv": {
								"north": {"uv": [28, 48], "uv_size": [1, 2]},
								"east": {"uv": [10, 37], "uv_size": [3, 2]},
								"south": {"uv": [29, 48], "uv_size": [1, 2]},
								"west": {"uv": [38, 6], "uv_size": [3, 2]},
								"up": {"uv": [33, 42], "uv_size": [1, 3]},
								"down": {"uv": [42, 41], "uv_size": [1, -3]}
							}
						},
						{
							"origin": [-1.326, 28.68265, -17.69065],
							"size": [2.652, 0.89925, 2.97175],
							"inflate": -0.3,
							"uv": {
								"north": {"uv": [41, 42], "uv_size": [3, 1]},
								"east": {"uv": [42, 41], "uv_size": [3, 1]},
								"south": {"uv": [43, 6], "uv_size": [3, 1]},
								"west": {"uv": [43, 7], "uv_size": [3, 1]},
								"up": {"uv": [32, 32], "uv_size": [3, 3]},
								"down": {"uv": [35, 7], "uv_size": [3, -3]}
							}
						},
						{
							"origin": [16.88208, 23.29273, -17.69065],
							"size": [0.9762, 1.49775, 2.97175],
							"inflate": -0.3,
							"pivot": [15.8004, 46.2451, -17.26285],
							"rotation": [0, 0, 45],
							"uv": {
								"north": {"uv": [50, 23], "uv_size": [1, 1]},
								"east": {"uv": [43, 8], "uv_size": [3, 1]},
								"south": {"uv": [24, 50], "uv_size": [1, 1]},
								"west": {"uv": [43, 9], "uv_size": [3, 1]},
								"up": {"uv": [43, 10], "uv_size": [1, 3]},
								"down": {"uv": [11, 46], "uv_size": [1, -3]}
							}
						},
						{
							"origin": [1.0338, 29.29825, -13.28435],
							"size": [0.9249, 2.4639, 3.36545],
							"inflate": -0.3,
							"uv": {
								"north": {"uv": [32, 48], "uv_size": [1, 2]},
								"east": {"uv": [38, 12], "uv_size": [3, 2]},
								"south": {"uv": [33, 48], "uv_size": [1, 2]},
								"west": {"uv": [38, 14], "uv_size": [3, 2]},
								"up": {"uv": [31, 44], "uv_size": [1, 3]},
								"down": {"uv": [35, 47], "uv_size": [1, -3]}
							}
						},
						{
							"origin": [16.88208, 36.28702, -13.29965],
							"size": [0.9762, 1.49775, 3.38075],
							"inflate": -0.3,
							"pivot": [15.8004, 14.8324, -12.46285],
							"rotation": [0, 0, -45],
							"uv": {
								"north": {"uv": [28, 50], "uv_size": [1, 1]},
								"east": {"uv": [27, 44], "uv_size": [3, 1]},
								"south": {"uv": [50, 28], "uv_size": [1, 1]},
								"west": {"uv": [44, 32], "uv_size": [3, 1]},
								"up": {"uv": [10, 44], "uv_size": [1, 3]},
								"down": {"uv": [30, 47], "uv_size": [1, -3]}
							}
						},
						{
							"origin": [-1.326, 31.4956, -13.29965],
							"size": [2.652, 0.89925, 3.38075],
							"inflate": -0.3,
							"uv": {
								"north": {"uv": [44, 10], "uv_size": [3, 1]},
								"east": {"uv": [44, 11], "uv_size": [3, 1]},
								"south": {"uv": [44, 12], "uv_size": [3, 1]},
								"west": {"uv": [24, 44], "uv_size": [3, 1]},
								"up": {"uv": [35, 13], "uv_size": [3, 3]},
								"down": {"uv": [26, 38], "uv_size": [3, -3]}
							}
						},
						{
							"origin": [-17.85828, 36.28702, -13.29965],
							"size": [0.9762, 1.49775, 3.38075],
							"inflate": -0.3,
							"pivot": [-15.8004, 14.8324, -12.46285],
							"rotation": [0, 0, 45],
							"uv": {
								"north": {"uv": [50, 26], "uv_size": [1, 1]},
								"east": {"uv": [43, 39], "uv_size": [3, 1]},
								"south": {"uv": [50, 27], "uv_size": [1, 1]},
								"west": {"uv": [43, 40], "uv_size": [3, 1]},
								"up": {"uv": [42, 43], "uv_size": [1, 3]},
								"down": {"uv": [43, 46], "uv_size": [1, -3]}
							}
						},
						{
							"origin": [-1.9587, 29.29825, -13.28435],
							"size": [0.9249, 2.4639, 3.36545],
							"inflate": -0.3,
							"uv": {
								"north": {"uv": [30, 48], "uv_size": [1, 2]},
								"east": {"uv": [38, 8], "uv_size": [3, 2]},
								"south": {"uv": [31, 48], "uv_size": [1, 2]},
								"west": {"uv": [38, 10], "uv_size": [3, 2]},
								"up": {"uv": [40, 43], "uv_size": [1, 3]},
								"down": {"uv": [41, 46], "uv_size": [1, -3]}
							}
						},
						{
							"origin": [-17.85828, 23.29273, -13.29065],
							"size": [0.9762, 1.49775, 3.37175],
							"inflate": -0.3,
							"pivot": [-15.8004, 46.2451, -6.61285],
							"rotation": [0, 0, -45],
							"uv": {
								"north": {"uv": [50, 25], "uv_size": [1, 1]},
								"east": {"uv": [37, 43], "uv_size": [3, 1]},
								"south": {"uv": [26, 50], "uv_size": [1, 1]},
								"west": {"uv": [43, 38], "uv_size": [3, 1]},
								"up": {"uv": [15, 43], "uv_size": [1, 3]},
								"down": {"uv": [34, 46], "uv_size": [1, -3]}
							}
						},
						{
							"origin": [-1.326, 28.68265, -13.29065],
							"size": [2.652, 0.89925, 3.37175],
							"inflate": -0.3,
							"uv": {
								"north": {"uv": [43, 15], "uv_size": [3, 1]},
								"east": {"uv": [26, 43], "uv_size": [3, 1]},
								"south": {"uv": [29, 43], "uv_size": [3, 1]},
								"west": {"uv": [43, 36], "uv_size": [3, 1]},
								"up": {"uv": [35, 7], "uv_size": [3, 3]},
								"down": {"uv": [35, 13], "uv_size": [3, -3]}
							}
						},
						{
							"origin": [16.88208, 23.29273, -13.29065],
							"size": [0.9762, 1.49775, 3.37175],
							"inflate": -0.3,
							"pivot": [15.8004, 46.2451, -12.46285],
							"rotation": [0, 0, 45],
							"uv": {
								"north": {"uv": [50, 24], "uv_size": [1, 1]},
								"east": {"uv": [43, 13], "uv_size": [3, 1]},
								"south": {"uv": [25, 50], "uv_size": [1, 1]},
								"west": {"uv": [43, 14], "uv_size": [3, 1]},
								"up": {"uv": [12, 43], "uv_size": [1, 3]},
								"down": {"uv": [14, 46], "uv_size": [1, -3]}
							}
						},
						{
							"origin": [1.0338, 29.29825, -0.58435],
							"size": [0.9249, 2.4639, 3.36545],
							"inflate": -0.3,
							"uv": {
								"north": {"uv": [38, 48], "uv_size": [1, 2]},
								"east": {"uv": [32, 38], "uv_size": [3, 2]},
								"south": {"uv": [39, 48], "uv_size": [1, 2]},
								"west": {"uv": [38, 32], "uv_size": [3, 2]},
								"up": {"uv": [46, 13], "uv_size": [1, 3]},
								"down": {"uv": [14, 49], "uv_size": [1, -3]}
							}
						},
						{
							"origin": [16.88208, 36.28702, -0.59965],
							"size": [0.9762, 1.49775, 3.38075],
							"inflate": -0.3,
							"pivot": [15.8004, 14.8324, 0.23715],
							"rotation": [0, 0, -45],
							"uv": {
								"north": {"uv": [32, 50], "uv_size": [1, 1]},
								"east": {"uv": [46, 8], "uv_size": [3, 1]},
								"south": {"uv": [50, 32], "uv_size": [1, 1]},
								"west": {"uv": [46, 9], "uv_size": [3, 1]},
								"up": {"uv": [11, 46], "uv_size": [1, 3]},
								"down": {"uv": [12, 49], "uv_size": [1, -3]}
							}
						},
						{
							"origin": [-1.326, 31.4956, -0.59965],
							"size": [2.652, 0.89925, 3.38075],
							"inflate": -0.3,
							"uv": {
								"north": {"uv": [44, 45], "uv_size": [3, 1]},
								"east": {"uv": [45, 44], "uv_size": [3, 1]},
								"south": {"uv": [46, 6], "uv_size": [3, 1]},
								"west": {"uv": [46, 7], "uv_size": [3, 1]},
								"up": {"uv": [35, 32], "uv_size": [3, 3]},
								"down": {"uv": [35, 38], "uv_size": [3, -3]}
							}
						},
						{
							"origin": [16.88208, 23.29273, -0.59065],
							"size": [0.9762, 1.49775, 3.37175],
							"inflate": -0.3,
							"pivot": [15.8004, 46.2451, 0.23715],
							"rotation": [0, 0, 45],
							"uv": {
								"north": {"uv": [31, 50], "uv_size": [1, 1]},
								"east": {"uv": [45, 42], "uv_size": [3, 1]},
								"south": {"uv": [50, 31], "uv_size": [1, 1]},
								"west": {"uv": [45, 43], "uv_size": [3, 1]},
								"up": {"uv": [32, 45], "uv_size": [1, 3]},
								"down": {"uv": [33, 48], "uv_size": [1, -3]}
							}
						},
						{
							"origin": [-1.326, 28.68265, -0.59065],
							"size": [2.652, 0.89925, 3.37175],
							"inflate": -0.3,
							"uv": {
								"north": {"uv": [45, 34], "uv_size": [3, 1]},
								"east": {"uv": [45, 35], "uv_size": [3, 1]},
								"south": {"uv": [36, 45], "uv_size": [3, 1]},
								"west": {"uv": [45, 41], "uv_size": [3, 1]},
								"up": {"uv": [29, 35], "uv_size": [3, 3]},
								"down": {"uv": [32, 38], "uv_size": [3, -3]}
							}
						},
						{
							"origin": [-17.85828, 23.29273, -0.59065],
							"size": [0.9762, 1.49775, 3.37175],
							"inflate": -0.3,
							"pivot": [-15.8004, 46.2451, 6.08715],
							"rotation": [0, 0, -45],
							"uv": {
								"north": {"uv": [30, 50], "uv_size": [1, 1]},
								"east": {"uv": [44, 37], "uv_size": [3, 1]},
								"south": {"uv": [50, 30], "uv_size": [1, 1]},
								"west": {"uv": [25, 45], "uv_size": [3, 1]},
								"up": {"uv": [28, 45], "uv_size": [1, 3]},
								"down": {"uv": [29, 48], "uv_size": [1, -3]}
							}
						},
						{
							"origin": [-1.9587, 29.29825, -0.58435],
							"size": [0.9249, 2.4639, 3.36545],
							"inflate": -0.3,
							"uv": {
								"north": {"uv": [48, 34], "uv_size": [1, 2]},
								"east": {"uv": [26, 38], "uv_size": [3, 2]},
								"south": {"uv": [37, 48], "uv_size": [1, 2]},
								"west": {"uv": [29, 38], "uv_size": [3, 2]},
								"up": {"uv": [13, 45], "uv_size": [1, 3]},
								"down": {"uv": [24, 48], "uv_size": [1, -3]}
							}
						},
						{
							"origin": [-17.85828, 36.28702, -0.59965],
							"size": [0.9762, 1.49775, 3.38075],
							"inflate": -0.3,
							"pivot": [-15.8004, 14.8324, 0.23715],
							"rotation": [0, 0, 45],
							"uv": {
								"north": {"uv": [29, 50], "uv_size": [1, 1]},
								"east": {"uv": [44, 33], "uv_size": [3, 1]},
								"south": {"uv": [50, 29], "uv_size": [1, 1]},
								"west": {"uv": [36, 44], "uv_size": [3, 1]},
								"up": {"uv": [39, 44], "uv_size": [1, 3]},
								"down": {"uv": [44, 45], "uv_size": [1, -3]}
							}
						},
						{
							"origin": [1.0338, 29.29825, -20.48435],
							"size": [0.9249, 2.4639, 1.16545],
							"inflate": -0.3,
							"uv": {
								"north": {"uv": [43, 48], "uv_size": [1, 2]},
								"east": {"uv": [48, 43], "uv_size": [1, 2]},
								"south": {"uv": [44, 48], "uv_size": [1, 2]},
								"west": {"uv": [48, 47], "uv_size": [1, 2]},
								"up": {"uv": [1, 51], "uv_size": [1, 1]},
								"down": {"uv": [2, 52], "uv_size": [1, -1]}
							}
						},
						{
							"origin": [16.88208, 36.28702, -20.49965],
							"size": [0.9762, 1.49775, 1.18075],
							"inflate": -0.3,
							"pivot": [15.8004, 14.8324, -21.86285],
							"rotation": [0, 0, -45],
							"uv": {
								"north": {"uv": [50, 47], "uv_size": [1, 1]},
								"east": {"uv": [48, 50], "uv_size": [1, 1]},
								"south": {"uv": [49, 50], "uv_size": [1, 1]},
								"west": {"uv": [50, 49], "uv_size": [1, 1]},
								"up": {"uv": [50, 50], "uv_size": [1, 1]},
								"down": {"uv": [0, 52], "uv_size": [1, -1]}
							}
						},
						{
							"origin": [-1.326, 31.4956, -20.49965],
							"size": [2.652, 0.89925, 1.18075],
							"inflate": -0.3,
							"uv": {
								"north": {"uv": [46, 39], "uv_size": [3, 1]},
								"east": {"uv": [50, 46], "uv_size": [1, 1]},
								"south": {"uv": [40, 46], "uv_size": [3, 1]},
								"west": {"uv": [47, 50], "uv_size": [1, 1]},
								"up": {"uv": [46, 40], "uv_size": [3, 1]},
								"down": {"uv": [43, 47], "uv_size": [3, -1]}
							}
						},
						{
							"origin": [16.88208, 23.29273, -20.49065],
							"size": [0.9762, 1.49775, 1.17175],
							"inflate": -0.3,
							"pivot": [15.8004, 46.2451, -21.86285],
							"rotation": [0, 0, 45],
							"uv": {
								"north": {"uv": [50, 42], "uv_size": [1, 1]},
								"east": {"uv": [43, 50], "uv_size": [1, 1]},
								"south": {"uv": [50, 43], "uv_size": [1, 1]},
								"west": {"uv": [44, 50], "uv_size": [1, 1]},
								"up": {"uv": [50, 44], "uv_size": [1, 1]},
								"down": {"uv": [50, 46], "uv_size": [1, -1]}
							}
						},
						{
							"origin": [-1.326, 28.68265, -20.49065],
							"size": [2.652, 0.89925, 1.17175],
							"inflate": -0.3,
							"uv": {
								"north": {"uv": [25, 46], "uv_size": [3, 1]},
								"east": {"uv": [50, 41], "uv_size": [1, 1]},
								"south": {"uv": [36, 46], "uv_size": [3, 1]},
								"west": {"uv": [42, 50], "uv_size": [1, 1]},
								"up": {"uv": [46, 36], "uv_size": [3, 1]},
								"down": {"uv": [46, 39], "uv_size": [3, -1]}
							}
						},
						{
							"origin": [-17.85828, 23.29273, -20.49065],
							"size": [0.9762, 1.49775, 1.17175],
							"inflate": -0.3,
							"pivot": [-15.8004, 46.2451, -16.01285],
							"rotation": [0, 0, -45],
							"uv": {
								"north": {"uv": [50, 38], "uv_size": [1, 1]},
								"east": {"uv": [39, 50], "uv_size": [1, 1]},
								"south": {"uv": [50, 39], "uv_size": [1, 1]},
								"west": {"uv": [40, 50], "uv_size": [1, 1]},
								"up": {"uv": [50, 40], "uv_size": [1, 1]},
								"down": {"uv": [41, 51], "uv_size": [1, -1]}
							}
						},
						{
							"origin": [-1.9587, 29.29825, -20.48435],
							"size": [0.9249, 2.4639, 1.16545],
							"inflate": -0.3,
							"uv": {
								"north": {"uv": [40, 48], "uv_size": [1, 2]},
								"east": {"uv": [41, 48], "uv_size": [1, 2]},
								"south": {"uv": [48, 41], "uv_size": [1, 2]},
								"west": {"uv": [42, 48], "uv_size": [1, 2]},
								"up": {"uv": [50, 37], "uv_size": [1, 1]},
								"down": {"uv": [38, 51], "uv_size": [1, -1]}
							}
						},
						{
							"origin": [-17.85828, 36.28702, -20.49965],
							"size": [0.9762, 1.49775, 1.18075],
							"inflate": -0.3,
							"pivot": [-15.8004, 14.8324, -21.86285],
							"rotation": [0, 0, 45],
							"uv": {
								"north": {"uv": [33, 50], "uv_size": [1, 1]},
								"east": {"uv": [50, 33], "uv_size": [1, 1]},
								"south": {"uv": [50, 34], "uv_size": [1, 1]},
								"west": {"uv": [50, 35], "uv_size": [1, 1]},
								"up": {"uv": [50, 36], "uv_size": [1, 1]},
								"down": {"uv": [37, 51], "uv_size": [1, -1]}
							}
						},
						{
							"origin": [-1.186, 29.447, 1.4755],
							"size": [2.297, 2.17, 0.76],
							"uv": {
								"north": {"uv": [14, 41], "uv_size": [2, 2]},
								"east": {"uv": [46, 49], "uv_size": [1, 2]},
								"south": {"uv": [41, 14], "uv_size": [2, 2]},
								"west": {"uv": [49, 46], "uv_size": [1, 2]},
								"up": {"uv": [47, 49], "uv_size": [2, 1]},
								"down": {"uv": [49, 49], "uv_size": [2, -1]}
							}
						}
					]
				},
				{
					"name": "specter2",
					"parent": "specter",
					"pivot": [0.23, 32.806, -4.8365],
					"rotation": [0, 0, 90],
					"cubes": [
						{
							"origin": [-0.28144, 28.02623, -9.5763],
							"size": [0.81736, 1.97282, 1.97282],
							"inflate": -0.2,
							"pivot": [1.61796, 31.71673, -1.45991],
							"rotation": [-27.5, 0, 0],
							"uv": {
								"north": {"uv": [13, 48], "uv_size": [1, 2]},
								"east": {"uv": [30, 40], "uv_size": [2, 2]},
								"south": {"uv": [18, 48], "uv_size": [1, 2]},
								"west": {"uv": [32, 40], "uv_size": [2, 2]},
								"up": {"uv": [19, 48], "uv_size": [1, 2]},
								"down": {"uv": [20, 50], "uv_size": [1, -2]}
							}
						},
						{
							"origin": [-3.35261, 24.65865, -11.96633],
							"size": [8.31212, 8.02594, 8.02594],
							"inflate": -3.4,
							"pivot": [1.224, 32.806, -0.4265],
							"rotation": [-27.5, 0, 0],
							"uv": {
								"north": {"uv": [0, 2], "uv_size": [8, 8]},
								"east": {"uv": [8, 0], "uv_size": [8, 8]},
								"south": {"uv": [8, 8], "uv_size": [8, 8]},
								"west": {"uv": [0, 10], "uv_size": [8, 8]},
								"up": {"uv": [16, 0], "uv_size": [8, 8]},
								"down": {"uv": [8, 24], "uv_size": [8, -8]}
							}
						}
					]
				},
				{
					"name": "specter9",
					"parent": "specter",
					"pivot": [-2.47, 30.706, -4.8365]
				},
				{
					"name": "specter14",
					"parent": "specter",
					"pivot": [2.47, 30.706, -4.8365],
					"cubes": [
						{
							"origin": [2.06408, 25.92623, -9.5763],
							"size": [0.81736, 1.97282, 1.97282],
							"inflate": -0.2,
							"pivot": [0.98204, 29.61673, -1.45991],
							"rotation": [-27.5, 0, 0],
							"uv": {
								"north": {"uv": [21, 48], "uv_size": [1, 2]},
								"east": {"uv": [40, 34], "uv_size": [2, 2]},
								"south": {"uv": [22, 48], "uv_size": [1, 2]},
								"west": {"uv": [41, 6], "uv_size": [2, 2]},
								"up": {"uv": [23, 48], "uv_size": [1, 2]},
								"down": {"uv": [24, 50], "uv_size": [1, -2]}
							}
						},
						{
							"origin": [-2.35951, 22.55865, -11.96633],
							"size": [8.31212, 8.02594, 8.02594],
							"inflate": -3.4,
							"pivot": [1.376, 30.706, -0.4265],
							"rotation": [-27.5, 0, 0],
							"uv": {
								"north": {"uv": [16, 8], "uv_size": [8, 8]},
								"east": {"uv": [16, 16], "uv_size": [8, 8]},
								"south": {"uv": [0, 18], "uv_size": [8, 8]},
								"west": {"uv": [24, 0], "uv_size": [8, 8]},
								"up": {"uv": [8, 24], "uv_size": [8, 8]},
								"down": {"uv": [24, 16], "uv_size": [8, -8]}
							}
						}
					]
				},
				{
					"name": "specter7",
					"parent": "specter",
					"pivot": [-1.356, 27.539, -15.1365],
					"rotation": [0, 0, 32],
					"cubes": [
						{
							"origin": [-1.29, 29.052, -15.3725],
							"size": [0.56, 0.44, 1.276],
							"inflate": -0.2,
							"pivot": [-1.3, 27.9, -16.2365],
							"rotation": [0, 0, -34],
							"uv": {
								"north": {"uv": [50, 7], "uv_size": [1, 1]},
								"east": {"uv": [10, 50], "uv_size": [1, 1]},
								"south": {"uv": [50, 10], "uv_size": [1, 1]},
								"west": {"uv": [50, 11], "uv_size": [1, 1]},
								"up": {"uv": [50, 12], "uv_size": [1, 1]},
								"down": {"uv": [13, 51], "uv_size": [1, -1]}
							}
						}
					]
				},
				{
					"name": "specter8",
					"parent": "specter",
					"pivot": [1.356, 27.539, -15.1365],
					"rotation": [0, 0, -32],
					"cubes": [
						{
							"origin": [0.73, 29.052, -14.2725],
							"size": [0.56, 0.44, 1.276],
							"inflate": -0.2,
							"pivot": [1.3, 27.9, -16.2365],
							"rotation": [0, 0, 34],
							"uv": {
								"north": {"uv": [50, 13], "uv_size": [1, 1]},
								"east": {"uv": [50, 14], "uv_size": [1, 1]},
								"south": {"uv": [50, 15], "uv_size": [1, 1]},
								"west": {"uv": [16, 50], "uv_size": [1, 1]},
								"up": {"uv": [50, 16], "uv_size": [1, 1]},
								"down": {"uv": [17, 51], "uv_size": [1, -1]}
							}
						},
						{
							"origin": [0.73, 29.052, -4.9725],
							"size": [0.56, 0.44, 1.276],
							"inflate": -0.2,
							"pivot": [1.3, 27.9, -16.2365],
							"rotation": [0, 0, 34],
							"uv": {
								"north": {"uv": [50, 17], "uv_size": [1, 1]},
								"east": {"uv": [18, 50], "uv_size": [1, 1]},
								"south": {"uv": [50, 18], "uv_size": [1, 1]},
								"west": {"uv": [19, 50], "uv_size": [1, 1]},
								"up": {"uv": [50, 19], "uv_size": [1, 1]},
								"down": {"uv": [20, 51], "uv_size": [1, -1]}
							}
						}
					]
				},
				{
					"name": "bone15",
					"parent": "specter",
					"pivot": [-1.372, 31.7158, 1.36532]
				},
				{
					"name": "bone16",
					"parent": "bone15",
					"pivot": [1.80804, 30.72519, 3.71932]
				},
				{
					"name": "specter10",
					"parent": "bone16",
					"pivot": [1.16604, 32.11619, 4.25432],
					"rotation": [0, 0, -97]
				},
				{
					"name": "specter11",
					"parent": "bone16",
					"pivot": [-0.86696, 32.33019, 4.25432],
					"rotation": [0, 0, 106]
				},
				{
					"name": "bone17",
					"parent": "bone15",
					"pivot": [1.80804, 30.21159, 3.71932]
				},
				{
					"name": "specter12",
					"parent": "bone17",
					"pivot": [1.16604, 28.82059, 4.25432],
					"rotation": [0, 0, 97]
				},
				{
					"name": "specter13",
					"parent": "bone17",
					"pivot": [-0.86696, 28.60659, 4.25432],
					"rotation": [0, 0, -106]
				},
				{
					"name": "bone18",
					"parent": "specter",
					"pivot": [-1.372, 31.7158, -19.36532]
				},
				{
					"name": "bone19",
					"parent": "bone18",
					"pivot": [1.80804, 30.72519, -21.71932]
				},
				{
					"name": "specter3",
					"parent": "bone19",
					"pivot": [1.16604, 32.11619, -22.25432],
					"rotation": [0, 0, -97]
				},
				{
					"name": "specter4",
					"parent": "bone19",
					"pivot": [-0.86696, 32.33019, -22.25432],
					"rotation": [0, 0, 106]
				},
				{
					"name": "bone20",
					"parent": "bone18",
					"pivot": [1.80804, 30.21159, -21.71932]
				},
				{
					"name": "specter5",
					"parent": "bone20",
					"pivot": [1.16604, 28.82059, -22.25432],
					"rotation": [0, 0, 97]
				},
				{
					"name": "specter6",
					"parent": "bone20",
					"pivot": [-0.86696, 28.60659, -22.25432],
					"rotation": [0, 0, -106]
				},
				{
					"name": "scopepip",
					"parent": "specter",
					"pivot": [0.08, 27.64, 2.63],
					"cubes": [
						{
							"origin": [-1.186, 29.447, 1.5005],
							"size": [2.297, 2.17, 0.76],
							"uv": {
								"north": {"uv": [14, 41], "uv_size": [2, 2]},
								"east": {"uv": [46, 49], "uv_size": [1, 2]},
								"south": {"uv": [41, 14], "uv_size": [2, 2]},
								"west": {"uv": [49, 46], "uv_size": [1, 2]},
								"up": {"uv": [47, 49], "uv_size": [2, 1]},
								"down": {"uv": [49, 49], "uv_size": [2, -1]}
							}
						}
					]
				},
				{
					"name": "_ca_scope",
					"parent": "main",
					"pivot": [0.1, 26.55, -19.15],
					"cubes": [
						{"origin": [-0.42, 26.05, -24.5], "size": [1, 1, 1], "uv": [0, 0]}
					]
				},
				{
					"name": "scope",
					"parent": "main",
					"pivot": [-0.04, 30.48, 15.59],
					"cubes": [
						{
							"origin": [-0.532, 30.07, 6.871],
							"size": [0.976, 0.976, 0.976],
							"inflate": -0.4,
							"uv": {
								"north": {"uv": [51, 31], "uv_size": [1, 1]},
								"east": {"uv": [32, 51], "uv_size": [1, 1]},
								"south": {"uv": [51, 32], "uv_size": [1, 1]},
								"west": {"uv": [33, 51], "uv_size": [1, 1]},
								"up": {"uv": [51, 33], "uv_size": [1, 1]},
								"down": {"uv": [34, 52], "uv_size": [1, -1]}
							}
						}
					]
				}
			]
		}
	]
}