{
	"format_version": "1.12.0",
	"minecraft:geometry": [
		{
			"description": {
				"identifier": "geometry.unknown",
				"texture_width": 32,
				"texture_height": 32,
				"visible_bounds_width": 9,
				"visible_bounds_height": 6,
				"visible_bounds_offset": [0, 1, 0]
			},
			"bones": [
				{
					"name": "main",
					"pivot": [0, 20, 0]
				},
				{
					"name": "1p87",
					"parent": "main",
					"pivot": [0.2, 29.5, -13.35],
					"cubes": [
						{
							"origin": [-1.35925, 26.86975, -13.26766],
							"size": [2.81925, 1.3285, 6.915],
							"uv": {
								"north": {"uv": [6, 13], "uv_size": [3, 1]},
								"east": {"uv": [15, 0], "uv_size": [7, 1]},
								"south": {"uv": [0, 16], "uv_size": [3, 1]},
								"west": {"uv": [15, 1], "uv_size": [7, 1]},
								"up": {"uv": [0, 0], "uv_size": [3, 7]},
								"down": {"uv": [3, 7], "uv_size": [3, -7]}
							}
						},
						{
							"origin": [-1.35925, 28.36975, -13.26766],
							"size": [2.81925, 0.8285, 3.79],
							"uv": {
								"north": {"uv": [20, 5], "uv_size": [3, 1]},
								"east": {"uv": [11, 16], "uv_size": [4, 1]},
								"south": {"uv": [6, 20], "uv_size": [3, 1]},
								"west": {"uv": [0, 17], "uv_size": [4, 1]},
								"up": {"uv": [9, 10], "uv_size": [3, 4]},
								"down": {"uv": [12, 4], "uv_size": [3, -4]}
							}
						},
						{
							"origin": [-1.35925, 28.61975, -9.51766],
							"size": [2.81925, 0.4535, 1.665],
							"uv": {
								"north": {"uv": [20, 9], "uv_size": [3, 1]},
								"east": {"uv": [21, 14], "uv_size": [2, 1]},
								"south": {"uv": [20, 10], "uv_size": [3, 1]},
								"west": {"uv": [15, 21], "uv_size": [2, 1]},
								"up": {"uv": [0, 14], "uv_size": [3, 2]},
								"down": {"uv": [15, 7], "uv_size": [3, -2]}
							}
						},
						{
							"origin": [-1.35925, 28.86975, -7.89266],
							"size": [2.81925, 0.2035, 1.665],
							"uv": {
								"north": {"uv": [20, 17], "uv_size": [3, 1]},
								"east": {"uv": [21, 15], "uv_size": [2, 1]},
								"south": {"uv": [18, 20], "uv_size": [3, 1]},
								"west": {"uv": [21, 16], "uv_size": [2, 1]},
								"up": {"uv": [6, 15], "uv_size": [3, 2]},
								"down": {"uv": [15, 9], "uv_size": [3, -2]}
							}
						},
						{
							"origin": [-1.35925, 28.99475, -9.51766],
							"size": [2.81925, 0.2035, 3.79],
							"uv": {
								"north": {"uv": [12, 20], "uv_size": [3, 1]},
								"east": {"uv": [16, 17], "uv_size": [4, 1]},
								"south": {"uv": [15, 20], "uv_size": [3, 1]},
								"west": {"uv": [17, 16], "uv_size": [4, 1]},
								"up": {"uv": [12, 4], "uv_size": [3, 4]},
								"down": {"uv": [12, 12], "uv_size": [3, -4]}
							}
						},
						{
							"origin": [-1.35925, 29.11975, -8.64266],
							"size": [2.81925, 0.3285, 4.79],
							"uv": {
								"north": {"uv": [20, 6], "uv_size": [3, 1]},
								"east": {"uv": [15, 9], "uv_size": [5, 1]},
								"south": {"uv": [20, 7], "uv_size": [3, 1]},
								"west": {"uv": [15, 10], "uv_size": [5, 1]},
								"up": {"uv": [9, 0], "uv_size": [3, 5]},
								"down": {"uv": [9, 10], "uv_size": [3, -5]}
							}
						},
						{
							"origin": [-1.35925, 29.36975, -7.89266],
							"size": [2.81925, 0.61875, 4.04],
							"uv": {
								"north": {"uv": [0, 21], "uv_size": [3, 1]},
								"east": {"uv": [0, 18], "uv_size": [4, 1]},
								"south": {"uv": [3, 21], "uv_size": [3, 1]},
								"west": {"uv": [4, 18], "uv_size": [4, 1]},
								"up": {"uv": [12, 12], "uv_size": [3, 4]},
								"down": {"uv": [3, 17], "uv_size": [3, -4]}
							}
						},
						{
							"origin": [0.51575, 28.99475, -8.64266],
							"size": [0.94425, 0.4535, 0.91625],
							"pivot": [1.46, 29.45, -8.64263],
							"rotation": [36, 0, 0],
							"uv": {
								"north": {"uv": [25, 10], "uv_size": [1, 1]},
								"east": {"uv": [11, 25], "uv_size": [1, 1]},
								"south": {"uv": [25, 11], "uv_size": [1, 1]},
								"west": {"uv": [12, 25], "uv_size": [1, 1]},
								"up": {"uv": [25, 12], "uv_size": [1, 1]},
								"down": {"uv": [13, 26], "uv_size": [1, -1]}
							}
						},
						{
							"origin": [-1.35925, 28.99475, -8.64266],
							"size": [0.94425, 0.4535, 0.91625],
							"pivot": [-0.415, 29.45, -8.64263],
							"rotation": [36, 0, 0],
							"uv": {
								"north": {"uv": [25, 13], "uv_size": [1, 1]},
								"east": {"uv": [14, 25], "uv_size": [1, 1]},
								"south": {"uv": [25, 14], "uv_size": [1, 1]},
								"west": {"uv": [15, 25], "uv_size": [1, 1]},
								"up": {"uv": [25, 15], "uv_size": [1, 1]},
								"down": {"uv": [16, 26], "uv_size": [1, -1]}
							}
						},
						{
							"origin": [-1.35925, 28.49475, -9.51766],
							"size": [2.81925, 0.3285, 5.665],
							"pivot": [1.45, 28.7125, -8.40103],
							"rotation": [6.5, 0, 0],
							"uv": {
								"north": {"uv": [20, 8], "uv_size": [3, 1]},
								"east": {"uv": [6, 14], "uv_size": [6, 1]},
								"south": {"uv": [9, 20], "uv_size": [3, 1]},
								"west": {"uv": [15, 4], "uv_size": [6, 1]},
								"up": {"uv": [3, 7], "uv_size": [3, 6]},
								"down": {"uv": [6, 13], "uv_size": [3, -6]}
							}
						},
						{
							"origin": [-1.23425, 28.11975, -13.26766],
							"size": [2.56925, 0.3285, 6.915],
							"uv": {
								"north": {"uv": [0, 20], "uv_size": [3, 1]},
								"east": {"uv": [15, 2], "uv_size": [7, 1]},
								"south": {"uv": [3, 20], "uv_size": [3, 1]},
								"west": {"uv": [15, 3], "uv_size": [7, 1]},
								"up": {"uv": [6, 0], "uv_size": [3, 7]},
								"down": {"uv": [0, 14], "uv_size": [3, -7]}
							}
						},
						{
							"origin": [-1.2375, 32.051, -13.26763],
							"size": [2.625, 0.30187, 1.14625],
							"uv": {
								"north": {"uv": [12, 18], "uv_size": [3, 1]},
								"east": {"uv": [4, 22], "uv_size": [1, 1]},
								"south": {"uv": [15, 18], "uv_size": [3, 1]},
								"west": {"uv": [5, 22], "uv_size": [1, 1]},
								"up": {"uv": [18, 18], "uv_size": [3, 1]},
								"down": {"uv": [0, 20], "uv_size": [3, -1]}
							}
						},
						{
							"origin": [-1.32875, 29.926, -13.26766],
							"size": [0.28875, 0.5, 1.14625],
							"pivot": [-1.3275, 30.02575, -13.24478],
							"rotation": [0, 0, -35],
							"uv": {
								"north": {"uv": [11, 15], "uv_size": [1, 1]},
								"east": {"uv": [1, 22], "uv_size": [1, 1]},
								"south": {"uv": [2, 22], "uv_size": [1, 1]},
								"west": {"uv": [22, 2], "uv_size": [1, 1]},
								"up": {"uv": [3, 22], "uv_size": [1, 1]},
								"down": {"uv": [22, 4], "uv_size": [1, -1]}
							}
						},
						{
							"origin": [-1.57875, 30.35, -13.26766],
							"size": [0.28875, 0.475, 1.14625],
							"pivot": [-1.5775, 30.40075, -13.24478],
							"rotation": [0, 0, -19],
							"uv": {
								"north": {"uv": [23, 4], "uv_size": [1, 1]},
								"east": {"uv": [5, 23], "uv_size": [1, 1]},
								"south": {"uv": [23, 5], "uv_size": [1, 1]},
								"west": {"uv": [6, 23], "uv_size": [1, 1]},
								"up": {"uv": [23, 6], "uv_size": [1, 1]},
								"down": {"uv": [7, 24], "uv_size": [1, -1]}
							}
						},
						{
							"origin": [-1.71375, 30.801, -13.26766],
							"size": [0.28875, 0.3625, 1.14625],
							"uv": {
								"north": {"uv": [23, 7], "uv_size": [1, 1]},
								"east": {"uv": [8, 23], "uv_size": [1, 1]},
								"south": {"uv": [23, 8], "uv_size": [1, 1]},
								"west": {"uv": [9, 23], "uv_size": [1, 1]},
								"up": {"uv": [23, 9], "uv_size": [1, 1]},
								"down": {"uv": [10, 24], "uv_size": [1, -1]}
							}
						},
						{
							"origin": [-1.71375, 31.0865, -13.26766],
							"size": [0.28875, 0.3625, 1.14625],
							"uv": {
								"north": {"uv": [23, 16], "uv_size": [1, 1]},
								"east": {"uv": [17, 23], "uv_size": [1, 1]},
								"south": {"uv": [23, 17], "uv_size": [1, 1]},
								"west": {"uv": [18, 23], "uv_size": [1, 1]},
								"up": {"uv": [23, 18], "uv_size": [1, 1]},
								"down": {"uv": [19, 24], "uv_size": [1, -1]}
							}
						},
						{
							"origin": [-1.57875, 31.425, -13.26766],
							"size": [0.28875, 0.475, 1.14625],
							"pivot": [-1.5775, 31.84925, -13.24478],
							"rotation": [0, 0, 19],
							"uv": {
								"north": {"uv": [23, 13], "uv_size": [1, 1]},
								"east": {"uv": [14, 23], "uv_size": [1, 1]},
								"south": {"uv": [23, 14], "uv_size": [1, 1]},
								"west": {"uv": [15, 23], "uv_size": [1, 1]},
								"up": {"uv": [23, 15], "uv_size": [1, 1]},
								"down": {"uv": [16, 24], "uv_size": [1, -1]}
							}
						},
						{
							"origin": [-1.32875, 31.824, -13.26766],
							"size": [0.28875, 0.55625, 1.14625],
							"pivot": [-1.3275, 32.22425, -13.24478],
							"rotation": [0, 0, 35],
							"uv": {
								"north": {"uv": [23, 10], "uv_size": [1, 1]},
								"east": {"uv": [11, 23], "uv_size": [1, 1]},
								"south": {"uv": [23, 11], "uv_size": [1, 1]},
								"west": {"uv": [12, 23], "uv_size": [1, 1]},
								"up": {"uv": [23, 12], "uv_size": [1, 1]},
								"down": {"uv": [13, 24], "uv_size": [1, -1]}
							}
						},
						{
							"origin": [1.19, 31.824, -13.26766],
							"size": [0.28875, 0.55625, 1.14625],
							"pivot": [1.4775, 32.22425, -13.24478],
							"rotation": [0, 0, -35],
							"uv": {
								"north": {"uv": [14, 24], "uv_size": [1, 1]},
								"east": {"uv": [24, 14], "uv_size": [1, 1]},
								"south": {"uv": [15, 24], "uv_size": [1, 1]},
								"west": {"uv": [24, 15], "uv_size": [1, 1]},
								"up": {"uv": [16, 24], "uv_size": [1, 1]},
								"down": {"uv": [24, 17], "uv_size": [1, -1]}
							}
						},
						{
							"origin": [-1.32875, 29.801, -13.26766],
							"size": [2.78875, 0.21875, 1.1375],
							"uv": {
								"north": {"uv": [3, 19], "uv_size": [3, 1]},
								"east": {"uv": [23, 0], "uv_size": [1, 1]},
								"south": {"uv": [12, 19], "uv_size": [3, 1]},
								"west": {"uv": [1, 23], "uv_size": [1, 1]},
								"up": {"uv": [15, 19], "uv_size": [3, 1]},
								"down": {"uv": [18, 20], "uv_size": [3, -1]}
							}
						},
						{
							"origin": [-1.07875, 29.176, -13.26766],
							"size": [2.28875, 0.71875, 1.1375],
							"uv": {
								"north": {"uv": [6, 19], "uv_size": [2, 1]},
								"east": {"uv": [17, 24], "uv_size": [1, 1]},
								"south": {"uv": [21, 4], "uv_size": [2, 1]},
								"west": {"uv": [24, 17], "uv_size": [1, 1]},
								"up": {"uv": [13, 21], "uv_size": [2, 1]},
								"down": {"uv": [21, 14], "uv_size": [2, -1]}
							}
						},
						{
							"origin": [0.9175, 29.176, -13.26766],
							"size": [0.28875, 0.675, 1.1375],
							"pivot": [1.21, 29.176, -13.24478],
							"rotation": [0, 0, 22],
							"uv": {
								"north": {"uv": [18, 24], "uv_size": [1, 1]},
								"east": {"uv": [24, 18], "uv_size": [1, 1]},
								"south": {"uv": [19, 24], "uv_size": [1, 1]},
								"west": {"uv": [24, 19], "uv_size": [1, 1]},
								"up": {"uv": [20, 24], "uv_size": [1, 1]},
								"down": {"uv": [24, 21], "uv_size": [1, -1]}
							}
						},
						{
							"origin": [1.1675, 29.176, -13.26766],
							"size": [0.28875, 0.425, 1.1375],
							"pivot": [1.46, 29.176, -13.24478],
							"rotation": [0, 0, -22],
							"uv": {
								"north": {"uv": [21, 24], "uv_size": [1, 1]},
								"east": {"uv": [24, 21], "uv_size": [1, 1]},
								"south": {"uv": [22, 24], "uv_size": [1, 1]},
								"west": {"uv": [24, 22], "uv_size": [1, 1]},
								"up": {"uv": [23, 24], "uv_size": [1, 1]},
								"down": {"uv": [24, 24], "uv_size": [1, -1]}
							}
						},
						{
							"origin": [-1.30625, 29.176, -13.26766],
							"size": [0.28875, 0.425, 1.1375],
							"pivot": [-1.31, 29.176, -13.24478],
							"rotation": [0, 0, 22],
							"uv": {
								"north": {"uv": [25, 2], "uv_size": [1, 1]},
								"east": {"uv": [3, 25], "uv_size": [1, 1]},
								"south": {"uv": [25, 3], "uv_size": [1, 1]},
								"west": {"uv": [4, 25], "uv_size": [1, 1]},
								"up": {"uv": [25, 4], "uv_size": [1, 1]},
								"down": {"uv": [5, 26], "uv_size": [1, -1]}
							}
						},
						{
							"origin": [-1.05625, 29.176, -13.26766],
							"size": [0.28875, 0.675, 1.1375],
							"pivot": [-1.06, 29.176, -13.24478],
							"rotation": [0, 0, -22],
							"uv": {
								"north": {"uv": [24, 24], "uv_size": [1, 1]},
								"east": {"uv": [0, 25], "uv_size": [1, 1]},
								"south": {"uv": [25, 0], "uv_size": [1, 1]},
								"west": {"uv": [1, 25], "uv_size": [1, 1]},
								"up": {"uv": [25, 1], "uv_size": [1, 1]},
								"down": {"uv": [2, 26], "uv_size": [1, -1]}
							}
						},
						{
							"origin": [-1.65812, 29.75, -13.26766],
							"size": [0.21625, 0.5375, 1.14625],
							"pivot": [-1.2775, 30.451, -8.61353],
							"rotation": [0, 0, -65],
							"uv": {
								"north": {"uv": [23, 1], "uv_size": [1, 1]},
								"east": {"uv": [2, 23], "uv_size": [1, 1]},
								"south": {"uv": [23, 2], "uv_size": [1, 1]},
								"west": {"uv": [3, 23], "uv_size": [1, 1]},
								"up": {"uv": [23, 3], "uv_size": [1, 1]},
								"down": {"uv": [4, 24], "uv_size": [1, -1]}
							}
						},
						{
							"origin": [1.59188, 29.75, -13.26766],
							"size": [0.21625, 0.5375, 1.14625],
							"pivot": [1.4275, 30.451, -8.61353],
							"rotation": [0, 0, 65],
							"uv": {
								"north": {"uv": [11, 24], "uv_size": [1, 1]},
								"east": {"uv": [24, 11], "uv_size": [1, 1]},
								"south": {"uv": [12, 24], "uv_size": [1, 1]},
								"west": {"uv": [24, 12], "uv_size": [1, 1]},
								"up": {"uv": [13, 24], "uv_size": [1, 1]},
								"down": {"uv": [24, 14], "uv_size": [1, -1]}
							}
						},
						{
							"origin": [1.19, 29.926, -13.26766],
							"size": [0.28875, 0.5, 1.14625],
							"pivot": [1.4775, 30.02575, -13.24478],
							"rotation": [0, 0, 35],
							"uv": {
								"north": {"uv": [8, 24], "uv_size": [1, 1]},
								"east": {"uv": [24, 8], "uv_size": [1, 1]},
								"south": {"uv": [9, 24], "uv_size": [1, 1]},
								"west": {"uv": [24, 9], "uv_size": [1, 1]},
								"up": {"uv": [10, 24], "uv_size": [1, 1]},
								"down": {"uv": [24, 11], "uv_size": [1, -1]}
							}
						},
						{
							"origin": [1.44, 30.35, -13.26766],
							"size": [0.28875, 0.475, 1.14625],
							"pivot": [1.7275, 30.40075, -13.24478],
							"rotation": [0, 0, 19],
							"uv": {
								"north": {"uv": [5, 24], "uv_size": [1, 1]},
								"east": {"uv": [24, 5], "uv_size": [1, 1]},
								"south": {"uv": [6, 24], "uv_size": [1, 1]},
								"west": {"uv": [24, 6], "uv_size": [1, 1]},
								"up": {"uv": [7, 24], "uv_size": [1, 1]},
								"down": {"uv": [24, 8], "uv_size": [1, -1]}
							}
						},
						{
							"origin": [1.575, 31.0865, -13.26766],
							"size": [0.28875, 0.3625, 1.14625],
							"uv": {
								"north": {"uv": [2, 24], "uv_size": [1, 1]},
								"east": {"uv": [24, 2], "uv_size": [1, 1]},
								"south": {"uv": [3, 24], "uv_size": [1, 1]},
								"west": {"uv": [24, 3], "uv_size": [1, 1]},
								"up": {"uv": [4, 24], "uv_size": [1, 1]},
								"down": {"uv": [24, 5], "uv_size": [1, -1]}
							}
						},
						{
							"origin": [1.575, 30.801, -13.26766],
							"size": [0.28875, 0.3625, 1.14625],
							"uv": {
								"north": {"uv": [23, 22], "uv_size": [1, 1]},
								"east": {"uv": [23, 23], "uv_size": [1, 1]},
								"south": {"uv": [0, 24], "uv_size": [1, 1]},
								"west": {"uv": [24, 0], "uv_size": [1, 1]},
								"up": {"uv": [1, 24], "uv_size": [1, 1]},
								"down": {"uv": [24, 2], "uv_size": [1, -1]}
							}
						},
						{
							"origin": [1.44, 31.425, -13.26766],
							"size": [0.28875, 0.475, 1.14625],
							"pivot": [1.7275, 31.84925, -13.24478],
							"rotation": [0, 0, -19],
							"uv": {
								"north": {"uv": [23, 19], "uv_size": [1, 1]},
								"east": {"uv": [20, 23], "uv_size": [1, 1]},
								"south": {"uv": [23, 20], "uv_size": [1, 1]},
								"west": {"uv": [21, 23], "uv_size": [1, 1]},
								"up": {"uv": [23, 21], "uv_size": [1, 1]},
								"down": {"uv": [22, 24], "uv_size": [1, -1]}
							}
						},
						{
							"origin": [-1.7685, 27.90313, -13.31778],
							"size": [3.624, 1.209, 1.209],
							"inflate": -0.3,
							"pivot": [1.85475, 27.51013, -13.71078],
							"rotation": [-45, 0, 0],
							"uv": {
								"north": {"uv": [4, 17], "uv_size": [4, 1]},
								"east": {"uv": [25, 5], "uv_size": [1, 1]},
								"south": {"uv": [8, 17], "uv_size": [4, 1]},
								"west": {"uv": [6, 25], "uv_size": [1, 1]},
								"up": {"uv": [17, 11], "uv_size": [4, 1]},
								"down": {"uv": [12, 18], "uv_size": [4, -1]}
							}
						},
						{
							"origin": [-1.7685, 27.90313, -8.19278],
							"size": [3.624, 1.209, 1.209],
							"inflate": -0.3,
							"pivot": [1.85475, 27.51013, -8.58578],
							"rotation": [-45, 0, 0],
							"uv": {
								"north": {"uv": [17, 12], "uv_size": [4, 1]},
								"east": {"uv": [25, 6], "uv_size": [1, 1]},
								"south": {"uv": [17, 13], "uv_size": [4, 1]},
								"west": {"uv": [7, 25], "uv_size": [1, 1]},
								"up": {"uv": [17, 14], "uv_size": [4, 1]},
								"down": {"uv": [17, 16], "uv_size": [4, -1]}
							}
						},
						{
							"origin": [0.8565, 29.27813, -9.69278],
							"size": [0.999, 0.959, 0.959],
							"inflate": -0.3,
							"pivot": [1.85475, 28.76013, -10.21078],
							"rotation": [-45, 0, 0],
							"uv": {
								"north": {"uv": [25, 7], "uv_size": [1, 1]},
								"east": {"uv": [8, 25], "uv_size": [1, 1]},
								"south": {"uv": [25, 8], "uv_size": [1, 1]},
								"west": {"uv": [9, 25], "uv_size": [1, 1]},
								"up": {"uv": [25, 9], "uv_size": [1, 1]},
								"down": {"uv": [10, 26], "uv_size": [1, -1]}
							}
						}
					]
				},
				{
					"name": "pso4",
					"parent": "1p87",
					"pivot": [-0.36512, 28.19156, -10.00497],
					"rotation": [-45, 0, -90],
					"cubes": [
						{
							"origin": [0.4065, 26.66818, -10.90918],
							"size": [1.02512, 2.05713, 2.05713],
							"inflate": -0.2,
							"uv": {
								"north": {"uv": [6, 21], "uv_size": [1, 2]},
								"east": {"uv": [9, 15], "uv_size": [2, 2]},
								"south": {"uv": [7, 21], "uv_size": [1, 2]},
								"west": {"uv": [15, 11], "uv_size": [2, 2]},
								"up": {"uv": [8, 21], "uv_size": [1, 2]},
								"down": {"uv": [9, 23], "uv_size": [1, -2]}
							}
						},
						{
							"origin": [0.56306, 26.56187, -11.01549],
							"size": [0.79381, 2.26975, 2.26975],
							"inflate": -0.2,
							"uv": {
								"north": {"uv": [10, 21], "uv_size": [1, 2]},
								"east": {"uv": [15, 13], "uv_size": [2, 2]},
								"south": {"uv": [11, 21], "uv_size": [1, 2]},
								"west": {"uv": [15, 15], "uv_size": [2, 2]},
								"up": {"uv": [21, 11], "uv_size": [1, 2]},
								"down": {"uv": [12, 23], "uv_size": [1, -2]}
							}
						}
					]
				},
				{
					"name": "pso2",
					"parent": "1p87",
					"pivot": [-1.86512, 27.31656, -4.00497],
					"rotation": [-45, 0, -90],
					"cubes": [
						{
							"origin": [-1.17326, 24.39936, -4.31925],
							"size": [0.96417, 1.64556, 1.64556],
							"inflate": -0.2,
							"uv": {
								"north": {"uv": [17, 21], "uv_size": [1, 2]},
								"east": {"uv": [18, 5], "uv_size": [2, 2]},
								"south": {"uv": [18, 21], "uv_size": [1, 2]},
								"west": {"uv": [18, 7], "uv_size": [2, 2]},
								"up": {"uv": [21, 18], "uv_size": [1, 2]},
								"down": {"uv": [19, 23], "uv_size": [1, -2]}
							}
						},
						{
							"origin": [-1.03197, 24.30341, -4.4152],
							"size": [1.10603, 1.83745, 1.83745],
							"inflate": -0.2,
							"uv": {
								"north": {"uv": [20, 21], "uv_size": [1, 2]},
								"east": {"uv": [8, 18], "uv_size": [2, 2]},
								"south": {"uv": [21, 20], "uv_size": [1, 2]},
								"west": {"uv": [10, 18], "uv_size": [2, 2]},
								"up": {"uv": [0, 22], "uv_size": [1, 2]},
								"down": {"uv": [22, 2], "uv_size": [1, -2]}
							}
						}
					]
				},
				{
					"name": "scope",
					"parent": "main",
					"pivot": [0.06, 31.68, 4.59],
					"cubes": [
						{
							"origin": [-0.36, 30.6, -1.39],
							"size": [0.96, 0.96, 0.96],
							"inflate": -0.4,
							"uv": {
								"north": {"uv": [22, 11], "uv_size": [1, 1]},
								"east": {"uv": [22, 12], "uv_size": [1, 1]},
								"south": {"uv": [13, 22], "uv_size": [1, 1]},
								"west": {"uv": [14, 22], "uv_size": [1, 1]},
								"up": {"uv": [15, 22], "uv_size": [1, 1]},
								"down": {"uv": [16, 23], "uv_size": [1, -1]}
							}
						}
					]
				},
				{
					"name": "_ca_scope",
					"parent": "main",
					"pivot": [-0.1, 28.68, -10.67],
					"cubes": [
						{
							"origin": [-0.18, 27.186, -10.9565],
							"size": [0.76, 0.76, 0.76],
							"uv": {
								"north": {"uv": [22, 18], "uv_size": [1, 1]},
								"east": {"uv": [22, 19], "uv_size": [1, 1]},
								"south": {"uv": [22, 20], "uv_size": [1, 1]},
								"west": {"uv": [21, 22], "uv_size": [1, 1]},
								"up": {"uv": [22, 21], "uv_size": [1, 1]},
								"down": {"uv": [22, 23], "uv_size": [1, -1]}
							}
						}
					]
				}
			]
		}
	]
}