{
	"format_version": "1.12.0",
	"minecraft:geometry": [
		{
			"description": {
				"identifier": "geometry.unknown",
				"texture_width": 32,
				"texture_height": 32,
				"visible_bounds_width": 8,
				"visible_bounds_height": 4,
				"visible_bounds_offset": [0, 1, 0]
			},
			"bones": [
				{
					"name": "main",
					"pivot": [0, 20, 0]
				},
				{
					"name": "scope",
					"parent": "main",
					"pivot": [0, 27.95, -2.25],
					"cubes": [
						{
							"origin": [-0.5, 27.85, 6.05],
							"size": [1, 1, 1],
							"inflate": -0.4,
							"uv": {
								"north": {"uv": [9, 100], "uv_size": [1, 1]},
								"east": {"uv": [100, 9], "uv_size": [1, 1]},
								"south": {"uv": [10, 100], "uv_size": [1, 1]},
								"west": {"uv": [100, 10], "uv_size": [1, 1]},
								"up": {"uv": [11, 100], "uv_size": [1, 1]},
								"down": {"uv": [100, 12], "uv_size": [1, -1]}
							}
						}
					]
				},
				{
					"name": "_ca_scope",
					"parent": "main",
					"pivot": [0.1, 26.05, 4.75],
					"cubes": [
						{"origin": [-0.49, 26.45, 0.9], "size": [1, 1, 1], "uv": [4, 4]}
					]
				},
				{
					"name": "bone17",
					"parent": "main",
					"pivot": [1.20802, 26.11858, 0.5],
					"cubes": [
						{
							"origin": [-1.25, 26.37, 1.75],
							"size": [2.5, 1.15, 1.725],
							"uv": {
								"north": {"uv": [11, 8], "uv_size": [2, 1]},
								"east": {"uv": [11, 9], "uv_size": [2, 1]},
								"south": {"uv": [11, 11], "uv_size": [2, 1]},
								"west": {"uv": [0, 12], "uv_size": [2, 1]},
								"up": {"uv": [0, 3], "uv_size": [2, 2]},
								"down": {"uv": [2, 5], "uv_size": [2, -2]}
							}
						},
						{
							"origin": [-1.625, 26.37, -0.8],
							"size": [0.525, 0.225, 3.9],
							"pivot": [-1.3625, 26.4825, 0.5],
							"rotation": [0, 0, -90],
							"uv": {
								"north": {"uv": [13, 13], "uv_size": [1, 1]},
								"east": {"uv": [4, 0], "uv_size": [4, 1]},
								"south": {"uv": [0, 14], "uv_size": [1, 1]},
								"west": {"uv": [4, 1], "uv_size": [4, 1]},
								"up": {"uv": [4, 2], "uv_size": [1, 4]},
								"down": {"uv": [0, 9], "uv_size": [1, -4]}
							}
						},
						{
							"origin": [-1.47052, 26.73392, -0.8],
							"size": [0.325, 0.225, 3.9],
							"pivot": [-1.20802, 26.84642, 0.5],
							"rotation": [0, 0, -44],
							"uv": {
								"north": {"uv": [14, 0], "uv_size": [1, 1]},
								"east": {"uv": [5, 2], "uv_size": [4, 1]},
								"south": {"uv": [1, 14], "uv_size": [1, 1]},
								"west": {"uv": [5, 3], "uv_size": [4, 1]},
								"up": {"uv": [1, 5], "uv_size": [1, 4]},
								"down": {"uv": [2, 9], "uv_size": [1, -4]}
							}
						},
						{
							"origin": [-1.47052, 26.00608, -0.8],
							"size": [0.325, 0.225, 3.9],
							"pivot": [-1.20802, 26.11858, 0.5],
							"rotation": [0, 0, 44],
							"uv": {
								"north": {"uv": [14, 1], "uv_size": [1, 1]},
								"east": {"uv": [5, 4], "uv_size": [4, 1]},
								"south": {"uv": [2, 14], "uv_size": [1, 1]},
								"west": {"uv": [5, 5], "uv_size": [4, 1]},
								"up": {"uv": [3, 5], "uv_size": [1, 4]},
								"down": {"uv": [4, 10], "uv_size": [1, -4]}
							}
						},
						{
							"origin": [-1.25, 26.37, -1.175],
							"size": [2.5, 0.875, 2.925],
							"uv": {
								"north": {"uv": [12, 0], "uv_size": [2, 1]},
								"east": {"uv": [10, 3], "uv_size": [3, 1]},
								"south": {"uv": [12, 1], "uv_size": [2, 1]},
								"west": {"uv": [10, 4], "uv_size": [3, 1]},
								"up": {"uv": [0, 0], "uv_size": [2, 3]},
								"down": {"uv": [2, 3], "uv_size": [2, -3]}
							}
						},
						{
							"origin": [-1.25, 27.245, -1.175],
							"size": [0.175, 0.275, 2.925],
							"uv": {
								"north": {"uv": [3, 14], "uv_size": [1, 1]},
								"east": {"uv": [10, 5], "uv_size": [3, 1]},
								"south": {"uv": [5, 14], "uv_size": [1, 1]},
								"west": {"uv": [10, 6], "uv_size": [3, 1]},
								"up": {"uv": [4, 10], "uv_size": [1, 3]},
								"down": {"uv": [10, 10], "uv_size": [1, -3]}
							}
						},
						{
							"origin": [1.075, 27.245, -1.175],
							"size": [0.175, 0.275, 2.925],
							"uv": {
								"north": {"uv": [6, 14], "uv_size": [1, 1]},
								"east": {"uv": [10, 10], "uv_size": [3, 1]},
								"south": {"uv": [7, 14], "uv_size": [1, 1]},
								"west": {"uv": [11, 7], "uv_size": [3, 1]},
								"up": {"uv": [9, 11], "uv_size": [1, 3]},
								"down": {"uv": [10, 14], "uv_size": [1, -3]}
							}
						},
						{
							"origin": [1.075, 27.78384, -1.0448],
							"size": [0.175, 1.2, 0.275],
							"pivot": [1.1625, 28.39634, -0.9448],
							"rotation": [-12.5, 0, 0],
							"uv": {
								"north": {"uv": [14, 7], "uv_size": [1, 1]},
								"east": {"uv": [8, 14], "uv_size": [1, 1]},
								"south": {"uv": [9, 14], "uv_size": [1, 1]},
								"west": {"uv": [10, 14], "uv_size": [1, 1]},
								"up": {"uv": [14, 11], "uv_size": [1, 1]},
								"down": {"uv": [14, 13], "uv_size": [1, -1]}
							}
						},
						{
							"origin": [1.075, 27.51656, -0.91527],
							"size": [0.175, 1.475, 1.2],
							"uv": {
								"north": {"uv": [13, 14], "uv_size": [1, 1]},
								"east": {"uv": [14, 13], "uv_size": [1, 1]},
								"south": {"uv": [14, 14], "uv_size": [1, 1]},
								"west": {"uv": [0, 15], "uv_size": [1, 1]},
								"up": {"uv": [15, 0], "uv_size": [1, 1]},
								"down": {"uv": [1, 16], "uv_size": [1, -1]}
							}
						},
						{
							"origin": [1.075, 27.15143, 0.02208],
							"size": [0.175, 1.8, 0.85],
							"pivot": [1.1625, 27.96393, 0.50958],
							"rotation": [32.5, 0, 0],
							"uv": {
								"north": {"uv": [2, 12], "uv_size": [1, 2]},
								"east": {"uv": [3, 12], "uv_size": [1, 2]},
								"south": {"uv": [5, 12], "uv_size": [1, 2]},
								"west": {"uv": [6, 12], "uv_size": [1, 2]},
								"up": {"uv": [15, 1], "uv_size": [1, 1]},
								"down": {"uv": [2, 16], "uv_size": [1, -1]}
							}
						},
						{
							"origin": [1.1, 26.37, -0.8],
							"size": [0.525, 0.225, 3.9],
							"pivot": [1.3625, 26.4825, 0.5],
							"rotation": [0, 0, 90],
							"uv": {
								"north": {"uv": [15, 3], "uv_size": [1, 1]},
								"east": {"uv": [8, 0], "uv_size": [4, 1]},
								"south": {"uv": [4, 15], "uv_size": [1, 1]},
								"west": {"uv": [8, 1], "uv_size": [4, 1]},
								"up": {"uv": [7, 8], "uv_size": [1, 4]},
								"down": {"uv": [8, 12], "uv_size": [1, -4]}
							}
						},
						{
							"origin": [1.14552, 26.73392, -0.8],
							"size": [0.325, 0.225, 3.9],
							"pivot": [1.20802, 26.84642, 0.5],
							"rotation": [0, 0, 44],
							"uv": {
								"north": {"uv": [15, 4], "uv_size": [1, 1]},
								"east": {"uv": [0, 9], "uv_size": [4, 1]},
								"south": {"uv": [5, 15], "uv_size": [1, 1]},
								"west": {"uv": [9, 2], "uv_size": [4, 1]},
								"up": {"uv": [9, 3], "uv_size": [1, 4]},
								"down": {"uv": [9, 11], "uv_size": [1, -4]}
							}
						},
						{
							"origin": [-1.08152, 28.99064, -0.91527],
							"size": [2.163, 0.15, 1.2],
							"uv": {
								"north": {"uv": [13, 3], "uv_size": [2, 1]},
								"east": {"uv": [15, 5], "uv_size": [1, 1]},
								"south": {"uv": [13, 4], "uv_size": [2, 1]},
								"west": {"uv": [6, 15], "uv_size": [1, 1]},
								"up": {"uv": [13, 5], "uv_size": [2, 1]},
								"down": {"uv": [13, 7], "uv_size": [2, -1]}
							}
						},
						{
							"origin": [1.70424, 28.54974, -0.91527],
							"size": [0.225, 0.175, 1.2],
							"pivot": [-0.125, 24.95936, -7.42014],
							"rotation": [0, 0, -41.5],
							"uv": {
								"north": {"uv": [15, 6], "uv_size": [1, 1]},
								"east": {"uv": [7, 15], "uv_size": [1, 1]},
								"south": {"uv": [15, 7], "uv_size": [1, 1]},
								"west": {"uv": [8, 15], "uv_size": [1, 1]},
								"up": {"uv": [15, 8], "uv_size": [1, 1]},
								"down": {"uv": [9, 16], "uv_size": [1, -1]}
							}
						},
						{
							"origin": [-1.992, 28.7154, -0.91527],
							"size": [0.225, 0.175, 1.2],
							"pivot": [-0.125, 24.95936, -7.42014],
							"rotation": [0, 0, 41.5],
							"uv": {
								"north": {"uv": [15, 9], "uv_size": [1, 1]},
								"east": {"uv": [10, 15], "uv_size": [1, 1]},
								"south": {"uv": [15, 10], "uv_size": [1, 1]},
								"west": {"uv": [11, 15], "uv_size": [1, 1]},
								"up": {"uv": [15, 11], "uv_size": [1, 1]},
								"down": {"uv": [12, 16], "uv_size": [1, -1]}
							}
						},
						{
							"origin": [-1.075, 27.40671, 1.38181],
							"size": [2.175, 0.175, 0.5],
							"pivot": [0, 27.35671, 1.90681],
							"rotation": [37.5, 0, 0],
							"uv": {
								"north": {"uv": [7, 13], "uv_size": [2, 1]},
								"east": {"uv": [15, 12], "uv_size": [1, 1]},
								"south": {"uv": [13, 8], "uv_size": [2, 1]},
								"west": {"uv": [13, 15], "uv_size": [1, 1]},
								"up": {"uv": [13, 9], "uv_size": [2, 1]},
								"down": {"uv": [13, 11], "uv_size": [2, -1]}
							}
						},
						{
							"origin": [1.075, 27.52, -1.175],
							"size": [0.175, 0.3, 0.3],
							"uv": {
								"north": {"uv": [15, 13], "uv_size": [1, 1]},
								"east": {"uv": [14, 15], "uv_size": [1, 1]},
								"south": {"uv": [15, 14], "uv_size": [1, 1]},
								"west": {"uv": [15, 15], "uv_size": [1, 1]},
								"up": {"uv": [0, 16], "uv_size": [1, 1]},
								"down": {"uv": [16, 1], "uv_size": [1, -1]}
							}
						},
						{
							"origin": [-1.25, 27.52, -1.175],
							"size": [0.175, 0.3, 0.3],
							"uv": {
								"north": {"uv": [1, 16], "uv_size": [1, 1]},
								"east": {"uv": [16, 1], "uv_size": [1, 1]},
								"south": {"uv": [2, 16], "uv_size": [1, 1]},
								"west": {"uv": [16, 2], "uv_size": [1, 1]},
								"up": {"uv": [3, 16], "uv_size": [1, 1]},
								"down": {"uv": [16, 4], "uv_size": [1, -1]}
							}
						},
						{
							"origin": [-1.25, 27.78384, -1.0448],
							"size": [0.175, 1.2, 0.275],
							"pivot": [-1.1625, 28.39634, -0.9448],
							"rotation": [-12.5, 0, 0],
							"uv": {
								"north": {"uv": [4, 16], "uv_size": [1, 1]},
								"east": {"uv": [16, 4], "uv_size": [1, 1]},
								"south": {"uv": [5, 16], "uv_size": [1, 1]},
								"west": {"uv": [16, 5], "uv_size": [1, 1]},
								"up": {"uv": [6, 16], "uv_size": [1, 1]},
								"down": {"uv": [16, 7], "uv_size": [1, -1]}
							}
						},
						{
							"origin": [-1.25, 27.51656, -0.91527],
							"size": [0.175, 1.475, 1.2],
							"uv": {
								"north": {"uv": [7, 16], "uv_size": [1, 1]},
								"east": {"uv": [16, 7], "uv_size": [1, 1]},
								"south": {"uv": [8, 16], "uv_size": [1, 1]},
								"west": {"uv": [16, 8], "uv_size": [1, 1]},
								"up": {"uv": [9, 16], "uv_size": [1, 1]},
								"down": {"uv": [16, 10], "uv_size": [1, -1]}
							}
						},
						{
							"origin": [-1.25, 27.15143, 0.02208],
							"size": [0.175, 1.8, 0.85],
							"pivot": [-1.1625, 27.96393, 0.50958],
							"rotation": [32.5, 0, 0],
							"uv": {
								"north": {"uv": [4, 13], "uv_size": [1, 2]},
								"east": {"uv": [11, 13], "uv_size": [1, 2]},
								"south": {"uv": [13, 11], "uv_size": [1, 2]},
								"west": {"uv": [12, 13], "uv_size": [1, 2]},
								"up": {"uv": [10, 16], "uv_size": [1, 1]},
								"down": {"uv": [16, 11], "uv_size": [1, -1]}
							}
						},
						{
							"origin": [-0.275, 27.42, 2.325],
							"size": [0.5, 0.225, 0.5],
							"pivot": [-0.025, 27.5325, 2.575],
							"rotation": [0, 45, 0],
							"uv": {
								"north": {"uv": [14, 17], "uv_size": [-1, -1]},
								"east": {"uv": [14, 17], "uv_size": [-1, -1]},
								"south": {"uv": [14, 17], "uv_size": [-1, -1]},
								"west": {"uv": [14, 17], "uv_size": [-1, -1]},
								"up": {"uv": [13, 16], "uv_size": [1, 1]},
								"down": {"uv": [13, 16], "uv_size": [1, 1]}
							}
						},
						{
							"origin": [-1.325, 27.56656, -0.74027],
							"size": [0.1, 0.625, 0.7],
							"uv": {
								"north": {"uv": [14, 16], "uv_size": [1, 1]},
								"east": {"uv": [16, 14], "uv_size": [1, 1]},
								"south": {"uv": [15, 16], "uv_size": [1, 1]},
								"west": {"uv": [16, 15], "uv_size": [1, 1]},
								"up": {"uv": [16, 16], "uv_size": [1, 1]},
								"down": {"uv": [0, 18], "uv_size": [1, -1]}
							}
						},
						{
							"origin": [-1.325, 28.11666, -0.40188],
							"size": [0.1, 0.725, 0.25],
							"pivot": [-1.3125, 28.51666, -0.33938],
							"rotation": [17.5, 0, 0],
							"uv": {
								"north": {"uv": [17, 0], "uv_size": [1, 1]},
								"east": {"uv": [1, 17], "uv_size": [1, 1]},
								"south": {"uv": [17, 1], "uv_size": [1, 1]},
								"west": {"uv": [2, 17], "uv_size": [1, 1]},
								"up": {"uv": [17, 2], "uv_size": [1, 1]},
								"down": {"uv": [3, 18], "uv_size": [1, -1]}
							}
						},
						{
							"origin": [-1.325, 28.13545, -0.62578],
							"size": [0.1, 0.725, 0.25],
							"pivot": [-1.3125, 28.53545, -0.50078],
							"rotation": [-17.5, 0, 0],
							"uv": {
								"north": {"uv": [17, 3], "uv_size": [1, 1]},
								"east": {"uv": [4, 17], "uv_size": [1, 1]},
								"south": {"uv": [17, 4], "uv_size": [1, 1]},
								"west": {"uv": [5, 17], "uv_size": [1, 1]},
								"up": {"uv": [17, 5], "uv_size": [1, 1]},
								"down": {"uv": [6, 18], "uv_size": [1, -1]}
							}
						},
						{
							"origin": [-1.325, 28.183, -0.52226],
							"size": [0.1, 0.7, 0.265],
							"uv": {
								"north": {"uv": [17, 6], "uv_size": [1, 1]},
								"east": {"uv": [7, 17], "uv_size": [1, 1]},
								"south": {"uv": [17, 7], "uv_size": [1, 1]},
								"west": {"uv": [8, 17], "uv_size": [1, 1]},
								"up": {"uv": [17, 8], "uv_size": [1, 1]},
								"down": {"uv": [9, 18], "uv_size": [1, -1]}
							}
						},
						{
							"origin": [1.225, 28.11666, -0.40188],
							"size": [0.1, 0.725, 0.25],
							"pivot": [1.3125, 28.51666, -0.33938],
							"rotation": [17.5, 0, 0],
							"uv": {
								"north": {"uv": [17, 9], "uv_size": [1, 1]},
								"east": {"uv": [10, 17], "uv_size": [1, 1]},
								"south": {"uv": [17, 10], "uv_size": [1, 1]},
								"west": {"uv": [11, 17], "uv_size": [1, 1]},
								"up": {"uv": [17, 11], "uv_size": [1, 1]},
								"down": {"uv": [12, 18], "uv_size": [1, -1]}
							}
						},
						{
							"origin": [1.225, 28.183, -0.52226],
							"size": [0.1, 0.7, 0.265],
							"uv": {
								"north": {"uv": [17, 12], "uv_size": [1, 1]},
								"east": {"uv": [13, 17], "uv_size": [1, 1]},
								"south": {"uv": [17, 13], "uv_size": [1, 1]},
								"west": {"uv": [14, 17], "uv_size": [1, 1]},
								"up": {"uv": [17, 14], "uv_size": [1, 1]},
								"down": {"uv": [15, 18], "uv_size": [1, -1]}
							}
						},
						{
							"origin": [1.225, 28.13545, -0.62578],
							"size": [0.1, 0.725, 0.25],
							"pivot": [1.3125, 28.53545, -0.50078],
							"rotation": [-17.5, 0, 0],
							"uv": {
								"north": {"uv": [17, 15], "uv_size": [1, 1]},
								"east": {"uv": [16, 17], "uv_size": [1, 1]},
								"south": {"uv": [17, 16], "uv_size": [1, 1]},
								"west": {"uv": [17, 17], "uv_size": [1, 1]},
								"up": {"uv": [0, 18], "uv_size": [1, 1]},
								"down": {"uv": [18, 1], "uv_size": [1, -1]}
							}
						},
						{
							"origin": [1.225, 27.56656, -0.74027],
							"size": [0.1, 0.625, 0.7],
							"uv": {
								"north": {"uv": [1, 18], "uv_size": [1, 1]},
								"east": {"uv": [18, 1], "uv_size": [1, 1]},
								"south": {"uv": [2, 18], "uv_size": [1, 1]},
								"west": {"uv": [18, 2], "uv_size": [1, 1]},
								"up": {"uv": [3, 18], "uv_size": [1, 1]},
								"down": {"uv": [18, 4], "uv_size": [1, -1]}
							}
						},
						{
							"origin": [1.275, 26.34156, 2.03473],
							"size": [0.3, 0.3, 0.3],
							"pivot": [1.425, 26.49156, 2.18473],
							"rotation": [45, 0, 0],
							"uv": {
								"north": {"uv": [19, 4], "uv_size": [-1, 1]},
								"east": {"uv": [19, 4], "uv_size": [-1, 1]},
								"south": {"uv": [19, 4], "uv_size": [-1, 1]},
								"west": {"uv": [19, 4], "uv_size": [-1, 1]},
								"up": {"uv": [18, 5], "uv_size": [1, -1]},
								"down": {"uv": [18, 5], "uv_size": [1, -1]}
							}
						},
						{
							"origin": [1.275, 26.34156, 0.23473],
							"size": [0.3, 0.3, 0.3],
							"pivot": [1.425, 26.49156, 0.38473],
							"rotation": [45, 0, 0],
							"uv": {
								"north": {"uv": [19, 4], "uv_size": [-1, 1]},
								"east": {"uv": [19, 4], "uv_size": [-1, 1]},
								"south": {"uv": [19, 4], "uv_size": [-1, 1]},
								"west": {"uv": [19, 4], "uv_size": [-1, 1]},
								"up": {"uv": [18, 5], "uv_size": [1, -1]},
								"down": {"uv": [18, 5], "uv_size": [1, -1]}
							}
						},
						{
							"origin": [-1.575, 26.34156, 0.23473],
							"size": [0.3, 0.3, 0.3],
							"pivot": [-1.425, 26.49156, 0.38473],
							"rotation": [45, 0, 0],
							"uv": {
								"north": {"uv": [19, 4], "uv_size": [-1, 1]},
								"east": {"uv": [19, 4], "uv_size": [-1, 1]},
								"south": {"uv": [19, 4], "uv_size": [-1, 1]},
								"west": {"uv": [19, 4], "uv_size": [-1, 1]},
								"up": {"uv": [18, 5], "uv_size": [1, -1]},
								"down": {"uv": [18, 5], "uv_size": [1, -1]}
							}
						},
						{
							"origin": [-1.575, 26.34156, 2.03473],
							"size": [0.3, 0.3, 0.3],
							"pivot": [-1.425, 26.49156, 2.18473],
							"rotation": [45, 0, 0],
							"uv": {
								"north": {"uv": [19, 4], "uv_size": [-1, 1]},
								"east": {"uv": [19, 4], "uv_size": [-1, 1]},
								"south": {"uv": [19, 4], "uv_size": [-1, 1]},
								"west": {"uv": [19, 4], "uv_size": [-1, 1]},
								"up": {"uv": [18, 5], "uv_size": [1, -1]},
								"down": {"uv": [18, 5], "uv_size": [1, -1]}
							}
						},
						{
							"origin": [1.14552, 26.00608, -0.8],
							"size": [0.325, 0.225, 3.9],
							"pivot": [1.20802, 26.11858, 0.5],
							"rotation": [0, 0, -44],
							"uv": {
								"north": {"uv": [15, 2], "uv_size": [1, 1]},
								"east": {"uv": [5, 6], "uv_size": [4, 1]},
								"south": {"uv": [3, 15], "uv_size": [1, 1]},
								"west": {"uv": [5, 7], "uv_size": [4, 1]},
								"up": {"uv": [5, 8], "uv_size": [1, 4]},
								"down": {"uv": [6, 12], "uv_size": [1, -4]}
							}
						}
					]
				}
			]
		}
	]
}