{
	"format_version": "1.12.0",
	"minecraft:geometry": [
		{
			"description": {
				"identifier": "geometry.unknown",
				"texture_width": 128,
				"texture_height": 128,
				"visible_bounds_width": 8,
				"visible_bounds_height": 5,
				"visible_bounds_offset": [0, 1.5, 0]
			},
			"bones": [
				{
					"name": "main",
					"pivot": [0, 20, 6.65]
				},
				{
					"name": "scopepip",
					"parent": "main",
					"pivot": [0.08, 27.64, 2.73],
					"cubes": [
						{
							"origin": [-1.511, 29.972, -3.8],
							"size": [3.122, 3.07, 0.76],
							"uv": {
								"north": {"uv": [50, 24], "uv_size": [3, 3]},
								"east": {"uv": [48, 59], "uv_size": [1, 3]},
								"south": {"uv": [50, 32], "uv_size": [3, 3]},
								"west": {"uv": [49, 59], "uv_size": [1, 3]},
								"up": {"uv": [59, 47], "uv_size": [3, 1]},
								"down": {"uv": [59, 52], "uv_size": [3, -1]}
							}
						}
					]
				},
				{
					"name": "scope",
					"parent": "main",
					"pivot": [0.06, 31.48, 10.49],
					"cubes": [
						{
							"origin": [-0.432, 31.07, 1.771],
							"size": [0.976, 0.976, 0.976],
							"inflate": -0.4,
							"uv": {
								"north": {"uv": [44, 49], "uv_size": [1, 1]},
								"east": {"uv": [60, 18], "uv_size": [1, 1]},
								"south": {"uv": [62, 37], "uv_size": [1, 1]},
								"west": {"uv": [38, 62], "uv_size": [1, 1]},
								"up": {"uv": [62, 38], "uv_size": [1, 1]},
								"down": {"uv": [39, 63], "uv_size": [1, -1]}
							}
						}
					]
				},
				{
					"name": "specter",
					"parent": "main",
					"pivot": [0, 30.1, -13.55],
					"cubes": [
						{
							"origin": [-1.511, 29.972, -33.4995],
							"size": [3.122, 3.07, 0.76],
							"uv": {
								"north": {"uv": [32, 46], "uv_size": [3, 3]},
								"east": {"uv": [35, 46], "uv_size": [1, 3]},
								"south": {"uv": [13, 47], "uv_size": [3, 3]},
								"west": {"uv": [51, 53], "uv_size": [1, 3]},
								"up": {"uv": [53, 51], "uv_size": [3, 1]},
								"down": {"uv": [52, 54], "uv_size": [3, -1]}
							}
						},
						{
							"origin": [-1.2576, 32.2946, -26.86235],
							"size": [2.4468, 0.942, 18.6881],
							"inflate": -0.3,
							"uv": {
								"north": {"uv": [14, 46], "uv_size": [2, 1]},
								"east": {"uv": [32, 31], "uv_size": [19, 1]},
								"south": {"uv": [46, 42], "uv_size": [2, 1]},
								"west": {"uv": [34, 10], "uv_size": [19, 1]},
								"up": {"uv": [32, 8], "uv_size": [2, 19]},
								"down": {"uv": [16, 51], "uv_size": [2, -19]}
							}
						},
						{
							"origin": [-1.2576, 29.7134, -26.86235],
							"size": [2.4468, 0.942, 18.6881],
							"inflate": -0.3,
							"uv": {
								"north": {"uv": [48, 24], "uv_size": [2, 1]},
								"east": {"uv": [34, 11], "uv_size": [19, 1]},
								"south": {"uv": [11, 49], "uv_size": [2, 1]},
								"west": {"uv": [34, 12], "uv_size": [19, 1]},
								"up": {"uv": [18, 32], "uv_size": [2, 19]},
								"down": {"uv": [20, 51], "uv_size": [2, -19]}
							}
						},
						{
							"origin": [-1.44, 32.584, -18.8885],
							"size": [2.88, 0.9325, 3.7675],
							"inflate": -0.3,
							"uv": {
								"north": {"uv": [0, 54], "uv_size": [3, 1]},
								"east": {"uv": [53, 5], "uv_size": [4, 1]},
								"south": {"uv": [54, 0], "uv_size": [3, 1]},
								"west": {"uv": [53, 8], "uv_size": [4, 1]},
								"up": {"uv": [41, 32], "uv_size": [3, 4]},
								"down": {"uv": [41, 40], "uv_size": [3, -4]}
							}
						},
						{
							"origin": [0.7944, 30.3236, -26.86235],
							"size": [1.0104, 2.2974, 18.6881],
							"inflate": -0.3,
							"uv": {
								"north": {"uv": [59, 59], "uv_size": [1, 2]},
								"east": {"uv": [22, 32], "uv_size": [19, 2]},
								"south": {"uv": [3, 60], "uv_size": [1, 2]},
								"west": {"uv": [32, 27], "uv_size": [19, 2]},
								"up": {"uv": [0, 34], "uv_size": [1, 19]},
								"down": {"uv": [1, 53], "uv_size": [1, -19]}
							}
						},
						{
							"origin": [1.182, 30.1425, -18.8715],
							"size": [0.961, 2.671, 3.7505],
							"inflate": -0.3,
							"uv": {
								"north": {"uv": [54, 1], "uv_size": [1, 3]},
								"east": {"uv": [42, 40], "uv_size": [4, 3]},
								"south": {"uv": [3, 54], "uv_size": [1, 3]},
								"west": {"uv": [43, 0], "uv_size": [4, 3]},
								"up": {"uv": [6, 53], "uv_size": [1, 4]},
								"down": {"uv": [7, 57], "uv_size": [1, -4]}
							}
						},
						{
							"origin": [-2.143, 30.1425, -18.8715],
							"size": [0.961, 2.671, 3.7505],
							"inflate": -0.3,
							"uv": {
								"north": {"uv": [4, 54], "uv_size": [1, 3]},
								"east": {"uv": [43, 3], "uv_size": [4, 3]},
								"south": {"uv": [54, 9], "uv_size": [1, 3]},
								"west": {"uv": [32, 43], "uv_size": [4, 3]},
								"up": {"uv": [53, 9], "uv_size": [1, 4]},
								"down": {"uv": [11, 57], "uv_size": [1, -4]}
							}
						},
						{
							"origin": [-1.8048, 30.2507, -26.86235],
							"size": [0.942, 2.4387, 18.6881],
							"inflate": -0.3,
							"uv": {
								"north": {"uv": [4, 60], "uv_size": [1, 2]},
								"east": {"uv": [32, 29], "uv_size": [19, 2]},
								"south": {"uv": [60, 4], "uv_size": [1, 2]},
								"west": {"uv": [34, 8], "uv_size": [19, 2]},
								"up": {"uv": [2, 34], "uv_size": [1, 19]},
								"down": {"uv": [3, 53], "uv_size": [1, -19]}
							}
						},
						{
							"origin": [-17.72148, 37.34252, -26.86235],
							"size": [1.0104, 1.37292, 18.6881],
							"inflate": -0.3,
							"pivot": [-15.8004, 15.8024, -8.96285],
							"rotation": [0, 0, 45],
							"uv": {
								"north": {"uv": [62, 39], "uv_size": [1, 1]},
								"east": {"uv": [34, 13], "uv_size": [19, 1]},
								"south": {"uv": [62, 40], "uv_size": [1, 1]},
								"west": {"uv": [34, 14], "uv_size": [19, 1]},
								"up": {"uv": [4, 34], "uv_size": [1, 19]},
								"down": {"uv": [5, 53], "uv_size": [1, -19]}
							}
						},
						{
							"origin": [15.89028, 39.25772, -26.86235],
							"size": [1.0104, 1.46868, 18.6881],
							"inflate": -0.3,
							"pivot": [17.784, 17.7176, -8.96285],
							"rotation": [0, 0, -45],
							"uv": {
								"north": {"uv": [62, 41], "uv_size": [1, 1]},
								"east": {"uv": [34, 15], "uv_size": [19, 1]},
								"south": {"uv": [62, 42], "uv_size": [1, 1]},
								"west": {"uv": [34, 16], "uv_size": [19, 1]},
								"up": {"uv": [6, 34], "uv_size": [1, 19]},
								"down": {"uv": [7, 53], "uv_size": [1, -19]}
							}
						},
						{
							"origin": [-17.72148, 24.23456, -26.86235],
							"size": [1.0104, 1.37292, 18.6881],
							"inflate": -0.3,
							"pivot": [-15.8004, 47.1476, -8.96285],
							"rotation": [0, 0, -45],
							"uv": {
								"north": {"uv": [43, 62], "uv_size": [1, 1]},
								"east": {"uv": [34, 17], "uv_size": [19, 1]},
								"south": {"uv": [62, 43], "uv_size": [1, 1]},
								"west": {"uv": [34, 18], "uv_size": [19, 1]},
								"up": {"uv": [22, 34], "uv_size": [1, 19]},
								"down": {"uv": [23, 53], "uv_size": [1, -19]}
							}
						},
						{
							"origin": [15.89028, 22.2236, -26.86235],
							"size": [1.0104, 1.46868, 18.6881],
							"inflate": -0.3,
							"pivot": [17.784, 45.2324, -8.96285],
							"rotation": [0, 0, 45],
							"uv": {
								"north": {"uv": [44, 62], "uv_size": [1, 1]},
								"east": {"uv": [34, 19], "uv_size": [19, 1]},
								"south": {"uv": [62, 44], "uv_size": [1, 1]},
								"west": {"uv": [34, 20], "uv_size": [19, 1]},
								"up": {"uv": [24, 34], "uv_size": [1, 19]},
								"down": {"uv": [25, 53], "uv_size": [1, -19]}
							}
						},
						{
							"origin": [1.27033, 30.11049, -33.93981],
							"size": [1.11275, 2.8369, 6.07663],
							"inflate": -0.3,
							"uv": {
								"north": {"uv": [31, 54], "uv_size": [1, 3]},
								"east": {"uv": [34, 21], "uv_size": [6, 3]},
								"south": {"uv": [32, 54], "uv_size": [1, 3]},
								"west": {"uv": [34, 24], "uv_size": [6, 3]},
								"up": {"uv": [14, 40], "uv_size": [1, 6]},
								"down": {"uv": [15, 46], "uv_size": [1, -6]}
							}
						},
						{
							"origin": [21.26427, 41.88422, -33.93981],
							"size": [1.01275, 1.74478, 6.07663],
							"inflate": -0.3,
							"pivot": [23.53645, 13.40246, -29.05865],
							"rotation": [0, 0, -45],
							"uv": {
								"north": {"uv": [6, 60], "uv_size": [1, 2]},
								"east": {"uv": [40, 6], "uv_size": [6, 2]},
								"south": {"uv": [7, 60], "uv_size": [1, 2]},
								"west": {"uv": [36, 43], "uv_size": [6, 2]},
								"up": {"uv": [51, 47], "uv_size": [1, 6]},
								"down": {"uv": [52, 6], "uv_size": [1, -6]}
							}
						},
						{
							"origin": [-1.46196, 32.73604, -33.93981],
							"size": [3.03379, 1.02261, 6.07663],
							"inflate": -0.3,
							"uv": {
								"north": {"uv": [54, 4], "uv_size": [3, 1]},
								"east": {"uv": [51, 23], "uv_size": [6, 1]},
								"south": {"uv": [54, 12], "uv_size": [3, 1]},
								"west": {"uv": [51, 27], "uv_size": [6, 1]},
								"up": {"uv": [26, 34], "uv_size": [3, 6]},
								"down": {"uv": [29, 40], "uv_size": [3, -6]}
							}
						},
						{
							"origin": [-23.15871, 39.3603, -33.93981],
							"size": [1.01275, 1.61858, 6.07663],
							"inflate": -0.3,
							"pivot": [-20.72239, 10.87853, -29.05865],
							"rotation": [0, 0, 45],
							"uv": {
								"north": {"uv": [11, 60], "uv_size": [1, 2]},
								"east": {"uv": [42, 43], "uv_size": [6, 2]},
								"south": {"uv": [60, 11], "uv_size": [1, 2]},
								"west": {"uv": [44, 32], "uv_size": [6, 2]},
								"up": {"uv": [8, 52], "uv_size": [1, 6]},
								"down": {"uv": [9, 58], "uv_size": [1, -6]}
							}
						},
						{
							"origin": [-2.18308, 30.01442, -33.93981],
							"size": [1.12261, 3.02311, 6.07663],
							"inflate": -0.3,
							"uv": {
								"north": {"uv": [33, 54], "uv_size": [1, 3]},
								"east": {"uv": [32, 34], "uv_size": [6, 3]},
								"south": {"uv": [54, 34], "uv_size": [1, 3]},
								"west": {"uv": [32, 37], "uv_size": [6, 3]},
								"up": {"uv": [10, 52], "uv_size": [1, 6]},
								"down": {"uv": [26, 58], "uv_size": [1, -6]}
							}
						},
						{
							"origin": [-23.15871, 22.08611, -33.93981],
							"size": [1.01275, 1.61858, 6.07663],
							"inflate": -0.3,
							"pivot": [-20.72239, 52.18646, -29.05865],
							"rotation": [0, 0, -45],
							"uv": {
								"north": {"uv": [60, 13], "uv_size": [1, 2]},
								"east": {"uv": [44, 34], "uv_size": [6, 2]},
								"south": {"uv": [18, 60], "uv_size": [1, 2]},
								"west": {"uv": [44, 36], "uv_size": [6, 2]},
								"up": {"uv": [27, 52], "uv_size": [1, 6]},
								"down": {"uv": [28, 58], "uv_size": [1, -6]}
							}
						},
						{
							"origin": [-1.46196, 29.30634, -33.93981],
							"size": [3.03379, 1.02261, 6.07663],
							"inflate": -0.3,
							"uv": {
								"north": {"uv": [54, 30], "uv_size": [3, 1]},
								"east": {"uv": [51, 28], "uv_size": [6, 1]},
								"south": {"uv": [54, 31], "uv_size": [3, 1]},
								"west": {"uv": [51, 29], "uv_size": [6, 1]},
								"up": {"uv": [38, 34], "uv_size": [3, 6]},
								"down": {"uv": [40, 6], "uv_size": [3, -6]}
							}
						},
						{
							"origin": [21.26427, 19.43599, -33.93981],
							"size": [1.01275, 1.74478, 6.07663],
							"inflate": -0.3,
							"pivot": [23.53645, 49.66254, -29.05865],
							"rotation": [0, 0, 45],
							"uv": {
								"north": {"uv": [19, 60], "uv_size": [1, 2]},
								"east": {"uv": [44, 38], "uv_size": [6, 2]},
								"south": {"uv": [20, 60], "uv_size": [1, 2]},
								"west": {"uv": [8, 45], "uv_size": [6, 2]},
								"up": {"uv": [29, 52], "uv_size": [1, 6]},
								"down": {"uv": [30, 58], "uv_size": [1, -6]}
							}
						},
						{
							"origin": [21.26427, 19.43599, -7.13981],
							"size": [1.01275, 1.74478, 4.67663],
							"inflate": -0.3,
							"pivot": [23.53645, 49.66254, -2.25865],
							"rotation": [0, 0, 45],
							"uv": {
								"north": {"uv": [60, 20], "uv_size": [1, 2]},
								"east": {"uv": [45, 25], "uv_size": [5, 2]},
								"south": {"uv": [21, 60], "uv_size": [1, 2]},
								"west": {"uv": [45, 45], "uv_size": [5, 2]},
								"up": {"uv": [34, 52], "uv_size": [1, 5]},
								"down": {"uv": [35, 57], "uv_size": [1, -5]}
							}
						},
						{
							"origin": [-1.46196, 29.30634, -7.13981],
							"size": [3.03379, 1.02261, 4.67663],
							"inflate": -0.3,
							"uv": {
								"north": {"uv": [37, 54], "uv_size": [3, 1]},
								"east": {"uv": [51, 44], "uv_size": [5, 1]},
								"south": {"uv": [54, 37], "uv_size": [3, 1]},
								"west": {"uv": [36, 52], "uv_size": [5, 1]},
								"up": {"uv": [8, 40], "uv_size": [3, 5]},
								"down": {"uv": [11, 45], "uv_size": [3, -5]}
							}
						},
						{
							"origin": [-23.15871, 22.08611, -7.13981],
							"size": [1.01275, 1.61858, 4.67663],
							"inflate": -0.3,
							"pivot": [-20.72239, 52.18646, -2.25865],
							"rotation": [0, 0, -45],
							"uv": {
								"north": {"uv": [22, 60], "uv_size": [1, 2]},
								"east": {"uv": [46, 6], "uv_size": [5, 2]},
								"south": {"uv": [60, 22], "uv_size": [1, 2]},
								"west": {"uv": [46, 40], "uv_size": [5, 2]},
								"up": {"uv": [41, 52], "uv_size": [1, 5]},
								"down": {"uv": [42, 57], "uv_size": [1, -5]}
							}
						},
						{
							"origin": [-2.18308, 30.01442, -7.13981],
							"size": [1.02261, 3.02311, 4.67663],
							"inflate": -0.3,
							"uv": {
								"north": {"uv": [54, 38], "uv_size": [1, 3]},
								"east": {"uv": [40, 21], "uv_size": [5, 3]},
								"south": {"uv": [40, 54], "uv_size": [1, 3]},
								"west": {"uv": [40, 24], "uv_size": [5, 3]},
								"up": {"uv": [43, 52], "uv_size": [1, 5]},
								"down": {"uv": [47, 57], "uv_size": [1, -5]}
							}
						},
						{
							"origin": [-23.15871, 39.3603, -7.13981],
							"size": [1.01275, 1.61858, 4.67663],
							"inflate": -0.3,
							"pivot": [-20.72239, 10.87853, -2.25865],
							"rotation": [0, 0, 45],
							"uv": {
								"north": {"uv": [23, 60], "uv_size": [1, 2]},
								"east": {"uv": [47, 0], "uv_size": [5, 2]},
								"south": {"uv": [60, 30], "uv_size": [1, 2]},
								"west": {"uv": [47, 2], "uv_size": [5, 2]},
								"up": {"uv": [52, 47], "uv_size": [1, 5]},
								"down": {"uv": [48, 57], "uv_size": [1, -5]}
							}
						},
						{
							"origin": [-1.46196, 32.73604, -7.13981],
							"size": [3.03379, 1.02261, 4.67663],
							"inflate": -0.3,
							"uv": {
								"north": {"uv": [54, 41], "uv_size": [3, 1]},
								"east": {"uv": [52, 52], "uv_size": [5, 1]},
								"south": {"uv": [54, 42], "uv_size": [3, 1]},
								"west": {"uv": [0, 53], "uv_size": [5, 1]},
								"up": {"uv": [26, 40], "uv_size": [3, 5]},
								"down": {"uv": [29, 45], "uv_size": [3, -5]}
							}
						},
						{
							"origin": [21.26427, 41.88422, -7.13981],
							"size": [1.01275, 1.74478, 4.67663],
							"inflate": -0.3,
							"pivot": [23.53645, 13.40246, -2.25865],
							"rotation": [0, 0, -45],
							"uv": {
								"north": {"uv": [34, 60], "uv_size": [1, 2]},
								"east": {"uv": [47, 4], "uv_size": [5, 2]},
								"south": {"uv": [35, 60], "uv_size": [1, 2]},
								"west": {"uv": [8, 47], "uv_size": [5, 2]},
								"up": {"uv": [49, 52], "uv_size": [1, 5]},
								"down": {"uv": [50, 57], "uv_size": [1, -5]}
							}
						},
						{
							"origin": [1.27033, 30.11049, -7.13981],
							"size": [1.11275, 2.8369, 4.67663],
							"inflate": -0.3,
							"uv": {
								"north": {"uv": [54, 45], "uv_size": [1, 3]},
								"east": {"uv": [32, 40], "uv_size": [5, 3]},
								"south": {"uv": [54, 48], "uv_size": [1, 3]},
								"west": {"uv": [37, 40], "uv_size": [5, 3]},
								"up": {"uv": [53, 0], "uv_size": [1, 5]},
								"down": {"uv": [5, 58], "uv_size": [1, -5]}
							}
						},
						{
							"origin": [-19.8092, 37.9078, -18.8885],
							"size": [1.018, 1.5975, 3.7675],
							"inflate": -0.3,
							"pivot": [-17.556, 14.036, -19.5365],
							"rotation": [0, 0, 45],
							"uv": {
								"north": {"uv": [60, 52], "uv_size": [1, 2]},
								"east": {"uv": [4, 0], "uv_size": [4, 2]},
								"south": {"uv": [60, 54], "uv_size": [1, 2]},
								"west": {"uv": [50, 38], "uv_size": [4, 2]},
								"up": {"uv": [18, 53], "uv_size": [1, 4]},
								"down": {"uv": [19, 57], "uv_size": [1, -4]}
							}
						},
						{
							"origin": [18.7912, 37.9078, -18.8885],
							"size": [1.018, 1.5975, 3.7675],
							"inflate": -0.3,
							"pivot": [17.556, 14.036, -19.5365],
							"rotation": [0, 0, -45],
							"uv": {
								"north": {"uv": [55, 60], "uv_size": [1, 2]},
								"east": {"uv": [50, 45], "uv_size": [4, 2]},
								"south": {"uv": [56, 60], "uv_size": [1, 2]},
								"west": {"uv": [47, 50], "uv_size": [4, 2]},
								"up": {"uv": [20, 53], "uv_size": [1, 4]},
								"down": {"uv": [21, 57], "uv_size": [1, -4]}
							}
						},
						{
							"origin": [18.7912, 23.4697, -18.8785],
							"size": [1.018, 1.5975, 3.7575],
							"inflate": -0.3,
							"pivot": [17.556, 48.939, -19.5365],
							"rotation": [0, 0, 45],
							"uv": {
								"north": {"uv": [57, 60], "uv_size": [1, 2]},
								"east": {"uv": [51, 6], "uv_size": [4, 2]},
								"south": {"uv": [60, 59], "uv_size": [1, 2]},
								"west": {"uv": [14, 51], "uv_size": [4, 2]},
								"up": {"uv": [22, 53], "uv_size": [1, 4]},
								"down": {"uv": [23, 57], "uv_size": [1, -4]}
							}
						},
						{
							"origin": [-19.8092, 23.4697, -18.8785],
							"size": [1.018, 1.5975, 3.7575],
							"inflate": -0.3,
							"pivot": [-17.556, 48.939, -13.0365],
							"rotation": [0, 0, -45],
							"uv": {
								"north": {"uv": [61, 24], "uv_size": [1, 2]},
								"east": {"uv": [18, 51], "uv_size": [4, 2]},
								"south": {"uv": [25, 61], "uv_size": [1, 2]},
								"west": {"uv": [51, 21], "uv_size": [4, 2]},
								"up": {"uv": [53, 34], "uv_size": [1, 4]},
								"down": {"uv": [36, 57], "uv_size": [1, -4]}
							}
						},
						{
							"origin": [-1.44, 29.4585, -18.8785],
							"size": [2.88, 0.9325, 3.7575],
							"inflate": -0.3,
							"uv": {
								"north": {"uv": [54, 43], "uv_size": [3, 1]},
								"east": {"uv": [53, 26], "uv_size": [4, 1]},
								"south": {"uv": [55, 6], "uv_size": [3, 1]},
								"west": {"uv": [37, 53], "uv_size": [4, 1]},
								"up": {"uv": [45, 21], "uv_size": [3, 4]},
								"down": {"uv": [26, 49], "uv_size": [3, -4]}
							}
						},
						{
							"origin": [-2.143, 30.1425, -22.3715],
							"size": [0.961, 2.671, 1.4505],
							"inflate": -0.3,
							"uv": {
								"north": {"uv": [55, 19], "uv_size": [1, 3]},
								"east": {"uv": [24, 55], "uv_size": [1, 3]},
								"south": {"uv": [25, 55], "uv_size": [1, 3]},
								"west": {"uv": [55, 32], "uv_size": [1, 3]},
								"up": {"uv": [63, 4], "uv_size": [1, 1]},
								"down": {"uv": [5, 64], "uv_size": [1, -1]}
							}
						},
						{
							"origin": [-19.8092, 23.4697, -22.3785],
							"size": [1.018, 1.5975, 1.4575],
							"inflate": -0.3,
							"pivot": [-17.556, 48.939, -15.4365],
							"rotation": [0, 0, -45],
							"uv": {
								"north": {"uv": [26, 61], "uv_size": [1, 2]},
								"east": {"uv": [61, 27], "uv_size": [1, 2]},
								"south": {"uv": [61, 29], "uv_size": [1, 2]},
								"west": {"uv": [30, 61], "uv_size": [1, 2]},
								"up": {"uv": [63, 5], "uv_size": [1, 1]},
								"down": {"uv": [63, 8], "uv_size": [1, -1]}
							}
						},
						{
							"origin": [-19.8092, 37.9078, -22.3885],
							"size": [1.018, 1.5975, 1.4675],
							"inflate": -0.3,
							"pivot": [-17.556, 14.036, -21.9365],
							"rotation": [0, 0, 45],
							"uv": {
								"north": {"uv": [31, 61], "uv_size": [1, 2]},
								"east": {"uv": [32, 61], "uv_size": [1, 2]},
								"south": {"uv": [33, 61], "uv_size": [1, 2]},
								"west": {"uv": [61, 35], "uv_size": [1, 2]},
								"up": {"uv": [8, 63], "uv_size": [1, 1]},
								"down": {"uv": [63, 9], "uv_size": [1, -1]}
							}
						},
						{
							"origin": [-1.44, 32.584, -22.3885],
							"size": [2.88, 0.9325, 1.4675],
							"inflate": -0.3,
							"uv": {
								"north": {"uv": [55, 7], "uv_size": [3, 1]},
								"east": {"uv": [9, 63], "uv_size": [1, 1]},
								"south": {"uv": [55, 22], "uv_size": [3, 1]},
								"west": {"uv": [63, 10], "uv_size": [1, 1]},
								"up": {"uv": [55, 24], "uv_size": [3, 1]},
								"down": {"uv": [55, 26], "uv_size": [3, -1]}
							}
						},
						{
							"origin": [18.7912, 37.9078, -22.3885],
							"size": [1.018, 1.5975, 1.4675],
							"inflate": -0.3,
							"pivot": [17.556, 14.036, -21.9365],
							"rotation": [0, 0, -45],
							"uv": {
								"north": {"uv": [61, 38], "uv_size": [1, 2]},
								"east": {"uv": [40, 61], "uv_size": [1, 2]},
								"south": {"uv": [61, 40], "uv_size": [1, 2]},
								"west": {"uv": [41, 61], "uv_size": [1, 2]},
								"up": {"uv": [63, 11], "uv_size": [1, 1]},
								"down": {"uv": [12, 64], "uv_size": [1, -1]}
							}
						},
						{
							"origin": [1.182, 30.1425, -22.3715],
							"size": [0.961, 2.671, 1.4505],
							"inflate": -0.3,
							"uv": {
								"north": {"uv": [37, 55], "uv_size": [1, 3]},
								"east": {"uv": [38, 55], "uv_size": [1, 3]},
								"south": {"uv": [55, 38], "uv_size": [1, 3]},
								"west": {"uv": [39, 55], "uv_size": [1, 3]},
								"up": {"uv": [13, 63], "uv_size": [1, 1]},
								"down": {"uv": [15, 64], "uv_size": [1, -1]}
							}
						},
						{
							"origin": [-1.44, 29.4585, -22.3785],
							"size": [2.88, 0.9325, 1.4575],
							"inflate": -0.3,
							"uv": {
								"north": {"uv": [55, 35], "uv_size": [3, 1]},
								"east": {"uv": [63, 15], "uv_size": [1, 1]},
								"south": {"uv": [55, 36], "uv_size": [3, 1]},
								"west": {"uv": [16, 63], "uv_size": [1, 1]},
								"up": {"uv": [55, 45], "uv_size": [3, 1]},
								"down": {"uv": [55, 47], "uv_size": [3, -1]}
							}
						},
						{
							"origin": [18.7912, 23.4697, -22.3785],
							"size": [1.018, 1.5975, 1.4575],
							"inflate": -0.3,
							"pivot": [17.556, 48.939, -21.9365],
							"rotation": [0, 0, 45],
							"uv": {
								"north": {"uv": [42, 61], "uv_size": [1, 2]},
								"east": {"uv": [61, 42], "uv_size": [1, 2]},
								"south": {"uv": [61, 44], "uv_size": [1, 2]},
								"west": {"uv": [61, 48], "uv_size": [1, 2]},
								"up": {"uv": [63, 16], "uv_size": [1, 1]},
								"down": {"uv": [17, 64], "uv_size": [1, -1]}
							}
						},
						{
							"origin": [-1.48324, 25.49976, -13.01874],
							"size": [2.93348, 3.63248, 1.31248],
							"inflate": -0.201,
							"uv": {
								"north": {"uv": [29, 45], "uv_size": [3, 4]},
								"east": {"uv": [44, 53], "uv_size": [1, 4]},
								"south": {"uv": [36, 45], "uv_size": [3, 4]},
								"west": {"uv": [45, 53], "uv_size": [1, 4]},
								"up": {"uv": [55, 47], "uv_size": [3, 1]},
								"down": {"uv": [55, 49], "uv_size": [3, -1]}
							}
						},
						{
							"origin": [-1.48324, 25.49976, -22.21874],
							"size": [2.93348, 3.63248, 1.21248],
							"inflate": -0.201,
							"uv": {
								"north": {"uv": [39, 45], "uv_size": [3, 4]},
								"east": {"uv": [46, 53], "uv_size": [1, 4]},
								"south": {"uv": [42, 45], "uv_size": [3, 4]},
								"west": {"uv": [53, 47], "uv_size": [1, 4]},
								"up": {"uv": [55, 49], "uv_size": [3, 1]},
								"down": {"uv": [55, 51], "uv_size": [3, -1]}
							}
						},
						{
							"origin": [-1.44, 29.4585, -13.0785],
							"size": [2.88, 0.9325, 1.4575],
							"inflate": -0.3,
							"uv": {
								"north": {"uv": [55, 53], "uv_size": [3, 1]},
								"east": {"uv": [63, 17], "uv_size": [1, 1]},
								"south": {"uv": [55, 54], "uv_size": [3, 1]},
								"west": {"uv": [63, 18], "uv_size": [1, 1]},
								"up": {"uv": [55, 55], "uv_size": [3, 1]},
								"down": {"uv": [56, 2], "uv_size": [3, -1]}
							}
						},
						{
							"origin": [-19.8092, 23.4697, -13.0785],
							"size": [1.018, 1.5975, 1.4575],
							"inflate": -0.3,
							"pivot": [-17.556, 48.939, -6.1365],
							"rotation": [0, 0, -45],
							"uv": {
								"north": {"uv": [52, 61], "uv_size": [1, 2]},
								"east": {"uv": [61, 52], "uv_size": [1, 2]},
								"south": {"uv": [53, 61], "uv_size": [1, 2]},
								"west": {"uv": [54, 61], "uv_size": [1, 2]},
								"up": {"uv": [20, 63], "uv_size": [1, 1]},
								"down": {"uv": [63, 21], "uv_size": [1, -1]}
							}
						},
						{
							"origin": [-2.143, 30.1425, -13.0715],
							"size": [0.961, 2.671, 1.4505],
							"inflate": -0.3,
							"uv": {
								"north": {"uv": [56, 9], "uv_size": [1, 3]},
								"east": {"uv": [56, 13], "uv_size": [1, 3]},
								"south": {"uv": [56, 16], "uv_size": [1, 3]},
								"west": {"uv": [56, 19], "uv_size": [1, 3]},
								"up": {"uv": [21, 63], "uv_size": [1, 1]},
								"down": {"uv": [63, 22], "uv_size": [1, -1]}
							}
						},
						{
							"origin": [-1.44, 32.584, -13.0885],
							"size": [2.88, 0.9325, 1.4675],
							"inflate": -0.3,
							"uv": {
								"north": {"uv": [56, 2], "uv_size": [3, 1]},
								"east": {"uv": [24, 63], "uv_size": [1, 1]},
								"south": {"uv": [56, 3], "uv_size": [3, 1]},
								"west": {"uv": [63, 24], "uv_size": [1, 1]},
								"up": {"uv": [56, 32], "uv_size": [3, 1]},
								"down": {"uv": [56, 34], "uv_size": [3, -1]}
							}
						},
						{
							"origin": [-19.8092, 37.9078, -13.0885],
							"size": [1.018, 1.5975, 1.4675],
							"inflate": -0.3,
							"pivot": [-17.556, 14.036, -12.6365],
							"rotation": [0, 0, 45],
							"uv": {
								"north": {"uv": [61, 54], "uv_size": [1, 2]},
								"east": {"uv": [61, 56], "uv_size": [1, 2]},
								"south": {"uv": [58, 61], "uv_size": [1, 2]},
								"west": {"uv": [59, 61], "uv_size": [1, 2]},
								"up": {"uv": [25, 63], "uv_size": [1, 1]},
								"down": {"uv": [63, 26], "uv_size": [1, -1]}
							}
						},
						{
							"origin": [18.7912, 37.9078, -13.0885],
							"size": [1.018, 1.5975, 1.4675],
							"inflate": -0.3,
							"pivot": [17.556, 14.036, -12.6365],
							"rotation": [0, 0, -45],
							"uv": {
								"north": {"uv": [61, 59], "uv_size": [1, 2]},
								"east": {"uv": [60, 61], "uv_size": [1, 2]},
								"south": {"uv": [61, 61], "uv_size": [1, 2]},
								"west": {"uv": [0, 62], "uv_size": [1, 2]},
								"up": {"uv": [26, 63], "uv_size": [1, 1]},
								"down": {"uv": [27, 64], "uv_size": [1, -1]}
							}
						},
						{
							"origin": [1.182, 30.1425, -13.0715],
							"size": [0.961, 2.671, 1.4505],
							"inflate": -0.3,
							"uv": {
								"north": {"uv": [56, 38], "uv_size": [1, 3]},
								"east": {"uv": [51, 56], "uv_size": [1, 3]},
								"south": {"uv": [55, 56], "uv_size": [1, 3]},
								"west": {"uv": [56, 56], "uv_size": [1, 3]},
								"up": {"uv": [63, 27], "uv_size": [1, 1]},
								"down": {"uv": [28, 64], "uv_size": [1, -1]}
							}
						},
						{
							"origin": [-1.511, 29.972, -3.825],
							"size": [3.122, 3.07, 0.76],
							"uv": {
								"north": {"uv": [50, 24], "uv_size": [3, 3]},
								"east": {"uv": [48, 59], "uv_size": [1, 3]},
								"south": {"uv": [50, 32], "uv_size": [3, 3]},
								"west": {"uv": [49, 59], "uv_size": [1, 3]},
								"up": {"uv": [59, 47], "uv_size": [3, 1]},
								"down": {"uv": [59, 52], "uv_size": [3, -1]}
							}
						},
						{
							"origin": [18.7912, 23.4697, -13.0785],
							"size": [1.018, 1.5975, 1.4575],
							"inflate": -0.3,
							"pivot": [17.556, 48.939, -12.6365],
							"rotation": [0, 0, 45],
							"uv": {
								"north": {"uv": [62, 0], "uv_size": [1, 2]},
								"east": {"uv": [1, 62], "uv_size": [1, 2]},
								"south": {"uv": [2, 62], "uv_size": [1, 2]},
								"west": {"uv": [62, 2], "uv_size": [1, 2]},
								"up": {"uv": [63, 28], "uv_size": [1, 1]},
								"down": {"uv": [30, 64], "uv_size": [1, -1]}
							}
						}
					]
				},
				{
					"name": "specter2",
					"parent": "specter",
					"pivot": [0.23, 33.806, -12.8365],
					"rotation": [0, 0, 90],
					"cubes": [
						{
							"origin": [-0.98144, 29.02623, -17.5763],
							"size": [0.81736, 1.97282, 1.97282],
							"inflate": -0.2,
							"pivot": [0.91796, 32.71673, -9.45991],
							"rotation": [-27.5, 0, 0],
							"uv": {
								"north": {"uv": [36, 60], "uv_size": [1, 2]},
								"east": {"uv": [12, 53], "uv_size": [2, 2]},
								"south": {"uv": [37, 60], "uv_size": [1, 2]},
								"west": {"uv": [53, 13], "uv_size": [2, 2]},
								"up": {"uv": [38, 60], "uv_size": [1, 2]},
								"down": {"uv": [39, 62], "uv_size": [1, -2]}
							}
						},
						{
							"origin": [-4.05261, 25.65865, -19.96633],
							"size": [8.31212, 8.02594, 8.02594],
							"inflate": -3.4,
							"pivot": [0.524, 33.806, -8.4265],
							"rotation": [-27.5, 0, 0],
							"uv": {
								"north": {"uv": [0, 2], "uv_size": [8, 8]},
								"east": {"uv": [8, 0], "uv_size": [8, 8]},
								"south": {"uv": [8, 8], "uv_size": [8, 8]},
								"west": {"uv": [0, 10], "uv_size": [8, 8]},
								"up": {"uv": [16, 0], "uv_size": [8, 8]},
								"down": {"uv": [8, 24], "uv_size": [8, -8]}
							}
						}
					]
				},
				{
					"name": "specter9",
					"parent": "specter",
					"pivot": [-2.47, 31.706, -12.8365],
					"cubes": [
						{
							"origin": [-3.68144, 26.92623, -17.5763],
							"size": [0.81736, 1.97282, 1.97282],
							"inflate": -0.2,
							"pivot": [-1.78204, 30.61673, -9.45991],
							"rotation": [-27.5, 0, 0],
							"uv": {
								"north": {"uv": [60, 41], "uv_size": [1, 2]},
								"east": {"uv": [14, 53], "uv_size": [2, 2]},
								"south": {"uv": [43, 60], "uv_size": [1, 2]},
								"west": {"uv": [53, 15], "uv_size": [2, 2]},
								"up": {"uv": [60, 43], "uv_size": [1, 2]},
								"down": {"uv": [44, 62], "uv_size": [1, -2]}
							}
						},
						{
							"origin": [-6.75261, 23.55865, -19.96633],
							"size": [8.31212, 8.02594, 8.02594],
							"inflate": -3.4,
							"pivot": [-2.176, 31.706, -8.4265],
							"rotation": [-27.5, 0, 0],
							"uv": {
								"north": {"uv": [16, 8], "uv_size": [8, 8]},
								"east": {"uv": [16, 16], "uv_size": [8, 8]},
								"south": {"uv": [0, 18], "uv_size": [8, 8]},
								"west": {"uv": [24, 0], "uv_size": [8, 8]},
								"up": {"uv": [8, 24], "uv_size": [8, 8]},
								"down": {"uv": [24, 16], "uv_size": [8, -8]}
							}
						}
					]
				},
				{
					"name": "specter14",
					"parent": "specter",
					"pivot": [2.47, 31.706, -12.8365],
					"cubes": [
						{
							"origin": [2.86408, 26.92623, -17.5763],
							"size": [0.81736, 1.97282, 1.97282],
							"inflate": -0.2,
							"pivot": [1.78204, 30.61673, -9.45991],
							"rotation": [-27.5, 0, 0],
							"uv": {
								"north": {"uv": [45, 60], "uv_size": [1, 2]},
								"east": {"uv": [16, 53], "uv_size": [2, 2]},
								"south": {"uv": [60, 45], "uv_size": [1, 2]},
								"west": {"uv": [53, 17], "uv_size": [2, 2]},
								"up": {"uv": [46, 60], "uv_size": [1, 2]},
								"down": {"uv": [50, 62], "uv_size": [1, -2]}
							}
						},
						{
							"origin": [-1.55951, 23.55865, -19.96633],
							"size": [8.31212, 8.02594, 8.02594],
							"inflate": -3.4,
							"pivot": [2.176, 31.706, -8.4265],
							"rotation": [-27.5, 0, 0],
							"uv": {
								"north": {"uv": [16, 24], "uv_size": [8, 8]},
								"east": {"uv": [24, 16], "uv_size": [8, 8]},
								"south": {"uv": [24, 24], "uv_size": [8, 8]},
								"west": {"uv": [0, 26], "uv_size": [8, 8]},
								"up": {"uv": [32, 0], "uv_size": [8, 8]},
								"down": {"uv": [8, 40], "uv_size": [8, -8]}
							}
						}
					]
				},
				{
					"name": "specter7",
					"parent": "specter",
					"pivot": [-1.356, 28.539, -23.1365],
					"rotation": [0, 0, 32],
					"cubes": [
						{
							"origin": [-1.29, 28.352, -22.2725],
							"size": [2.16, 2.106, 1.276],
							"inflate": -0.2,
							"pivot": [-1.3, 28.9, -24.2365],
							"rotation": [0, 0, -34],
							"uv": {
								"north": {"uv": [53, 19], "uv_size": [2, 2]},
								"east": {"uv": [61, 4], "uv_size": [1, 2]},
								"south": {"uv": [24, 53], "uv_size": [2, 2]},
								"west": {"uv": [5, 61], "uv_size": [1, 2]},
								"up": {"uv": [14, 50], "uv_size": [2, 1]},
								"down": {"uv": [60, 1], "uv_size": [2, -1]}
							}
						},
						{
							"origin": [-1.79, 27.652, -22.2725],
							"size": [1.06, 3.206, 1.276],
							"inflate": -0.2,
							"pivot": [-1.3, 28.9, -24.2365],
							"rotation": [0, 0, -41],
							"uv": {
								"north": {"uv": [52, 54], "uv_size": [1, 3]},
								"east": {"uv": [53, 54], "uv_size": [1, 3]},
								"south": {"uv": [54, 54], "uv_size": [1, 3]},
								"west": {"uv": [0, 55], "uv_size": [1, 3]},
								"up": {"uv": [45, 62], "uv_size": [1, 1]},
								"down": {"uv": [62, 46], "uv_size": [1, -1]}
							}
						},
						{
							"origin": [-1.29, 30.052, -23.3725],
							"size": [0.56, 0.44, 1.276],
							"inflate": -0.2,
							"pivot": [-1.3, 28.9, -24.2365],
							"rotation": [0, 0, -34],
							"uv": {
								"north": {"uv": [46, 62], "uv_size": [1, 1]},
								"east": {"uv": [47, 62], "uv_size": [1, 1]},
								"south": {"uv": [62, 47], "uv_size": [1, 1]},
								"west": {"uv": [48, 62], "uv_size": [1, 1]},
								"up": {"uv": [62, 48], "uv_size": [1, 1]},
								"down": {"uv": [49, 63], "uv_size": [1, -1]}
							}
						},
						{
							"origin": [-1.29, 28.352, -12.9725],
							"size": [0.56, 2.106, 1.276],
							"inflate": -0.2,
							"pivot": [-1.3, 28.9, -24.2365],
							"rotation": [0, 0, -34],
							"uv": {
								"north": {"uv": [61, 9], "uv_size": [1, 2]},
								"east": {"uv": [61, 11], "uv_size": [1, 2]},
								"south": {"uv": [12, 61], "uv_size": [1, 2]},
								"west": {"uv": [13, 61], "uv_size": [1, 2]},
								"up": {"uv": [62, 49], "uv_size": [1, 1]},
								"down": {"uv": [50, 63], "uv_size": [1, -1]}
							}
						},
						{
							"origin": [-1.79, 27.652, -12.9725],
							"size": [1.06, 3.206, 1.276],
							"inflate": -0.2,
							"pivot": [-1.3, 28.9, -24.2365],
							"rotation": [0, 0, -41],
							"uv": {
								"north": {"uv": [1, 55], "uv_size": [1, 3]},
								"east": {"uv": [55, 1], "uv_size": [1, 3]},
								"south": {"uv": [2, 55], "uv_size": [1, 3]},
								"west": {"uv": [55, 9], "uv_size": [1, 3]},
								"up": {"uv": [51, 62], "uv_size": [1, 1]},
								"down": {"uv": [62, 52], "uv_size": [1, -1]}
							}
						}
					]
				},
				{
					"name": "specter8",
					"parent": "specter",
					"pivot": [1.356, 28.539, -23.1365],
					"rotation": [0, 0, -32],
					"cubes": [
						{
							"origin": [0.73, 28.352, -22.2725],
							"size": [0.56, 2.106, 1.276],
							"inflate": -0.2,
							"pivot": [1.3, 28.9, -24.2365],
							"rotation": [0, 0, 34],
							"uv": {
								"north": {"uv": [61, 13], "uv_size": [1, 2]},
								"east": {"uv": [17, 61], "uv_size": [1, 2]},
								"south": {"uv": [61, 18], "uv_size": [1, 2]},
								"west": {"uv": [61, 20], "uv_size": [1, 2]},
								"up": {"uv": [62, 52], "uv_size": [1, 1]},
								"down": {"uv": [62, 54], "uv_size": [1, -1]}
							}
						},
						{
							"origin": [0.73, 27.652, -22.2725],
							"size": [1.06, 3.206, 1.276],
							"inflate": -0.2,
							"pivot": [1.3, 28.9, -24.2365],
							"rotation": [0, 0, 41],
							"uv": {
								"north": {"uv": [12, 55], "uv_size": [1, 3]},
								"east": {"uv": [13, 55], "uv_size": [1, 3]},
								"south": {"uv": [55, 13], "uv_size": [1, 3]},
								"west": {"uv": [14, 55], "uv_size": [1, 3]},
								"up": {"uv": [62, 54], "uv_size": [1, 1]},
								"down": {"uv": [55, 63], "uv_size": [1, -1]}
							}
						},
						{
							"origin": [0.73, 30.052, -22.2725],
							"size": [0.56, 0.44, 1.276],
							"inflate": -0.2,
							"pivot": [1.3, 28.9, -24.2365],
							"rotation": [0, 0, 34],
							"uv": {
								"north": {"uv": [62, 55], "uv_size": [1, 1]},
								"east": {"uv": [56, 62], "uv_size": [1, 1]},
								"south": {"uv": [62, 56], "uv_size": [1, 1]},
								"west": {"uv": [57, 62], "uv_size": [1, 1]},
								"up": {"uv": [62, 57], "uv_size": [1, 1]},
								"down": {"uv": [62, 59], "uv_size": [1, -1]}
							}
						},
						{
							"origin": [0.73, 27.652, -12.9725],
							"size": [1.06, 3.206, 1.276],
							"inflate": -0.2,
							"pivot": [1.3, 28.9, -24.2365],
							"rotation": [0, 0, 41],
							"uv": {
								"north": {"uv": [15, 55], "uv_size": [1, 3]},
								"east": {"uv": [16, 55], "uv_size": [1, 3]},
								"south": {"uv": [55, 16], "uv_size": [1, 3]},
								"west": {"uv": [17, 55], "uv_size": [1, 3]},
								"up": {"uv": [62, 59], "uv_size": [1, 1]},
								"down": {"uv": [62, 61], "uv_size": [1, -1]}
							}
						},
						{
							"origin": [-0.87, 28.352, -12.9725],
							"size": [2.16, 2.106, 1.276],
							"inflate": -0.2,
							"pivot": [1.3, 28.9, -24.2365],
							"rotation": [0, 0, 34],
							"uv": {
								"north": {"uv": [53, 24], "uv_size": [2, 2]},
								"east": {"uv": [61, 22], "uv_size": [1, 2]},
								"south": {"uv": [53, 32], "uv_size": [2, 2]},
								"west": {"uv": [24, 61], "uv_size": [1, 2]},
								"up": {"uv": [60, 26], "uv_size": [2, 1]},
								"down": {"uv": [60, 38], "uv_size": [2, -1]}
							}
						},
						{
							"origin": [0.73, 30.052, -12.9725],
							"size": [0.56, 0.44, 1.276],
							"inflate": -0.2,
							"pivot": [1.3, 28.9, -24.2365],
							"rotation": [0, 0, 34],
							"uv": {
								"north": {"uv": [62, 61], "uv_size": [1, 1]},
								"east": {"uv": [62, 62], "uv_size": [1, 1]},
								"south": {"uv": [63, 0], "uv_size": [1, 1]},
								"west": {"uv": [63, 1], "uv_size": [1, 1]},
								"up": {"uv": [63, 2], "uv_size": [1, 1]},
								"down": {"uv": [63, 4], "uv_size": [1, -1]}
							}
						}
					]
				},
				{
					"name": "bone14",
					"parent": "specter",
					"pivot": [-1.372, 32.7158, -6.63468],
					"cubes": [
						{
							"origin": [1.21636, 30.24482, -28.52273],
							"size": [0.87927, 2.46271, 2.67175],
							"inflate": -0.3,
							"pivot": [1.80804, 31.21159, -27.16532],
							"rotation": [0, -21, 0],
							"uv": {
								"north": {"uv": [3, 62], "uv_size": [1, 2]},
								"east": {"uv": [51, 30], "uv_size": [3, 2]},
								"south": {"uv": [4, 62], "uv_size": [1, 2]},
								"west": {"uv": [51, 40], "uv_size": [3, 2]},
								"up": {"uv": [3, 57], "uv_size": [1, 3]},
								"down": {"uv": [4, 60], "uv_size": [1, -3]}
							}
						},
						{
							"origin": [-1.28552, 32.55329, -28.52273],
							"size": [2.68586, 0.87927, 2.67175],
							"inflate": -0.3,
							"pivot": [0.09604, 33.13759, -27.16532],
							"rotation": [-21, 0, 0],
							"uv": {
								"north": {"uv": [56, 34], "uv_size": [3, 1]},
								"east": {"uv": [56, 44], "uv_size": [3, 1]},
								"south": {"uv": [56, 51], "uv_size": [3, 1]},
								"west": {"uv": [57, 0], "uv_size": [3, 1]},
								"up": {"uv": [45, 47], "uv_size": [3, 3]},
								"down": {"uv": [48, 24], "uv_size": [3, -3]}
							}
						},
						{
							"origin": [-1.90355, 30.13782, -28.52273],
							"size": [0.87927, 2.67671, 2.67175],
							"inflate": -0.3,
							"pivot": [-1.61596, 31.21159, -27.16532],
							"rotation": [0, 18, 0],
							"uv": {
								"north": {"uv": [6, 57], "uv_size": [1, 3]},
								"east": {"uv": [48, 42], "uv_size": [3, 3]},
								"south": {"uv": [7, 57], "uv_size": [1, 3]},
								"west": {"uv": [48, 47], "uv_size": [3, 3]},
								"up": {"uv": [57, 8], "uv_size": [1, 3]},
								"down": {"uv": [11, 60], "uv_size": [1, -3]}
							}
						},
						{
							"origin": [-1.28552, 29.79625, -28.59834],
							"size": [2.68586, 0.87927, 2.67175],
							"inflate": -0.3,
							"pivot": [0.09604, 30.14919, -26.41533],
							"rotation": [15.75, 0, 0],
							"uv": {
								"north": {"uv": [57, 4], "uv_size": [3, 1]},
								"east": {"uv": [57, 5], "uv_size": [3, 1]},
								"south": {"uv": [57, 11], "uv_size": [3, 1]},
								"west": {"uv": [57, 12], "uv_size": [3, 1]},
								"up": {"uv": [8, 49], "uv_size": [3, 3]},
								"down": {"uv": [26, 52], "uv_size": [3, -3]}
							}
						},
						{
							"origin": [1.01308, 32.35758, -28.43748],
							"size": [0.95652, 1.17413, 2.77175],
							"inflate": -0.3,
							"pivot": [1.68193, 33.09041, -28.1657],
							"rotation": [-0.52389, -18.5, -44.92662],
							"uv": {
								"north": {"uv": [31, 63], "uv_size": [1, 1]},
								"east": {"uv": [57, 13], "uv_size": [3, 1]},
								"south": {"uv": [63, 31], "uv_size": [1, 1]},
								"west": {"uv": [57, 14], "uv_size": [3, 1]},
								"up": {"uv": [57, 15], "uv_size": [1, 3]},
								"down": {"uv": [18, 60], "uv_size": [1, -3]}
							}
						},
						{
							"origin": [0.86272, 32.49324, -28.43339],
							"size": [0.95652, 1.17413, 2.77175],
							"inflate": -0.3,
							"pivot": [1.53157, 33.22607, -28.16161],
							"rotation": [-1.9761, -18.5, -44.92662],
							"uv": {
								"north": {"uv": [32, 63], "uv_size": [1, 1]},
								"east": {"uv": [57, 18], "uv_size": [3, 1]},
								"south": {"uv": [63, 32], "uv_size": [1, 1]},
								"west": {"uv": [19, 57], "uv_size": [3, 1]},
								"up": {"uv": [57, 19], "uv_size": [1, 3]},
								"down": {"uv": [22, 60], "uv_size": [1, -3]}
							}
						},
						{
							"origin": [-1.61925, 32.49324, -28.43339],
							"size": [0.95652, 1.17413, 2.77175],
							"inflate": -0.3,
							"pivot": [-1.33157, 33.22607, -28.16161],
							"rotation": [-1.9761, 18.5, 44.92662],
							"uv": {
								"north": {"uv": [33, 63], "uv_size": [1, 1]},
								"east": {"uv": [57, 23], "uv_size": [3, 1]},
								"south": {"uv": [63, 33], "uv_size": [1, 1]},
								"west": {"uv": [57, 26], "uv_size": [3, 1]},
								"up": {"uv": [23, 57], "uv_size": [1, 3]},
								"down": {"uv": [57, 30], "uv_size": [1, -3]}
							}
						},
						{
							"origin": [-1.76961, 32.35758, -28.43748],
							"size": [0.95652, 1.17413, 2.77175],
							"inflate": -0.3,
							"pivot": [-1.48193, 33.09041, -28.1657],
							"rotation": [1.95448, 16.50118, 44.85471],
							"uv": {
								"north": {"uv": [35, 63], "uv_size": [1, 1]},
								"east": {"uv": [57, 30], "uv_size": [3, 1]},
								"south": {"uv": [63, 35], "uv_size": [1, 1]},
								"west": {"uv": [31, 57], "uv_size": [3, 1]},
								"up": {"uv": [34, 57], "uv_size": [1, 3]},
								"down": {"uv": [35, 60], "uv_size": [1, -3]}
							}
						},
						{
							"origin": [1.01308, 29.4683, -28.43748],
							"size": [0.95652, 1.17413, 2.77175],
							"inflate": -0.3,
							"pivot": [1.68193, 29.90959, -28.1657],
							"rotation": [-1.97611, -18.5, 44.92662],
							"uv": {
								"north": {"uv": [36, 63], "uv_size": [1, 1]},
								"east": {"uv": [57, 31], "uv_size": [3, 1]},
								"south": {"uv": [63, 36], "uv_size": [1, 1]},
								"west": {"uv": [57, 37], "uv_size": [3, 1]},
								"up": {"uv": [36, 57], "uv_size": [1, 3]},
								"down": {"uv": [57, 41], "uv_size": [1, -3]}
							}
						},
						{
							"origin": [0.86272, 29.33264, -28.43339],
							"size": [0.95652, 1.17413, 2.77175],
							"inflate": -0.3,
							"pivot": [1.53157, 29.77393, -28.16161],
							"rotation": [1.9761, -18.5, 44.92662],
							"uv": {
								"north": {"uv": [63, 37], "uv_size": [1, 1]},
								"east": {"uv": [40, 57], "uv_size": [3, 1]},
								"south": {"uv": [38, 63], "uv_size": [1, 1]},
								"west": {"uv": [57, 41], "uv_size": [3, 1]},
								"up": {"uv": [43, 57], "uv_size": [1, 3]},
								"down": {"uv": [44, 60], "uv_size": [1, -3]}
							}
						},
						{
							"origin": [-1.76961, 29.3683, -28.43748],
							"size": [0.95652, 1.17413, 2.77175],
							"inflate": -0.3,
							"pivot": [-1.48193, 29.80959, -28.1657],
							"rotation": [-1.97611, 18.5, -44.92662],
							"uv": {
								"north": {"uv": [63, 38], "uv_size": [1, 1]},
								"east": {"uv": [57, 42], "uv_size": [3, 1]},
								"south": {"uv": [39, 63], "uv_size": [1, 1]},
								"west": {"uv": [57, 43], "uv_size": [3, 1]},
								"up": {"uv": [45, 57], "uv_size": [1, 3]},
								"down": {"uv": [46, 60], "uv_size": [1, -3]}
							}
						},
						{
							"origin": [-1.61925, 29.23264, -28.43339],
							"size": [0.95652, 1.17413, 2.77175],
							"inflate": -0.3,
							"pivot": [-1.33157, 29.67393, -28.16161],
							"rotation": [1.9761, 18.5, -44.92662],
							"uv": {
								"north": {"uv": [63, 39], "uv_size": [1, 1]},
								"east": {"uv": [47, 57], "uv_size": [3, 1]},
								"south": {"uv": [40, 63], "uv_size": [1, 1]},
								"west": {"uv": [52, 57], "uv_size": [3, 1]},
								"up": {"uv": [50, 57], "uv_size": [1, 3]},
								"down": {"uv": [57, 59], "uv_size": [1, -3]}
							}
						},
						{
							"origin": [1.4601, 32.14616, -28.44197],
							"size": [0.95652, 0.80512, 2.57],
							"inflate": -0.3,
							"pivot": [2.11834, 32.65074, -28.14403],
							"rotation": [0, -21, -22],
							"uv": {
								"north": {"uv": [29, 64], "uv_size": [1, 1]},
								"east": {"uv": [58, 10], "uv_size": [3, 1]},
								"south": {"uv": [64, 29], "uv_size": [1, 1]},
								"west": {"uv": [14, 58], "uv_size": [3, 1]},
								"up": {"uv": [58, 15], "uv_size": [1, 3]},
								"down": {"uv": [17, 61], "uv_size": [1, -3]}
							}
						},
						{
							"origin": [1.03995, 31.90669, -28.52273],
							"size": [0.74252, 0.72513, 1.01575],
							"inflate": -0.3,
							"pivot": [1.45708, 32.7158, -27.16532],
							"rotation": [0, -21, -45],
							"uv": {
								"north": {"uv": [30, 64], "uv_size": [1, 1]},
								"east": {"uv": [64, 30], "uv_size": [1, 1]},
								"south": {"uv": [31, 64], "uv_size": [1, 1]},
								"west": {"uv": [64, 31], "uv_size": [1, 1]},
								"up": {"uv": [32, 64], "uv_size": [1, 1]},
								"down": {"uv": [64, 33], "uv_size": [1, -1]}
							}
						},
						{
							"origin": [1.21636, 32.09929, -28.52273],
							"size": [0.87927, 0.6535, 0.90875],
							"inflate": -0.3,
							"pivot": [1.80804, 31.21159, -27.16532],
							"rotation": [0, -21, 0],
							"uv": {
								"north": {"uv": [33, 64], "uv_size": [1, 1]},
								"east": {"uv": [64, 33], "uv_size": [1, 1]},
								"south": {"uv": [34, 64], "uv_size": [1, 1]},
								"west": {"uv": [64, 34], "uv_size": [1, 1]},
								"up": {"uv": [35, 64], "uv_size": [1, 1]},
								"down": {"uv": [64, 36], "uv_size": [1, -1]}
							}
						},
						{
							"origin": [0.82595, 31.96374, -28.52273],
							"size": [0.95652, 0.72513, 1.12275],
							"inflate": -0.3,
							"pivot": [1.45708, 32.7158, -27.16532],
							"rotation": [0, -21, -45],
							"uv": {
								"north": {"uv": [36, 64], "uv_size": [1, 1]},
								"east": {"uv": [64, 36], "uv_size": [1, 1]},
								"south": {"uv": [37, 64], "uv_size": [1, 1]},
								"west": {"uv": [64, 37], "uv_size": [1, 1]},
								"up": {"uv": [38, 64], "uv_size": [1, 1]},
								"down": {"uv": [64, 39], "uv_size": [1, -1]}
							}
						},
						{
							"origin": [0.82595, 31.96374, -28.09473],
							"size": [0.95652, 0.72513, 1.82975],
							"inflate": -0.3,
							"pivot": [1.45708, 32.7158, -27.16532],
							"rotation": [0, -21, -45],
							"uv": {
								"north": {"uv": [39, 64], "uv_size": [1, 1]},
								"east": {"uv": [8, 62], "uv_size": [2, 1]},
								"south": {"uv": [64, 39], "uv_size": [1, 1]},
								"west": {"uv": [62, 9], "uv_size": [2, 1]},
								"up": {"uv": [10, 62], "uv_size": [1, 2]},
								"down": {"uv": [62, 12], "uv_size": [1, -2]}
							}
						},
						{
							"origin": [-2.22455, 32.25316, -28.44197],
							"size": [0.95652, 0.80512, 2.27],
							"inflate": -0.3,
							"pivot": [-1.92626, 32.75774, -28.14403],
							"rotation": [0, 21, 22],
							"uv": {
								"north": {"uv": [40, 64], "uv_size": [1, 1]},
								"east": {"uv": [62, 12], "uv_size": [2, 1]},
								"south": {"uv": [64, 40], "uv_size": [1, 1]},
								"west": {"uv": [62, 13], "uv_size": [2, 1]},
								"up": {"uv": [11, 62], "uv_size": [1, 2]},
								"down": {"uv": [14, 64], "uv_size": [1, -2]}
							}
						},
						{
							"origin": [-1.59039, 32.01369, -28.52273],
							"size": [0.74252, 0.72513, 1.01575],
							"inflate": -0.3,
							"pivot": [-1.265, 32.8228, -27.16532],
							"rotation": [0, 21, 45],
							"uv": {
								"north": {"uv": [41, 64], "uv_size": [1, 1]},
								"east": {"uv": [64, 41], "uv_size": [1, 1]},
								"south": {"uv": [42, 64], "uv_size": [1, 1]},
								"west": {"uv": [64, 42], "uv_size": [1, 1]},
								"up": {"uv": [43, 64], "uv_size": [1, 1]},
								"down": {"uv": [64, 44], "uv_size": [1, -1]}
							}
						},
						{
							"origin": [-1.90355, 32.20629, -28.52273],
							"size": [0.87927, 0.6535, 0.90875],
							"inflate": -0.3,
							"pivot": [-1.61596, 31.31859, -27.16532],
							"rotation": [0, 21, 0],
							"uv": {
								"north": {"uv": [44, 64], "uv_size": [1, 1]},
								"east": {"uv": [64, 44], "uv_size": [1, 1]},
								"south": {"uv": [45, 64], "uv_size": [1, 1]},
								"west": {"uv": [64, 45], "uv_size": [1, 1]},
								"up": {"uv": [46, 64], "uv_size": [1, 1]},
								"down": {"uv": [64, 47], "uv_size": [1, -1]}
							}
						},
						{
							"origin": [-1.59039, 32.07074, -28.52273],
							"size": [0.95652, 0.72513, 1.12275],
							"inflate": -0.3,
							"pivot": [-1.265, 32.8228, -27.16532],
							"rotation": [0, 21, 45],
							"uv": {
								"north": {"uv": [47, 64], "uv_size": [1, 1]},
								"east": {"uv": [64, 47], "uv_size": [1, 1]},
								"south": {"uv": [48, 64], "uv_size": [1, 1]},
								"west": {"uv": [64, 48], "uv_size": [1, 1]},
								"up": {"uv": [49, 64], "uv_size": [1, 1]},
								"down": {"uv": [64, 50], "uv_size": [1, -1]}
							}
						},
						{
							"origin": [-1.59039, 32.07074, -28.09473],
							"size": [0.95652, 0.72513, 1.22975],
							"inflate": -0.3,
							"pivot": [-1.265, 32.8228, -27.16532],
							"rotation": [0, 21, 45],
							"uv": {
								"north": {"uv": [50, 64], "uv_size": [1, 1]},
								"east": {"uv": [64, 50], "uv_size": [1, 1]},
								"south": {"uv": [51, 64], "uv_size": [1, 1]},
								"west": {"uv": [64, 51], "uv_size": [1, 1]},
								"up": {"uv": [52, 64], "uv_size": [1, 1]},
								"down": {"uv": [64, 53], "uv_size": [1, -1]}
							}
						},
						{
							"origin": [-2.22455, 29.87851, -28.44197],
							"size": [0.95652, 0.80512, 2.27],
							"inflate": -0.3,
							"pivot": [-1.92626, 30.17904, -28.14403],
							"rotation": [0, 21, -22],
							"uv": {
								"north": {"uv": [53, 64], "uv_size": [1, 1]},
								"east": {"uv": [62, 14], "uv_size": [2, 1]},
								"south": {"uv": [64, 53], "uv_size": [1, 1]},
								"west": {"uv": [15, 62], "uv_size": [2, 1]},
								"up": {"uv": [62, 15], "uv_size": [1, 2]},
								"down": {"uv": [62, 19], "uv_size": [1, -2]}
							}
						},
						{
							"origin": [-1.59039, 30.19797, -28.52273],
							"size": [0.74252, 0.72513, 1.01575],
							"inflate": -0.3,
							"pivot": [-1.265, 30.11399, -27.16532],
							"rotation": [0, 21, -45],
							"uv": {
								"north": {"uv": [54, 64], "uv_size": [1, 1]},
								"east": {"uv": [64, 54], "uv_size": [1, 1]},
								"south": {"uv": [55, 64], "uv_size": [1, 1]},
								"west": {"uv": [64, 55], "uv_size": [1, 1]},
								"up": {"uv": [56, 64], "uv_size": [1, 1]},
								"down": {"uv": [64, 57], "uv_size": [1, -1]}
							}
						},
						{
							"origin": [-1.90355, 30.07699, -28.52273],
							"size": [0.87927, 0.6535, 0.90875],
							"inflate": -0.3,
							"pivot": [-1.61596, 31.61819, -27.16532],
							"rotation": [0, 21, 0],
							"uv": {
								"north": {"uv": [57, 64], "uv_size": [1, 1]},
								"east": {"uv": [64, 57], "uv_size": [1, 1]},
								"south": {"uv": [58, 64], "uv_size": [1, 1]},
								"west": {"uv": [64, 58], "uv_size": [1, 1]},
								"up": {"uv": [59, 64], "uv_size": [1, 1]},
								"down": {"uv": [64, 60], "uv_size": [1, -1]}
							}
						},
						{
							"origin": [-1.59039, 30.14092, -28.52273],
							"size": [0.95652, 0.72513, 1.12275],
							"inflate": -0.3,
							"pivot": [-1.265, 30.11399, -27.16532],
							"rotation": [0, 21, -45],
							"uv": {
								"north": {"uv": [60, 64], "uv_size": [1, 1]},
								"east": {"uv": [64, 60], "uv_size": [1, 1]},
								"south": {"uv": [61, 64], "uv_size": [1, 1]},
								"west": {"uv": [64, 61], "uv_size": [1, 1]},
								"up": {"uv": [62, 64], "uv_size": [1, 1]},
								"down": {"uv": [64, 63], "uv_size": [1, -1]}
							}
						},
						{
							"origin": [-1.59039, 30.14092, -28.09473],
							"size": [0.95652, 0.72513, 1.22975],
							"inflate": -0.3,
							"pivot": [-1.265, 30.11399, -27.16532],
							"rotation": [0, 21, -45],
							"uv": {
								"north": {"uv": [63, 64], "uv_size": [1, 1]},
								"east": {"uv": [64, 63], "uv_size": [1, 1]},
								"south": {"uv": [64, 64], "uv_size": [1, 1]},
								"west": {"uv": [0, 65], "uv_size": [1, 1]},
								"up": {"uv": [65, 0], "uv_size": [1, 1]},
								"down": {"uv": [1, 66], "uv_size": [1, -1]}
							}
						},
						{
							"origin": [1.4601, 29.98551, -28.44197],
							"size": [0.95652, 0.80512, 2.77],
							"inflate": -0.3,
							"pivot": [2.11834, 30.28604, -28.14403],
							"rotation": [0, -21, 22],
							"uv": {
								"north": {"uv": [65, 1], "uv_size": [1, 1]},
								"east": {"uv": [19, 58], "uv_size": [3, 1]},
								"south": {"uv": [2, 65], "uv_size": [1, 1]},
								"west": {"uv": [58, 19], "uv_size": [3, 1]},
								"up": {"uv": [58, 20], "uv_size": [1, 3]},
								"down": {"uv": [24, 61], "uv_size": [1, -3]}
							}
						},
						{
							"origin": [1.03995, 30.30497, -28.52273],
							"size": [0.74252, 0.72513, 1.01575],
							"inflate": -0.3,
							"pivot": [1.45708, 30.22099, -27.16532],
							"rotation": [0, -21, 45],
							"uv": {
								"north": {"uv": [65, 2], "uv_size": [1, 1]},
								"east": {"uv": [3, 65], "uv_size": [1, 1]},
								"south": {"uv": [65, 3], "uv_size": [1, 1]},
								"west": {"uv": [4, 65], "uv_size": [1, 1]},
								"up": {"uv": [65, 4], "uv_size": [1, 1]},
								"down": {"uv": [5, 66], "uv_size": [1, -1]}
							}
						},
						{
							"origin": [1.21636, 30.18399, -28.52273],
							"size": [0.87927, 0.6535, 0.90875],
							"inflate": -0.3,
							"pivot": [1.80804, 31.72519, -27.16532],
							"rotation": [0, -21, 0],
							"uv": {
								"north": {"uv": [65, 5], "uv_size": [1, 1]},
								"east": {"uv": [6, 65], "uv_size": [1, 1]},
								"south": {"uv": [65, 6], "uv_size": [1, 1]},
								"west": {"uv": [7, 65], "uv_size": [1, 1]},
								"up": {"uv": [65, 7], "uv_size": [1, 1]},
								"down": {"uv": [8, 66], "uv_size": [1, -1]}
							}
						},
						{
							"origin": [0.82595, 30.24792, -28.52273],
							"size": [0.95652, 0.72513, 1.12275],
							"inflate": -0.3,
							"pivot": [1.45708, 30.22099, -27.16532],
							"rotation": [0, -21, 45],
							"uv": {
								"north": {"uv": [65, 8], "uv_size": [1, 1]},
								"east": {"uv": [9, 65], "uv_size": [1, 1]},
								"south": {"uv": [65, 9], "uv_size": [1, 1]},
								"west": {"uv": [10, 65], "uv_size": [1, 1]},
								"up": {"uv": [65, 10], "uv_size": [1, 1]},
								"down": {"uv": [11, 66], "uv_size": [1, -1]}
							}
						},
						{
							"origin": [0.82595, 30.24792, -28.09473],
							"size": [0.95652, 0.72513, 1.22975],
							"inflate": -0.3,
							"pivot": [1.45708, 30.22099, -27.16532],
							"rotation": [0, -21, 45],
							"uv": {
								"north": {"uv": [65, 11], "uv_size": [1, 1]},
								"east": {"uv": [12, 65], "uv_size": [1, 1]},
								"south": {"uv": [65, 12], "uv_size": [1, 1]},
								"west": {"uv": [13, 65], "uv_size": [1, 1]},
								"up": {"uv": [65, 13], "uv_size": [1, 1]},
								"down": {"uv": [14, 66], "uv_size": [1, -1]}
							}
						}
					]
				},
				{
					"name": "bone15",
					"parent": "bone14",
					"pivot": [1.80804, 31.72519, -4.28068]
				},
				{
					"name": "specter10",
					"parent": "bone15",
					"pivot": [1.16604, 33.11619, -3.74568],
					"rotation": [0, 0, -97],
					"cubes": [
						{
							"origin": [-2.84132, 32.66051, -27.76143],
							"size": [0.95652, 0.80512, 2.57],
							"inflate": -0.3,
							"pivot": [1.47634, 32.96104, -17.89803],
							"rotation": [0, -21, 22],
							"uv": {
								"north": {"uv": [63, 40], "uv_size": [1, 1]},
								"east": {"uv": [57, 52], "uv_size": [3, 1]},
								"south": {"uv": [41, 63], "uv_size": [1, 1]},
								"west": {"uv": [0, 58], "uv_size": [3, 1]},
								"up": {"uv": [5, 58], "uv_size": [1, 3]},
								"down": {"uv": [58, 9], "uv_size": [1, -3]}
							}
						},
						{
							"origin": [-3.48789, 32.92292, -27.84219],
							"size": [0.95652, 0.72513, 1.12275],
							"inflate": -0.3,
							"pivot": [0.81508, 32.89599, -16.91932],
							"rotation": [0, -21, 45],
							"uv": {
								"north": {"uv": [63, 41], "uv_size": [1, 1]},
								"east": {"uv": [42, 63], "uv_size": [1, 1]},
								"south": {"uv": [63, 42], "uv_size": [1, 1]},
								"west": {"uv": [43, 63], "uv_size": [1, 1]},
								"up": {"uv": [63, 43], "uv_size": [1, 1]},
								"down": {"uv": [44, 64], "uv_size": [1, -1]}
							}
						},
						{
							"origin": [-3.27389, 32.97997, -27.84219],
							"size": [0.74252, 0.72513, 1.01575],
							"inflate": -0.3,
							"pivot": [0.81508, 32.89599, -16.91932],
							"rotation": [0, -21, 45],
							"uv": {
								"north": {"uv": [63, 44], "uv_size": [1, 1]},
								"east": {"uv": [45, 63], "uv_size": [1, 1]},
								"south": {"uv": [63, 45], "uv_size": [1, 1]},
								"west": {"uv": [46, 63], "uv_size": [1, 1]},
								"up": {"uv": [63, 46], "uv_size": [1, 1]},
								"down": {"uv": [47, 64], "uv_size": [1, -1]}
							}
						},
						{
							"origin": [-3.48789, 32.92292, -27.41419],
							"size": [0.95652, 0.72513, 1.22975],
							"inflate": -0.3,
							"pivot": [0.81508, 32.89599, -16.91932],
							"rotation": [0, -21, 45],
							"uv": {
								"north": {"uv": [63, 47], "uv_size": [1, 1]},
								"east": {"uv": [48, 63], "uv_size": [1, 1]},
								"south": {"uv": [63, 48], "uv_size": [1, 1]},
								"west": {"uv": [49, 63], "uv_size": [1, 1]},
								"up": {"uv": [63, 49], "uv_size": [1, 1]},
								"down": {"uv": [50, 64], "uv_size": [1, -1]}
							}
						},
						{
							"origin": [-3.09748, 32.85899, -27.84219],
							"size": [0.87927, 0.6535, 0.90875],
							"inflate": -0.3,
							"pivot": [1.16604, 34.40019, -16.91932],
							"rotation": [0, -21, 0],
							"uv": {
								"north": {"uv": [63, 50], "uv_size": [1, 1]},
								"east": {"uv": [51, 63], "uv_size": [1, 1]},
								"south": {"uv": [63, 51], "uv_size": [1, 1]},
								"west": {"uv": [52, 63], "uv_size": [1, 1]},
								"up": {"uv": [63, 52], "uv_size": [1, 1]},
								"down": {"uv": [53, 64], "uv_size": [1, -1]}
							}
						}
					]
				},
				{
					"name": "specter11",
					"parent": "bone15",
					"pivot": [-0.86696, 33.33019, -3.74568],
					"rotation": [0, 0, 106],
					"cubes": [
						{
							"origin": [2.40932, 32.79439, -27.76143],
							"size": [0.95652, 0.80512, 2.27],
							"inflate": -0.3,
							"pivot": [-0.95182, 33.09492, -17.89803],
							"rotation": [0, 21, -22],
							"uv": {
								"north": {"uv": [63, 53], "uv_size": [1, 1]},
								"east": {"uv": [61, 31], "uv_size": [2, 1]},
								"south": {"uv": [54, 63], "uv_size": [1, 1]},
								"west": {"uv": [61, 46], "uv_size": [2, 1]},
								"up": {"uv": [62, 4], "uv_size": [1, 2]},
								"down": {"uv": [6, 64], "uv_size": [1, -2]}
							}
						},
						{
							"origin": [3.05589, 33.0568, -27.84219],
							"size": [0.95652, 0.72513, 1.12275],
							"inflate": -0.3,
							"pivot": [-0.29056, 33.02987, -16.91932],
							"rotation": [0, 21, -45],
							"uv": {
								"north": {"uv": [63, 54], "uv_size": [1, 1]},
								"east": {"uv": [55, 63], "uv_size": [1, 1]},
								"south": {"uv": [63, 55], "uv_size": [1, 1]},
								"west": {"uv": [56, 63], "uv_size": [1, 1]},
								"up": {"uv": [63, 56], "uv_size": [1, 1]},
								"down": {"uv": [57, 64], "uv_size": [1, -1]}
							}
						},
						{
							"origin": [3.05589, 33.11385, -27.84219],
							"size": [0.74252, 0.72513, 1.01575],
							"inflate": -0.3,
							"pivot": [-0.29056, 33.02987, -16.91932],
							"rotation": [0, 21, -45],
							"uv": {
								"north": {"uv": [63, 57], "uv_size": [1, 1]},
								"east": {"uv": [58, 63], "uv_size": [1, 1]},
								"south": {"uv": [63, 58], "uv_size": [1, 1]},
								"west": {"uv": [59, 63], "uv_size": [1, 1]},
								"up": {"uv": [63, 59], "uv_size": [1, 1]},
								"down": {"uv": [60, 64], "uv_size": [1, -1]}
							}
						},
						{
							"origin": [3.05589, 33.0568, -27.41419],
							"size": [0.95652, 0.72513, 1.22975],
							"inflate": -0.3,
							"pivot": [-0.29056, 33.02987, -16.91932],
							"rotation": [0, 21, -45],
							"uv": {
								"north": {"uv": [63, 60], "uv_size": [1, 1]},
								"east": {"uv": [61, 63], "uv_size": [1, 1]},
								"south": {"uv": [63, 61], "uv_size": [1, 1]},
								"west": {"uv": [62, 63], "uv_size": [1, 1]},
								"up": {"uv": [63, 62], "uv_size": [1, 1]},
								"down": {"uv": [63, 64], "uv_size": [1, -1]}
							}
						},
						{
							"origin": [2.74273, 32.99287, -27.84219],
							"size": [0.87927, 0.6535, 0.90875],
							"inflate": -0.3,
							"pivot": [-0.64152, 34.53407, -16.91932],
							"rotation": [0, 21, 0],
							"uv": {
								"north": {"uv": [0, 64], "uv_size": [1, 1]},
								"east": {"uv": [64, 0], "uv_size": [1, 1]},
								"south": {"uv": [1, 64], "uv_size": [1, 1]},
								"west": {"uv": [64, 1], "uv_size": [1, 1]},
								"up": {"uv": [2, 64], "uv_size": [1, 1]},
								"down": {"uv": [64, 3], "uv_size": [1, -1]}
							}
						}
					]
				},
				{
					"name": "bone16",
					"parent": "bone14",
					"pivot": [0.05804, 30.13659, -26.48068],
					"rotation": [-5.25, 0, 0]
				},
				{
					"name": "specter12",
					"parent": "bone16",
					"pivot": [1.16604, 29.82059, -3.74568],
					"rotation": [0, 0, 97],
					"cubes": [
						{
							"origin": [-2.84132, 29.47116, -27.76143],
							"size": [0.95652, 0.80512, 2.77],
							"inflate": -0.3,
							"pivot": [1.47634, 29.97574, -17.89803],
							"rotation": [0, -21, -22],
							"uv": {
								"north": {"uv": [3, 64], "uv_size": [1, 1]},
								"east": {"uv": [8, 58], "uv_size": [3, 1]},
								"south": {"uv": [64, 3], "uv_size": [1, 1]},
								"west": {"uv": [58, 9], "uv_size": [3, 1]},
								"up": {"uv": [12, 58], "uv_size": [1, 3]},
								"down": {"uv": [13, 61], "uv_size": [1, -3]}
							}
						},
						{
							"origin": [-3.48789, 29.28874, -27.84219],
							"size": [0.95652, 0.72513, 1.12275],
							"inflate": -0.3,
							"pivot": [0.81508, 30.0408, -16.91932],
							"rotation": [0, -21, -45],
							"uv": {
								"north": {"uv": [4, 64], "uv_size": [1, 1]},
								"east": {"uv": [64, 4], "uv_size": [1, 1]},
								"south": {"uv": [5, 64], "uv_size": [1, 1]},
								"west": {"uv": [64, 5], "uv_size": [1, 1]},
								"up": {"uv": [6, 64], "uv_size": [1, 1]},
								"down": {"uv": [64, 7], "uv_size": [1, -1]}
							}
						},
						{
							"origin": [-3.27389, 29.23169, -27.84219],
							"size": [0.74252, 0.72513, 1.01575],
							"inflate": -0.3,
							"pivot": [0.81508, 30.0408, -16.91932],
							"rotation": [0, -21, -45],
							"uv": {
								"north": {"uv": [7, 64], "uv_size": [1, 1]},
								"east": {"uv": [64, 7], "uv_size": [1, 1]},
								"south": {"uv": [8, 64], "uv_size": [1, 1]},
								"west": {"uv": [64, 8], "uv_size": [1, 1]},
								"up": {"uv": [9, 64], "uv_size": [1, 1]},
								"down": {"uv": [64, 10], "uv_size": [1, -1]}
							}
						},
						{
							"origin": [-3.48789, 29.28874, -27.41419],
							"size": [0.95652, 0.72513, 1.22975],
							"inflate": -0.3,
							"pivot": [0.81508, 30.0408, -16.91932],
							"rotation": [0, -21, -45],
							"uv": {
								"north": {"uv": [10, 64], "uv_size": [1, 1]},
								"east": {"uv": [64, 10], "uv_size": [1, 1]},
								"south": {"uv": [11, 64], "uv_size": [1, 1]},
								"west": {"uv": [64, 11], "uv_size": [1, 1]},
								"up": {"uv": [12, 64], "uv_size": [1, 1]},
								"down": {"uv": [64, 13], "uv_size": [1, -1]}
							}
						},
						{
							"origin": [-3.09748, 29.42429, -27.84219],
							"size": [0.87927, 0.6535, 0.90875],
							"inflate": -0.3,
							"pivot": [1.16604, 28.53659, -16.91932],
							"rotation": [0, -21, 0],
							"uv": {
								"north": {"uv": [13, 64], "uv_size": [1, 1]},
								"east": {"uv": [64, 13], "uv_size": [1, 1]},
								"south": {"uv": [14, 64], "uv_size": [1, 1]},
								"west": {"uv": [64, 14], "uv_size": [1, 1]},
								"up": {"uv": [15, 64], "uv_size": [1, 1]},
								"down": {"uv": [64, 16], "uv_size": [1, -1]}
							}
						}
					]
				},
				{
					"name": "specter13",
					"parent": "bone16",
					"pivot": [-0.86696, 29.60659, -3.74568],
					"rotation": [0, 0, -106],
					"cubes": [
						{
							"origin": [2.40932, 29.33728, -27.76143],
							"size": [0.95652, 0.80512, 2.27],
							"inflate": -0.3,
							"pivot": [-0.95182, 29.84187, -17.89803],
							"rotation": [0, 21, 22],
							"uv": {
								"north": {"uv": [16, 64], "uv_size": [1, 1]},
								"east": {"uv": [61, 50], "uv_size": [2, 1]},
								"south": {"uv": [64, 16], "uv_size": [1, 1]},
								"west": {"uv": [62, 6], "uv_size": [2, 1]},
								"up": {"uv": [7, 62], "uv_size": [1, 2]},
								"down": {"uv": [62, 9], "uv_size": [1, -2]}
							}
						},
						{
							"origin": [3.05589, 29.15486, -27.84219],
							"size": [0.95652, 0.72513, 1.12275],
							"inflate": -0.3,
							"pivot": [-0.29056, 29.90692, -16.91932],
							"rotation": [0, 21, 45],
							"uv": {
								"north": {"uv": [17, 64], "uv_size": [1, 1]},
								"east": {"uv": [64, 17], "uv_size": [1, 1]},
								"south": {"uv": [18, 64], "uv_size": [1, 1]},
								"west": {"uv": [64, 18], "uv_size": [1, 1]},
								"up": {"uv": [19, 64], "uv_size": [1, 1]},
								"down": {"uv": [64, 20], "uv_size": [1, -1]}
							}
						},
						{
							"origin": [3.05589, 29.09782, -27.84219],
							"size": [0.74252, 0.72513, 1.01575],
							"inflate": -0.3,
							"pivot": [-0.29056, 29.90692, -16.91932],
							"rotation": [0, 21, 45],
							"uv": {
								"north": {"uv": [20, 64], "uv_size": [1, 1]},
								"east": {"uv": [64, 20], "uv_size": [1, 1]},
								"south": {"uv": [21, 64], "uv_size": [1, 1]},
								"west": {"uv": [64, 21], "uv_size": [1, 1]},
								"up": {"uv": [22, 64], "uv_size": [1, 1]},
								"down": {"uv": [64, 23], "uv_size": [1, -1]}
							}
						},
						{
							"origin": [3.05589, 29.15486, -27.41419],
							"size": [0.95652, 0.72513, 1.22975],
							"inflate": -0.3,
							"pivot": [-0.29056, 29.90692, -16.91932],
							"rotation": [0, 21, 45],
							"uv": {
								"north": {"uv": [23, 64], "uv_size": [1, 1]},
								"east": {"uv": [64, 23], "uv_size": [1, 1]},
								"south": {"uv": [24, 64], "uv_size": [1, 1]},
								"west": {"uv": [64, 24], "uv_size": [1, 1]},
								"up": {"uv": [25, 64], "uv_size": [1, 1]},
								"down": {"uv": [64, 26], "uv_size": [1, -1]}
							}
						},
						{
							"origin": [2.74273, 29.29042, -27.84219],
							"size": [0.87927, 0.6535, 0.90875],
							"inflate": -0.3,
							"pivot": [-0.64152, 28.40272, -16.91932],
							"rotation": [0, 21, 0],
							"uv": {
								"north": {"uv": [26, 64], "uv_size": [1, 1]},
								"east": {"uv": [64, 26], "uv_size": [1, 1]},
								"south": {"uv": [27, 64], "uv_size": [1, 1]},
								"west": {"uv": [64, 27], "uv_size": [1, 1]},
								"up": {"uv": [28, 64], "uv_size": [1, 1]},
								"down": {"uv": [64, 29], "uv_size": [1, -1]}
							}
						}
					]
				},
				{
					"name": "bone17",
					"parent": "specter",
					"pivot": [-1.372, 32.7158, -27.36532],
					"cubes": [
						{
							"origin": [1.21636, 30.24482, -9.14902],
							"size": [0.87927, 2.46271, 2.67175],
							"inflate": -0.3,
							"pivot": [1.80804, 31.21159, -7.83467],
							"rotation": [0, 21, 0],
							"uv": {
								"north": {"uv": [18, 62], "uv_size": [1, 2]},
								"east": {"uv": [51, 42], "uv_size": [3, 2]},
								"south": {"uv": [19, 62], "uv_size": [1, 2]},
								"west": {"uv": [31, 52], "uv_size": [3, 2]},
								"up": {"uv": [25, 58], "uv_size": [1, 3]},
								"down": {"uv": [26, 61], "uv_size": [1, -3]}
							}
						},
						{
							"origin": [-1.28552, 32.55329, -9.14902],
							"size": [2.68586, 0.87927, 2.67175],
							"inflate": -0.3,
							"pivot": [0.09604, 33.13759, -7.83467],
							"rotation": [21, 0, 0],
							"uv": {
								"north": {"uv": [58, 24], "uv_size": [3, 1]},
								"east": {"uv": [58, 25], "uv_size": [3, 1]},
								"south": {"uv": [27, 58], "uv_size": [3, 1]},
								"west": {"uv": [58, 27], "uv_size": [3, 1]},
								"up": {"uv": [29, 49], "uv_size": [3, 3]},
								"down": {"uv": [32, 52], "uv_size": [3, -3]}
							}
						},
						{
							"origin": [-1.90355, 30.13782, -9.14902],
							"size": [0.87927, 2.67671, 2.67175],
							"inflate": -0.3,
							"pivot": [-1.61596, 31.21159, -7.83467],
							"rotation": [0, -18, 0],
							"uv": {
								"north": {"uv": [30, 58], "uv_size": [1, 3]},
								"east": {"uv": [35, 49], "uv_size": [3, 3]},
								"south": {"uv": [31, 58], "uv_size": [1, 3]},
								"west": {"uv": [38, 49], "uv_size": [3, 3]},
								"up": {"uv": [32, 58], "uv_size": [1, 3]},
								"down": {"uv": [33, 61], "uv_size": [1, -3]}
							}
						},
						{
							"origin": [-1.28552, 29.80918, -9.10361],
							"size": [2.68586, 0.87927, 2.67175],
							"inflate": -0.3,
							"pivot": [0.09604, 30.07419, -8.63467],
							"rotation": [-17.5, 0, 0],
							"uv": {
								"north": {"uv": [58, 28], "uv_size": [3, 1]},
								"east": {"uv": [58, 29], "uv_size": [3, 1]},
								"south": {"uv": [58, 35], "uv_size": [3, 1]},
								"west": {"uv": [58, 36], "uv_size": [3, 1]},
								"up": {"uv": [41, 49], "uv_size": [3, 3]},
								"down": {"uv": [11, 53], "uv_size": [3, -3]}
							}
						},
						{
							"origin": [1.01308, 32.35758, -9.33427],
							"size": [0.95652, 1.17413, 2.77175],
							"inflate": -0.3,
							"pivot": [1.68193, 33.09041, -6.8343],
							"rotation": [0.52389, 18.5, -44.92662],
							"uv": {
								"north": {"uv": [65, 14], "uv_size": [1, 1]},
								"east": {"uv": [37, 58], "uv_size": [3, 1]},
								"south": {"uv": [15, 65], "uv_size": [1, 1]},
								"west": {"uv": [58, 38], "uv_size": [3, 1]},
								"up": {"uv": [40, 58], "uv_size": [1, 3]},
								"down": {"uv": [41, 61], "uv_size": [1, -3]}
							}
						},
						{
							"origin": [0.86272, 32.49324, -9.33836],
							"size": [0.95652, 1.17413, 2.77175],
							"inflate": -0.3,
							"pivot": [1.53157, 33.22607, -6.83839],
							"rotation": [1.9761, 18.5, -44.92662],
							"uv": {
								"north": {"uv": [65, 15], "uv_size": [1, 1]},
								"east": {"uv": [58, 39], "uv_size": [3, 1]},
								"south": {"uv": [16, 65], "uv_size": [1, 1]},
								"west": {"uv": [58, 40], "uv_size": [3, 1]},
								"up": {"uv": [42, 58], "uv_size": [1, 3]},
								"down": {"uv": [58, 48], "uv_size": [1, -3]}
							}
						},
						{
							"origin": [-1.61925, 32.49324, -9.33836],
							"size": [0.95652, 1.17413, 2.77175],
							"inflate": -0.3,
							"pivot": [-1.33157, 33.22607, -6.83839],
							"rotation": [1.9761, -18.5, 44.92662],
							"uv": {
								"north": {"uv": [65, 16], "uv_size": [1, 1]},
								"east": {"uv": [47, 58], "uv_size": [3, 1]},
								"south": {"uv": [17, 65], "uv_size": [1, 1]},
								"west": {"uv": [58, 48], "uv_size": [3, 1]},
								"up": {"uv": [52, 58], "uv_size": [1, 3]},
								"down": {"uv": [53, 61], "uv_size": [1, -3]}
							}
						},
						{
							"origin": [-1.76961, 32.35758, -9.33427],
							"size": [0.95652, 1.17413, 2.77175],
							"inflate": -0.3,
							"pivot": [-1.48193, 33.09041, -6.8343],
							"rotation": [-1.95448, -16.50118, 44.85471],
							"uv": {
								"north": {"uv": [65, 17], "uv_size": [1, 1]},
								"east": {"uv": [58, 49], "uv_size": [3, 1]},
								"south": {"uv": [18, 65], "uv_size": [1, 1]},
								"west": {"uv": [58, 50], "uv_size": [3, 1]},
								"up": {"uv": [58, 53], "uv_size": [1, 3]},
								"down": {"uv": [54, 61], "uv_size": [1, -3]}
							}
						},
						{
							"origin": [1.01308, 29.4683, -9.33427],
							"size": [0.95652, 1.17413, 2.77175],
							"inflate": -0.3,
							"pivot": [1.68193, 29.90959, -6.8343],
							"rotation": [1.97611, 18.5, 44.92662],
							"uv": {
								"north": {"uv": [65, 18], "uv_size": [1, 1]},
								"east": {"uv": [58, 56], "uv_size": [3, 1]},
								"south": {"uv": [19, 65], "uv_size": [1, 1]},
								"west": {"uv": [58, 57], "uv_size": [3, 1]},
								"up": {"uv": [58, 58], "uv_size": [1, 3]},
								"down": {"uv": [0, 62], "uv_size": [1, -3]}
							}
						},
						{
							"origin": [0.86272, 29.33264, -9.33836],
							"size": [0.95652, 1.17413, 2.77175],
							"inflate": -0.3,
							"pivot": [1.53157, 29.77393, -6.83839],
							"rotation": [-1.9761, 18.5, 44.92662],
							"uv": {
								"north": {"uv": [65, 19], "uv_size": [1, 1]},
								"east": {"uv": [59, 1], "uv_size": [3, 1]},
								"south": {"uv": [20, 65], "uv_size": [1, 1]},
								"west": {"uv": [59, 2], "uv_size": [3, 1]},
								"up": {"uv": [1, 59], "uv_size": [1, 3]},
								"down": {"uv": [2, 62], "uv_size": [1, -3]}
							}
						},
						{
							"origin": [-1.76961, 29.3683, -9.33427],
							"size": [0.95652, 1.17413, 2.77175],
							"inflate": -0.3,
							"pivot": [-1.48193, 29.80959, -6.8343],
							"rotation": [1.97611, -18.5, -44.92662],
							"uv": {
								"north": {"uv": [65, 20], "uv_size": [1, 1]},
								"east": {"uv": [59, 3], "uv_size": [3, 1]},
								"south": {"uv": [21, 65], "uv_size": [1, 1]},
								"west": {"uv": [59, 6], "uv_size": [3, 1]},
								"up": {"uv": [8, 59], "uv_size": [1, 3]},
								"down": {"uv": [9, 62], "uv_size": [1, -3]}
							}
						},
						{
							"origin": [-1.61925, 29.23264, -9.33836],
							"size": [0.95652, 1.17413, 2.77175],
							"inflate": -0.3,
							"pivot": [-1.33157, 29.67393, -6.83839],
							"rotation": [-1.9761, -18.5, -44.92662],
							"uv": {
								"north": {"uv": [65, 21], "uv_size": [1, 1]},
								"east": {"uv": [59, 7], "uv_size": [3, 1]},
								"south": {"uv": [22, 65], "uv_size": [1, 1]},
								"west": {"uv": [59, 8], "uv_size": [3, 1]},
								"up": {"uv": [10, 59], "uv_size": [1, 3]},
								"down": {"uv": [14, 62], "uv_size": [1, -3]}
							}
						},
						{
							"origin": [1.4601, 32.14616, -9.12803],
							"size": [0.95652, 0.80512, 2.57],
							"inflate": -0.3,
							"pivot": [2.11834, 32.65074, -6.85597],
							"rotation": [0, 21, -22],
							"uv": {
								"north": {"uv": [9, 66], "uv_size": [1, 1]},
								"east": {"uv": [59, 32], "uv_size": [3, 1]},
								"south": {"uv": [66, 9], "uv_size": [1, 1]},
								"west": {"uv": [59, 33], "uv_size": [3, 1]},
								"up": {"uv": [28, 59], "uv_size": [1, 3]},
								"down": {"uv": [29, 62], "uv_size": [1, -3]}
							}
						},
						{
							"origin": [1.03995, 31.90669, -7.49302],
							"size": [0.74252, 0.72513, 1.01575],
							"inflate": -0.3,
							"pivot": [1.45708, 32.7158, -7.83467],
							"rotation": [0, 21, -45],
							"uv": {
								"north": {"uv": [10, 66], "uv_size": [1, 1]},
								"east": {"uv": [66, 10], "uv_size": [1, 1]},
								"south": {"uv": [11, 66], "uv_size": [1, 1]},
								"west": {"uv": [66, 11], "uv_size": [1, 1]},
								"up": {"uv": [12, 66], "uv_size": [1, 1]},
								"down": {"uv": [66, 13], "uv_size": [1, -1]}
							}
						},
						{
							"origin": [1.21636, 32.09929, -7.38602],
							"size": [0.87927, 0.6535, 0.90875],
							"inflate": -0.3,
							"pivot": [1.80804, 31.21159, -7.83467],
							"rotation": [0, 21, 0],
							"uv": {
								"north": {"uv": [13, 66], "uv_size": [1, 1]},
								"east": {"uv": [66, 13], "uv_size": [1, 1]},
								"south": {"uv": [14, 66], "uv_size": [1, 1]},
								"west": {"uv": [66, 14], "uv_size": [1, 1]},
								"up": {"uv": [15, 66], "uv_size": [1, 1]},
								"down": {"uv": [66, 16], "uv_size": [1, -1]}
							}
						},
						{
							"origin": [0.82595, 31.96374, -7.60002],
							"size": [0.95652, 0.72513, 1.12275],
							"inflate": -0.3,
							"pivot": [1.45708, 32.7158, -7.83467],
							"rotation": [0, 21, -45],
							"uv": {
								"north": {"uv": [16, 66], "uv_size": [1, 1]},
								"east": {"uv": [66, 16], "uv_size": [1, 1]},
								"south": {"uv": [17, 66], "uv_size": [1, 1]},
								"west": {"uv": [66, 17], "uv_size": [1, 1]},
								"up": {"uv": [18, 66], "uv_size": [1, 1]},
								"down": {"uv": [66, 19], "uv_size": [1, -1]}
							}
						},
						{
							"origin": [0.82595, 31.96374, -8.73502],
							"size": [0.95652, 0.72513, 1.82975],
							"inflate": -0.3,
							"pivot": [1.45708, 32.7158, -7.83467],
							"rotation": [0, 21, -45],
							"uv": {
								"north": {"uv": [19, 66], "uv_size": [1, 1]},
								"east": {"uv": [62, 26], "uv_size": [2, 1]},
								"south": {"uv": [66, 19], "uv_size": [1, 1]},
								"west": {"uv": [27, 62], "uv_size": [2, 1]},
								"up": {"uv": [62, 27], "uv_size": [1, 2]},
								"down": {"uv": [29, 64], "uv_size": [1, -2]}
							}
						},
						{
							"origin": [-2.22455, 32.25316, -8.82803],
							"size": [0.95652, 0.80512, 2.27],
							"inflate": -0.3,
							"pivot": [-1.92626, 32.75774, -6.85597],
							"rotation": [0, -21, 22],
							"uv": {
								"north": {"uv": [20, 66], "uv_size": [1, 1]},
								"east": {"uv": [62, 29], "uv_size": [2, 1]},
								"south": {"uv": [66, 20], "uv_size": [1, 1]},
								"west": {"uv": [62, 30], "uv_size": [2, 1]},
								"up": {"uv": [62, 32], "uv_size": [1, 2]},
								"down": {"uv": [34, 64], "uv_size": [1, -2]}
							}
						},
						{
							"origin": [-1.59039, 32.01369, -7.49302],
							"size": [0.74252, 0.72513, 1.01575],
							"inflate": -0.3,
							"pivot": [-1.265, 32.8228, -7.83467],
							"rotation": [0, -21, 45],
							"uv": {
								"north": {"uv": [21, 66], "uv_size": [1, 1]},
								"east": {"uv": [66, 21], "uv_size": [1, 1]},
								"south": {"uv": [22, 66], "uv_size": [1, 1]},
								"west": {"uv": [66, 22], "uv_size": [1, 1]},
								"up": {"uv": [23, 66], "uv_size": [1, 1]},
								"down": {"uv": [66, 24], "uv_size": [1, -1]}
							}
						},
						{
							"origin": [-1.90355, 32.20629, -7.38602],
							"size": [0.87927, 0.6535, 0.90875],
							"inflate": -0.3,
							"pivot": [-1.61596, 31.31859, -7.83467],
							"rotation": [0, -21, 0],
							"uv": {
								"north": {"uv": [24, 66], "uv_size": [1, 1]},
								"east": {"uv": [66, 24], "uv_size": [1, 1]},
								"south": {"uv": [25, 66], "uv_size": [1, 1]},
								"west": {"uv": [66, 25], "uv_size": [1, 1]},
								"up": {"uv": [26, 66], "uv_size": [1, 1]},
								"down": {"uv": [66, 27], "uv_size": [1, -1]}
							}
						},
						{
							"origin": [-1.59039, 32.07074, -7.60002],
							"size": [0.95652, 0.72513, 1.12275],
							"inflate": -0.3,
							"pivot": [-1.265, 32.8228, -7.83467],
							"rotation": [0, -21, 45],
							"uv": {
								"north": {"uv": [27, 66], "uv_size": [1, 1]},
								"east": {"uv": [66, 27], "uv_size": [1, 1]},
								"south": {"uv": [28, 66], "uv_size": [1, 1]},
								"west": {"uv": [66, 28], "uv_size": [1, 1]},
								"up": {"uv": [29, 66], "uv_size": [1, 1]},
								"down": {"uv": [66, 30], "uv_size": [1, -1]}
							}
						},
						{
							"origin": [-1.59039, 32.07074, -8.13502],
							"size": [0.95652, 0.72513, 1.22975],
							"inflate": -0.3,
							"pivot": [-1.265, 32.8228, -7.83467],
							"rotation": [0, -21, 45],
							"uv": {
								"north": {"uv": [30, 66], "uv_size": [1, 1]},
								"east": {"uv": [66, 30], "uv_size": [1, 1]},
								"south": {"uv": [31, 66], "uv_size": [1, 1]},
								"west": {"uv": [66, 31], "uv_size": [1, 1]},
								"up": {"uv": [32, 66], "uv_size": [1, 1]},
								"down": {"uv": [66, 33], "uv_size": [1, -1]}
							}
						},
						{
							"origin": [-2.22455, 29.87851, -8.82803],
							"size": [0.95652, 0.80512, 2.27],
							"inflate": -0.3,
							"pivot": [-1.92626, 30.17904, -6.85597],
							"rotation": [0, -21, -22],
							"uv": {
								"north": {"uv": [33, 66], "uv_size": [1, 1]},
								"east": {"uv": [62, 34], "uv_size": [2, 1]},
								"south": {"uv": [66, 33], "uv_size": [1, 1]},
								"west": {"uv": [35, 62], "uv_size": [2, 1]},
								"up": {"uv": [62, 35], "uv_size": [1, 2]},
								"down": {"uv": [37, 64], "uv_size": [1, -2]}
							}
						},
						{
							"origin": [-1.59039, 30.19797, -7.49302],
							"size": [0.74252, 0.72513, 1.01575],
							"inflate": -0.3,
							"pivot": [-1.265, 30.11399, -7.83467],
							"rotation": [0, -21, -45],
							"uv": {
								"north": {"uv": [34, 66], "uv_size": [1, 1]},
								"east": {"uv": [66, 34], "uv_size": [1, 1]},
								"south": {"uv": [35, 66], "uv_size": [1, 1]},
								"west": {"uv": [66, 35], "uv_size": [1, 1]},
								"up": {"uv": [36, 66], "uv_size": [1, 1]},
								"down": {"uv": [66, 37], "uv_size": [1, -1]}
							}
						},
						{
							"origin": [-1.90355, 30.07699, -7.38602],
							"size": [0.87927, 0.6535, 0.90875],
							"inflate": -0.3,
							"pivot": [-1.61596, 31.61819, -7.83467],
							"rotation": [0, -21, 0],
							"uv": {
								"north": {"uv": [37, 66], "uv_size": [1, 1]},
								"east": {"uv": [66, 37], "uv_size": [1, 1]},
								"south": {"uv": [38, 66], "uv_size": [1, 1]},
								"west": {"uv": [66, 38], "uv_size": [1, 1]},
								"up": {"uv": [39, 66], "uv_size": [1, 1]},
								"down": {"uv": [66, 40], "uv_size": [1, -1]}
							}
						},
						{
							"origin": [-1.59039, 30.14092, -7.60002],
							"size": [0.95652, 0.72513, 1.12275],
							"inflate": -0.3,
							"pivot": [-1.265, 30.11399, -7.83467],
							"rotation": [0, -21, -45],
							"uv": {
								"north": {"uv": [40, 66], "uv_size": [1, 1]},
								"east": {"uv": [66, 40], "uv_size": [1, 1]},
								"south": {"uv": [41, 66], "uv_size": [1, 1]},
								"west": {"uv": [66, 41], "uv_size": [1, 1]},
								"up": {"uv": [42, 66], "uv_size": [1, 1]},
								"down": {"uv": [66, 43], "uv_size": [1, -1]}
							}
						},
						{
							"origin": [-1.59039, 30.14092, -8.13502],
							"size": [0.95652, 0.72513, 1.22975],
							"inflate": -0.3,
							"pivot": [-1.265, 30.11399, -7.83467],
							"rotation": [0, -21, -45],
							"uv": {
								"north": {"uv": [43, 66], "uv_size": [1, 1]},
								"east": {"uv": [66, 43], "uv_size": [1, 1]},
								"south": {"uv": [44, 66], "uv_size": [1, 1]},
								"west": {"uv": [66, 44], "uv_size": [1, 1]},
								"up": {"uv": [45, 66], "uv_size": [1, 1]},
								"down": {"uv": [66, 46], "uv_size": [1, -1]}
							}
						},
						{
							"origin": [1.4601, 29.98551, -9.32803],
							"size": [0.95652, 0.80512, 2.77],
							"inflate": -0.3,
							"pivot": [2.11834, 30.28604, -6.85597],
							"rotation": [0, 21, 22],
							"uv": {
								"north": {"uv": [46, 66], "uv_size": [1, 1]},
								"east": {"uv": [59, 34], "uv_size": [3, 1]},
								"south": {"uv": [66, 46], "uv_size": [1, 1]},
								"west": {"uv": [37, 59], "uv_size": [3, 1]},
								"up": {"uv": [59, 44], "uv_size": [1, 3]},
								"down": {"uv": [47, 62], "uv_size": [1, -3]}
							}
						},
						{
							"origin": [1.03995, 30.30497, -7.49302],
							"size": [0.74252, 0.72513, 1.01575],
							"inflate": -0.3,
							"pivot": [1.45708, 30.22099, -7.83467],
							"rotation": [0, 21, 45],
							"uv": {
								"north": {"uv": [47, 66], "uv_size": [1, 1]},
								"east": {"uv": [66, 47], "uv_size": [1, 1]},
								"south": {"uv": [48, 66], "uv_size": [1, 1]},
								"west": {"uv": [66, 48], "uv_size": [1, 1]},
								"up": {"uv": [49, 66], "uv_size": [1, 1]},
								"down": {"uv": [66, 50], "uv_size": [1, -1]}
							}
						},
						{
							"origin": [1.21636, 30.18399, -7.38602],
							"size": [0.87927, 0.6535, 0.90875],
							"inflate": -0.3,
							"pivot": [1.80804, 31.72519, -7.83467],
							"rotation": [0, 21, 0],
							"uv": {
								"north": {"uv": [50, 66], "uv_size": [1, 1]},
								"east": {"uv": [66, 50], "uv_size": [1, 1]},
								"south": {"uv": [51, 66], "uv_size": [1, 1]},
								"west": {"uv": [66, 51], "uv_size": [1, 1]},
								"up": {"uv": [52, 66], "uv_size": [1, 1]},
								"down": {"uv": [66, 53], "uv_size": [1, -1]}
							}
						},
						{
							"origin": [0.82595, 30.24792, -7.60002],
							"size": [0.95652, 0.72513, 1.12275],
							"inflate": -0.3,
							"pivot": [1.45708, 30.22099, -7.83467],
							"rotation": [0, 21, 45],
							"uv": {
								"north": {"uv": [53, 66], "uv_size": [1, 1]},
								"east": {"uv": [66, 53], "uv_size": [1, 1]},
								"south": {"uv": [54, 66], "uv_size": [1, 1]},
								"west": {"uv": [66, 54], "uv_size": [1, 1]},
								"up": {"uv": [55, 66], "uv_size": [1, 1]},
								"down": {"uv": [66, 56], "uv_size": [1, -1]}
							}
						},
						{
							"origin": [0.82595, 30.24792, -8.13502],
							"size": [0.95652, 0.72513, 1.22975],
							"inflate": -0.3,
							"pivot": [1.45708, 30.22099, -7.83467],
							"rotation": [0, 21, 45],
							"uv": {
								"north": {"uv": [56, 66], "uv_size": [1, 1]},
								"east": {"uv": [66, 56], "uv_size": [1, 1]},
								"south": {"uv": [57, 66], "uv_size": [1, 1]},
								"west": {"uv": [66, 57], "uv_size": [1, 1]},
								"up": {"uv": [58, 66], "uv_size": [1, 1]},
								"down": {"uv": [66, 59], "uv_size": [1, -1]}
							}
						}
					]
				},
				{
					"name": "bone18",
					"parent": "bone17",
					"pivot": [1.80804, 31.72519, -29.71932]
				},
				{
					"name": "specter3",
					"parent": "bone18",
					"pivot": [1.16604, 33.11619, -30.25432],
					"rotation": [0, 0, -97],
					"cubes": [
						{
							"origin": [6.69127, 32.66051, -8.04181],
							"size": [0.95652, 0.80512, 2.57],
							"inflate": -0.3,
							"pivot": [1.47634, 32.96104, 9.49803],
							"rotation": [0, 21, 22],
							"uv": {
								"north": {"uv": [65, 22], "uv_size": [1, 1]},
								"east": {"uv": [59, 15], "uv_size": [3, 1]},
								"south": {"uv": [23, 65], "uv_size": [1, 1]},
								"west": {"uv": [59, 16], "uv_size": [3, 1]},
								"up": {"uv": [15, 59], "uv_size": [1, 3]},
								"down": {"uv": [16, 62], "uv_size": [1, -3]}
							}
						},
						{
							"origin": [6.0447, 32.92292, -6.5138],
							"size": [0.95652, 0.72513, 1.12275],
							"inflate": -0.3,
							"pivot": [0.81508, 32.89599, 8.51932],
							"rotation": [0, 21, 45],
							"uv": {
								"north": {"uv": [65, 23], "uv_size": [1, 1]},
								"east": {"uv": [24, 65], "uv_size": [1, 1]},
								"south": {"uv": [65, 24], "uv_size": [1, 1]},
								"west": {"uv": [25, 65], "uv_size": [1, 1]},
								"up": {"uv": [65, 25], "uv_size": [1, 1]},
								"down": {"uv": [26, 66], "uv_size": [1, -1]}
							}
						},
						{
							"origin": [6.2587, 32.97997, -6.4068],
							"size": [0.74252, 0.72513, 1.01575],
							"inflate": -0.3,
							"pivot": [0.81508, 32.89599, 8.51932],
							"rotation": [0, 21, 45],
							"uv": {
								"north": {"uv": [65, 26], "uv_size": [1, 1]},
								"east": {"uv": [27, 65], "uv_size": [1, 1]},
								"south": {"uv": [65, 27], "uv_size": [1, 1]},
								"west": {"uv": [28, 65], "uv_size": [1, 1]},
								"up": {"uv": [65, 28], "uv_size": [1, 1]},
								"down": {"uv": [29, 66], "uv_size": [1, -1]}
							}
						},
						{
							"origin": [6.0447, 32.92292, -7.0488],
							"size": [0.95652, 0.72513, 1.22975],
							"inflate": -0.3,
							"pivot": [0.81508, 32.89599, 8.51932],
							"rotation": [0, 21, 45],
							"uv": {
								"north": {"uv": [65, 29], "uv_size": [1, 1]},
								"east": {"uv": [30, 65], "uv_size": [1, 1]},
								"south": {"uv": [65, 30], "uv_size": [1, 1]},
								"west": {"uv": [31, 65], "uv_size": [1, 1]},
								"up": {"uv": [65, 31], "uv_size": [1, 1]},
								"down": {"uv": [32, 66], "uv_size": [1, -1]}
							}
						},
						{
							"origin": [6.43511, 32.85899, -6.2998],
							"size": [0.87927, 0.6535, 0.90875],
							"inflate": -0.3,
							"pivot": [1.16604, 34.40019, 8.51932],
							"rotation": [0, 21, 0],
							"uv": {
								"north": {"uv": [65, 32], "uv_size": [1, 1]},
								"east": {"uv": [33, 65], "uv_size": [1, 1]},
								"south": {"uv": [65, 33], "uv_size": [1, 1]},
								"west": {"uv": [34, 65], "uv_size": [1, 1]},
								"up": {"uv": [65, 34], "uv_size": [1, 1]},
								"down": {"uv": [35, 66], "uv_size": [1, -1]}
							}
						}
					]
				},
				{
					"name": "specter4",
					"parent": "bone18",
					"pivot": [-0.86696, 33.33019, -30.25432],
					"rotation": [0, 0, 106],
					"cubes": [
						{
							"origin": [-7.12326, 32.79439, -7.74181],
							"size": [0.95652, 0.80512, 2.27],
							"inflate": -0.3,
							"pivot": [-0.95182, 33.09492, 9.49803],
							"rotation": [0, -21, -22],
							"uv": {
								"north": {"uv": [65, 35], "uv_size": [1, 1]},
								"east": {"uv": [62, 19], "uv_size": [2, 1]},
								"south": {"uv": [36, 65], "uv_size": [1, 1]},
								"west": {"uv": [20, 62], "uv_size": [2, 1]},
								"up": {"uv": [62, 20], "uv_size": [1, 2]},
								"down": {"uv": [22, 64], "uv_size": [1, -2]}
							}
						},
						{
							"origin": [-6.4767, 33.0568, -6.5138],
							"size": [0.95652, 0.72513, 1.12275],
							"inflate": -0.3,
							"pivot": [-0.29056, 33.02987, 8.51932],
							"rotation": [0, -21, -45],
							"uv": {
								"north": {"uv": [65, 36], "uv_size": [1, 1]},
								"east": {"uv": [37, 65], "uv_size": [1, 1]},
								"south": {"uv": [65, 37], "uv_size": [1, 1]},
								"west": {"uv": [38, 65], "uv_size": [1, 1]},
								"up": {"uv": [65, 38], "uv_size": [1, 1]},
								"down": {"uv": [39, 66], "uv_size": [1, -1]}
							}
						},
						{
							"origin": [-6.4767, 33.11385, -6.4068],
							"size": [0.74252, 0.72513, 1.01575],
							"inflate": -0.3,
							"pivot": [-0.29056, 33.02987, 8.51932],
							"rotation": [0, -21, -45],
							"uv": {
								"north": {"uv": [65, 39], "uv_size": [1, 1]},
								"east": {"uv": [40, 65], "uv_size": [1, 1]},
								"south": {"uv": [65, 40], "uv_size": [1, 1]},
								"west": {"uv": [41, 65], "uv_size": [1, 1]},
								"up": {"uv": [65, 41], "uv_size": [1, 1]},
								"down": {"uv": [42, 66], "uv_size": [1, -1]}
							}
						},
						{
							"origin": [-6.4767, 33.0568, -7.0488],
							"size": [0.95652, 0.72513, 1.22975],
							"inflate": -0.3,
							"pivot": [-0.29056, 33.02987, 8.51932],
							"rotation": [0, -21, -45],
							"uv": {
								"north": {"uv": [65, 42], "uv_size": [1, 1]},
								"east": {"uv": [43, 65], "uv_size": [1, 1]},
								"south": {"uv": [65, 43], "uv_size": [1, 1]},
								"west": {"uv": [44, 65], "uv_size": [1, 1]},
								"up": {"uv": [65, 44], "uv_size": [1, 1]},
								"down": {"uv": [45, 66], "uv_size": [1, -1]}
							}
						},
						{
							"origin": [-6.78985, 32.99287, -6.2998],
							"size": [0.87927, 0.6535, 0.90875],
							"inflate": -0.3,
							"pivot": [-0.64152, 34.53407, 8.51932],
							"rotation": [0, -21, 0],
							"uv": {
								"north": {"uv": [65, 45], "uv_size": [1, 1]},
								"east": {"uv": [46, 65], "uv_size": [1, 1]},
								"south": {"uv": [65, 46], "uv_size": [1, 1]},
								"west": {"uv": [47, 65], "uv_size": [1, 1]},
								"up": {"uv": [65, 47], "uv_size": [1, 1]},
								"down": {"uv": [48, 66], "uv_size": [1, -1]}
							}
						}
					]
				},
				{
					"name": "bone19",
					"parent": "bone17",
					"pivot": [-0.19196, 30.11159, -8.71933],
					"rotation": [3.5, 0, 0]
				},
				{
					"name": "specter5",
					"parent": "bone19",
					"pivot": [1.16604, 29.82059, -30.25432],
					"rotation": [0, 0, 97],
					"cubes": [
						{
							"origin": [6.69127, 29.47116, -8.24181],
							"size": [0.95652, 0.80512, 2.77],
							"inflate": -0.3,
							"pivot": [1.47634, 29.97574, 9.49803],
							"rotation": [0, 21, -22],
							"uv": {
								"north": {"uv": [65, 48], "uv_size": [1, 1]},
								"east": {"uv": [59, 17], "uv_size": [3, 1]},
								"south": {"uv": [49, 65], "uv_size": [1, 1]},
								"west": {"uv": [19, 59], "uv_size": [3, 1]},
								"up": {"uv": [59, 20], "uv_size": [1, 3]},
								"down": {"uv": [27, 62], "uv_size": [1, -3]}
							}
						},
						{
							"origin": [6.0447, 29.28874, -6.5138],
							"size": [0.95652, 0.72513, 1.12275],
							"inflate": -0.3,
							"pivot": [0.81508, 30.0408, 8.51932],
							"rotation": [0, 21, -45],
							"uv": {
								"north": {"uv": [65, 49], "uv_size": [1, 1]},
								"east": {"uv": [50, 65], "uv_size": [1, 1]},
								"south": {"uv": [65, 50], "uv_size": [1, 1]},
								"west": {"uv": [51, 65], "uv_size": [1, 1]},
								"up": {"uv": [65, 51], "uv_size": [1, 1]},
								"down": {"uv": [52, 66], "uv_size": [1, -1]}
							}
						},
						{
							"origin": [6.2587, 29.23169, -6.4068],
							"size": [0.74252, 0.72513, 1.01575],
							"inflate": -0.3,
							"pivot": [0.81508, 30.0408, 8.51932],
							"rotation": [0, 21, -45],
							"uv": {
								"north": {"uv": [65, 52], "uv_size": [1, 1]},
								"east": {"uv": [53, 65], "uv_size": [1, 1]},
								"south": {"uv": [65, 53], "uv_size": [1, 1]},
								"west": {"uv": [54, 65], "uv_size": [1, 1]},
								"up": {"uv": [65, 54], "uv_size": [1, 1]},
								"down": {"uv": [55, 66], "uv_size": [1, -1]}
							}
						},
						{
							"origin": [6.0447, 29.28874, -7.0488],
							"size": [0.95652, 0.72513, 1.22975],
							"inflate": -0.3,
							"pivot": [0.81508, 30.0408, 8.51932],
							"rotation": [0, 21, -45],
							"uv": {
								"north": {"uv": [65, 55], "uv_size": [1, 1]},
								"east": {"uv": [56, 65], "uv_size": [1, 1]},
								"south": {"uv": [65, 56], "uv_size": [1, 1]},
								"west": {"uv": [57, 65], "uv_size": [1, 1]},
								"up": {"uv": [65, 57], "uv_size": [1, 1]},
								"down": {"uv": [58, 66], "uv_size": [1, -1]}
							}
						},
						{
							"origin": [6.43511, 29.42429, -6.2998],
							"size": [0.87927, 0.6535, 0.90875],
							"inflate": -0.3,
							"pivot": [1.16604, 28.53659, 8.51932],
							"rotation": [0, 21, 0],
							"uv": {
								"north": {"uv": [65, 58], "uv_size": [1, 1]},
								"east": {"uv": [59, 65], "uv_size": [1, 1]},
								"south": {"uv": [65, 59], "uv_size": [1, 1]},
								"west": {"uv": [60, 65], "uv_size": [1, 1]},
								"up": {"uv": [65, 60], "uv_size": [1, 1]},
								"down": {"uv": [61, 66], "uv_size": [1, -1]}
							}
						}
					]
				},
				{
					"name": "specter6",
					"parent": "bone19",
					"pivot": [-0.86696, 29.60659, -30.25432],
					"rotation": [0, 0, -106],
					"cubes": [
						{
							"origin": [-7.12326, 29.33728, -7.74181],
							"size": [0.95652, 0.80512, 2.27],
							"inflate": -0.3,
							"pivot": [-0.95182, 29.84187, 9.49803],
							"rotation": [0, -21, 22],
							"uv": {
								"north": {"uv": [65, 61], "uv_size": [1, 1]},
								"east": {"uv": [62, 22], "uv_size": [2, 1]},
								"south": {"uv": [62, 65], "uv_size": [1, 1]},
								"west": {"uv": [62, 23], "uv_size": [2, 1]},
								"up": {"uv": [23, 62], "uv_size": [1, 2]},
								"down": {"uv": [62, 26], "uv_size": [1, -2]}
							}
						},
						{
							"origin": [-6.4767, 29.15486, -6.5138],
							"size": [0.95652, 0.72513, 1.12275],
							"inflate": -0.3,
							"pivot": [-0.29056, 29.90692, 8.51932],
							"rotation": [0, -21, 45],
							"uv": {
								"north": {"uv": [65, 62], "uv_size": [1, 1]},
								"east": {"uv": [63, 65], "uv_size": [1, 1]},
								"south": {"uv": [65, 63], "uv_size": [1, 1]},
								"west": {"uv": [64, 65], "uv_size": [1, 1]},
								"up": {"uv": [65, 64], "uv_size": [1, 1]},
								"down": {"uv": [65, 66], "uv_size": [1, -1]}
							}
						},
						{
							"origin": [-6.4767, 29.09782, -6.4068],
							"size": [0.74252, 0.72513, 1.01575],
							"inflate": -0.3,
							"pivot": [-0.29056, 29.90692, 8.51932],
							"rotation": [0, -21, 45],
							"uv": {
								"north": {"uv": [0, 66], "uv_size": [1, 1]},
								"east": {"uv": [66, 0], "uv_size": [1, 1]},
								"south": {"uv": [1, 66], "uv_size": [1, 1]},
								"west": {"uv": [66, 1], "uv_size": [1, 1]},
								"up": {"uv": [2, 66], "uv_size": [1, 1]},
								"down": {"uv": [66, 3], "uv_size": [1, -1]}
							}
						},
						{
							"origin": [-6.4767, 29.15486, -7.0488],
							"size": [0.95652, 0.72513, 1.22975],
							"inflate": -0.3,
							"pivot": [-0.29056, 29.90692, 8.51932],
							"rotation": [0, -21, 45],
							"uv": {
								"north": {"uv": [3, 66], "uv_size": [1, 1]},
								"east": {"uv": [66, 3], "uv_size": [1, 1]},
								"south": {"uv": [4, 66], "uv_size": [1, 1]},
								"west": {"uv": [66, 4], "uv_size": [1, 1]},
								"up": {"uv": [5, 66], "uv_size": [1, 1]},
								"down": {"uv": [66, 6], "uv_size": [1, -1]}
							}
						},
						{
							"origin": [-6.78985, 29.29042, -6.2998],
							"size": [0.87927, 0.6535, 0.90875],
							"inflate": -0.3,
							"pivot": [-0.64152, 28.40272, 8.51932],
							"rotation": [0, -21, 0],
							"uv": {
								"north": {"uv": [6, 66], "uv_size": [1, 1]},
								"east": {"uv": [66, 6], "uv_size": [1, 1]},
								"south": {"uv": [7, 66], "uv_size": [1, 1]},
								"west": {"uv": [66, 7], "uv_size": [1, 1]},
								"up": {"uv": [8, 66], "uv_size": [1, 1]},
								"down": {"uv": [66, 9], "uv_size": [1, -1]}
							}
						}
					]
				},
				{
					"name": "_ca_scope",
					"parent": "main",
					"pivot": [0.1, 26.75, -31.05],
					"cubes": [
						{"origin": [-0.42, 26.25, -35.4], "size": [1, 1, 1], "uv": [0, 0]}
					]
				}
			]
		}
	]
}