{
	"format_version": "1.12.0",
	"minecraft:geometry": [
		{
			"description": {
				"identifier": "geometry.unknown",
				"texture_width": 64,
				"texture_height": 64,
				"visible_bounds_width": 8,
				"visible_bounds_height": 5,
				"visible_bounds_offset": [0, 1.5, 0]
			},
			"bones": [
				{
					"name": "main",
					"pivot": [0, 20, 6.65]
				},
				{
					"name": "specter",
					"parent": "main",
					"pivot": [0, 26.4, -2.95],
					"cubes": [
						{
							"origin": [-1.37672, 23.45534, -5.4317],
							"size": [2.72667, 0.39102, 3.5378],
							"uv": {
								"north": {"uv": [31, 13], "uv_size": [3, 1]},
								"east": {"uv": [22, 14], "uv_size": [4, 1]},
								"south": {"uv": [41, 9], "uv_size": [3, 1]},
								"west": {"uv": [22, 15], "uv_size": [4, 1]},
								"up": {"uv": [34, 19], "uv_size": [3, 4]},
								"down": {"uv": [20, 38], "uv_size": [3, -4]}
							}
						},
						{
							"origin": [-1.38253, 23.45534, -1.94045],
							"size": [2.73248, 0.39102, 3.61926],
							"uv": {
								"north": {"uv": [41, 33], "uv_size": [3, 1]},
								"east": {"uv": [40, 5], "uv_size": [4, 1]},
								"south": {"uv": [41, 34], "uv_size": [3, 1]},
								"west": {"uv": [41, 6], "uv_size": [4, 1]},
								"up": {"uv": [23, 34], "uv_size": [3, 4]},
								"down": {"uv": [3, 39], "uv_size": [3, -4]}
							}
						},
						{
							"origin": [-1.80958, 25.26888, -5.55733],
							"size": [3.58076, 1.01935, 7.44036],
							"inflate": -0.201,
							"uv": {
								"north": {"uv": [41, 7], "uv_size": [4, 1]},
								"east": {"uv": [38, 23], "uv_size": [7, 1]},
								"south": {"uv": [41, 8], "uv_size": [4, 1]},
								"west": {"uv": [38, 24], "uv_size": [7, 1]},
								"up": {"uv": [0, 23], "uv_size": [4, 7]},
								"down": {"uv": [4, 30], "uv_size": [4, -7]}
							}
						},
						{
							"origin": [-1.46046, 23.60901, -5.55733],
							"size": [2.88251, 1.23985, 7.44036],
							"inflate": -0.201,
							"uv": {
								"north": {"uv": [17, 44], "uv_size": [3, 1]},
								"east": {"uv": [38, 29], "uv_size": [7, 1]},
								"south": {"uv": [44, 33], "uv_size": [3, 1]},
								"west": {"uv": [38, 30], "uv_size": [7, 1]},
								"up": {"uv": [17, 29], "uv_size": [3, 7]},
								"down": {"uv": [0, 37], "uv_size": [3, -7]}
							}
						},
						{
							"origin": [0.86704, 24.91976, -5.55733],
							"size": [0.90413, 0.90297, 7.44036],
							"inflate": -0.201,
							"pivot": [1.5713, 25.50368, 1.68173],
							"rotation": [0, 0, -14],
							"uv": {
								"north": {"uv": [49, 23], "uv_size": [1, 1]},
								"east": {"uv": [31, 38], "uv_size": [7, 1]},
								"south": {"uv": [24, 49], "uv_size": [1, 1]},
								"west": {"uv": [38, 31], "uv_size": [7, 1]},
								"up": {"uv": [23, 38], "uv_size": [1, 7]},
								"down": {"uv": [24, 45], "uv_size": [1, -7]}
							}
						},
						{
							"origin": [-1.77118, 24.91976, -5.55733],
							"size": [0.90413, 0.90297, 7.44036],
							"inflate": -0.201,
							"pivot": [-1.5713, 25.50368, 1.68173],
							"rotation": [0, 0, 14],
							"uv": {
								"north": {"uv": [49, 24], "uv_size": [1, 1]},
								"east": {"uv": [38, 32], "uv_size": [7, 1]},
								"south": {"uv": [25, 49], "uv_size": [1, 1]},
								"west": {"uv": [38, 35], "uv_size": [7, 1]},
								"up": {"uv": [25, 38], "uv_size": [1, 7]},
								"down": {"uv": [38, 45], "uv_size": [1, -7]}
							}
						},
						{
							"origin": [-1.76331, 23.24853, -5.55733],
							"size": [0.90413, 2.09735, 7.44036],
							"inflate": -0.201,
							"pivot": [-1.5713, 24.73607, 1.68173],
							"rotation": [0, 0, -14],
							"uv": {
								"north": {"uv": [20, 47], "uv_size": [1, 2]},
								"east": {"uv": [34, 8], "uv_size": [7, 2]},
								"south": {"uv": [47, 20], "uv_size": [1, 2]},
								"west": {"uv": [34, 13], "uv_size": [7, 2]},
								"up": {"uv": [3, 39], "uv_size": [1, 7]},
								"down": {"uv": [4, 46], "uv_size": [1, -7]}
							}
						},
						{
							"origin": [0.94364, 23.3814, -5.55733],
							"size": [0.90413, 1.97485, 7.44036],
							"inflate": -0.201,
							"pivot": [1.5713, 25.0852, 1.68173],
							"rotation": [0, 0, 14],
							"uv": {
								"north": {"uv": [21, 47], "uv_size": [1, 2]},
								"east": {"uv": [34, 15], "uv_size": [7, 2]},
								"south": {"uv": [22, 47], "uv_size": [1, 2]},
								"west": {"uv": [34, 17], "uv_size": [7, 2]},
								"up": {"uv": [5, 39], "uv_size": [1, 7]},
								"down": {"uv": [26, 46], "uv_size": [1, -7]}
							}
						},
						{
							"origin": [-1.53823, 29.11877, -5.97492],
							"size": [2.98801, 1.04222, 8.4076],
							"inflate": -0.3,
							"uv": {
								"north": {"uv": [41, 37], "uv_size": [3, 1]},
								"east": {"uv": [34, 10], "uv_size": [8, 1]},
								"south": {"uv": [41, 38], "uv_size": [3, 1]},
								"west": {"uv": [31, 37], "uv_size": [8, 1]},
								"up": {"uv": [8, 23], "uv_size": [3, 8]},
								"down": {"uv": [11, 31], "uv_size": [3, -8]}
							}
						},
						{
							"origin": [-1.53823, 25.78113, -5.97492],
							"size": [2.98801, 1.04222, 8.4076],
							"inflate": -0.3,
							"uv": {
								"north": {"uv": [43, 1], "uv_size": [3, 1]},
								"east": {"uv": [38, 11], "uv_size": [8, 1]},
								"south": {"uv": [43, 2], "uv_size": [3, 1]},
								"west": {"uv": [38, 12], "uv_size": [8, 1]},
								"up": {"uv": [22, 26], "uv_size": [3, 8]},
								"down": {"uv": [25, 34], "uv_size": [3, -8]}
							}
						},
						{
							"origin": [-1.74305, 29.33988, -5.1568],
							"size": [3.4861, 0.98695, 7.31193],
							"inflate": -0.3,
							"uv": {
								"north": {"uv": [42, 10], "uv_size": [3, 1]},
								"east": {"uv": [38, 25], "uv_size": [7, 1]},
								"south": {"uv": [42, 22], "uv_size": [3, 1]},
								"west": {"uv": [38, 26], "uv_size": [7, 1]},
								"up": {"uv": [28, 0], "uv_size": [3, 7]},
								"down": {"uv": [28, 14], "uv_size": [3, -7]}
							}
						},
						{
							"origin": [1.11512, 26.57016, -5.97492],
							"size": [1.13067, 2.79483, 8.4076],
							"inflate": -0.3,
							"uv": {
								"north": {"uv": [41, 39], "uv_size": [1, 3]},
								"east": {"uv": [14, 23], "uv_size": [8, 3]},
								"south": {"uv": [42, 0], "uv_size": [1, 3]},
								"west": {"uv": [22, 23], "uv_size": [8, 3]},
								"up": {"uv": [17, 36], "uv_size": [1, 8]},
								"down": {"uv": [18, 44], "uv_size": [1, -8]}
							}
						},
						{
							"origin": [1.42468, 26.49858, 0.21623],
							"size": [1.02011, 3.01013, 1.93889],
							"inflate": -0.3,
							"uv": {
								"north": {"uv": [37, 42], "uv_size": [1, 3]},
								"east": {"uv": [20, 29], "uv_size": [2, 3]},
								"south": {"uv": [42, 39], "uv_size": [1, 3]},
								"west": {"uv": [36, 39], "uv_size": [2, 3]},
								"up": {"uv": [18, 45], "uv_size": [1, 2]},
								"down": {"uv": [19, 47], "uv_size": [1, -2]}
							}
						},
						{
							"origin": [-2.44479, 26.49858, 0.21623],
							"size": [1.02011, 3.01013, 1.93889],
							"inflate": -0.3,
							"uv": {
								"north": {"uv": [43, 13], "uv_size": [1, 3]},
								"east": {"uv": [39, 37], "uv_size": [2, 3]},
								"south": {"uv": [43, 16], "uv_size": [1, 3]},
								"west": {"uv": [40, 0], "uv_size": [2, 3]},
								"up": {"uv": [23, 45], "uv_size": [1, 2]},
								"down": {"uv": [24, 47], "uv_size": [1, -2]}
							}
						},
						{
							"origin": [-2.24579, 26.47589, -5.97492],
							"size": [1.04222, 2.97754, 8.4076],
							"inflate": -0.3,
							"uv": {
								"north": {"uv": [42, 19], "uv_size": [1, 3]},
								"east": {"uv": [14, 26], "uv_size": [8, 3]},
								"south": {"uv": [36, 42], "uv_size": [1, 3]},
								"west": {"uv": [26, 14], "uv_size": [8, 3]},
								"up": {"uv": [19, 36], "uv_size": [1, 8]},
								"down": {"uv": [0, 45], "uv_size": [1, -8]}
							}
						},
						{
							"origin": [-22.82694, 35.64601, -5.97492],
							"size": [1.13067, 1.59943, 8.4076],
							"inflate": -0.3,
							"pivot": [-20.4308, 7.70552, 1.95346],
							"rotation": [0, 0, 45],
							"uv": {
								"north": {"uv": [10, 33], "uv_size": [1, 2]},
								"east": {"uv": [26, 17], "uv_size": [8, 2]},
								"south": {"uv": [44, 36], "uv_size": [1, 2]},
								"west": {"uv": [26, 19], "uv_size": [8, 2]},
								"up": {"uv": [1, 37], "uv_size": [1, 8]},
								"down": {"uv": [2, 45], "uv_size": [1, -8]}
							}
						},
						{
							"origin": [20.63493, 38.12247, -5.97492],
							"size": [1.13067, 1.72325, 8.4076],
							"inflate": -0.3,
							"pivot": [22.9957, 10.18198, 1.95346],
							"rotation": [0, 0, -45],
							"uv": {
								"north": {"uv": [44, 38], "uv_size": [1, 2]},
								"east": {"uv": [26, 21], "uv_size": [8, 2]},
								"south": {"uv": [44, 40], "uv_size": [1, 2]},
								"west": {"uv": [30, 23], "uv_size": [8, 2]},
								"up": {"uv": [6, 38], "uv_size": [1, 8]},
								"down": {"uv": [7, 46], "uv_size": [1, -8]}
							}
						},
						{
							"origin": [-22.82694, 18.69669, -5.97492],
							"size": [1.13067, 1.59943, 8.4076],
							"inflate": -0.3,
							"pivot": [-20.4308, 48.2366, 1.95346],
							"rotation": [0, 0, -45],
							"uv": {
								"north": {"uv": [45, 26], "uv_size": [1, 2]},
								"east": {"uv": [3, 31], "uv_size": [8, 2]},
								"south": {"uv": [27, 45], "uv_size": [1, 2]},
								"west": {"uv": [31, 4], "uv_size": [8, 2]},
								"up": {"uv": [10, 38], "uv_size": [1, 8]},
								"down": {"uv": [11, 46], "uv_size": [1, -8]}
							}
						},
						{
							"origin": [20.63493, 16.0964, -5.97492],
							"size": [1.13067, 1.72325, 8.4076],
							"inflate": -0.3,
							"pivot": [22.9957, 45.76014, 1.95346],
							"rotation": [0, 0, 45],
							"uv": {
								"north": {"uv": [45, 24], "uv_size": [1, 2]},
								"east": {"uv": [31, 0], "uv_size": [8, 2]},
								"south": {"uv": [25, 45], "uv_size": [1, 2]},
								"west": {"uv": [31, 2], "uv_size": [8, 2]},
								"up": {"uv": [8, 38], "uv_size": [1, 8]},
								"down": {"uv": [9, 46], "uv_size": [1, -8]}
							}
						},
						{
							"origin": [-2.63224, 24.97806, -5.58224],
							"size": [0.93533, 2.03623, 7.47095],
							"inflate": -0.2,
							"pivot": [-2.43224, 26.81313, -5.37816],
							"rotation": [0, 0, -42],
							"uv": {
								"north": {"uv": [1, 45], "uv_size": [1, 2]},
								"east": {"uv": [31, 11], "uv_size": [7, 2]},
								"south": {"uv": [2, 45], "uv_size": [1, 2]},
								"west": {"uv": [31, 25], "uv_size": [7, 2]},
								"up": {"uv": [12, 38], "uv_size": [1, 7]},
								"down": {"uv": [13, 45], "uv_size": [1, -7]}
							}
						},
						{
							"origin": [-1.52667, 25.38538, -5.58224],
							"size": [3.06499, 1.09825, 7.47095],
							"inflate": -0.2,
							"uv": {
								"north": {"uv": [44, 5], "uv_size": [3, 1]},
								"east": {"uv": [38, 27], "uv_size": [7, 1]},
								"south": {"uv": [44, 9], "uv_size": [3, 1]},
								"west": {"uv": [38, 28], "uv_size": [7, 1]},
								"up": {"uv": [28, 26], "uv_size": [3, 7]},
								"down": {"uv": [14, 36], "uv_size": [3, -7]}
							}
						},
						{
							"origin": [-2.16674, 25.55994, -5.58224],
							"size": [0.70257, 1.10523, 2.69957],
							"inflate": -0.2,
							"pivot": [-2.43224, 26.81313, -5.37816],
							"rotation": [0, 0, -42],
							"uv": {
								"north": {"uv": [48, 9], "uv_size": [1, 1]},
								"east": {"uv": [43, 19], "uv_size": [3, 1]},
								"south": {"uv": [10, 48], "uv_size": [1, 1]},
								"west": {"uv": [43, 20], "uv_size": [3, 1]},
								"up": {"uv": [43, 39], "uv_size": [1, 3]},
								"down": {"uv": [41, 46], "uv_size": [1, -3]}
							}
						},
						{
							"origin": [1.34779, 25.55994, -5.58224],
							"size": [0.81895, 1.10523, 2.69957],
							"inflate": -0.2,
							"pivot": [2.43224, 26.81313, -5.37816],
							"rotation": [0, 0, 42],
							"uv": {
								"north": {"uv": [48, 10], "uv_size": [1, 1]},
								"east": {"uv": [43, 21], "uv_size": [3, 1]},
								"south": {"uv": [11, 48], "uv_size": [1, 1]},
								"west": {"uv": [42, 43], "uv_size": [3, 1]},
								"up": {"uv": [44, 13], "uv_size": [1, 3]},
								"down": {"uv": [44, 19], "uv_size": [1, -3]}
							}
						},
						{
							"origin": [1.69691, 24.97806, -5.58224],
							"size": [0.93532, 2.03623, 7.47095],
							"inflate": -0.2,
							"pivot": [2.43224, 26.81313, -5.37816],
							"rotation": [0, 0, 42],
							"uv": {
								"north": {"uv": [45, 35], "uv_size": [1, 2]},
								"east": {"uv": [28, 33], "uv_size": [7, 2]},
								"south": {"uv": [36, 45], "uv_size": [1, 2]},
								"west": {"uv": [34, 6], "uv_size": [7, 2]},
								"up": {"uv": [21, 38], "uv_size": [1, 7]},
								"down": {"uv": [22, 45], "uv_size": [1, -7]}
							}
						},
						{
							"origin": [1.69691, 24.97806, -4.41849],
							"size": [1.0517, 1.68711, 0.48844],
							"inflate": -0.2,
							"pivot": [2.43224, 26.81313, -5.02904],
							"rotation": [0, 0, 42],
							"uv": {
								"north": {"uv": [45, 39], "uv_size": [1, 2]},
								"east": {"uv": [40, 45], "uv_size": [1, 2]},
								"south": {"uv": [45, 43], "uv_size": [1, 2]},
								"west": {"uv": [45, 45], "uv_size": [1, 2]},
								"up": {"uv": [49, 7], "uv_size": [1, 1]},
								"down": {"uv": [8, 50], "uv_size": [1, -1]}
							}
						},
						{
							"origin": [1.69691, 24.97806, -3.02199],
							"size": [1.0517, 1.68711, 0.48845],
							"inflate": -0.2,
							"pivot": [2.43224, 26.81313, -3.63254],
							"rotation": [0, 0, 42],
							"uv": {
								"north": {"uv": [5, 46], "uv_size": [1, 2]},
								"east": {"uv": [6, 46], "uv_size": [1, 2]},
								"south": {"uv": [46, 6], "uv_size": [1, 2]},
								"west": {"uv": [7, 46], "uv_size": [1, 2]},
								"up": {"uv": [49, 9], "uv_size": [1, 1]},
								"down": {"uv": [10, 50], "uv_size": [1, -1]}
							}
						},
						{
							"origin": [1.69691, 24.97806, -3.72024],
							"size": [1.0517, 1.68711, 0.48844],
							"inflate": -0.2,
							"pivot": [2.43224, 26.81313, -4.33079],
							"rotation": [0, 0, 42],
							"uv": {
								"north": {"uv": [46, 0], "uv_size": [1, 2]},
								"east": {"uv": [46, 2], "uv_size": [1, 2]},
								"south": {"uv": [3, 46], "uv_size": [1, 2]},
								"west": {"uv": [4, 46], "uv_size": [1, 2]},
								"up": {"uv": [49, 8], "uv_size": [1, 1]},
								"down": {"uv": [9, 50], "uv_size": [1, -1]}
							}
						},
						{
							"origin": [1.69691, 24.97806, -2.32374],
							"size": [1.0517, 1.68711, 0.48844],
							"inflate": -0.2,
							"pivot": [2.43224, 26.81313, -2.93429],
							"rotation": [0, 0, 42],
							"uv": {
								"north": {"uv": [8, 46], "uv_size": [1, 2]},
								"east": {"uv": [9, 46], "uv_size": [1, 2]},
								"south": {"uv": [10, 46], "uv_size": [1, 2]},
								"west": {"uv": [46, 10], "uv_size": [1, 2]},
								"up": {"uv": [49, 10], "uv_size": [1, 1]},
								"down": {"uv": [11, 50], "uv_size": [1, -1]}
							}
						},
						{
							"origin": [1.69691, 24.97806, -0.92724],
							"size": [1.0517, 1.68711, 0.48845],
							"inflate": -0.2,
							"pivot": [2.43224, 26.81313, -1.53779],
							"rotation": [0, 0, 42],
							"uv": {
								"north": {"uv": [46, 18], "uv_size": [1, 2]},
								"east": {"uv": [46, 20], "uv_size": [1, 2]},
								"south": {"uv": [46, 22], "uv_size": [1, 2]},
								"west": {"uv": [46, 24], "uv_size": [1, 2]},
								"up": {"uv": [49, 12], "uv_size": [1, 1]},
								"down": {"uv": [13, 50], "uv_size": [1, -1]}
							}
						},
						{
							"origin": [1.69691, 24.97806, -1.62549],
							"size": [1.0517, 1.68711, 0.48845],
							"inflate": -0.2,
							"pivot": [2.43224, 26.81313, -2.23604],
							"rotation": [0, 0, 42],
							"uv": {
								"north": {"uv": [11, 46], "uv_size": [1, 2]},
								"east": {"uv": [46, 12], "uv_size": [1, 2]},
								"south": {"uv": [46, 14], "uv_size": [1, 2]},
								"west": {"uv": [46, 16], "uv_size": [1, 2]},
								"up": {"uv": [49, 11], "uv_size": [1, 1]},
								"down": {"uv": [12, 50], "uv_size": [1, -1]}
							}
						},
						{
							"origin": [1.69691, 24.97806, -0.22899],
							"size": [1.0517, 1.68711, 0.48845],
							"inflate": -0.2,
							"pivot": [2.43224, 26.81313, -0.83954],
							"rotation": [0, 0, 42],
							"uv": {
								"north": {"uv": [26, 46], "uv_size": [1, 2]},
								"east": {"uv": [46, 26], "uv_size": [1, 2]},
								"south": {"uv": [28, 46], "uv_size": [1, 2]},
								"west": {"uv": [46, 28], "uv_size": [1, 2]},
								"up": {"uv": [49, 13], "uv_size": [1, 1]},
								"down": {"uv": [14, 50], "uv_size": [1, -1]}
							}
						},
						{
							"origin": [1.69691, 24.97806, 0.46926],
							"size": [1.0517, 1.68711, 0.48845],
							"inflate": -0.2,
							"pivot": [2.43224, 26.81313, -0.14129],
							"rotation": [0, 0, 42],
							"uv": {
								"north": {"uv": [29, 46], "uv_size": [1, 2]},
								"east": {"uv": [30, 46], "uv_size": [1, 2]},
								"south": {"uv": [46, 30], "uv_size": [1, 2]},
								"west": {"uv": [31, 46], "uv_size": [1, 2]},
								"up": {"uv": [49, 14], "uv_size": [1, 1]},
								"down": {"uv": [15, 50], "uv_size": [1, -1]}
							}
						},
						{
							"origin": [-2.74861, 24.97806, -4.41849],
							"size": [1.0517, 1.68711, 0.48844],
							"inflate": -0.2,
							"pivot": [-2.43224, 26.81313, -5.02904],
							"rotation": [0, 0, -42],
							"uv": {
								"north": {"uv": [17, 47], "uv_size": [1, 2]},
								"east": {"uv": [18, 47], "uv_size": [1, 2]},
								"south": {"uv": [47, 18], "uv_size": [1, 2]},
								"west": {"uv": [19, 47], "uv_size": [1, 2]},
								"up": {"uv": [49, 22], "uv_size": [1, 1]},
								"down": {"uv": [23, 50], "uv_size": [1, -1]}
							}
						},
						{
							"origin": [-2.74861, 24.97806, -3.72024],
							"size": [1.0517, 1.68711, 0.48844],
							"inflate": -0.2,
							"pivot": [-2.43224, 26.81313, -4.33079],
							"rotation": [0, 0, -42],
							"uv": {
								"north": {"uv": [47, 14], "uv_size": [1, 2]},
								"east": {"uv": [15, 47], "uv_size": [1, 2]},
								"south": {"uv": [16, 47], "uv_size": [1, 2]},
								"west": {"uv": [47, 16], "uv_size": [1, 2]},
								"up": {"uv": [49, 21], "uv_size": [1, 1]},
								"down": {"uv": [22, 50], "uv_size": [1, -1]}
							}
						},
						{
							"origin": [-2.74861, 24.97806, -3.02199],
							"size": [1.0517, 1.68711, 0.48845],
							"inflate": -0.2,
							"pivot": [-2.43224, 26.81313, -3.63254],
							"rotation": [0, 0, -42],
							"uv": {
								"north": {"uv": [12, 47], "uv_size": [1, 2]},
								"east": {"uv": [47, 12], "uv_size": [1, 2]},
								"south": {"uv": [13, 47], "uv_size": [1, 2]},
								"west": {"uv": [14, 47], "uv_size": [1, 2]},
								"up": {"uv": [49, 20], "uv_size": [1, 1]},
								"down": {"uv": [21, 50], "uv_size": [1, -1]}
							}
						},
						{
							"origin": [-2.74861, 24.97806, -2.32374],
							"size": [1.0517, 1.68711, 0.48844],
							"inflate": -0.2,
							"pivot": [-2.43224, 26.81313, -2.93429],
							"rotation": [0, 0, -42],
							"uv": {
								"north": {"uv": [47, 4], "uv_size": [1, 2]},
								"east": {"uv": [47, 6], "uv_size": [1, 2]},
								"south": {"uv": [47, 8], "uv_size": [1, 2]},
								"west": {"uv": [47, 10], "uv_size": [1, 2]},
								"up": {"uv": [49, 19], "uv_size": [1, 1]},
								"down": {"uv": [20, 50], "uv_size": [1, -1]}
							}
						},
						{
							"origin": [-2.74861, 24.97806, -1.62549],
							"size": [1.0517, 1.68711, 0.48845],
							"inflate": -0.2,
							"pivot": [-2.43224, 26.81313, -2.23604],
							"rotation": [0, 0, -42],
							"uv": {
								"north": {"uv": [47, 0], "uv_size": [1, 2]},
								"east": {"uv": [1, 47], "uv_size": [1, 2]},
								"south": {"uv": [2, 47], "uv_size": [1, 2]},
								"west": {"uv": [47, 2], "uv_size": [1, 2]},
								"up": {"uv": [49, 18], "uv_size": [1, 1]},
								"down": {"uv": [19, 50], "uv_size": [1, -1]}
							}
						},
						{
							"origin": [-2.74861, 24.97806, -0.92724],
							"size": [1.0517, 1.68711, 0.48845],
							"inflate": -0.2,
							"pivot": [-2.43224, 26.81313, -1.53779],
							"rotation": [0, 0, -42],
							"uv": {
								"north": {"uv": [44, 46], "uv_size": [1, 2]},
								"east": {"uv": [46, 44], "uv_size": [1, 2]},
								"south": {"uv": [46, 46], "uv_size": [1, 2]},
								"west": {"uv": [0, 47], "uv_size": [1, 2]},
								"up": {"uv": [49, 17], "uv_size": [1, 1]},
								"down": {"uv": [18, 50], "uv_size": [1, -1]}
							}
						},
						{
							"origin": [-2.74861, 24.97806, -0.22899],
							"size": [1.0517, 1.68711, 0.48845],
							"inflate": -0.2,
							"pivot": [-2.43224, 26.81313, -0.83954],
							"rotation": [0, 0, -42],
							"uv": {
								"north": {"uv": [41, 46], "uv_size": [1, 2]},
								"east": {"uv": [42, 46], "uv_size": [1, 2]},
								"south": {"uv": [46, 42], "uv_size": [1, 2]},
								"west": {"uv": [43, 46], "uv_size": [1, 2]},
								"up": {"uv": [49, 16], "uv_size": [1, 1]},
								"down": {"uv": [17, 50], "uv_size": [1, -1]}
							}
						},
						{
							"origin": [-2.74861, 24.97806, 0.46926],
							"size": [1.0517, 1.68711, 0.48845],
							"inflate": -0.2,
							"pivot": [-2.43224, 26.81313, -0.14129],
							"rotation": [0, 0, -42],
							"uv": {
								"north": {"uv": [46, 34], "uv_size": [1, 2]},
								"east": {"uv": [46, 36], "uv_size": [1, 2]},
								"south": {"uv": [46, 38], "uv_size": [1, 2]},
								"west": {"uv": [46, 40], "uv_size": [1, 2]},
								"up": {"uv": [49, 15], "uv_size": [1, 1]},
								"down": {"uv": [16, 50], "uv_size": [1, -1]}
							}
						},
						{
							"origin": [-2.63212, 27.08224, -5.85269],
							"size": [1.28422, 2.35021, 0.91531],
							"inflate": -0.199,
							"pivot": [-2.43224, 26.933, -5.65281],
							"rotation": [-47.5, 0, 0],
							"uv": {
								"north": {"uv": [45, 6], "uv_size": [1, 2]},
								"east": {"uv": [12, 45], "uv_size": [1, 2]},
								"south": {"uv": [13, 45], "uv_size": [1, 2]},
								"west": {"uv": [45, 13], "uv_size": [1, 2]},
								"up": {"uv": [47, 30], "uv_size": [1, 1]},
								"down": {"uv": [47, 32], "uv_size": [1, -1]}
							}
						},
						{
							"origin": [1.3479, 27.08224, -5.85269],
							"size": [1.28422, 2.35021, 0.91531],
							"inflate": -0.199,
							"pivot": [2.43224, 26.933, -5.65281],
							"rotation": [-47.5, 0, 0],
							"uv": {
								"north": {"uv": [32, 45], "uv_size": [1, 2]},
								"east": {"uv": [33, 45], "uv_size": [1, 2]},
								"south": {"uv": [34, 45], "uv_size": [1, 2]},
								"west": {"uv": [35, 45], "uv_size": [1, 2]},
								"up": {"uv": [48, 8], "uv_size": [1, 1]},
								"down": {"uv": [9, 49], "uv_size": [1, -1]}
							}
						},
						{
							"origin": [1.3479, 27.66411, -4.75439],
							"size": [1.28422, 0.83734, 0.79894],
							"inflate": -0.199,
							"uv": {
								"north": {"uv": [34, 48], "uv_size": [1, 1]},
								"east": {"uv": [48, 34], "uv_size": [1, 1]},
								"south": {"uv": [35, 48], "uv_size": [1, 1]},
								"west": {"uv": [48, 35], "uv_size": [1, 1]},
								"up": {"uv": [36, 48], "uv_size": [1, 1]},
								"down": {"uv": [48, 37], "uv_size": [1, -1]}
							}
						},
						{
							"origin": [1.90639, 26.61197, -4.17235],
							"size": [0.72585, 2.06882, 6.16871],
							"inflate": -0.2,
							"uv": {
								"north": {"uv": [14, 45], "uv_size": [1, 2]},
								"east": {"uv": [26, 35], "uv_size": [6, 2]},
								"south": {"uv": [15, 45], "uv_size": [1, 2]},
								"west": {"uv": [32, 35], "uv_size": [6, 2]},
								"up": {"uv": [39, 0], "uv_size": [1, 6]},
								"down": {"uv": [27, 45], "uv_size": [1, -6]}
							}
						},
						{
							"origin": [-2.63224, 26.61197, -4.17235],
							"size": [0.72585, 2.06882, 6.16871],
							"inflate": -0.2,
							"uv": {
								"north": {"uv": [37, 45], "uv_size": [1, 2]},
								"east": {"uv": [35, 33], "uv_size": [6, 2]},
								"south": {"uv": [45, 37], "uv_size": [1, 2]},
								"west": {"uv": [6, 36], "uv_size": [6, 2]},
								"up": {"uv": [30, 40], "uv_size": [1, 6]},
								"down": {"uv": [31, 46], "uv_size": [1, -6]}
							}
						},
						{
							"origin": [-2.63224, 26.61197, -5.58224],
							"size": [1.19135, 0.76076, 1.86633],
							"inflate": -0.2,
							"uv": {
								"north": {"uv": [48, 0], "uv_size": [1, 1]},
								"east": {"uv": [26, 34], "uv_size": [2, 1]},
								"south": {"uv": [48, 1], "uv_size": [1, 1]},
								"west": {"uv": [44, 34], "uv_size": [2, 1]},
								"up": {"uv": [45, 28], "uv_size": [1, 2]},
								"down": {"uv": [45, 32], "uv_size": [1, -2]}
							}
						},
						{
							"origin": [-2.63224, 26.96109, -4.88399],
							"size": [1.19135, 0.99351, 1.16808],
							"inflate": -0.2,
							"uv": {
								"north": {"uv": [48, 2], "uv_size": [1, 1]},
								"east": {"uv": [3, 48], "uv_size": [1, 1]},
								"south": {"uv": [48, 3], "uv_size": [1, 1]},
								"west": {"uv": [4, 48], "uv_size": [1, 1]},
								"up": {"uv": [48, 4], "uv_size": [1, 1]},
								"down": {"uv": [5, 49], "uv_size": [1, -1]}
							}
						},
						{
							"origin": [1.44089, 26.96109, -4.88399],
							"size": [1.19135, 0.99351, 1.16808],
							"inflate": -0.2,
							"uv": {
								"north": {"uv": [44, 48], "uv_size": [1, 1]},
								"east": {"uv": [48, 44], "uv_size": [1, 1]},
								"south": {"uv": [45, 48], "uv_size": [1, 1]},
								"west": {"uv": [48, 45], "uv_size": [1, 1]},
								"up": {"uv": [46, 48], "uv_size": [1, 1]},
								"down": {"uv": [48, 47], "uv_size": [1, -1]}
							}
						},
						{
							"origin": [1.44089, 26.61197, -5.58224],
							"size": [1.19135, 0.76076, 1.86633],
							"inflate": -0.2,
							"uv": {
								"north": {"uv": [43, 48], "uv_size": [1, 1]},
								"east": {"uv": [44, 42], "uv_size": [2, 1]},
								"south": {"uv": [48, 43], "uv_size": [1, 1]},
								"west": {"uv": [45, 8], "uv_size": [2, 1]},
								"up": {"uv": [38, 45], "uv_size": [1, 2]},
								"down": {"uv": [39, 47], "uv_size": [1, -2]}
							}
						},
						{
							"origin": [1.32451, 26.84472, -4.30211],
							"size": [1.30772, 0.52801, 0.5862],
							"inflate": -0.2,
							"uv": {
								"north": {"uv": [48, 5], "uv_size": [1, 1]},
								"east": {"uv": [6, 48], "uv_size": [1, 1]},
								"south": {"uv": [48, 6], "uv_size": [1, 1]},
								"west": {"uv": [7, 48], "uv_size": [1, 1]},
								"up": {"uv": [48, 7], "uv_size": [1, 1]},
								"down": {"uv": [8, 49], "uv_size": [1, -1]}
							}
						},
						{
							"origin": [-2.63224, 26.84472, -4.30211],
							"size": [1.30772, 0.52801, 0.5862],
							"inflate": -0.2,
							"uv": {
								"north": {"uv": [47, 48], "uv_size": [1, 1]},
								"east": {"uv": [48, 47], "uv_size": [1, 1]},
								"south": {"uv": [48, 48], "uv_size": [1, 1]},
								"west": {"uv": [0, 49], "uv_size": [1, 1]},
								"up": {"uv": [49, 0], "uv_size": [1, 1]},
								"down": {"uv": [1, 50], "uv_size": [1, -1]}
							}
						},
						{
							"origin": [-23.12021, 35.53545, -5.1568],
							"size": [1.08645, 1.76084, 7.31193],
							"inflate": -0.3,
							"pivot": [-20.54717, 7.70552, 1.95346],
							"rotation": [0, 0, 45],
							"uv": {
								"north": {"uv": [45, 15], "uv_size": [1, 2]},
								"east": {"uv": [31, 27], "uv_size": [7, 2]},
								"south": {"uv": [16, 45], "uv_size": [1, 2]},
								"west": {"uv": [31, 29], "uv_size": [7, 2]},
								"up": {"uv": [14, 38], "uv_size": [1, 7]},
								"down": {"uv": [15, 45], "uv_size": [1, -7]}
							}
						},
						{
							"origin": [22.03376, 35.53545, -5.1568],
							"size": [1.08645, 1.76084, 7.31193],
							"inflate": -0.3,
							"pivot": [20.54717, 7.70552, 1.95346],
							"rotation": [0, 0, -45],
							"uv": {
								"north": {"uv": [17, 45], "uv_size": [1, 2]},
								"east": {"uv": [31, 31], "uv_size": [7, 2]},
								"south": {"uv": [45, 17], "uv_size": [1, 2]},
								"west": {"uv": [3, 33], "uv_size": [7, 2]},
								"up": {"uv": [16, 38], "uv_size": [1, 7]},
								"down": {"uv": [20, 45], "uv_size": [1, -7]}
							}
						},
						{
							"origin": [21.91738, 18.73311, -3.16679],
							"size": [1.08645, 1.76084, 5.32192],
							"inflate": -0.3,
							"pivot": [20.4308, 48.32389, 1.95346],
							"rotation": [0, 0, 45],
							"uv": {
								"north": {"uv": [22, 45], "uv_size": [1, 2]},
								"east": {"uv": [37, 21], "uv_size": [5, 2]},
								"south": {"uv": [45, 22], "uv_size": [1, 2]},
								"west": {"uv": [26, 37], "uv_size": [5, 2]},
								"up": {"uv": [39, 40], "uv_size": [1, 5]},
								"down": {"uv": [40, 45], "uv_size": [1, -5]}
							}
						},
						{
							"origin": [-23.00383, 18.73311, -3.16679],
							"size": [1.08645, 1.76084, 5.32192],
							"inflate": -0.3,
							"pivot": [-20.4308, 48.32389, 1.95346],
							"rotation": [0, 0, -45],
							"uv": {
								"north": {"uv": [20, 45], "uv_size": [1, 2]},
								"east": {"uv": [12, 36], "uv_size": [5, 2]},
								"south": {"uv": [21, 45], "uv_size": [1, 2]},
								"west": {"uv": [37, 19], "uv_size": [5, 2]},
								"up": {"uv": [32, 40], "uv_size": [1, 5]},
								"down": {"uv": [33, 45], "uv_size": [1, -5]}
							}
						},
						{
							"origin": [-1.62667, 25.70258, -3.16679],
							"size": [3.25335, 0.98695, 5.32192],
							"inflate": -0.3,
							"uv": {
								"north": {"uv": [41, 42], "uv_size": [3, 1]},
								"east": {"uv": [3, 30], "uv_size": [5, 1]},
								"south": {"uv": [43, 0], "uv_size": [3, 1]},
								"west": {"uv": [6, 35], "uv_size": [5, 1]},
								"up": {"uv": [31, 6], "uv_size": [3, 5]},
								"down": {"uv": [11, 36], "uv_size": [3, -5]}
							}
						},
						{
							"origin": [1.86217, 28.6881, -5.0568],
							"size": [0.88645, 0.73167, 0.798],
							"inflate": -0.2,
							"pivot": [2.54861, 27.78253, -3.97235],
							"rotation": [0, 0, -12],
							"uv": {
								"north": {"uv": [47, 43], "uv_size": [1, 1]},
								"east": {"uv": [47, 44], "uv_size": [1, 1]},
								"south": {"uv": [45, 47], "uv_size": [1, 1]},
								"west": {"uv": [47, 45], "uv_size": [1, 1]},
								"up": {"uv": [47, 46], "uv_size": [1, 1]},
								"down": {"uv": [47, 48], "uv_size": [1, -1]}
							}
						},
						{
							"origin": [1.86217, 28.16441, -4.17235],
							"size": [0.88645, 1.25536, 6.16871],
							"inflate": -0.2,
							"pivot": [2.54861, 27.78253, -3.97235],
							"rotation": [0, 0, -12],
							"uv": {
								"north": {"uv": [47, 41], "uv_size": [1, 1]},
								"east": {"uv": [38, 36], "uv_size": [6, 1]},
								"south": {"uv": [47, 42], "uv_size": [1, 1]},
								"west": {"uv": [28, 39], "uv_size": [6, 1]},
								"up": {"uv": [34, 39], "uv_size": [1, 6]},
								"down": {"uv": [35, 45], "uv_size": [1, -6]}
							}
						},
						{
							"origin": [1.58054, 28.04804, -3.9396],
							"size": [1.16807, 1.19484, 0.87481],
							"inflate": -0.2,
							"pivot": [2.54861, 27.78253, -3.97235],
							"rotation": [38.65552, 0, -12.2651],
							"uv": {
								"north": {"uv": [38, 47], "uv_size": [1, 1]},
								"east": {"uv": [47, 38], "uv_size": [1, 1]},
								"south": {"uv": [39, 47], "uv_size": [1, 1]},
								"west": {"uv": [47, 39], "uv_size": [1, 1]},
								"up": {"uv": [40, 47], "uv_size": [1, 1]},
								"down": {"uv": [47, 41], "uv_size": [1, -1]}
							}
						},
						{
							"origin": [1.86217, 28.6881, -4.72514],
							"size": [0.88645, 0.73167, 1.01911],
							"inflate": -0.2,
							"pivot": [2.54861, 27.78253, -3.97235],
							"rotation": [0, 0, -12],
							"uv": {
								"north": {"uv": [35, 47], "uv_size": [1, 1]},
								"east": {"uv": [47, 35], "uv_size": [1, 1]},
								"south": {"uv": [36, 47], "uv_size": [1, 1]},
								"west": {"uv": [47, 36], "uv_size": [1, 1]},
								"up": {"uv": [37, 47], "uv_size": [1, 1]},
								"down": {"uv": [47, 38], "uv_size": [1, -1]}
							}
						},
						{
							"origin": [1.46416, 28.04804, -4.17235],
							"size": [1.28445, 1.34962, 0.66533],
							"inflate": -0.2,
							"pivot": [2.54861, 27.78253, -3.97235],
							"rotation": [38.65552, 0, -12.2651],
							"uv": {
								"north": {"uv": [32, 47], "uv_size": [1, 1]},
								"east": {"uv": [47, 32], "uv_size": [1, 1]},
								"south": {"uv": [33, 47], "uv_size": [1, 1]},
								"west": {"uv": [47, 33], "uv_size": [1, 1]},
								"up": {"uv": [34, 47], "uv_size": [1, 1]},
								"down": {"uv": [47, 35], "uv_size": [1, -1]}
							}
						},
						{
							"origin": [1.46416, 28.04804, -4.75423],
							"size": [1.28445, 0.76775, 0.66533],
							"inflate": -0.2,
							"pivot": [2.54861, 27.78253, -4.55423],
							"rotation": [0.65552, 0, -12.2651],
							"uv": {
								"north": {"uv": [31, 48], "uv_size": [1, 1]},
								"east": {"uv": [48, 31], "uv_size": [1, 1]},
								"south": {"uv": [32, 48], "uv_size": [1, 1]},
								"west": {"uv": [48, 32], "uv_size": [1, 1]},
								"up": {"uv": [33, 48], "uv_size": [1, 1]},
								"down": {"uv": [48, 34], "uv_size": [1, -1]}
							}
						},
						{
							"origin": [-2.74861, 28.04804, -4.75423],
							"size": [1.28445, 0.76775, 0.66533],
							"inflate": -0.2,
							"pivot": [-2.54861, 27.78253, -4.55423],
							"rotation": [0.65552, 0, 12.2651],
							"uv": {
								"north": {"uv": [40, 48], "uv_size": [1, 1]},
								"east": {"uv": [48, 40], "uv_size": [1, 1]},
								"south": {"uv": [41, 48], "uv_size": [1, 1]},
								"west": {"uv": [48, 41], "uv_size": [1, 1]},
								"up": {"uv": [42, 48], "uv_size": [1, 1]},
								"down": {"uv": [48, 43], "uv_size": [1, -1]}
							}
						},
						{
							"origin": [-2.63212, 27.66411, -4.75439],
							"size": [1.28422, 0.83734, 0.79894],
							"inflate": -0.199,
							"uv": {
								"north": {"uv": [37, 48], "uv_size": [1, 1]},
								"east": {"uv": [48, 37], "uv_size": [1, 1]},
								"south": {"uv": [38, 48], "uv_size": [1, 1]},
								"west": {"uv": [48, 38], "uv_size": [1, 1]},
								"up": {"uv": [39, 48], "uv_size": [1, 1]},
								"down": {"uv": [48, 40], "uv_size": [1, -1]}
							}
						},
						{
							"origin": [-2.74861, 28.04804, -4.17235],
							"size": [1.16807, 1.34962, 0.66533],
							"inflate": -0.2,
							"pivot": [-2.54861, 27.78253, -3.97235],
							"rotation": [38.65552, 0, 12.2651],
							"uv": {
								"north": {"uv": [28, 48], "uv_size": [1, 1]},
								"east": {"uv": [48, 28], "uv_size": [1, 1]},
								"south": {"uv": [29, 48], "uv_size": [1, 1]},
								"west": {"uv": [48, 29], "uv_size": [1, 1]},
								"up": {"uv": [30, 48], "uv_size": [1, 1]},
								"down": {"uv": [48, 31], "uv_size": [1, -1]}
							}
						},
						{
							"origin": [-2.74861, 28.04804, -3.9396],
							"size": [1.16807, 1.19484, 0.87481],
							"inflate": -0.2,
							"pivot": [-2.54861, 27.78253, -3.97235],
							"rotation": [38.65552, 0, 12.2651],
							"uv": {
								"north": {"uv": [25, 48], "uv_size": [1, 1]},
								"east": {"uv": [48, 25], "uv_size": [1, 1]},
								"south": {"uv": [26, 48], "uv_size": [1, 1]},
								"west": {"uv": [48, 26], "uv_size": [1, 1]},
								"up": {"uv": [27, 48], "uv_size": [1, 1]},
								"down": {"uv": [48, 28], "uv_size": [1, -1]}
							}
						},
						{
							"origin": [-2.74861, 28.6881, -4.72514],
							"size": [0.88645, 0.73167, 1.01911],
							"inflate": -0.2,
							"pivot": [-2.54861, 27.78253, -3.97235],
							"rotation": [0, 0, 12],
							"uv": {
								"north": {"uv": [48, 19], "uv_size": [1, 1]},
								"east": {"uv": [48, 20], "uv_size": [1, 1]},
								"south": {"uv": [48, 21], "uv_size": [1, 1]},
								"west": {"uv": [48, 22], "uv_size": [1, 1]},
								"up": {"uv": [48, 23], "uv_size": [1, 1]},
								"down": {"uv": [48, 25], "uv_size": [1, -1]}
							}
						},
						{
							"origin": [-2.74861, 28.16441, -4.17235],
							"size": [0.88645, 1.25536, 6.16871],
							"inflate": -0.2,
							"pivot": [-2.54861, 27.78253, -3.97235],
							"rotation": [0, 0, 12],
							"uv": {
								"north": {"uv": [48, 17], "uv_size": [1, 1]},
								"east": {"uv": [40, 3], "uv_size": [6, 1]},
								"south": {"uv": [48, 18], "uv_size": [1, 1]},
								"west": {"uv": [40, 4], "uv_size": [6, 1]},
								"up": {"uv": [28, 40], "uv_size": [1, 6]},
								"down": {"uv": [29, 46], "uv_size": [1, -6]}
							}
						},
						{
							"origin": [-2.74861, 28.6881, -5.0568],
							"size": [0.88645, 0.73167, 0.798],
							"inflate": -0.2,
							"pivot": [-2.54861, 27.78253, -3.97235],
							"rotation": [0, 0, 12],
							"uv": {
								"north": {"uv": [48, 11], "uv_size": [1, 1]},
								"east": {"uv": [48, 12], "uv_size": [1, 1]},
								"south": {"uv": [48, 13], "uv_size": [1, 1]},
								"west": {"uv": [48, 14], "uv_size": [1, 1]},
								"up": {"uv": [48, 15], "uv_size": [1, 1]},
								"down": {"uv": [48, 17], "uv_size": [1, -1]}
							}
						},
						{
							"origin": [-6.18275, 24.36, -6.60187],
							"size": [6.545, 8.4275, 8.4275],
							"inflate": -3.4,
							"pivot": [-2.2125, 28.4075, -3.43313],
							"rotation": [-27.5, 0, 0],
							"uv": {
								"north": {"uv": [8, 0], "uv_size": [7, 8]},
								"east": {"uv": [0, 0], "uv_size": [8, 8]},
								"south": {"uv": [8, 8], "uv_size": [7, 8]},
								"west": {"uv": [0, 8], "uv_size": [8, 8]},
								"up": {"uv": [15, 0], "uv_size": [7, 8]},
								"down": {"uv": [15, 16], "uv_size": [7, -8]}
							}
						},
						{
							"origin": [-3.1025, 27.9525, -3.84062],
							"size": [1.135, 1.9075, 1.9075],
							"inflate": -0.2,
							"pivot": [-2.3775, 27.48125, -4.31188],
							"rotation": [-27.5, 0, 0],
							"uv": {
								"north": {"uv": [47, 22], "uv_size": [1, 2]},
								"east": {"uv": [41, 15], "uv_size": [2, 2]},
								"south": {"uv": [23, 47], "uv_size": [1, 2]},
								"west": {"uv": [41, 17], "uv_size": [2, 2]},
								"up": {"uv": [24, 47], "uv_size": [1, 2]},
								"down": {"uv": [47, 26], "uv_size": [1, -2]}
							}
						}
					]
				},
				{
					"name": "specter2",
					"parent": "specter",
					"pivot": [0.57955, 31.01427, -1.30853],
					"rotation": [0, 0, -90],
					"cubes": [
						{
							"origin": [-3.31412, 28.33929, -3.20962],
							"size": [6.44622, 7.3842, 7.3842],
							"inflate": -3.4,
							"pivot": [1.19866, 31.87661, -0.49041],
							"rotation": [-27.5, 0, 0],
							"uv": {
								"north": {"uv": [14, 16], "uv_size": [6, 7]},
								"east": {"uv": [0, 16], "uv_size": [7, 7]},
								"south": {"uv": [20, 16], "uv_size": [6, 7]},
								"west": {"uv": [7, 16], "uv_size": [7, 7]},
								"up": {"uv": [22, 0], "uv_size": [6, 7]},
								"down": {"uv": [22, 14], "uv_size": [6, -7]}
							}
						},
						{
							"origin": [-0.6911, 31.32283, -0.99997],
							"size": [0.85153, 2.03623, 2.03623],
							"inflate": -0.2,
							"pivot": [0.57955, 31.01427, -1.30853],
							"rotation": [-27.5, 0, 0],
							"uv": {
								"north": {"uv": [42, 44], "uv_size": [1, 2]},
								"east": {"uv": [20, 32], "uv_size": [2, 2]},
								"south": {"uv": [43, 44], "uv_size": [1, 2]},
								"west": {"uv": [41, 13], "uv_size": [2, 2]},
								"up": {"uv": [44, 44], "uv_size": [1, 2]},
								"down": {"uv": [0, 47], "uv_size": [1, -2]}
							}
						},
						{
							"origin": [-0.6911, 31.67195, -2.97835],
							"size": [0.73516, 1.33798, 1.33798],
							"inflate": -0.2,
							"pivot": [0.57955, 31.01427, -3.63603],
							"rotation": [-27.5, 0, 0],
							"uv": {
								"north": {"uv": [49, 1], "uv_size": [1, 1]},
								"east": {"uv": [2, 49], "uv_size": [1, 1]},
								"south": {"uv": [49, 2], "uv_size": [1, 1]},
								"west": {"uv": [3, 49], "uv_size": [1, 1]},
								"up": {"uv": [49, 3], "uv_size": [1, 1]},
								"down": {"uv": [4, 50], "uv_size": [1, -1]}
							}
						},
						{
							"origin": [-0.6911, 31.67195, -4.95672],
							"size": [0.73516, 1.33798, 1.33798],
							"inflate": -0.2,
							"pivot": [0.57955, 31.01427, -5.61441],
							"rotation": [-27.5, 0, 0],
							"uv": {
								"north": {"uv": [49, 4], "uv_size": [1, 1]},
								"east": {"uv": [5, 49], "uv_size": [1, 1]},
								"south": {"uv": [49, 5], "uv_size": [1, 1]},
								"west": {"uv": [6, 49], "uv_size": [1, 1]},
								"up": {"uv": [49, 6], "uv_size": [1, 1]},
								"down": {"uv": [7, 50], "uv_size": [1, -1]}
							}
						}
					]
				},
				{
					"name": "_ca_scope",
					"parent": "main",
					"pivot": [0, 25.78, -1.87],
					"cubes": [
						{
							"origin": [-0.24, 23.786, -2.1565],
							"size": [0.76, 0.76, 0.76],
							"uv": {
								"north": {"uv": [30, 25], "uv_size": [1, 1]},
								"east": {"uv": [45, 10], "uv_size": [1, 1]},
								"south": {"uv": [45, 32], "uv_size": [1, 1]},
								"west": {"uv": [45, 41], "uv_size": [1, 1]},
								"up": {"uv": [46, 4], "uv_size": [1, 1]},
								"down": {"uv": [46, 33], "uv_size": [1, -1]}
							}
						}
					]
				},
				{
					"name": "scope",
					"parent": "main",
					"pivot": [-0.04, 27.98, 8.69],
					"cubes": [
						{
							"origin": [-0.52, 27.5, 7.11],
							"size": [0.96, 0.96, 0.96],
							"inflate": -0.4,
							"uv": {
								"north": {"uv": [25, 47], "uv_size": [1, 1]},
								"east": {"uv": [47, 26], "uv_size": [1, 1]},
								"south": {"uv": [27, 47], "uv_size": [1, 1]},
								"west": {"uv": [47, 27], "uv_size": [1, 1]},
								"up": {"uv": [47, 28], "uv_size": [1, 1]},
								"down": {"uv": [47, 30], "uv_size": [1, -1]}
							}
						}
					]
				}
			]
		}
	]
}