{
	"format_version": "1.12.0",
	"minecraft:geometry": [
		{
			"description": {
				"identifier": "geometry.unknown",
				"texture_width": 32,
				"texture_height": 32,
				"visible_bounds_width": 8,
				"visible_bounds_height": 4,
				"visible_bounds_offset": [0, 1, 0]
			},
			"bones": [
				{
					"name": "main",
					"pivot": [0, 20, 0]
				},
				{
					"name": "_ca_scope",
					"parent": "main",
					"pivot": [0.1, 31.35, -3.25],
					"cubes": [
						{"origin": [-0.45, 30.85, -7.6], "size": [1, 1, 1], "uv": [0, 0]}
					]
				},
				{
					"name": "bone16",
					"parent": "main",
					"pivot": [-0.79619, 33.35529, -6.475],
					"cubes": [
						{
							"origin": [-0.85, 30.775, -8.175],
							"size": [0.4, 1.8, 4.225],
							"pivot": [-0.1, 31.775, -26.95],
							"rotation": [0, 0, -90],
							"uv": {
								"north": {"uv": [12, 8], "uv_size": [1, 2]},
								"east": {"uv": [0, 2], "uv_size": [4, 2]},
								"south": {"uv": [2, 16], "uv_size": [1, 2]},
								"west": {"uv": [0, 4], "uv_size": [4, 2]},
								"up": {"uv": [0, 10], "uv_size": [1, 4]},
								"down": {"uv": [10, 4], "uv_size": [1, -4]}
							}
						},
						{
							"origin": [-1.15, 29.725, -8.175],
							"size": [0.25, 0.575, 4.225],
							"pivot": [-1.025, 30.575, -6.475],
							"rotation": [0, 0, -180],
							"uv": {
								"north": {"uv": [16, 5], "uv_size": [1, 1]},
								"east": {"uv": [1, 10], "uv_size": [4, 1]},
								"south": {"uv": [17, 5], "uv_size": [1, 1]},
								"west": {"uv": [10, 4], "uv_size": [4, 1]},
								"up": {"uv": [5, 10], "uv_size": [1, 4]},
								"down": {"uv": [6, 14], "uv_size": [1, -4]}
							}
						},
						{
							"origin": [-0.85, 31.2, -8.175],
							"size": [2.05, 1.4, 4.225],
							"pivot": [-0.1, 32.025, -26.95],
							"rotation": [0, 0, -90],
							"uv": {
								"north": {"uv": [16, 2], "uv_size": [2, 1]},
								"east": {"uv": [10, 7], "uv_size": [4, 1]},
								"south": {"uv": [3, 16], "uv_size": [2, 1]},
								"west": {"uv": [9, 10], "uv_size": [4, 1]},
								"up": {"uv": [4, 0], "uv_size": [2, 4]},
								"down": {"uv": [4, 8], "uv_size": [2, -4]}
							}
						},
						{
							"origin": [0.88087, 31.39768, -8.175],
							"size": [0.125, 0.225, 4.225],
							"pivot": [0.94337, 31.28518, -6.475],
							"rotation": [0, 0, -50],
							"uv": {
								"north": {"uv": [3, 24], "uv_size": [1, 1]},
								"east": {"uv": [11, 0], "uv_size": [4, 1]},
								"south": {"uv": [24, 3], "uv_size": [1, 1]},
								"west": {"uv": [1, 11], "uv_size": [4, 1]},
								"up": {"uv": [9, 11], "uv_size": [1, 4]},
								"down": {"uv": [10, 15], "uv_size": [1, -4]}
							}
						},
						{
							"origin": [-0.95587, 31.39768, -8.175],
							"size": [0.125, 0.225, 4.225],
							"pivot": [-0.89337, 31.28518, -6.475],
							"rotation": [0, 0, 50],
							"uv": {
								"north": {"uv": [4, 24], "uv_size": [1, 1]},
								"east": {"uv": [11, 1], "uv_size": [4, 1]},
								"south": {"uv": [24, 4], "uv_size": [1, 1]},
								"west": {"uv": [11, 2], "uv_size": [4, 1]},
								"up": {"uv": [11, 11], "uv_size": [1, 4]},
								"down": {"uv": [1, 16], "uv_size": [1, -4]}
							}
						},
						{
							"origin": [0.5, 33.075, -8.25],
							"size": [0.225, 1.8, 4.375],
							"pivot": [0.025, 33.975, -6.925],
							"rotation": [0, 0, 90],
							"uv": {
								"north": {"uv": [16, 3], "uv_size": [1, 2]},
								"east": {"uv": [0, 6], "uv_size": [4, 2]},
								"south": {"uv": [6, 16], "uv_size": [1, 2]},
								"west": {"uv": [6, 0], "uv_size": [4, 2]},
								"up": {"uv": [2, 12], "uv_size": [1, 4]},
								"down": {"uv": [3, 16], "uv_size": [1, -4]}
							}
						},
						{
							"origin": [0.5, 35.5, -8.25],
							"size": [0.225, 1.8, 4.375],
							"pivot": [0.025, 36.4, -6.925],
							"rotation": [0, 0, 90],
							"uv": {
								"north": {"uv": [7, 16], "uv_size": [1, 2]},
								"east": {"uv": [6, 2], "uv_size": [4, 2]},
								"south": {"uv": [8, 16], "uv_size": [1, 2]},
								"west": {"uv": [6, 4], "uv_size": [4, 2]},
								"up": {"uv": [4, 12], "uv_size": [1, 4]},
								"down": {"uv": [12, 15], "uv_size": [1, -4]}
							}
						},
						{
							"origin": [-0.125, 33.7, -8.25],
							"size": [0.225, 1.8, 4.375],
							"pivot": [-0.6, 34.6, -6.925],
							"rotation": [0, 0, -180],
							"uv": {
								"north": {"uv": [16, 8], "uv_size": [1, 2]},
								"east": {"uv": [6, 6], "uv_size": [4, 2]},
								"south": {"uv": [9, 16], "uv_size": [1, 2]},
								"west": {"uv": [8, 8], "uv_size": [-4, 2]},
								"up": {"uv": [13, 8], "uv_size": [1, 4]},
								"down": {"uv": [13, 16], "uv_size": [1, -4]}
							}
						},
						{
							"origin": [2.3, 33.7, -8.25],
							"size": [0.225, 1.8, 4.375],
							"pivot": [1.825, 34.6, -6.925],
							"rotation": [0, 0, -180],
							"uv": {
								"north": {"uv": [16, 10], "uv_size": [1, 2]},
								"east": {"uv": [4, 8], "uv_size": [4, 2]},
								"south": {"uv": [13, 16], "uv_size": [1, 2]},
								"west": {"uv": [8, 8], "uv_size": [4, 2]},
								"up": {"uv": [0, 14], "uv_size": [1, 4]},
								"down": {"uv": [14, 7], "uv_size": [1, -4]}
							}
						},
						{
							"origin": [-1.33221, 35.42119, -8.25],
							"size": [0.225, 0.6, 4.375],
							"pivot": [-1.21971, 35.42119, -6.925],
							"rotation": [0, 0, 45],
							"uv": {
								"north": {"uv": [5, 24], "uv_size": [1, 1]},
								"east": {"uv": [5, 14], "uv_size": [4, 1]},
								"south": {"uv": [24, 5], "uv_size": [1, 1]},
								"west": {"uv": [14, 7], "uv_size": [4, 1]},
								"up": {"uv": [14, 8], "uv_size": [1, 4]},
								"down": {"uv": [14, 16], "uv_size": [1, -4]}
							}
						},
						{
							"origin": [1.15721, 35.42119, -8.25],
							"size": [0.225, 0.6, 4.375],
							"pivot": [1.26971, 35.42119, -6.925],
							"rotation": [0, 0, -45],
							"uv": {
								"north": {"uv": [6, 24], "uv_size": [1, 1]},
								"east": {"uv": [15, 0], "uv_size": [4, 1]},
								"south": {"uv": [24, 6], "uv_size": [1, 1]},
								"west": {"uv": [15, 1], "uv_size": [4, 1]},
								"up": {"uv": [15, 2], "uv_size": [1, 4]},
								"down": {"uv": [5, 19], "uv_size": [1, -4]}
							}
						},
						{
							"origin": [-0.90869, 33.35529, -8.25],
							"size": [0.225, 0.6, 4.375],
							"pivot": [-0.79619, 33.35529, -6.925],
							"rotation": [0, 0, -45],
							"uv": {
								"north": {"uv": [7, 24], "uv_size": [1, 1]},
								"east": {"uv": [6, 15], "uv_size": [4, 1]},
								"south": {"uv": [24, 7], "uv_size": [1, 1]},
								"west": {"uv": [15, 6], "uv_size": [4, 1]},
								"up": {"uv": [15, 8], "uv_size": [1, 4]},
								"down": {"uv": [10, 19], "uv_size": [1, -4]}
							}
						},
						{
							"origin": [0.73369, 33.35529, -8.25],
							"size": [0.225, 0.6, 4.375],
							"pivot": [0.84619, 33.35529, -6.925],
							"rotation": [0, 0, 45],
							"uv": {
								"north": {"uv": [8, 24], "uv_size": [1, 1]},
								"east": {"uv": [15, 12], "uv_size": [4, 1]},
								"south": {"uv": [24, 8], "uv_size": [1, 1]},
								"west": {"uv": [15, 13], "uv_size": [4, 1]},
								"up": {"uv": [11, 15], "uv_size": [1, 4]},
								"down": {"uv": [12, 19], "uv_size": [1, -4]}
							}
						},
						{
							"origin": [0.5, 33.075, -8.55],
							"size": [0.325, 1.8, 0.3],
							"pivot": [0.025, 33.975, -11.3],
							"rotation": [0, 0, 90],
							"uv": {
								"north": {"uv": [14, 16], "uv_size": [1, 2]},
								"east": {"uv": [16, 15], "uv_size": [1, 2]},
								"south": {"uv": [3, 17], "uv_size": [1, 2]},
								"west": {"uv": [17, 3], "uv_size": [1, 2]},
								"up": {"uv": [9, 24], "uv_size": [1, 1]},
								"down": {"uv": [24, 10], "uv_size": [1, -1]}
							}
						},
						{
							"origin": [2.2, 33.7, -8.55],
							"size": [0.325, 1.8, 0.3],
							"pivot": [1.825, 34.6, -11.3],
							"rotation": [0, 0, -180],
							"uv": {
								"north": {"uv": [4, 17], "uv_size": [1, 2]},
								"east": {"uv": [17, 8], "uv_size": [1, 2]},
								"south": {"uv": [17, 10], "uv_size": [1, 2]},
								"west": {"uv": [17, 15], "uv_size": [1, 2]},
								"up": {"uv": [10, 24], "uv_size": [1, 1]},
								"down": {"uv": [24, 11], "uv_size": [1, -1]}
							}
						},
						{
							"origin": [1.18724, 35.34974, -8.55],
							"size": [0.325, 0.742, 0.3],
							"pivot": [1.29974, 35.34974, -11.3],
							"rotation": [0, 0, -45],
							"uv": {
								"north": {"uv": [11, 24], "uv_size": [1, 1]},
								"east": {"uv": [24, 11], "uv_size": [1, 1]},
								"south": {"uv": [12, 24], "uv_size": [1, 1]},
								"west": {"uv": [24, 12], "uv_size": [1, 1]},
								"up": {"uv": [13, 24], "uv_size": [1, 1]},
								"down": {"uv": [24, 14], "uv_size": [1, -1]}
							}
						},
						{
							"origin": [0.4, 35.5, -8.55],
							"size": [0.325, 1.8, 0.3],
							"pivot": [0.025, 36.4, -11.3],
							"rotation": [0, 0, 90],
							"uv": {
								"north": {"uv": [16, 17], "uv_size": [1, 2]},
								"east": {"uv": [17, 17], "uv_size": [1, 2]},
								"south": {"uv": [0, 18], "uv_size": [1, 2]},
								"west": {"uv": [2, 18], "uv_size": [1, 2]},
								"up": {"uv": [14, 24], "uv_size": [1, 1]},
								"down": {"uv": [24, 15], "uv_size": [1, -1]}
							}
						},
						{
							"origin": [-0.125, 33.7, -8.55],
							"size": [0.325, 1.8, 0.3],
							"pivot": [-0.6, 34.6, -11.3],
							"rotation": [0, 0, -180],
							"uv": {
								"north": {"uv": [18, 2], "uv_size": [1, 2]},
								"east": {"uv": [18, 4], "uv_size": [1, 2]},
								"south": {"uv": [6, 18], "uv_size": [1, 2]},
								"west": {"uv": [7, 18], "uv_size": [1, 2]},
								"up": {"uv": [15, 24], "uv_size": [1, 1]},
								"down": {"uv": [24, 16], "uv_size": [1, -1]}
							}
						},
						{
							"origin": [-0.90828, 33.25488, -8.55],
							"size": [0.325, 0.742, 0.3],
							"pivot": [-0.79578, 33.25488, -11.3],
							"rotation": [0, 0, -45],
							"uv": {
								"north": {"uv": [16, 24], "uv_size": [1, 1]},
								"east": {"uv": [24, 16], "uv_size": [1, 1]},
								"south": {"uv": [17, 24], "uv_size": [1, 1]},
								"west": {"uv": [24, 17], "uv_size": [1, 1]},
								"up": {"uv": [18, 24], "uv_size": [1, 1]},
								"down": {"uv": [24, 19], "uv_size": [1, -1]}
							}
						},
						{
							"origin": [0.66257, 33.32559, -8.55],
							"size": [0.325, 0.742, 0.3],
							"pivot": [0.77507, 33.32559, -11.3],
							"rotation": [0, 0, 45],
							"uv": {
								"north": {"uv": [19, 24], "uv_size": [1, 1]},
								"east": {"uv": [24, 19], "uv_size": [1, 1]},
								"south": {"uv": [20, 24], "uv_size": [1, 1]},
								"west": {"uv": [24, 20], "uv_size": [1, 1]},
								"up": {"uv": [21, 24], "uv_size": [1, 1]},
								"down": {"uv": [24, 22], "uv_size": [1, -1]}
							}
						},
						{
							"origin": [-1.43262, 35.42078, -8.55],
							"size": [0.325, 0.742, 0.3],
							"pivot": [-1.32012, 35.42078, -11.3],
							"rotation": [0, 0, 45],
							"uv": {
								"north": {"uv": [22, 24], "uv_size": [1, 1]},
								"east": {"uv": [24, 22], "uv_size": [1, 1]},
								"south": {"uv": [23, 24], "uv_size": [1, 1]},
								"west": {"uv": [24, 23], "uv_size": [1, 1]},
								"up": {"uv": [24, 24], "uv_size": [1, 1]},
								"down": {"uv": [0, 26], "uv_size": [1, -1]}
							}
						},
						{
							"origin": [0.5, 33.075, -8.7],
							"size": [0.225, 1.8, 0.15],
							"pivot": [0.025, 33.975, -11.6],
							"rotation": [0, 0, 90],
							"uv": {
								"north": {"uv": [5, 19], "uv_size": [1, 2]},
								"east": {"uv": [19, 6], "uv_size": [1, 2]},
								"south": {"uv": [19, 8], "uv_size": [1, 2]},
								"west": {"uv": [10, 19], "uv_size": [1, 2]},
								"up": {"uv": [25, 16], "uv_size": [1, 1]},
								"down": {"uv": [17, 26], "uv_size": [1, -1]}
							}
						},
						{
							"origin": [-1.33221, 35.42119, -8.7],
							"size": [0.225, 0.6, 0.15],
							"pivot": [-1.21971, 35.42119, -11.6],
							"rotation": [0, 0, 45],
							"uv": {
								"north": {"uv": [25, 17], "uv_size": [1, 1]},
								"east": {"uv": [18, 25], "uv_size": [1, 1]},
								"south": {"uv": [25, 18], "uv_size": [1, 1]},
								"west": {"uv": [19, 25], "uv_size": [1, 1]},
								"up": {"uv": [25, 19], "uv_size": [1, 1]},
								"down": {"uv": [20, 26], "uv_size": [1, -1]}
							}
						},
						{
							"origin": [-0.125, 33.7, -8.7],
							"size": [0.225, 1.8, 0.15],
							"pivot": [-0.6, 34.6, -11.6],
							"rotation": [0, 0, -180],
							"uv": {
								"north": {"uv": [19, 10], "uv_size": [1, 2]},
								"east": {"uv": [11, 19], "uv_size": [1, 2]},
								"south": {"uv": [12, 19], "uv_size": [1, 2]},
								"west": {"uv": [19, 12], "uv_size": [1, 2]},
								"up": {"uv": [25, 20], "uv_size": [1, 1]},
								"down": {"uv": [21, 26], "uv_size": [1, -1]}
							}
						},
						{
							"origin": [-0.90869, 33.35529, -8.7],
							"size": [0.225, 0.6, 0.15],
							"pivot": [-0.79619, 33.35529, -11.6],
							"rotation": [0, 0, -45],
							"uv": {
								"north": {"uv": [25, 21], "uv_size": [1, 1]},
								"east": {"uv": [22, 25], "uv_size": [1, 1]},
								"south": {"uv": [25, 22], "uv_size": [1, 1]},
								"west": {"uv": [23, 25], "uv_size": [1, 1]},
								"up": {"uv": [25, 23], "uv_size": [1, 1]},
								"down": {"uv": [24, 26], "uv_size": [1, -1]}
							}
						},
						{
							"origin": [0.5, 35.5, -8.7],
							"size": [0.225, 1.8, 0.15],
							"pivot": [0.025, 36.4, -11.6],
							"rotation": [0, 0, 90],
							"uv": {
								"north": {"uv": [19, 14], "uv_size": [1, 2]},
								"east": {"uv": [16, 19], "uv_size": [1, 2]},
								"south": {"uv": [19, 16], "uv_size": [1, 2]},
								"west": {"uv": [17, 19], "uv_size": [1, 2]},
								"up": {"uv": [25, 24], "uv_size": [1, 1]},
								"down": {"uv": [25, 26], "uv_size": [1, -1]}
							}
						},
						{
							"origin": [1.15721, 35.42119, -8.7],
							"size": [0.225, 0.6, 0.15],
							"pivot": [1.26971, 35.42119, -11.6],
							"rotation": [0, 0, -45],
							"uv": {
								"north": {"uv": [0, 26], "uv_size": [1, 1]},
								"east": {"uv": [26, 0], "uv_size": [1, 1]},
								"south": {"uv": [1, 26], "uv_size": [1, 1]},
								"west": {"uv": [26, 1], "uv_size": [1, 1]},
								"up": {"uv": [2, 26], "uv_size": [1, 1]},
								"down": {"uv": [26, 3], "uv_size": [1, -1]}
							}
						},
						{
							"origin": [0.73369, 33.35529, -8.7],
							"size": [0.225, 0.6, 0.15],
							"pivot": [0.84619, 33.35529, -11.6],
							"rotation": [0, 0, 45],
							"uv": {
								"north": {"uv": [3, 26], "uv_size": [1, 1]},
								"east": {"uv": [26, 3], "uv_size": [1, 1]},
								"south": {"uv": [4, 26], "uv_size": [1, 1]},
								"west": {"uv": [26, 4], "uv_size": [1, 1]},
								"up": {"uv": [5, 26], "uv_size": [1, 1]},
								"down": {"uv": [26, 6], "uv_size": [1, -1]}
							}
						},
						{
							"origin": [2.3, 33.7, -8.7],
							"size": [0.225, 1.8, 0.15],
							"pivot": [1.825, 34.6, -11.6],
							"rotation": [0, 0, -180],
							"uv": {
								"north": {"uv": [19, 18], "uv_size": [1, 2]},
								"east": {"uv": [0, 20], "uv_size": [1, 2]},
								"south": {"uv": [20, 0], "uv_size": [1, 2]},
								"west": {"uv": [2, 20], "uv_size": [1, 2]},
								"up": {"uv": [6, 26], "uv_size": [1, 1]},
								"down": {"uv": [26, 7], "uv_size": [1, -1]}
							}
						},
						{
							"origin": [-0.2625, 35.5375, -7.05],
							"size": [0.4, 0.9, 0.9],
							"pivot": [0.025, 35.9875, -6.6],
							"rotation": [-45, 0, 90],
							"uv": {
								"north": {"uv": [23, 26], "uv_size": [1, 1]},
								"east": {"uv": [26, 23], "uv_size": [1, 1]},
								"south": {"uv": [24, 26], "uv_size": [1, 1]},
								"west": {"uv": [26, 24], "uv_size": [1, 1]},
								"up": {"uv": [25, 26], "uv_size": [1, 1]},
								"down": {"uv": [26, 26], "uv_size": [1, -1]}
							}
						},
						{
							"origin": [0.5, 35.75, -5.875],
							"size": [0.3, 1.8, 0.15],
							"pivot": [0.025, 36.65, -8.775],
							"rotation": [0, 0, 90],
							"uv": {
								"north": {"uv": [20, 18], "uv_size": [1, 2]},
								"east": {"uv": [19, 20], "uv_size": [1, 2]},
								"south": {"uv": [20, 20], "uv_size": [1, 2]},
								"west": {"uv": [21, 0], "uv_size": [1, 2]},
								"up": {"uv": [26, 26], "uv_size": [1, 1]},
								"down": {"uv": [0, 28], "uv_size": [1, -1]}
							}
						},
						{
							"origin": [0.5, 35.75, -7.475],
							"size": [0.3, 1.8, 0.15],
							"pivot": [0.025, 36.65, -10.375],
							"rotation": [0, 0, 90],
							"uv": {
								"north": {"uv": [1, 21], "uv_size": [1, 2]},
								"east": {"uv": [21, 2], "uv_size": [1, 2]},
								"south": {"uv": [3, 21], "uv_size": [1, 2]},
								"west": {"uv": [4, 21], "uv_size": [1, 2]},
								"up": {"uv": [27, 0], "uv_size": [1, 1]},
								"down": {"uv": [1, 28], "uv_size": [1, -1]}
							}
						},
						{
							"origin": [-0.125, 35.12113, -7.6167],
							"size": [0.4, 1.8, 0.2],
							"pivot": [0.025, 36.02113, -7.5417],
							"rotation": [0, 50, 90],
							"uv": {
								"north": {"uv": [21, 4], "uv_size": [1, 2]},
								"east": {"uv": [5, 21], "uv_size": [1, 2]},
								"south": {"uv": [21, 6], "uv_size": [1, 2]},
								"west": {"uv": [21, 8], "uv_size": [1, 2]},
								"up": {"uv": [27, 1], "uv_size": [1, 1]},
								"down": {"uv": [2, 28], "uv_size": [1, -1]}
							}
						},
						{
							"origin": [-0.125, 35.01855, -5.68884],
							"size": [0.4, 1.8, 0.2],
							"pivot": [0.025, 35.91855, -5.61384],
							"rotation": [0, 50, -90],
							"uv": {
								"north": {"uv": [10, 21], "uv_size": [1, 2]},
								"east": {"uv": [21, 10], "uv_size": [1, 2]},
								"south": {"uv": [11, 21], "uv_size": [1, 2]},
								"west": {"uv": [12, 21], "uv_size": [1, 2]},
								"up": {"uv": [27, 2], "uv_size": [1, 1]},
								"down": {"uv": [3, 28], "uv_size": [1, -1]}
							}
						},
						{
							"origin": [-0.125, 35.01328, -7.80515],
							"size": [0.4, 1.8, 0.2],
							"pivot": [0.025, 35.91328, -7.73015],
							"rotation": [0, 64, 90],
							"uv": {
								"north": {"uv": [21, 12], "uv_size": [1, 2]},
								"east": {"uv": [21, 14], "uv_size": [1, 2]},
								"south": {"uv": [16, 21], "uv_size": [1, 2]},
								"west": {"uv": [21, 16], "uv_size": [1, 2]},
								"up": {"uv": [27, 3], "uv_size": [1, 1]},
								"down": {"uv": [4, 28], "uv_size": [1, -1]}
							}
						},
						{
							"origin": [-0.175, 34.96889, -5.53587],
							"size": [0.4, 1.8, 0.2],
							"pivot": [0.025, 35.86889, -5.43587],
							"rotation": [0, -64, 90],
							"uv": {
								"north": {"uv": [17, 21], "uv_size": [1, 2]},
								"east": {"uv": [21, 18], "uv_size": [1, 2]},
								"south": {"uv": [21, 20], "uv_size": [1, 2]},
								"west": {"uv": [0, 22], "uv_size": [1, 2]},
								"up": {"uv": [27, 4], "uv_size": [1, 1]},
								"down": {"uv": [5, 28], "uv_size": [1, -1]}
							}
						},
						{
							"origin": [-0.78118, 35.775, -6.22594],
							"size": [0.3, 0.9, 0.125],
							"pivot": [-0.63118, 36.025, -6.15094],
							"rotation": [-33, 0, 90],
							"uv": {
								"north": {"uv": [27, 5], "uv_size": [1, 1]},
								"east": {"uv": [6, 27], "uv_size": [1, 1]},
								"south": {"uv": [27, 6], "uv_size": [1, 1]},
								"west": {"uv": [7, 27], "uv_size": [1, 1]},
								"up": {"uv": [27, 7], "uv_size": [1, 1]},
								"down": {"uv": [8, 28], "uv_size": [1, -1]}
							}
						},
						{
							"origin": [0.5, 35.75, -6.225],
							"size": [0.3, 0.2, 0.35],
							"pivot": [0.025, 36.65, -8.925],
							"rotation": [0, 0, 90],
							"uv": {
								"north": {"uv": [27, 8], "uv_size": [1, 1]},
								"east": {"uv": [9, 27], "uv_size": [1, 1]},
								"south": {"uv": [27, 9], "uv_size": [1, 1]},
								"west": {"uv": [10, 27], "uv_size": [1, 1]},
								"up": {"uv": [27, 10], "uv_size": [1, 1]},
								"down": {"uv": [11, 28], "uv_size": [1, -1]}
							}
						},
						{
							"origin": [0.5, 35.75, -6.35],
							"size": [0.3, 0.075, 0.125],
							"pivot": [0.025, 36.65, -9.275],
							"rotation": [0, 0, 90],
							"uv": {
								"north": {"uv": [27, 11], "uv_size": [1, 1]},
								"east": {"uv": [12, 27], "uv_size": [1, 1]},
								"south": {"uv": [27, 12], "uv_size": [1, 1]},
								"west": {"uv": [13, 27], "uv_size": [1, 1]},
								"up": {"uv": [27, 13], "uv_size": [1, 1]},
								"down": {"uv": [14, 28], "uv_size": [1, -1]}
							}
						},
						{
							"origin": [0.7, 35.75, -6.125],
							"size": [0.3, 0.2, 0.25],
							"pivot": [0.225, 36.65, -8.925],
							"rotation": [0, 0, 90],
							"uv": {
								"north": {"uv": [27, 14], "uv_size": [1, 1]},
								"east": {"uv": [15, 27], "uv_size": [1, 1]},
								"south": {"uv": [27, 15], "uv_size": [1, 1]},
								"west": {"uv": [16, 27], "uv_size": [1, 1]},
								"up": {"uv": [27, 16], "uv_size": [1, 1]},
								"down": {"uv": [17, 28], "uv_size": [1, -1]}
							}
						},
						{
							"origin": [0.9, 35.75, -6],
							"size": [0.3, 0.2, 0.125],
							"pivot": [0.425, 36.65, -8.925],
							"rotation": [0, 0, 90],
							"uv": {
								"north": {"uv": [27, 17], "uv_size": [1, 1]},
								"east": {"uv": [18, 27], "uv_size": [1, 1]},
								"south": {"uv": [27, 18], "uv_size": [1, 1]},
								"west": {"uv": [19, 27], "uv_size": [1, 1]},
								"up": {"uv": [27, 19], "uv_size": [1, 1]},
								"down": {"uv": [20, 28], "uv_size": [1, -1]}
							}
						},
						{
							"origin": [0.50625, 36.15625, -6.975],
							"size": [0.3, 0.2, 0.125],
							"pivot": [0.65625, 36.025, -7.0875],
							"rotation": [180, 0, 90],
							"uv": {
								"north": {"uv": [27, 20], "uv_size": [1, 1]},
								"east": {"uv": [21, 27], "uv_size": [1, 1]},
								"south": {"uv": [27, 21], "uv_size": [1, 1]},
								"west": {"uv": [22, 27], "uv_size": [1, 1]},
								"up": {"uv": [27, 22], "uv_size": [1, 1]},
								"down": {"uv": [23, 28], "uv_size": [1, -1]}
							}
						},
						{
							"origin": [0.50625, 35.95625, -7.1],
							"size": [0.3, 0.2, 0.25],
							"pivot": [0.65625, 36.025, -7.0875],
							"rotation": [180, 0, 90],
							"uv": {
								"north": {"uv": [27, 23], "uv_size": [1, 1]},
								"east": {"uv": [24, 27], "uv_size": [1, 1]},
								"south": {"uv": [27, 24], "uv_size": [1, 1]},
								"west": {"uv": [25, 27], "uv_size": [1, 1]},
								"up": {"uv": [27, 25], "uv_size": [1, 1]},
								"down": {"uv": [26, 28], "uv_size": [1, -1]}
							}
						},
						{
							"origin": [0.50625, 35.75625, -7.325],
							"size": [0.3, 0.075, 0.125],
							"pivot": [0.65625, 36.025, -7.0875],
							"rotation": [180, 0, 90],
							"uv": {
								"north": {"uv": [27, 26], "uv_size": [1, 1]},
								"east": {"uv": [27, 27], "uv_size": [1, 1]},
								"south": {"uv": [0, 28], "uv_size": [1, 1]},
								"west": {"uv": [28, 0], "uv_size": [1, 1]},
								"up": {"uv": [1, 28], "uv_size": [1, 1]},
								"down": {"uv": [28, 2], "uv_size": [1, -1]}
							}
						},
						{
							"origin": [0.50625, 35.75625, -7.2],
							"size": [0.3, 0.2, 0.35],
							"pivot": [0.65625, 36.025, -7.0875],
							"rotation": [180, 0, 90],
							"uv": {
								"north": {"uv": [2, 28], "uv_size": [1, 1]},
								"east": {"uv": [28, 2], "uv_size": [1, 1]},
								"south": {"uv": [3, 28], "uv_size": [1, 1]},
								"west": {"uv": [28, 3], "uv_size": [1, 1]},
								"up": {"uv": [4, 28], "uv_size": [1, 1]},
								"down": {"uv": [28, 5], "uv_size": [1, -1]}
							}
						},
						{
							"origin": [-0.75625, 36.15625, -6.975],
							"size": [0.3, 0.2, 0.125],
							"pivot": [-0.60625, 36.025, -7.0875],
							"rotation": [-180, 0, -90],
							"uv": {
								"north": {"uv": [5, 28], "uv_size": [1, 1]},
								"east": {"uv": [28, 5], "uv_size": [1, 1]},
								"south": {"uv": [6, 28], "uv_size": [1, 1]},
								"west": {"uv": [28, 6], "uv_size": [1, 1]},
								"up": {"uv": [7, 28], "uv_size": [1, 1]},
								"down": {"uv": [28, 8], "uv_size": [1, -1]}
							}
						},
						{
							"origin": [-0.75625, 35.95625, -7.1],
							"size": [0.3, 0.2, 0.25],
							"pivot": [-0.60625, 36.025, -7.0875],
							"rotation": [-180, 0, -90],
							"uv": {
								"north": {"uv": [8, 28], "uv_size": [1, 1]},
								"east": {"uv": [28, 8], "uv_size": [1, 1]},
								"south": {"uv": [9, 28], "uv_size": [1, 1]},
								"west": {"uv": [28, 9], "uv_size": [1, 1]},
								"up": {"uv": [10, 28], "uv_size": [1, 1]},
								"down": {"uv": [28, 11], "uv_size": [1, -1]}
							}
						},
						{
							"origin": [-0.75625, 35.75625, -7.2],
							"size": [0.3, 0.2, 0.35],
							"pivot": [-0.60625, 36.025, -7.0875],
							"rotation": [-180, 0, -90],
							"uv": {
								"north": {"uv": [11, 28], "uv_size": [1, 1]},
								"east": {"uv": [28, 11], "uv_size": [1, 1]},
								"south": {"uv": [12, 28], "uv_size": [1, 1]},
								"west": {"uv": [28, 12], "uv_size": [1, 1]},
								"up": {"uv": [13, 28], "uv_size": [1, 1]},
								"down": {"uv": [28, 14], "uv_size": [1, -1]}
							}
						},
						{
							"origin": [-0.75625, 35.75625, -7.325],
							"size": [0.3, 0.075, 0.125],
							"pivot": [-0.60625, 36.025, -7.0875],
							"rotation": [-180, 0, -90],
							"uv": {
								"north": {"uv": [14, 28], "uv_size": [1, 1]},
								"east": {"uv": [28, 14], "uv_size": [1, 1]},
								"south": {"uv": [15, 28], "uv_size": [1, 1]},
								"west": {"uv": [28, 15], "uv_size": [1, 1]},
								"up": {"uv": [16, 28], "uv_size": [1, 1]},
								"down": {"uv": [28, 17], "uv_size": [1, -1]}
							}
						},
						{
							"origin": [0.50625, 36.15625, -6],
							"size": [0.3, 0.2, 0.125],
							"pivot": [0.65625, 36.025, -6.1125],
							"rotation": [0, 0, -90],
							"uv": {
								"north": {"uv": [17, 28], "uv_size": [1, 1]},
								"east": {"uv": [28, 17], "uv_size": [1, 1]},
								"south": {"uv": [18, 28], "uv_size": [1, 1]},
								"west": {"uv": [28, 18], "uv_size": [1, 1]},
								"up": {"uv": [19, 28], "uv_size": [1, 1]},
								"down": {"uv": [28, 20], "uv_size": [1, -1]}
							}
						},
						{
							"origin": [0.50625, 35.95625, -6.125],
							"size": [0.3, 0.2, 0.25],
							"pivot": [0.65625, 36.025, -6.1125],
							"rotation": [0, 0, -90],
							"uv": {
								"north": {"uv": [20, 28], "uv_size": [1, 1]},
								"east": {"uv": [28, 20], "uv_size": [1, 1]},
								"south": {"uv": [21, 28], "uv_size": [1, 1]},
								"west": {"uv": [28, 21], "uv_size": [1, 1]},
								"up": {"uv": [22, 28], "uv_size": [1, 1]},
								"down": {"uv": [28, 23], "uv_size": [1, -1]}
							}
						},
						{
							"origin": [0.50625, 35.75625, -6.225],
							"size": [0.3, 0.2, 0.35],
							"pivot": [0.65625, 36.025, -6.1125],
							"rotation": [0, 0, -90],
							"uv": {
								"north": {"uv": [23, 28], "uv_size": [1, 1]},
								"east": {"uv": [28, 23], "uv_size": [1, 1]},
								"south": {"uv": [24, 28], "uv_size": [1, 1]},
								"west": {"uv": [28, 24], "uv_size": [1, 1]},
								"up": {"uv": [25, 28], "uv_size": [1, 1]},
								"down": {"uv": [28, 26], "uv_size": [1, -1]}
							}
						},
						{
							"origin": [0.50625, 35.75625, -6.35],
							"size": [0.3, 0.075, 0.125],
							"pivot": [0.65625, 36.025, -6.1125],
							"rotation": [0, 0, -90],
							"uv": {
								"north": {"uv": [26, 28], "uv_size": [1, 1]},
								"east": {"uv": [28, 26], "uv_size": [1, 1]},
								"south": {"uv": [27, 28], "uv_size": [1, 1]},
								"west": {"uv": [28, 27], "uv_size": [1, 1]},
								"up": {"uv": [28, 28], "uv_size": [1, 1]},
								"down": {"uv": [0, 30], "uv_size": [1, -1]}
							}
						},
						{
							"origin": [0.1821, 35.775, -7.32095],
							"size": [0.3, 0.9, 0.125],
							"pivot": [0.3321, 36.025, -7.24595],
							"rotation": [-33, 0, 90],
							"uv": {
								"north": {"uv": [29, 0], "uv_size": [1, 1]},
								"east": {"uv": [1, 29], "uv_size": [1, 1]},
								"south": {"uv": [29, 1], "uv_size": [1, 1]},
								"west": {"uv": [2, 29], "uv_size": [1, 1]},
								"up": {"uv": [29, 2], "uv_size": [1, 1]},
								"down": {"uv": [3, 30], "uv_size": [1, -1]}
							}
						},
						{
							"origin": [0.19571, 35.775, -6.00808],
							"size": [0.3, 0.9, 0.125],
							"pivot": [0.34571, 36.025, -5.93308],
							"rotation": [33, 0, 90],
							"uv": {
								"north": {"uv": [29, 3], "uv_size": [1, 1]},
								"east": {"uv": [4, 29], "uv_size": [1, 1]},
								"south": {"uv": [29, 4], "uv_size": [1, 1]},
								"west": {"uv": [5, 29], "uv_size": [1, 1]},
								"up": {"uv": [29, 5], "uv_size": [1, 1]},
								"down": {"uv": [6, 30], "uv_size": [1, -1]}
							}
						},
						{
							"origin": [-0.76756, 35.775, -7.10309],
							"size": [0.3, 0.9, 0.125],
							"pivot": [-0.61756, 36.025, -7.02809],
							"rotation": [33, 0, 90],
							"uv": {
								"north": {"uv": [29, 6], "uv_size": [1, 1]},
								"east": {"uv": [7, 29], "uv_size": [1, 1]},
								"south": {"uv": [29, 7], "uv_size": [1, 1]},
								"west": {"uv": [8, 29], "uv_size": [1, 1]},
								"up": {"uv": [29, 8], "uv_size": [1, 1]},
								"down": {"uv": [9, 30], "uv_size": [1, -1]}
							}
						},
						{
							"origin": [1.025, 29.725, -8.175],
							"size": [0.125, 0.575, 4.225],
							"pivot": [1.025, 30.575, -6.475],
							"rotation": [0, 0, -180],
							"uv": {
								"north": {"uv": [18, 11], "uv_size": [1, 1]},
								"east": {"uv": [10, 5], "uv_size": [4, 1]},
								"south": {"uv": [22, 0], "uv_size": [1, 1]},
								"west": {"uv": [10, 6], "uv_size": [4, 1]},
								"up": {"uv": [7, 10], "uv_size": [1, 4]},
								"down": {"uv": [8, 14], "uv_size": [1, -4]}
							}
						},
						{
							"origin": [0.82684, 30.95, -6.81737],
							"size": [0.35, 0.35, 0.35],
							"pivot": [1.00184, 31.125, -6.64237],
							"rotation": [-45, 0, -180],
							"uv": {
								"north": {"uv": [23, 11], "uv_size": [1, 1]},
								"east": {"uv": [12, 23], "uv_size": [1, 1]},
								"south": {"uv": [23, 12], "uv_size": [1, 1]},
								"west": {"uv": [13, 23], "uv_size": [1, 1]},
								"up": {"uv": [23, 13], "uv_size": [1, 1]},
								"down": {"uv": [14, 24], "uv_size": [1, -1]}
							}
						},
						{
							"origin": [0.85429, 31.275, -6.17306],
							"size": [0.275, 0.15, 0.45],
							"pivot": [0.99179, 31.35, -5.94806],
							"rotation": [0, -30.75, -180],
							"uv": {
								"north": {"uv": [23, 2], "uv_size": [1, 1]},
								"east": {"uv": [3, 23], "uv_size": [1, 1]},
								"south": {"uv": [23, 3], "uv_size": [1, 1]},
								"west": {"uv": [4, 23], "uv_size": [1, 1]},
								"up": {"uv": [23, 4], "uv_size": [1, 1]},
								"down": {"uv": [5, 24], "uv_size": [1, -1]}
							}
						},
						{
							"origin": [1.01907, 31.025, -6.25573],
							"size": [0.225, 0.25, 0.375],
							"pivot": [1.06907, 31.15, -6.06823],
							"rotation": [0, -27.5, -180],
							"uv": {
								"north": {"uv": [22, 14], "uv_size": [1, 1]},
								"east": {"uv": [15, 22], "uv_size": [1, 1]},
								"south": {"uv": [22, 15], "uv_size": [1, 1]},
								"west": {"uv": [22, 16], "uv_size": [1, 1]},
								"up": {"uv": [22, 17], "uv_size": [1, 1]},
								"down": {"uv": [18, 23], "uv_size": [1, -1]}
							}
						},
						{
							"origin": [0.925, 30.575, -5.825],
							"size": [0.275, 0.15, 0.425],
							"pivot": [1.075, 31, -7.075],
							"rotation": [0, 0, -180],
							"uv": {
								"north": {"uv": [22, 18], "uv_size": [1, 1]},
								"east": {"uv": [19, 22], "uv_size": [1, 1]},
								"south": {"uv": [22, 19], "uv_size": [1, 1]},
								"west": {"uv": [20, 22], "uv_size": [1, 1]},
								"up": {"uv": [22, 20], "uv_size": [1, 1]},
								"down": {"uv": [21, 23], "uv_size": [1, -1]}
							}
						},
						{
							"origin": [0.95, 30.225, -5.925],
							"size": [0.25, 0.25, 2.525],
							"pivot": [1.075, 30.75, -5.65],
							"rotation": [0, 0, -180],
							"uv": {
								"north": {"uv": [22, 1], "uv_size": [1, 1]},
								"east": {"uv": [11, 3], "uv_size": [3, 1]},
								"south": {"uv": [2, 22], "uv_size": [1, 1]},
								"west": {"uv": [15, 14], "uv_size": [3, 1]},
								"up": {"uv": [15, 15], "uv_size": [1, 3]},
								"down": {"uv": [1, 19], "uv_size": [1, -3]}
							}
						},
						{
							"origin": [0.925, 30.15, -5.825],
							"size": [0.275, 0.15, 0.425],
							"pivot": [1.075, 30.575, -7.075],
							"rotation": [0, 0, -180],
							"uv": {
								"north": {"uv": [23, 8], "uv_size": [1, 1]},
								"east": {"uv": [9, 23], "uv_size": [1, 1]},
								"south": {"uv": [23, 9], "uv_size": [1, 1]},
								"west": {"uv": [10, 23], "uv_size": [1, 1]},
								"up": {"uv": [23, 10], "uv_size": [1, 1]},
								"down": {"uv": [11, 24], "uv_size": [1, -1]}
							}
						},
						{
							"origin": [0.85429, 30.85, -6.17306],
							"size": [0.275, 0.15, 0.45],
							"pivot": [0.99179, 30.925, -5.94806],
							"rotation": [0, -30.75, -180],
							"uv": {
								"north": {"uv": [23, 5], "uv_size": [1, 1]},
								"east": {"uv": [6, 23], "uv_size": [1, 1]},
								"south": {"uv": [23, 6], "uv_size": [1, 1]},
								"west": {"uv": [7, 23], "uv_size": [1, 1]},
								"up": {"uv": [23, 7], "uv_size": [1, 1]},
								"down": {"uv": [8, 24], "uv_size": [1, -1]}
							}
						},
						{
							"origin": [0.91302, 31.275, -5.42729],
							"size": [0.275, 0.15, 1.225],
							"pivot": [1.05052, 31.1375, -5.20229],
							"rotation": [0, 10, -180],
							"uv": {
								"north": {"uv": [23, 14], "uv_size": [1, 1]},
								"east": {"uv": [15, 23], "uv_size": [1, 1]},
								"south": {"uv": [23, 15], "uv_size": [1, 1]},
								"west": {"uv": [16, 23], "uv_size": [1, 1]},
								"up": {"uv": [23, 16], "uv_size": [1, 1]},
								"down": {"uv": [17, 24], "uv_size": [1, -1]}
							}
						},
						{
							"origin": [0.91302, 30.85, -5.42729],
							"size": [0.275, 0.15, 1.225],
							"pivot": [1.05052, 31.1375, -5.20229],
							"rotation": [0, 10, -180],
							"uv": {
								"north": {"uv": [22, 21], "uv_size": [1, 1]},
								"east": {"uv": [22, 22], "uv_size": [1, 1]},
								"south": {"uv": [23, 0], "uv_size": [1, 1]},
								"west": {"uv": [1, 23], "uv_size": [1, 1]},
								"up": {"uv": [23, 1], "uv_size": [1, 1]},
								"down": {"uv": [2, 24], "uv_size": [1, -1]}
							}
						},
						{
							"origin": [1.3, 30.275, -3.9],
							"size": [0.1, 0.15, 0.075],
							"pivot": [1.275, 30.75, -3.625],
							"rotation": [0, 0, -180],
							"uv": {
								"north": {"uv": [22, 2], "uv_size": [1, 1]},
								"east": {"uv": [22, 3], "uv_size": [1, 1]},
								"south": {"uv": [22, 4], "uv_size": [1, 1]},
								"west": {"uv": [22, 5], "uv_size": [1, 1]},
								"up": {"uv": [6, 22], "uv_size": [1, 1]},
								"down": {"uv": [22, 7], "uv_size": [1, -1]}
							}
						},
						{
							"origin": [1.3, 30.275, -3.7],
							"size": [0.1, 0.15, 0.075],
							"pivot": [1.275, 30.75, -3.425],
							"rotation": [0, 0, -180],
							"uv": {
								"north": {"uv": [7, 22], "uv_size": [1, 1]},
								"east": {"uv": [22, 7], "uv_size": [1, 1]},
								"south": {"uv": [8, 22], "uv_size": [1, 1]},
								"west": {"uv": [22, 8], "uv_size": [1, 1]},
								"up": {"uv": [9, 22], "uv_size": [1, 1]},
								"down": {"uv": [22, 10], "uv_size": [1, -1]}
							}
						},
						{
							"origin": [1.3, 30.275, -3.5],
							"size": [0.1, 0.15, 0.075],
							"pivot": [1.275, 30.75, -3.225],
							"rotation": [0, 0, -180],
							"uv": {
								"north": {"uv": [22, 10], "uv_size": [1, 1]},
								"east": {"uv": [22, 11], "uv_size": [1, 1]},
								"south": {"uv": [22, 12], "uv_size": [1, 1]},
								"west": {"uv": [13, 22], "uv_size": [1, 1]},
								"up": {"uv": [22, 13], "uv_size": [1, 1]},
								"down": {"uv": [14, 23], "uv_size": [1, -1]}
							}
						},
						{
							"origin": [0.75, 30.275, -3.5],
							"size": [0.1, 0.15, 0.075],
							"pivot": [0.875, 30.75, -3.225],
							"rotation": [0, 0, 180],
							"uv": {
								"north": {"uv": [23, 17], "uv_size": [1, 1]},
								"east": {"uv": [18, 23], "uv_size": [1, 1]},
								"south": {"uv": [23, 18], "uv_size": [1, 1]},
								"west": {"uv": [19, 23], "uv_size": [1, 1]},
								"up": {"uv": [23, 19], "uv_size": [1, 1]},
								"down": {"uv": [20, 24], "uv_size": [1, -1]}
							}
						},
						{
							"origin": [0.75, 30.275, -3.7],
							"size": [0.1, 0.15, 0.075],
							"pivot": [0.875, 30.75, -3.425],
							"rotation": [0, 0, 180],
							"uv": {
								"north": {"uv": [23, 20], "uv_size": [1, 1]},
								"east": {"uv": [21, 23], "uv_size": [1, 1]},
								"south": {"uv": [23, 21], "uv_size": [1, 1]},
								"west": {"uv": [22, 23], "uv_size": [1, 1]},
								"up": {"uv": [23, 22], "uv_size": [1, 1]},
								"down": {"uv": [23, 24], "uv_size": [1, -1]}
							}
						},
						{
							"origin": [0.75, 30.275, -3.9],
							"size": [0.1, 0.15, 0.075],
							"pivot": [0.875, 30.75, -3.625],
							"rotation": [0, 0, 180],
							"uv": {
								"north": {"uv": [0, 24], "uv_size": [1, 1]},
								"east": {"uv": [24, 0], "uv_size": [1, 1]},
								"south": {"uv": [1, 24], "uv_size": [1, 1]},
								"west": {"uv": [24, 1], "uv_size": [1, 1]},
								"up": {"uv": [2, 24], "uv_size": [1, 1]},
								"down": {"uv": [24, 3], "uv_size": [1, -1]}
							}
						},
						{
							"origin": [-0.125, 33.7, -3.875],
							"size": [0.325, 1.8, 0.3],
							"pivot": [-0.6, 34.6, -6.625],
							"rotation": [0, 0, -180],
							"uv": {
								"north": {"uv": [19, 2], "uv_size": [1, 2]},
								"east": {"uv": [3, 19], "uv_size": [1, 2]},
								"south": {"uv": [4, 19], "uv_size": [1, 2]},
								"west": {"uv": [19, 4], "uv_size": [1, 2]},
								"up": {"uv": [25, 15], "uv_size": [1, 1]},
								"down": {"uv": [16, 26], "uv_size": [1, -1]}
							}
						},
						{
							"origin": [-0.125, 33.7, -3.575],
							"size": [0.225, 1.8, 0.15],
							"pivot": [-0.6, 34.6, -6.475],
							"rotation": [0, 0, -180],
							"uv": {
								"north": {"uv": [20, 2], "uv_size": [1, 2]},
								"east": {"uv": [20, 4], "uv_size": [1, 2]},
								"south": {"uv": [6, 20], "uv_size": [1, 2]},
								"west": {"uv": [20, 6], "uv_size": [1, 2]},
								"up": {"uv": [10, 26], "uv_size": [1, 1]},
								"down": {"uv": [26, 11], "uv_size": [1, -1]}
							}
						},
						{
							"origin": [-1.43262, 35.42078, -3.875],
							"size": [0.325, 0.742, 0.3],
							"pivot": [-1.32012, 35.42078, -6.625],
							"rotation": [0, 0, 45],
							"uv": {
								"north": {"uv": [25, 0], "uv_size": [1, 1]},
								"east": {"uv": [1, 25], "uv_size": [1, 1]},
								"south": {"uv": [25, 1], "uv_size": [1, 1]},
								"west": {"uv": [2, 25], "uv_size": [1, 1]},
								"up": {"uv": [25, 2], "uv_size": [1, 1]},
								"down": {"uv": [3, 26], "uv_size": [1, -1]}
							}
						},
						{
							"origin": [-1.33221, 35.42119, -3.575],
							"size": [0.225, 0.6, 0.15],
							"pivot": [-1.21971, 35.42119, -6.475],
							"rotation": [0, 0, 45],
							"uv": {
								"north": {"uv": [11, 26], "uv_size": [1, 1]},
								"east": {"uv": [26, 11], "uv_size": [1, 1]},
								"south": {"uv": [12, 26], "uv_size": [1, 1]},
								"west": {"uv": [26, 12], "uv_size": [1, 1]},
								"up": {"uv": [13, 26], "uv_size": [1, 1]},
								"down": {"uv": [26, 14], "uv_size": [1, -1]}
							}
						},
						{
							"origin": [0.5, 35.5, -3.575],
							"size": [0.225, 1.8, 0.15],
							"pivot": [0.025, 36.4, -6.475],
							"rotation": [0, 0, 90],
							"uv": {
								"north": {"uv": [7, 20], "uv_size": [1, 2]},
								"east": {"uv": [8, 20], "uv_size": [1, 2]},
								"south": {"uv": [20, 8], "uv_size": [1, 2]},
								"west": {"uv": [9, 20], "uv_size": [1, 2]},
								"up": {"uv": [14, 26], "uv_size": [1, 1]},
								"down": {"uv": [26, 15], "uv_size": [1, -1]}
							}
						},
						{
							"origin": [0.4, 35.5, -3.875],
							"size": [0.325, 1.8, 0.3],
							"pivot": [0.025, 36.4, -6.625],
							"rotation": [0, 0, 90],
							"uv": {
								"north": {"uv": [18, 7], "uv_size": [1, 2]},
								"east": {"uv": [8, 18], "uv_size": [1, 2]},
								"south": {"uv": [9, 18], "uv_size": [1, 2]},
								"west": {"uv": [18, 9], "uv_size": [1, 2]},
								"up": {"uv": [25, 3], "uv_size": [1, 1]},
								"down": {"uv": [4, 26], "uv_size": [1, -1]}
							}
						},
						{
							"origin": [2.2, 33.7, -3.875],
							"size": [0.325, 1.8, 0.3],
							"pivot": [1.825, 34.6, -6.625],
							"rotation": [0, 0, -180],
							"uv": {
								"north": {"uv": [13, 18], "uv_size": [1, 2]},
								"east": {"uv": [14, 18], "uv_size": [1, 2]},
								"south": {"uv": [18, 14], "uv_size": [1, 2]},
								"west": {"uv": [15, 18], "uv_size": [1, 2]},
								"up": {"uv": [25, 7], "uv_size": [1, 1]},
								"down": {"uv": [8, 26], "uv_size": [1, -1]}
							}
						},
						{
							"origin": [2.3, 33.7, -3.575],
							"size": [0.225, 1.8, 0.15],
							"pivot": [1.825, 34.6, -6.475],
							"rotation": [0, 0, -180],
							"uv": {
								"north": {"uv": [20, 10], "uv_size": [1, 2]},
								"east": {"uv": [20, 12], "uv_size": [1, 2]},
								"south": {"uv": [13, 20], "uv_size": [1, 2]},
								"west": {"uv": [14, 20], "uv_size": [1, 2]},
								"up": {"uv": [18, 26], "uv_size": [1, 1]},
								"down": {"uv": [26, 19], "uv_size": [1, -1]}
							}
						},
						{
							"origin": [1.18724, 35.34974, -3.875],
							"size": [0.325, 0.742, 0.3],
							"pivot": [1.29974, 35.34974, -6.625],
							"rotation": [0, 0, -45],
							"uv": {
								"north": {"uv": [25, 4], "uv_size": [1, 1]},
								"east": {"uv": [5, 25], "uv_size": [1, 1]},
								"south": {"uv": [25, 5], "uv_size": [1, 1]},
								"west": {"uv": [6, 25], "uv_size": [1, 1]},
								"up": {"uv": [25, 6], "uv_size": [1, 1]},
								"down": {"uv": [7, 26], "uv_size": [1, -1]}
							}
						},
						{
							"origin": [1.15721, 35.42119, -3.575],
							"size": [0.225, 0.6, 0.15],
							"pivot": [1.26971, 35.42119, -6.475],
							"rotation": [0, 0, -45],
							"uv": {
								"north": {"uv": [15, 26], "uv_size": [1, 1]},
								"east": {"uv": [26, 15], "uv_size": [1, 1]},
								"south": {"uv": [16, 26], "uv_size": [1, 1]},
								"west": {"uv": [26, 16], "uv_size": [1, 1]},
								"up": {"uv": [17, 26], "uv_size": [1, 1]},
								"down": {"uv": [26, 18], "uv_size": [1, -1]}
							}
						},
						{
							"origin": [0.73369, 33.35529, -3.575],
							"size": [0.225, 0.6, 0.15],
							"pivot": [0.84619, 33.35529, -6.475],
							"rotation": [0, 0, 45],
							"uv": {
								"north": {"uv": [19, 26], "uv_size": [1, 1]},
								"east": {"uv": [26, 19], "uv_size": [1, 1]},
								"south": {"uv": [20, 26], "uv_size": [1, 1]},
								"west": {"uv": [26, 20], "uv_size": [1, 1]},
								"up": {"uv": [21, 26], "uv_size": [1, 1]},
								"down": {"uv": [26, 22], "uv_size": [1, -1]}
							}
						},
						{
							"origin": [0.66257, 33.32559, -3.875],
							"size": [0.325, 0.742, 0.3],
							"pivot": [0.77507, 33.32559, -6.625],
							"rotation": [0, 0, 45],
							"uv": {
								"north": {"uv": [25, 8], "uv_size": [1, 1]},
								"east": {"uv": [9, 25], "uv_size": [1, 1]},
								"south": {"uv": [25, 9], "uv_size": [1, 1]},
								"west": {"uv": [10, 25], "uv_size": [1, 1]},
								"up": {"uv": [25, 10], "uv_size": [1, 1]},
								"down": {"uv": [11, 26], "uv_size": [1, -1]}
							}
						},
						{
							"origin": [0.5, 33.075, -3.875],
							"size": [0.325, 1.8, 0.3],
							"pivot": [0.025, 33.975, -6.625],
							"rotation": [0, 0, 90],
							"uv": {
								"north": {"uv": [18, 16], "uv_size": [1, 2]},
								"east": {"uv": [18, 18], "uv_size": [1, 2]},
								"south": {"uv": [19, 0], "uv_size": [1, 2]},
								"west": {"uv": [1, 19], "uv_size": [1, 2]},
								"up": {"uv": [25, 11], "uv_size": [1, 1]},
								"down": {"uv": [12, 26], "uv_size": [1, -1]}
							}
						},
						{
							"origin": [0.5, 33.075, -3.575],
							"size": [0.225, 1.8, 0.15],
							"pivot": [0.025, 33.975, -6.475],
							"rotation": [0, 0, 90],
							"uv": {
								"north": {"uv": [20, 14], "uv_size": [1, 2]},
								"east": {"uv": [15, 20], "uv_size": [1, 2]},
								"south": {"uv": [20, 16], "uv_size": [1, 2]},
								"west": {"uv": [18, 20], "uv_size": [1, 2]},
								"up": {"uv": [22, 26], "uv_size": [1, 1]},
								"down": {"uv": [26, 23], "uv_size": [1, -1]}
							}
						},
						{
							"origin": [-0.90828, 33.25488, -3.875],
							"size": [0.325, 0.742, 0.3],
							"pivot": [-0.79578, 33.25488, -6.625],
							"rotation": [0, 0, -45],
							"uv": {
								"north": {"uv": [25, 12], "uv_size": [1, 1]},
								"east": {"uv": [13, 25], "uv_size": [1, 1]},
								"south": {"uv": [25, 13], "uv_size": [1, 1]},
								"west": {"uv": [14, 25], "uv_size": [1, 1]},
								"up": {"uv": [25, 14], "uv_size": [1, 1]},
								"down": {"uv": [15, 26], "uv_size": [1, -1]}
							}
						},
						{
							"origin": [-0.90869, 33.35529, -3.575],
							"size": [0.225, 0.6, 0.15],
							"pivot": [-0.79619, 33.35529, -6.475],
							"rotation": [0, 0, -45],
							"uv": {
								"north": {"uv": [7, 26], "uv_size": [1, 1]},
								"east": {"uv": [26, 7], "uv_size": [1, 1]},
								"south": {"uv": [8, 26], "uv_size": [1, 1]},
								"west": {"uv": [26, 8], "uv_size": [1, 1]},
								"up": {"uv": [9, 26], "uv_size": [1, 1]},
								"down": {"uv": [26, 10], "uv_size": [1, -1]}
							}
						}
					]
				},
				{
					"name": "scope",
					"parent": "main",
					"pivot": [-0.05, 36, -13.35],
					"cubes": [
						{
							"origin": [-0.467, 34.1, 3.95],
							"size": [1, 1, 1],
							"inflate": -0.4,
							"uv": {
								"north": {"uv": [29, 9], "uv_size": [1, 1]},
								"east": {"uv": [10, 29], "uv_size": [1, 1]},
								"south": {"uv": [29, 10], "uv_size": [1, 1]},
								"west": {"uv": [11, 29], "uv_size": [1, 1]},
								"up": {"uv": [29, 11], "uv_size": [1, 1]},
								"down": {"uv": [12, 30], "uv_size": [1, -1]}
							}
						}
					]
				}
			]
		}
	]
}