{
	"format_version": "1.12.0",
	"minecraft:geometry": [
		{
			"description": {
				"identifier": "geometry.unknown",
				"texture_width": 32,
				"texture_height": 32,
				"visible_bounds_width": 8,
				"visible_bounds_height": 4,
				"visible_bounds_offset": [0, 1, 0]
			},
			"bones": [
				{
					"name": "main",
					"pivot": [0, 20, 0]
				},
				{
					"name": "gun",
					"parent": "main",
					"pivot": [1, 11, -1]
				},
				{
					"name": "bone2",
					"parent": "gun",
					"pivot": [0, 26.2, -19]
				},
				{
					"name": "bolt",
					"parent": "gun",
					"pivot": [-1.95, 23.95, -18.2]
				},
				{
					"name": "bone",
					"parent": "gun",
					"pivot": [-1.85, 24.85, 2.2],
					"rotation": [0, -13, 0]
				},
				{
					"name": "barrel",
					"parent": "gun",
					"pivot": [0, 24.3, -117.05]
				},
				{
					"name": "muzzledef",
					"parent": "barrel",
					"pivot": [0, 24.3, -117.05]
				},
				{
					"name": "bone4",
					"parent": "gun",
					"pivot": [-1.1, 27.85, -41.75]
				},
				{
					"name": "handguard",
					"parent": "gun",
					"pivot": [2.35, 23.05, -65.45]
				},
				{
					"name": "bone12",
					"parent": "handguard",
					"pivot": [3.3, 24.8, -43.65],
					"rotation": [0, 0, -90]
				},
				{
					"name": "bone13",
					"parent": "handguard",
					"pivot": [-3.3, 24.8, -43.65],
					"rotation": [0, 0, 90],
					"cubes": [
						{
							"origin": [-2.55, 19.05, -37.3749],
							"size": [0.6, 1.7, 2.523],
							"pivot": [-2.7, 19.8, -53.75],
							"rotation": [0, 0, -90],
							"uv": {
								"north": {"uv": [5, 16], "uv_size": [1, 2]},
								"east": {"uv": [14, 4], "uv_size": [3, 2]},
								"south": {"uv": [20, 0], "uv_size": [1, 2]},
								"west": {"uv": [14, 12], "uv_size": [3, 2]},
								"up": {"uv": [14, 18], "uv_size": [1, 3]},
								"down": {"uv": [15, 21], "uv_size": [1, -3]}
							}
						},
						{
							"origin": [-4.44886, 19.66919, -41.2749],
							"size": [0.3, 1.1, 2.523],
							"pivot": [-4.29886, 20.51919, -40.0134],
							"rotation": [0, 0, -58.75],
							"uv": {
								"north": {"uv": [16, 22], "uv_size": [1, 1]},
								"east": {"uv": [19, 4], "uv_size": [3, 1]},
								"south": {"uv": [22, 16], "uv_size": [1, 1]},
								"west": {"uv": [19, 5], "uv_size": [3, 1]},
								"up": {"uv": [17, 18], "uv_size": [1, 3]},
								"down": {"uv": [19, 15], "uv_size": [1, -3]}
							}
						},
						{
							"origin": [-4.44886, 19.66919, -37.3749],
							"size": [0.3, 1.1, 2.523],
							"pivot": [-4.29886, 20.51919, -36.1134],
							"rotation": [0, 0, -58.75],
							"uv": {
								"north": {"uv": [23, 1], "uv_size": [1, 1]},
								"east": {"uv": [19, 15], "uv_size": [3, 1]},
								"south": {"uv": [2, 23], "uv_size": [1, 1]},
								"west": {"uv": [19, 16], "uv_size": [3, 1]},
								"up": {"uv": [19, 17], "uv_size": [1, 3]},
								"down": {"uv": [18, 22], "uv_size": [1, -3]}
							}
						},
						{
							"origin": [-5.99813, 20.23422, -43.7999],
							"size": [0.25, 1, 10.425],
							"pivot": [-5.24816, 20.73416, -38.5874],
							"rotation": [0, 0, 90],
							"uv": {
								"north": {"uv": [17, 22], "uv_size": [1, 1]},
								"east": {"uv": [0, 0], "uv_size": [10, 1]},
								"south": {"uv": [22, 17], "uv_size": [1, 1]},
								"west": {"uv": [0, 1], "uv_size": [10, 1]},
								"up": {"uv": [0, 2], "uv_size": [1, 10]},
								"down": {"uv": [1, 12], "uv_size": [1, -10]}
							}
						},
						{
							"origin": [-4.74813, 20.23422, -43.7999],
							"size": [0.25, 1, 10.425],
							"pivot": [-5.24816, 20.73416, -38.5874],
							"rotation": [0, 0, 90],
							"uv": {
								"north": {"uv": [20, 22], "uv_size": [1, 1]},
								"east": {"uv": [6, 6], "uv_size": [10, 1]},
								"south": {"uv": [22, 20], "uv_size": [1, 1]},
								"west": {"uv": [6, 7], "uv_size": [10, 1]},
								"up": {"uv": [6, 8], "uv_size": [1, 10]},
								"down": {"uv": [7, 18], "uv_size": [1, -10]}
							}
						},
						{
							"origin": [-5.99822, 20.23419, -43.7999],
							"size": [1.25, 1, 10.425],
							"pivot": [-5.24816, 20.73416, -38.5874],
							"rotation": [0, 0, 180],
							"uv": {
								"north": {"uv": [18, 22], "uv_size": [1, 1]},
								"east": {"uv": [2, 2], "uv_size": [10, 1]},
								"south": {"uv": [22, 18], "uv_size": [1, 1]},
								"west": {"uv": [2, 3], "uv_size": [10, 1]},
								"up": {"uv": [2, 4], "uv_size": [1, 10]},
								"down": {"uv": [3, 14], "uv_size": [1, -10]}
							}
						},
						{
							"origin": [-6.24822, 20.13419, -45.1249],
							"size": [1.6, 1.6, 1.6],
							"pivot": [-5.34816, 20.83416, -49.3124],
							"rotation": [0, 0, 180],
							"uv": {
								"north": {"uv": [2, 14], "uv_size": [2, 2]},
								"east": {"uv": [16, 6], "uv_size": [2, 2]},
								"south": {"uv": [14, 16], "uv_size": [2, 2]},
								"west": {"uv": [16, 16], "uv_size": [2, 2]},
								"up": {"uv": [17, 4], "uv_size": [2, 2]},
								"down": {"uv": [17, 14], "uv_size": [2, -2]}
							}
						},
						{
							"origin": [-4.84822, 20.33419, -46.0499],
							"size": [0.2, 1.2, 0.925],
							"pivot": [-5.34816, 20.83416, -50.9124],
							"rotation": [0, 0, 180],
							"uv": {
								"north": {"uv": [4, 20], "uv_size": [1, 2]},
								"east": {"uv": [5, 20], "uv_size": [1, 2]},
								"south": {"uv": [6, 20], "uv_size": [1, 2]},
								"west": {"uv": [20, 6], "uv_size": [1, 2]},
								"up": {"uv": [23, 3], "uv_size": [1, 1]},
								"down": {"uv": [4, 24], "uv_size": [1, -1]}
							}
						},
						{
							"origin": [-3.44822, 20.33419, -46.0499],
							"size": [0.2, 1.2, 0.925],
							"pivot": [-3.94816, 20.83416, -50.9124],
							"rotation": [0, 0, 180],
							"uv": {
								"north": {"uv": [7, 20], "uv_size": [1, 2]},
								"east": {"uv": [8, 20], "uv_size": [1, 2]},
								"south": {"uv": [20, 8], "uv_size": [1, 2]},
								"west": {"uv": [9, 20], "uv_size": [1, 2]},
								"up": {"uv": [23, 4], "uv_size": [1, 1]},
								"down": {"uv": [5, 24], "uv_size": [1, -1]}
							}
						},
						{
							"origin": [-4.84819, 21.3341, -46.0499],
							"size": [0.2, 1.6, 0.925],
							"pivot": [-5.34813, 22.03407, -50.9124],
							"rotation": [0, 0, 90],
							"uv": {
								"north": {"uv": [10, 20], "uv_size": [1, 2]},
								"east": {"uv": [11, 20], "uv_size": [1, 2]},
								"south": {"uv": [20, 12], "uv_size": [1, 2]},
								"west": {"uv": [20, 17], "uv_size": [1, 2]},
								"up": {"uv": [23, 5], "uv_size": [1, 1]},
								"down": {"uv": [6, 24], "uv_size": [1, -1]}
							}
						},
						{
							"origin": [-4.84819, 19.9341, -46.0499],
							"size": [0.2, 1.6, 0.925],
							"pivot": [-5.34813, 20.63407, -50.9124],
							"rotation": [0, 0, 90],
							"uv": {
								"north": {"uv": [19, 20], "uv_size": [1, 2]},
								"east": {"uv": [20, 19], "uv_size": [1, 2]},
								"south": {"uv": [21, 0], "uv_size": [1, 2]},
								"west": {"uv": [21, 6], "uv_size": [1, 2]},
								"up": {"uv": [23, 6], "uv_size": [1, 1]},
								"down": {"uv": [7, 24], "uv_size": [1, -1]}
							}
						},
						{
							"origin": [-6.24822, 20.13419, -40.0249],
							"size": [1.6, 1.6, 1.6],
							"pivot": [-5.34816, 20.83416, -44.2124],
							"rotation": [0, 0, 180],
							"uv": {
								"north": {"uv": [17, 14], "uv_size": [2, 2]},
								"east": {"uv": [2, 18], "uv_size": [2, 2]},
								"south": {"uv": [4, 18], "uv_size": [2, 2]},
								"west": {"uv": [6, 18], "uv_size": [2, 2]},
								"up": {"uv": [18, 6], "uv_size": [2, 2]},
								"down": {"uv": [18, 10], "uv_size": [2, -2]}
							}
						},
						{
							"origin": [-6.13207, 20.55745, -43.7999],
							"size": [0.25, 0.354, 10.425],
							"pivot": [-5.24816, 20.73416, -38.5874],
							"rotation": [0, 0, 135],
							"uv": {
								"north": {"uv": [21, 22], "uv_size": [1, 1]},
								"east": {"uv": [8, 8], "uv_size": [10, 1]},
								"south": {"uv": [22, 21], "uv_size": [1, 1]},
								"west": {"uv": [8, 9], "uv_size": [10, 1]},
								"up": {"uv": [8, 10], "uv_size": [1, 10]},
								"down": {"uv": [9, 20], "uv_size": [1, -10]}
							}
						},
						{
							"origin": [-4.6143, 20.55701, -43.7999],
							"size": [0.25, 0.354, 10.425],
							"pivot": [-5.24816, 20.73416, -38.5874],
							"rotation": [0, 0, 135],
							"uv": {
								"north": {"uv": [22, 22], "uv_size": [1, 1]},
								"east": {"uv": [10, 0], "uv_size": [10, 1]},
								"south": {"uv": [0, 23], "uv_size": [1, 1]},
								"west": {"uv": [10, 1], "uv_size": [10, 1]},
								"up": {"uv": [10, 10], "uv_size": [1, 10]},
								"down": {"uv": [11, 20], "uv_size": [1, -10]}
							}
						},
						{
							"origin": [-4.61421, 20.55696, -43.7999],
							"size": [0.25, 0.354, 10.425],
							"pivot": [-5.24816, 20.73416, -38.5874],
							"rotation": [0, 0, 45],
							"uv": {
								"north": {"uv": [23, 2], "uv_size": [1, 1]},
								"east": {"uv": [12, 10], "uv_size": [10, 1]},
								"south": {"uv": [3, 23], "uv_size": [1, 1]},
								"west": {"uv": [12, 11], "uv_size": [10, 1]},
								"up": {"uv": [12, 12], "uv_size": [1, 10]},
								"down": {"uv": [13, 22], "uv_size": [1, -10]}
							}
						},
						{
							"origin": [-6.13198, 20.55696, -43.7999],
							"size": [0.25, 0.354, 10.425],
							"pivot": [-5.24816, 20.73416, -38.5874],
							"rotation": [0, 0, 45],
							"uv": {
								"north": {"uv": [23, 0], "uv_size": [1, 1]},
								"east": {"uv": [12, 2], "uv_size": [10, 1]},
								"south": {"uv": [1, 23], "uv_size": [1, 1]},
								"west": {"uv": [12, 3], "uv_size": [10, 1]},
								"up": {"uv": [0, 12], "uv_size": [1, 10]},
								"down": {"uv": [1, 22], "uv_size": [1, -10]}
							}
						},
						{
							"origin": [-4.74822, 20.23419, -43.7999],
							"size": [0.25, 1, 10.425],
							"pivot": [-5.24816, 20.73416, -38.5874],
							"rotation": [0, 0, 180],
							"uv": {
								"north": {"uv": [19, 22], "uv_size": [1, 1]},
								"east": {"uv": [4, 4], "uv_size": [10, 1]},
								"south": {"uv": [22, 19], "uv_size": [1, 1]},
								"west": {"uv": [4, 5], "uv_size": [10, 1]},
								"up": {"uv": [4, 6], "uv_size": [1, 10]},
								"down": {"uv": [5, 16], "uv_size": [1, -10]}
							}
						},
						{
							"origin": [-2.55, 19.05, -41.2749],
							"size": [0.6, 1.7, 2.523],
							"pivot": [-2.7, 19.8, -57.35],
							"rotation": [0, 0, -90],
							"uv": {
								"north": {"uv": [2, 20], "uv_size": [1, 2]},
								"east": {"uv": [14, 14], "uv_size": [3, 2]},
								"south": {"uv": [3, 20], "uv_size": [1, 2]},
								"west": {"uv": [2, 16], "uv_size": [3, 2]},
								"up": {"uv": [16, 18], "uv_size": [1, 3]},
								"down": {"uv": [18, 19], "uv_size": [1, -3]}
							}
						},
						{
							"origin": [-3.3, 19.725, -40.3749],
							"size": [1, 1, 1],
							"pivot": [-2.8, 20.225, -39.8749],
							"rotation": [-45, 0, -90],
							"uv": {
								"north": {"uv": [10, 22], "uv_size": [1, 1]},
								"east": {"uv": [22, 10], "uv_size": [1, 1]},
								"south": {"uv": [11, 22], "uv_size": [1, 1]},
								"west": {"uv": [22, 11], "uv_size": [1, 1]},
								"up": {"uv": [12, 22], "uv_size": [1, 1]},
								"down": {"uv": [22, 13], "uv_size": [1, -1]}
							}
						},
						{
							"origin": [-3.3, 19.725, -36.7999],
							"size": [1, 1, 1],
							"pivot": [-2.8, 20.225, -36.2999],
							"rotation": [-45, 0, -90],
							"uv": {
								"north": {"uv": [13, 22], "uv_size": [1, 1]},
								"east": {"uv": [22, 13], "uv_size": [1, 1]},
								"south": {"uv": [14, 22], "uv_size": [1, 1]},
								"west": {"uv": [22, 14], "uv_size": [1, 1]},
								"up": {"uv": [15, 22], "uv_size": [1, 1]},
								"down": {"uv": [22, 16], "uv_size": [1, -1]}
							}
						},
						{
							"origin": [-2.55, 19.45, -38.7729],
							"size": [0.6, 0.9, 1.398],
							"pivot": [-2.7, 19.8, -55.973],
							"rotation": [0, 0, -90],
							"uv": {
								"north": {"uv": [21, 14], "uv_size": [1, 1]},
								"east": {"uv": [15, 21], "uv_size": [1, 1]},
								"south": {"uv": [16, 21], "uv_size": [1, 1]},
								"west": {"uv": [17, 21], "uv_size": [1, 1]},
								"up": {"uv": [21, 17], "uv_size": [1, 1]},
								"down": {"uv": [21, 19], "uv_size": [1, -1]}
							}
						},
						{
							"origin": [-3.68843, 20, -37.5362],
							"size": [0.6, 0.5, 0.348],
							"pivot": [-3.38843, 20.25, -37.4372],
							"rotation": [-35, 0, -90],
							"uv": {
								"north": {"uv": [21, 19], "uv_size": [1, 1]},
								"east": {"uv": [20, 21], "uv_size": [1, 1]},
								"south": {"uv": [21, 20], "uv_size": [1, 1]},
								"west": {"uv": [21, 21], "uv_size": [1, 1]},
								"up": {"uv": [0, 22], "uv_size": [1, 1]},
								"down": {"uv": [22, 1], "uv_size": [1, -1]}
							}
						},
						{
							"origin": [-3.64541, 20, -38.92504],
							"size": [0.6, 0.5, 0.348],
							"pivot": [-3.34541, 20.25, -38.75104],
							"rotation": [35, 0, -90],
							"uv": {
								"north": {"uv": [4, 22], "uv_size": [1, 1]},
								"east": {"uv": [22, 4], "uv_size": [1, 1]},
								"south": {"uv": [5, 22], "uv_size": [1, 1]},
								"west": {"uv": [22, 5], "uv_size": [1, 1]},
								"up": {"uv": [6, 22], "uv_size": [1, 1]},
								"down": {"uv": [22, 7], "uv_size": [1, -1]}
							}
						},
						{
							"origin": [-2.55459, 20, -37.54976],
							"size": [0.6, 0.5, 0.348],
							"pivot": [-2.25459, 20.25, -37.37576],
							"rotation": [35, 0, -90],
							"uv": {
								"north": {"uv": [7, 22], "uv_size": [1, 1]},
								"east": {"uv": [22, 7], "uv_size": [1, 1]},
								"south": {"uv": [8, 22], "uv_size": [1, 1]},
								"west": {"uv": [22, 8], "uv_size": [1, 1]},
								"up": {"uv": [9, 22], "uv_size": [1, 1]},
								"down": {"uv": [22, 10], "uv_size": [1, -1]}
							}
						},
						{
							"origin": [-2.59761, 20, -38.91147],
							"size": [0.6, 0.5, 0.348],
							"pivot": [-2.29761, 20.25, -38.81247],
							"rotation": [-35, 0, -90],
							"uv": {
								"north": {"uv": [1, 22], "uv_size": [1, 1]},
								"east": {"uv": [22, 1], "uv_size": [1, 1]},
								"south": {"uv": [2, 22], "uv_size": [1, 1]},
								"west": {"uv": [22, 2], "uv_size": [1, 1]},
								"up": {"uv": [3, 22], "uv_size": [1, 1]},
								"down": {"uv": [22, 4], "uv_size": [1, -1]}
							}
						}
					]
				},
				{
					"name": "_ca_flashlight",
					"parent": "main",
					"pivot": [-7.1, 24.35, -56.925],
					"cubes": [
						{
							"origin": [-7.6, 23.85, -40.225],
							"size": [1, 1, 1],
							"uv": {
								"north": {"uv": [20, 14], "uv_size": [1, 1]},
								"east": {"uv": [21, 8], "uv_size": [1, 1]},
								"south": {"uv": [21, 9], "uv_size": [1, 1]},
								"west": {"uv": [21, 12], "uv_size": [1, 1]},
								"up": {"uv": [21, 13], "uv_size": [1, 1]},
								"down": {"uv": [14, 22], "uv_size": [1, -1]}
							}
						}
					]
				}
			]
		}
	]
}