{
	"format_version": "1.12.0",
	"minecraft:geometry": [
		{
			"description": {
				"identifier": "geometry.unknown",
				"texture_width": 128,
				"texture_height": 128,
				"visible_bounds_width": 10,
				"visible_bounds_height": 4,
				"visible_bounds_offset": [0, 1, 0]
			},
			"bones": [
				{
					"name": "main",
					"pivot": [0, 20, 0]
				},
				{
					"name": "gun",
					"parent": "main",
					"pivot": [0.025, 17.2, -18.1875],
					"cubes": [
						{
							"origin": [-0.8, 18.225, -21.6],
							"size": [1.6, 1.4, 7.625],
							"uv": {
								"north": {"uv": [2, 65], "uv_size": [2, 1]},
								"east": {"uv": [60, 63], "uv_size": [8, 1]},
								"south": {"uv": [54, 66], "uv_size": [2, 1]},
								"west": {"uv": [60, 64], "uv_size": [8, 1]},
								"up": {"uv": [50, 63], "uv_size": [2, 8]},
								"down": {"uv": [52, 71], "uv_size": [2, -8]}
							}
						},
						{
							"origin": [-0.925, 17.85, -21.6],
							"size": [0.35, 0.65, 7.625],
							"pivot": [-0.75, 18.175, -17.7875],
							"rotation": [0, 0, 22.5],
							"uv": {
								"north": {"uv": [56, 66], "uv_size": [1, 1]},
								"east": {"uv": [28, 65], "uv_size": [8, 1]},
								"south": {"uv": [57, 66], "uv_size": [1, 1]},
								"west": {"uv": [36, 65], "uv_size": [8, 1]},
								"up": {"uv": [0, 65], "uv_size": [1, 8]},
								"down": {"uv": [1, 73], "uv_size": [1, -8]}
							}
						},
						{
							"origin": [-1.775, 15.7, -22.1],
							"size": [2.6, 2.6, 8.775],
							"pivot": [0.025, 16.5, -17.9625],
							"rotation": [0, 0, 45],
							"uv": {
								"north": {"uv": [54, 63], "uv_size": [3, 3]},
								"east": {"uv": [4, 63], "uv_size": [9, 3]},
								"south": {"uv": [57, 63], "uv_size": [3, 3]},
								"west": {"uv": [13, 63], "uv_size": [9, 3]},
								"up": {"uv": [22, 63], "uv_size": [3, 9]},
								"down": {"uv": [25, 72], "uv_size": [3, -9]}
							}
						},
						{
							"origin": [0.975, 18.825, -18.3],
							"size": [0.3, 0.8, 0.8],
							"pivot": [1.125, 19.325, -17.8],
							"rotation": [-45, 0, 0],
							"uv": {
								"north": {"uv": [58, 66], "uv_size": [1, 1]},
								"east": {"uv": [58, 66], "uv_size": [1, 1]},
								"south": {"uv": [58, 66], "uv_size": [1, 1]},
								"west": {"uv": [58, 66], "uv_size": [1, 1]},
								"up": {"uv": [58, 66], "uv_size": [1, 1]},
								"down": {"uv": [58, 67], "uv_size": [1, -1]}
							}
						},
						{
							"origin": [0.775, 18.7, -19.4],
							"size": [0.3, 1.25, 4.95],
							"uv": {
								"north": {"uv": [59, 66], "uv_size": [1, 1]},
								"east": {"uv": [10, 66], "uv_size": [5, 1]},
								"south": {"uv": [60, 66], "uv_size": [1, 1]},
								"west": {"uv": [15, 66], "uv_size": [5, 1]},
								"up": {"uv": [20, 66], "uv_size": [1, 5]},
								"down": {"uv": [21, 71], "uv_size": [1, -5]}
							}
						},
						{
							"origin": [0.95, 18.825, -16.35],
							"size": [0.3, 0.8, 0.8],
							"pivot": [1.1, 19.325, -15.85],
							"rotation": [-45, 0, 0],
							"uv": {
								"north": {"uv": [58, 66], "uv_size": [1, 1]},
								"east": {"uv": [58, 66], "uv_size": [1, 1]},
								"south": {"uv": [58, 66], "uv_size": [1, 1]},
								"west": {"uv": [58, 66], "uv_size": [1, 1]},
								"up": {"uv": [58, 66], "uv_size": [1, 1]},
								"down": {"uv": [58, 67], "uv_size": [1, -1]}
							}
						},
						{
							"origin": [-1.075, 18.7, -19.4],
							"size": [0.3, 1.25, 4.95],
							"uv": {
								"north": {"uv": [61, 66], "uv_size": [1, 1]},
								"east": {"uv": [28, 66], "uv_size": [5, 1]},
								"south": {"uv": [62, 66], "uv_size": [1, 1]},
								"west": {"uv": [33, 66], "uv_size": [5, 1]},
								"up": {"uv": [38, 66], "uv_size": [1, 5]},
								"down": {"uv": [39, 71], "uv_size": [1, -5]}
							}
						},
						{
							"origin": [-1.275, 18.825, -18.3],
							"size": [0.3, 0.8, 0.8],
							"pivot": [-1.125, 19.325, -17.8],
							"rotation": [-45, 0, 0],
							"uv": {
								"north": {"uv": [63, 66], "uv_size": [1, 1]},
								"east": {"uv": [63, 66], "uv_size": [1, 1]},
								"south": {"uv": [63, 66], "uv_size": [1, 1]},
								"west": {"uv": [63, 66], "uv_size": [1, 1]},
								"up": {"uv": [63, 66], "uv_size": [1, 1]},
								"down": {"uv": [63, 67], "uv_size": [1, -1]}
							}
						},
						{
							"origin": [-1.25, 18.825, -16.35],
							"size": [0.3, 0.8, 0.8],
							"pivot": [-1.1, 19.325, -15.85],
							"rotation": [-45, 0, 0],
							"uv": {
								"north": {"uv": [63, 66], "uv_size": [1, 1]},
								"east": {"uv": [63, 66], "uv_size": [1, 1]},
								"south": {"uv": [63, 66], "uv_size": [1, 1]},
								"west": {"uv": [63, 66], "uv_size": [1, 1]},
								"up": {"uv": [63, 66], "uv_size": [1, 1]},
								"down": {"uv": [63, 67], "uv_size": [1, -1]}
							}
						},
						{
							"origin": [0.575, 17.85, -21.6],
							"size": [0.35, 0.65, 7.625],
							"pivot": [0.75, 18.175, -17.7875],
							"rotation": [0, 0, -22.5],
							"uv": {
								"north": {"uv": [64, 66], "uv_size": [1, 1]},
								"east": {"uv": [60, 65], "uv_size": [8, 1]},
								"south": {"uv": [65, 66], "uv_size": [1, 1]},
								"west": {"uv": [2, 66], "uv_size": [8, 1]},
								"up": {"uv": [44, 65], "uv_size": [1, 8]},
								"down": {"uv": [45, 73], "uv_size": [1, -8]}
							}
						},
						{
							"origin": [-0.775, 16.4, -22.325],
							"size": [1.6, 1.6, 8.775],
							"pivot": [0.025, 17.2, -18.1875],
							"rotation": [0, 0, 90],
							"uv": {
								"north": {"uv": [40, 66], "uv_size": [2, 2]},
								"east": {"uv": [28, 63], "uv_size": [9, 2]},
								"south": {"uv": [42, 66], "uv_size": [2, 2]},
								"west": {"uv": [37, 63], "uv_size": [9, 2]},
								"up": {"uv": [46, 63], "uv_size": [2, 9]},
								"down": {"uv": [48, 72], "uv_size": [2, -9]}
							}
						}
					]
				},
				{
					"name": "_ca_grip",
					"parent": "main",
					"pivot": [0, 19.025, -17.05],
					"cubes": [
						{"origin": [-0.5, 18.525, -19.75], "size": [1, 1, 1], "uv": [0, 63]}
					]
				},
				{
					"name": "_cb_beam",
					"parent": "main",
					"pivot": [0, 17.425, -19.65],
					"cubes": [
						{"origin": [-0.5, 16.925, -22.35], "size": [1, 1, 1], "uv": [0, 63]}
					]
				}
			]
		}
	]
}