{
	"format_version": "1.12.0",
	"minecraft:geometry": [
		{
			"description": {
				"identifier": "geometry.unknown",
				"texture_width": 128,
				"texture_height": 128,
				"visible_bounds_width": 10,
				"visible_bounds_height": 4,
				"visible_bounds_offset": [0, 1, 0]
			},
			"bones": [
				{
					"name": "bb_main",
					"pivot": [0, 0, 0],
					"cubes": [
						{
							"origin": [-1.7, 15.6, -82.4],
							"size": [3.4, 3.6, 0],
							"uv": {
								"north": {"uv": [0, 20], "uv_size": [3.4, 3.6]},
								"east": {"uv": [0, 0], "uv_size": [26.5, 25.6]},
								"south": {"uv": [0, 0], "uv_size": [19.4, 17.6]},
								"west": {"uv": [0, 0], "uv_size": [0.5, 3.6]},
								"up": {"uv": [3.4, 0.5], "uv_size": [-3.4, -0.5]},
								"down": {"uv": [3.4, 0.5], "uv_size": [-3.4, -0.5]}
							}
						}
					]
				},
				{
					"name": "main",
					"pivot": [0, 20, 0]
				},
				{
					"name": "glowy",
					"parent": "main",
					"pivot": [-3.3651, 24.22549, -63.675],
					"rotation": [0, 0, -27],
					"cubes": [
						{"origin": [-3.96111, 15.5415, -82.85], "size": [1.05, 2, 61], "inflate": -0.5, "uv": [0, 0]}
					]
				},
				{
					"name": "_ca_beam",
					"parent": "main",
					"pivot": [0, 17.425, -19.65],
					"cubes": [
						{"origin": [-0.5, 16.925, -22.35], "size": [1, 1, 1], "uv": [0, 63]}
					]
				}
			]
		}
	]
}