{
	"format_version": "1.12.0",
	"minecraft:geometry": [
		{
			"description": {
				"identifier": "geometry.unknown",
				"texture_width": 48,
				"texture_height": 48,
				"visible_bounds_width": 8,
				"visible_bounds_height": 4,
				"visible_bounds_offset": [0, 1, 0]
			},
			"bones": [
				{
					"name": "main",
					"pivot": [0, 0, 0]
				},
				{
					"name": "shortscope",
					"parent": "main",
					"pivot": [0.00469, -0.02079, 0.01543],
					"cubes": [
						{
							"origin": [-2.27744, 1.89057, -3.3935],
							"size": [0.995, 0.7475, 2.183],
							"inflate": -0.25,
							"pivot": [0, 0, -2.5],
							"rotation": [0, 0, -2.5],
							"uv": {
								"north": {"uv": [0, 24], "uv_size": [1, 1]},
								"east": {"uv": [0, 29], "uv_size": [27, 3]},
								"south": {"uv": [0, 24], "uv_size": [1, 1]},
								"west": {"uv": [0, 23], "uv_size": [2, 1]},
								"up": {"uv": [0, 22], "uv_size": [1, 2]},
								"down": {"uv": [0, 24], "uv_size": [1, -2]}
							}
						},
						{
							"origin": [1.28244, 1.89057, -3.3935],
							"size": [0.995, 0.7475, 2.183],
							"inflate": -0.25,
							"pivot": [0, 0, -2.5],
							"rotation": [0, 0, 2.5],
							"uv": {
								"north": {"uv": [1, 24], "uv_size": [-1, 1]},
								"east": {"uv": [2, 23], "uv_size": [-2, 1]},
								"south": {"uv": [1, 24], "uv_size": [-1, 1]},
								"west": {"uv": [0, 29], "uv_size": [27, 3]},
								"up": {"uv": [1, 22], "uv_size": [-1, 2]},
								"down": {"uv": [1, 24], "uv_size": [-1, -2]}
							}
						},
						{
							"origin": [-1.08902, 4.264, 1.03712],
							"size": [2.17804, 0.99004, 0.32179],
							"inflate": -0.002,
							"pivot": [0, 0, -2.5],
							"rotation": [-45, 0, 0],
							"uv": {
								"north": {"uv": [17, 16], "uv_size": [4, 1]},
								"east": {"uv": [16, 16], "uv_size": [1, 1]},
								"south": {"uv": [22, 16], "uv_size": [4, 1]},
								"west": {"uv": [21, 16], "uv_size": [1, 1]},
								"up": {"uv": [27, 28], "uv_size": [-27, -3]},
								"down": {"uv": [21, 16], "uv_size": [4, -1]}
							}
						},
						{
							"origin": [-1.98, -0.5, -3.985],
							"size": [3.96, 1.49, 7.92],
							"uv": {
								"north": {"uv": [8, 8], "uv_size": [4, 1]},
								"east": {"uv": [0, 8], "uv_size": [8, 1]},
								"south": {"uv": [20, 8], "uv_size": [4, 1]},
								"west": {"uv": [12, 8], "uv_size": [8, 1]},
								"up": {"uv": [8, 0], "uv_size": [4, 8]},
								"down": {"uv": [12, 8], "uv_size": [4, -8]}
							}
						},
						{
							"origin": [-1.98, 0.99, 0.965],
							"size": [3.96, 0.99, 1.98],
							"uv": {
								"north": {"uv": [18, 7], "uv_size": [4, 1]},
								"east": {"uv": [16, 7], "uv_size": [2, 1]},
								"south": {"uv": [24, 7], "uv_size": [4, 1]},
								"west": {"uv": [22, 7], "uv_size": [2, 1]},
								"up": {"uv": [18, 5], "uv_size": [4, 2]},
								"down": {"uv": [22, 7], "uv_size": [4, -2]}
							}
						},
						{
							"origin": [-1.98, 0.99, -3.985],
							"size": [3.96, 0.99, 3.96],
							"uv": {
								"north": {"uv": [4, 13], "uv_size": [4, 1]},
								"east": {"uv": [0, 13], "uv_size": [4, 1]},
								"south": {"uv": [12, 13], "uv_size": [4, 1]},
								"west": {"uv": [8, 13], "uv_size": [4, 1]},
								"up": {"uv": [4, 9], "uv_size": [4, 4]},
								"down": {"uv": [8, 13], "uv_size": [4, -4]}
							}
						},
						{
							"origin": [-1.98, 0.99, -0.025],
							"size": [1.98, 0.99, 0.99],
							"uv": {
								"north": {"uv": [1, 3], "uv_size": [2, 1]},
								"east": {"uv": [0, 3], "uv_size": [1, 1]},
								"south": {"uv": [4, 3], "uv_size": [2, 1]},
								"west": {"uv": [3, 3], "uv_size": [1, 1]},
								"up": {"uv": [1, 2], "uv_size": [2, 1]},
								"down": {"uv": [3, 3], "uv_size": [2, -1]}
							}
						},
						{
							"origin": [-1.98002, 4.26223, -0.05188],
							"size": [3.96004, 0.99004, 1.41079],
							"inflate": -0.002,
							"pivot": [0, 0, -2.5],
							"rotation": [-45, 0, 0],
							"uv": {
								"north": {"uv": [17, 16], "uv_size": [4, 1]},
								"east": {"uv": [16, 16], "uv_size": [1, 1]},
								"south": {"uv": [22, 16], "uv_size": [4, 1]},
								"west": {"uv": [21, 16], "uv_size": [1, 1]},
								"up": {"uv": [17, 15], "uv_size": [4, 1]},
								"down": {"uv": [21, 16], "uv_size": [4, -1]}
							}
						},
						{
							"origin": [0, 2.65516, -1.94495],
							"size": [2.079, 0.99, 0.99],
							"pivot": [0, 0, -2.5],
							"rotation": [-45, 0, 0],
							"uv": {
								"north": {"uv": [1, 1], "uv_size": [2, 1]},
								"east": {"uv": [0, 1], "uv_size": [1, 1]},
								"south": {"uv": [4, 1], "uv_size": [2, 1]},
								"west": {"uv": [3, 1], "uv_size": [1, 1]},
								"up": {"uv": [1, 0], "uv_size": [2, 1]},
								"down": {"uv": [3, 1], "uv_size": [2, -1]}
							}
						},
						{
							"origin": [-2.27546, -0.16368, -4.2845],
							"size": [0.995, 3.965, 3.965],
							"inflate": -0.25,
							"pivot": [0, 0, -2.5],
							"rotation": [0, 0, -2.5],
							"uv": {
								"north": {"uv": [14, 19], "uv_size": [1, 4]},
								"east": {"uv": [10, 19], "uv_size": [4, 4]},
								"south": {"uv": [19, 19], "uv_size": [1, 4]},
								"west": {"uv": [15, 19], "uv_size": [4, 4]},
								"up": {"uv": [14, 15], "uv_size": [1, 4]},
								"down": {"uv": [15, 19], "uv_size": [1, -4]}
							}
						},
						{
							"origin": [-3.8664, 1.65686, -4.28452],
							"size": [0.99504, 1.73754, 3.96504],
							"inflate": -0.252,
							"pivot": [0, 0, -2.5],
							"rotation": [0, 0, 30],
							"uv": {
								"north": {"uv": [20, 23], "uv_size": [1, 1]},
								"east": {"uv": [16, 23], "uv_size": [4, 1]},
								"south": {"uv": [25, 23], "uv_size": [1, 1]},
								"west": {"uv": [21, 23], "uv_size": [4, 1]},
								"up": {"uv": [20, 19], "uv_size": [1, 4]},
								"down": {"uv": [21, 23], "uv_size": [1, -4]}
							}
						},
						{
							"origin": [2.87136, 1.65686, -4.28452],
							"size": [0.99504, 1.73754, 3.96504],
							"inflate": -0.252,
							"pivot": [0, 0, -2.5],
							"rotation": [0, 0, -30],
							"uv": {
								"north": {"uv": [20, 4], "uv_size": [1, 1]},
								"east": {"uv": [16, 4], "uv_size": [4, 1]},
								"south": {"uv": [25, 4], "uv_size": [1, 1]},
								"west": {"uv": [21, 4], "uv_size": [4, 1]},
								"up": {"uv": [20, 0], "uv_size": [1, 4]},
								"down": {"uv": [21, 4], "uv_size": [1, -4]}
							}
						},
						{
							"origin": [-1.80925, 3.78494, -4.2845],
							"size": [3.6185, 0.995, 3.965],
							"inflate": -0.25,
							"uv": {
								"north": {"uv": [16, 14], "uv_size": [3, 1]},
								"east": {"uv": [12, 14], "uv_size": [4, 1]},
								"south": {"uv": [23, 14], "uv_size": [3, 1]},
								"west": {"uv": [19, 14], "uv_size": [4, 1]},
								"up": {"uv": [16, 10], "uv_size": [3, 4]},
								"down": {"uv": [19, 14], "uv_size": [3, -4]}
							}
						},
						{
							"origin": [-1.90825, 1.33469, -3.41825],
							"size": [3.8165, 0.995, 3.09875],
							"inflate": -0.25,
							"uv": {
								"north": {"uv": [25, 13], "uv_size": [3, 1]},
								"east": {"uv": [22, 13], "uv_size": [3, 1]},
								"south": {"uv": [31, 13], "uv_size": [3, 1]},
								"west": {"uv": [28, 13], "uv_size": [3, 1]},
								"up": {"uv": [25, 10], "uv_size": [3, 3]},
								"down": {"uv": [28, 13], "uv_size": [3, -3]}
							}
						},
						{
							"origin": [-1.90825, 1.33469, -4.1855],
							"size": [3.8165, 0.995, 1.26725],
							"inflate": -0.25,
							"uv": {
								"north": {"uv": [27, 15], "uv_size": [3, 1]},
								"east": {"uv": [26, 15], "uv_size": [1, 1]},
								"south": {"uv": [31, 15], "uv_size": [3, 1]},
								"west": {"uv": [30, 15], "uv_size": [1, 1]},
								"up": {"uv": [27, 14], "uv_size": [3, 1]},
								"down": {"uv": [30, 15], "uv_size": [3, -1]}
							}
						},
						{
							"origin": [1.28046, -0.16368, -4.2845],
							"size": [0.995, 3.965, 3.965],
							"inflate": -0.25,
							"pivot": [0, 0, -2.5],
							"rotation": [0, 0, 2.5],
							"uv": {
								"north": {"uv": [4, 18], "uv_size": [1, 4]},
								"east": {"uv": [0, 18], "uv_size": [4, 4]},
								"south": {"uv": [9, 18], "uv_size": [1, 4]},
								"west": {"uv": [5, 18], "uv_size": [4, 4]},
								"up": {"uv": [4, 14], "uv_size": [1, 4]},
								"down": {"uv": [5, 18], "uv_size": [1, -4]}
							}
						}
					]
				},
				{
					"name": "scope",
					"parent": "main",
					"pivot": [0, 3.035, 18.55],
					"cubes": [
						{"origin": [-0.5, 2.535, 18.05], "size": [1, 1, 1], "inflate": -0.4, "uv": [4, 4]}
					]
				},
				{
					"name": "_ca_scope",
					"parent": "main",
					"pivot": [0, 0, 1],
					"cubes": [
						{"origin": [-0.5, -0.5, 0.5], "size": [1, 1, 1], "uv": [0, 4]}
					]
				}
			]
		}
	]
}