{
  "name" : "a1_g17",
  "type": "Gun",
  "maxAmmoCapacity" : 17,
  "compatibleAmmo" : ["ammocreative", "ammo9mm"],
  "damage" : 5.2,
  "rpm" : 750,
  "fireModes" : ["SINGLE"],
  "fireSound" : "g17",
  "drawCooldownDuration" : 550,
  "aimingZoom" : 0.4,
  "gunRecoilInitialAmplitude" : 0.65,
  "shakeRecoilAmplitude" : 0.4,
  "shakeRecoilSpeed" : 1.6,
  "viewRecoilAmplitude" : 1.4,
  "inspectCooldownDuration": 3700,
  "headshotDamageMultiplier": 2.45,
  "maxShootingDistance": 45,
  "compatibleAttachmentGroups": [
  	"ar_sightsandscopes",
 	"underbarrel",
	"pistol_mags",
	"glock_slides",
	"glock_barrels",
	"glock_muzzle",
	"grip_attachments",
  	"ar_muzzle",
	"ammo"
  ],
  "phasedReloads": [
    {
      "phase": "RELOADING",
      "condition": "reloadIterationIndex == 0",
      "duration": 1920,
      "animation": "animation.model.reloadempty",
      "shakeEffects": [
        {
          "start": 0,
          "duration": 1500,
          "initialAmplitude": 0.2,
          "rateOfAmplitudeDecay": 0.8
        },
        {
          "start": 250,
          "duration": 1000,
          "initialAmplitude": 0.2,
          "rateOfAmplitudeDecay": 0.5
        },
        {
          "start": 800,
          "duration": 1000,
          "initialAmplitude": 0.15,
          "rateOfAmplitudeDecay": 0.5
        },
        {
          "start": 1100,
          "duration": 600,
          "initialAmplitude": 0.2,
          "rateOfAmplitudeDecay": 0.3
        },
        {
          "start": 1600,
          "duration": 400,
          "initialAmplitude": 0.35,
          "rateOfAmplitudeDecay": 0.3
        }
      ]
    },
    {
      "phase": "RELOADING",
      "condition": "reloadIterationIndex > 0",
      "duration": 1380,
      "animation": "animation.model.reload",						
      "shakeEffects": [
        {
          "start": 0,
          "duration": 1500,
          "initialAmplitude": 0.2,
          "rateOfAmplitudeDecay": 0.8
        },
        {
          "start": 600,
          "duration": 1000,
          "initialAmplitude": 0.15,
          "rateOfAmplitudeDecay": 0.5
        },
        {
          "start": 900,
          "duration": 800,
          "initialAmplitude": 0.17,
          "rateOfAmplitudeDecay": 0.5
        },
        {
          "start": 1000,
          "duration": 400,
          "initialAmplitude": 0.22,
          "rateOfAmplitudeDecay": 0.6
        }
      ]
    }
  ],
  "effects": [
	{
		"phase": "hit_scan_acquired",
		"name": "tracer"
	},
	{
		"phase": "firing",
		"name": "muzzle_flash"
	}
   ],
"features": [
 {
 "type": "Aiming",
 "zoom": 0.4,
 "condition": {
 "doesNotHaveAttachmentGroup": "ar_sightsandscopes"
 }
 },
 {
 "type": "MuzzleFlash",
 "effects": [
 {
 "phase": "firing",
 "name": "muzzle_flash"
 }
 ],
 "condition": {
 "allOf": [
 {
 "isUsingDefaultMuzzle": true
 },
 {
 "doesNotHaveAttachmentGroup": "ar_suppressors"
 }
 ]
 }
 },
 {
 "type": "PartVisibility",
 "parts": [
 {
 "name": "slide",
 "visible": false,
 "condition": {
 "hasAttachmentGroup": "glock_slides"
 }
 },
 {
 "name": "magazine1",
 "visible": false,
 "condition": {
 "hasAttachmentGroup": "pistol_mags"
 }
 },
 {
 "name": "magazine3",
 "visible": false,
 "condition": {
 "hasAttachmentGroup": "pistol_mags"
 }
 },
 {
 "name": "magazine4",
 "visible": true,
 "condition": {
 "hasAttachment": "f_pistol_mag30"
 }
 },
 {
 "name": "magazine5",
 "visible": true,
 "condition": {
 "hasAttachment": "f_pistol_mag30"
 }
 },
 {
 "name": "rearsight1",
 "visible": false,
 "condition": {
 "hasAttachmentGroup": "ar_sightsandscopes"
 }
 },
 {
 "name": "frontsight1",
 "visible": false,
 "condition": {
 "hasAttachmentGroup": "ar_sightsandscopes"
 }
 }
 ]
 },
 {
 "type": "Sound",
 "fireSound": "glock_suppressed",
 "fireSoundVolume": 1,
 "condition": {
 "allOf": [
 {
 "hasAttachmentGroup": "suppressors"
 }
 ]
 }
 }
 ]
}