{
  "name" : "a3_spas12",
  "type": "Gun",
  "maxAmmoCapacity" : 8,
  "maxAmmoPerReloadIteration" : 1,
  "compatibleAmmo" : ["ammocreative", "ammo12gauge"],
  "damage" : 5.0,
  "rpm" : 100,
  "pelletCount" : 12,
  "pelletSpread" : 0.1,
  "fireModes" : ["SINGLE"],
  "fireSound" : "spas12",
  "drawCooldownDuration" : 600,
  "aimingZoom" : 0.4,
  "gunRecoilInitialAmplitude" : 1.3,
  "shakeRecoilAmplitude" : 0.8,
  "shakeRecoilSpeed" : 3,
  "viewRecoilAmplitude" : 5,
  "inspectCooldownDuration": 5480,
  "headshotDamageMultiplier": 4.0,
  "maxShootingDistance": 50,
  "compatibleAttachmentGroups": [
  	"ar_sightsandscopes",
	"ammo",
	"spas_rails",
	"spas_stocks",
  	"ar_muzzle"
  ],
  "muzzleFlashScale" : 2,
  "phasedReloads": [
    {
      "phase": "PREPARING",
      "condition": "reloadIterationIndex >= 0",
      "duration": 280,
      "animation": "animation.model.prepare"
    },
	{
      "phase": "PREPARING",
      "condition": "reloadIterationIndex == -1",
      "duration": 280,
      "animation": "animation.model.prepareempty"
    },
    {
      "phase": "RELOADING",
      "condition": "reloadIterationIndex >= 0",
      "duration": 700,
      "animation": "animation.model.load",						
      "shakeEffects": [
        {
          "start": 0,
          "duration": 1500,
          "initialAmplitude": 0.1,
          "rateOfAmplitudeDecay": 0.8
        },
        {
          "start": 530,
          "duration": 1500,
          "initialAmplitude": 0.2,
          "rateOfAmplitudeDecay": 0.4
        },
        {
          "start": 1370,
          "duration": 800,
          "initialAmplitude": 0.17,
          "rateOfAmplitudeDecay": 0.5
        },
        {
          "start": 1730,
          "duration": 700,
          "initialAmplitude": 0.2,
          "rateOfAmplitudeDecay": 0.3
        }
      ]
    },
    {
      "phase": "COMPLETETING",
      "condition": "reloadIterationIndex >= 0",
      "duration": 883,
      "animation": "animation.model.finish"
    }
  ],
    "effects": [
	{
		"phase": "hit_scan_acquired",
		"name": "tracer"
	},
	{
		"phase": "firing",
		"name": "muzzle_flash"
	}
  ],
"features": [
 {
 "type": "Aiming",
 "zoom": 0.4,
 "condition": {
 "doesNotHaveAttachmentGroup": "sights_group"
 }
 },
 {
 "type": "MuzzleFlash",
 "effects": [
 {
 "phase": "firing",
 "name": "muzzle_flash"
 }
 ],
 "condition": {
 "allOf": [
 {
 "isUsingDefaultMuzzle": true
 },
 {
 "doesNotHaveAttachmentGroup": "ar_muzzle"
 },
 {
 "doesNotHaveAttachmentGroup": "spas_barrels"
 }
 ]
 }
 },
 {
 "type": "Sound",
 "fireSound": "spas12_silenced",
 "fireSoundVolume": 1,
 "condition": {
 "allOf": [
 {
 "hasAttachmentGroup": "ar_suppressors"
 }
 ]
 }
 }
 ]
}