{
  "name" : "a4_fnscarl",
  "type": "Gun",
  "maxAmmoCapacity" : 30,
  "compatibleAmmo" : ["ammocreative", "ammo556"],
  "damage" : 6.6,
  "rpm" : 625,
  "fireModes" : ["SINGLE", "AUTOMATIC"],
  "fireSound" : "fnscarl",
  "drawCooldownDuration" : 600,
  "aimingZoom" : 0.4,
  "gunRecoilInitialAmplitude" : 0.35,
  "shakeRecoilAmplitude" : 0.45,
  "shakeRecoilSpeed" : 1.3,
  "viewRecoilAmplitude" : 1.35,
  "inspectCooldownDuration": 5480,
  "headshotDamageMultiplier": 2.45,
  "maxShootingDistance": 500,
  "compatibleAttachmentGroups": [
  	"ar_sightsandscopes",
 	"underbarrel",
	"grip_attachments",
	"ammo",
	"scar_barrels",
	"scar_handguards",
	"scar_stocks",
	"ar_mags",
	"ar_stocks",
  	"ar_muzzle"
  ],
  "phasedReloads": [
    {
      "phase": "RELOADING",
      "condition": "reloadIterationIndex == 0",
      "duration": 2100,
      "animation": "animation.model.reloadempty",
      "shakeEffects": [
        {
          "start": 0,
          "duration": 1500,
          "initialAmplitude": 0.2,
          "rateOfAmplitudeDecay": 0.8
        },
        {
          "start": 250,
          "duration": 1000,
          "initialAmplitude": 0.2,
          "rateOfAmplitudeDecay": 0.5
        },
        {
          "start": 800,
          "duration": 1000,
          "initialAmplitude": 0.15,
          "rateOfAmplitudeDecay": 0.5
        },
        {
          "start": 1100,
          "duration": 600,
          "initialAmplitude": 0.2,
          "rateOfAmplitudeDecay": 0.3
        },
        {
          "start": 1600,
          "duration": 400,
          "initialAmplitude": 0.35,
          "rateOfAmplitudeDecay": 0.3
        }
      ]
    },
    {
      "phase": "RELOADING",
      "condition": "reloadIterationIndex > 0",
      "duration": 1670,
      "animation": "animation.model.reload",						
      "shakeEffects": [
        {
          "start": 0,
          "duration": 1500,
          "initialAmplitude": 0.2,
          "rateOfAmplitudeDecay": 0.8
        },
        {
          "start": 600,
          "duration": 1000,
          "initialAmplitude": 0.15,
          "rateOfAmplitudeDecay": 0.5
        },
        {
          "start": 900,
          "duration": 800,
          "initialAmplitude": 0.17,
          "rateOfAmplitudeDecay": 0.5
        },
        {
          "start": 1000,
          "duration": 400,
          "initialAmplitude": 0.22,
          "rateOfAmplitudeDecay": 0.6
        }
      ]
    }
  ],
  "effects": [
	{
		"phase": "hit_scan_acquired",
		"name": "tracer"
	},
	{
		"phase": "firing",
		"name": "muzzle_flash"
	}
   ],
"features": [
 {
 "type": "Aiming",
 "zoom": 0.4,
 "condition": {
 "doesNotHaveAttachmentGroup": "ar_sightsandscopes"
 }
 },
 {
 "type": "MuzzleFlash",
 "effects": [
 {
 "phase": "firing",
 "name": "muzzle_flash"
 }
 ],
 "condition": {
 "allOf": [
 {
 "isUsingDefaultMuzzle": true
 },
 {
 "doesNotHaveAttachmentGroup": "ar_muzzle"
 },
 {
 "doesNotHaveAttachmentGroup": "scar_barrels"
 }
 ]
 }
 },
 {
 "type": "PartVisibility",
 "parts": [
 {
 "name": "rearsightflipped",
 "visible": true,
 "condition": {
 "hasAttachmentGroup": "ar_sightsandscopes"
 }
 },
 {
 "name": "frontsight",
 "visible": false,
 "condition": {
 "hasAttachmentGroup": "ar_sightsandscopes"
 }
 },
 {
 "name": "frontsightflipped",
 "visible": true,
 "condition": {
 "hasAttachmentGroup": "ar_sightsandscopes"
 }
 },
 {
 "name": "handguard",
 "visible": false,
 "condition": {
 "hasAttachmentGroup": "scar_handguards"
 }
 },
 {
 "name": "stock",
 "visible": false,
 "condition": {
 "hasAttachmentGroup": "stocks"
 }
 },
 {
 "name": "muzzledef",
 "visible": false,
 "condition": {
 "hasAttachmentGroup": "ar_muzzle"
 }
 },
 {
 "name": "stockadapter",
 "visible": true,
 "condition": {
 "hasAttachmentGroup": "ar_stocks"
 }
 },
 {
 "name": "magazine1",
 "visible": false,
 "condition": {
 "hasAttachmentGroup": "ar_mags"
 }
 },
 {
 "name": "magazine3",
 "visible": false,
 "condition": {
 "hasAttachmentGroup": "ar_mags"
 }
 },
 {
 "name": "magazine4",
 "visible": true,
 "condition": {
 "hasAttachmentGroup": "ar_mag45"
 }
 },
 {
 "name": "magazine5",
 "visible": true,
 "condition": {
 "hasAttachmentGroup": "ar_mag45"
 }
 },
 {
 "name": "magazine6",
 "visible": true,
 "condition": {
 "hasAttachmentGroup": "ar_mag60"
 }
 },
 {
 "name": "magazine7",
 "visible": true,
 "condition": {
 "hasAttachmentGroup": "ar_mag60"
 }
 },
 {
 "name": "barrel",
 "visible": false,
 "condition": {
 "hasAttachmentGroup": "scar_barrels"
 }
 },
 {
 "name": "rearsight",
 "visible": false,
 "condition": {
 "hasAttachmentGroup": "ar_sightsandscopes"
 }
 }
 ]
 },
 {
 "type": "Sound",
 "fireSound": "xm7",
 "fireSoundVolume": 1,
 "condition": {
 "allOf": [
 {
 "hasAttachmentGroup": "ar_suppressors"
 }
 ]
 }
 }
 ]
}