{
	"format_version": "1.12.0",
	"minecraft:geometry": [
		{
			"description": {
				"identifier": "geometry.unknown",
				"texture_width": 300,
				"texture_height": 300,
				"visible_bounds_width": 8,
				"visible_bounds_height": 4,
				"visible_bounds_offset": [0, 1, 0]
			},
			"bones": [
				{
					"name": "launchermain",
					"pivot": [0, 20, 0]
				},
				{
					"name": "launcher",
					"parent": "launchermain",
					"pivot": [0, 24.6, -54.375],
					"cubes": [
						{"origin": [-0.75, 18.075, -55.575], "size": [1.5, 2, 4.925], "inflate": -0.2, "uv": [61, 286]},
						{"origin": [-1.5, 24, -55.575], "size": [3, 3, 6.425], "pivot": [0, 25.5, -54.575], "rotation": [0, 0, 20], "uv": [9, 252]},
						{"origin": [-1.75, 22, -50.85], "size": [3.25, 3, 2.625], "uv": [64, 226]},
						{"origin": [0.85, 22.375, -48.35], "size": [1, 2, 28.625], "pivot": [1.85, 22.875, -52.25], "rotation": [0, 0, -41.5], "uv": [188, 177]},
						{"origin": [1.35, 22.375, -50.85], "size": [1, 2, 2.625], "pivot": [2.35, 22.875, -52.75], "rotation": [0, 0, -41.5], "uv": [220, 209]},
						{"origin": [-2.35, 22.375, -50.85], "size": [1, 2, 2.625], "pivot": [-2.35, 22.875, -52.75], "rotation": [0, 0, 41.5], "uv": [223, 215], "mirror": true},
						{"origin": [-1.85, 22.375, -48.35], "size": [1, 2, 28.625], "pivot": [-1.85, 22.875, -52.25], "rotation": [0, 0, 41.5], "uv": [221, 202], "mirror": true},
						{"origin": [-1.5, 20, -56.575], "size": [3, 3, 47.425], "inflate": -0.2, "pivot": [0, 21.5, -54.575], "rotation": [0, 0, 20], "uv": [65, 189]},
						{"origin": [-1.5, 20, -51.15], "size": [3, 3, 2.925], "pivot": [0, 21.5, -54.65], "rotation": [0, 0, 20], "uv": [110, 234]},
						{"origin": [-0.85, 19.225, -49.525], "size": [1.7, 1.75, 40.35], "inflate": 0.002, "uv": [0, 137]},
						{"origin": [-0.15, 19.975, -50.55], "size": [1, 1, 1], "inflate": 0.001, "pivot": [0.85, 20.725, -54.375], "rotation": [0, 0, 15.75], "uv": [41, 0]},
						{"origin": [-0.85, 19.975, -50.55], "size": [1, 1, 1], "inflate": 0.001, "pivot": [-0.85, 20.725, -54.375], "rotation": [0, 0, -15.75], "uv": [40, 30]},
						{"origin": [0, 24.275, 0.6], "size": [1, 3, 5.95], "inflate": -0.001, "pivot": [1, 27.275, -0.4], "rotation": [0, 0, -19.25], "uv": [85, 144]},
						{"origin": [-1, 25.525, 0.6], "size": [2, 1.75, 5.95], "uv": [6, 84]},
						{"origin": [-1, 24.275, 0.6], "size": [1, 3, 5.95], "inflate": -0.001, "pivot": [-1, 27.275, -0.4], "rotation": [0, 0, 19.25], "uv": [123, 191]},
						{"origin": [1.45, 25.775, 6], "size": [1, 2.1, 2], "inflate": -0.2, "pivot": [2.25, 24.475, 10.4], "rotation": [0, 0, -22], "uv": [60, 47]},
						{"origin": [-2.45, 25.775, 6], "size": [1, 2.1, 2], "inflate": -0.2, "pivot": [-2.25, 24.475, 10.4], "rotation": [0, 0, 22], "uv": [39, 59]},
						{"origin": [-1.25, 26.65, 6], "size": [2.5, 1, 2], "inflate": -0.199, "uv": [79, 33]},
						{"origin": [1.725, 24, -9.35], "size": [1, 1.425, 6.025], "inflate": -0.001, "pivot": [2.725, 25.4, -9.35], "rotation": [0, 0, 14.75], "uv": [117, 247]},
						{"origin": [1.65, 24.375, -9.35], "size": [1, 1.075, 6.025], "inflate": -0.001, "pivot": [2.65, 25.325, -9.35], "rotation": [0, 0, 38.75], "uv": [102, 253]},
						{"origin": [-2.65, 24.375, -9.35], "size": [1, 1.075, 6.025], "inflate": -0.001, "pivot": [-2.65, 25.325, -9.35], "rotation": [0, 0, -38.75], "uv": [84, 255], "mirror": true},
						{"origin": [-2.725, 24, -9.35], "size": [1, 1.425, 6.025], "inflate": -0.001, "pivot": [-2.725, 25.425, -9.35], "rotation": [0, 0, -14.75], "uv": [138, 248], "mirror": true},
						{"origin": [3.25, 29.425, -9.45], "size": [1, 1.1, 2.2], "inflate": -0.1, "pivot": [4.15, 27.275, -9.35], "rotation": [0, 0, -73], "uv": [88, 42]},
						{"origin": [-4.25, 29.425, -9.45], "size": [1, 1.1, 2.2], "inflate": -0.1, "pivot": [-4.15, 27.275, -9.35], "rotation": [0, 0, 73], "uv": [88, 42], "mirror": true},
						{"origin": [1.65, 25.625, -9.35], "size": [1, 2.35, 2], "inflate": 0.001, "pivot": [2.65, 24.725, -9.35], "rotation": [0, 0, -11], "uv": [50, 119]},
						{"origin": [1.45, 24.275, -7.35], "size": [1, 2.35, 5], "inflate": 0.001, "pivot": [2.45, 24.275, -2.35], "rotation": [0, 0, -17], "uv": [75, 211]},
						{"origin": [1.65, 24.075, -2.55], "size": [1, 3.5, 4.4], "inflate": -0.2, "pivot": [2.45, 24.275, -2.35], "rotation": [0, -7.5, -17], "uv": [89, 217]},
						{"origin": [-2.65, 24.275, -2.55], "size": [1, 3.3, 4.4], "inflate": -0.2, "pivot": [-2.45, 24.275, -2.35], "rotation": [0, 7.5, 17], "uv": [93, 206], "mirror": true},
						{"origin": [-2.45, 24.275, -7.35], "size": [1, 2.35, 5], "inflate": 0.001, "pivot": [-2.45, 24.275, -2.35], "rotation": [0, 0, 17], "uv": [78, 221], "mirror": true},
						{"origin": [-2.65, 25.625, -9.35], "size": [1, 2.35, 2], "inflate": 0.001, "pivot": [-2.65, 24.725, -9.35], "rotation": [0, 0, 11], "uv": [64, 144], "mirror": true},
						{"origin": [-2.75, 22.725, -10.1], "size": [5.5, 1.75, 10.5], "inflate": 0.001, "uv": [199, 75]},
						{"origin": [-2.75, 22.725, -21.6], "size": [5.5, 1, 11.5], "uv": [215, 34]},
						{"origin": [1.75, 20.725, -15.1], "size": [1, 2, 5.75], "pivot": [2.75, 22.725, -12.1], "rotation": [0, 0, 33.25], "uv": [180, 61]},
						{"origin": [-2.75, 20.725, -15.1], "size": [1, 2, 5.75], "pivot": [-2.75, 22.725, -12.1], "rotation": [0, 0, -33.25], "uv": [176, 77], "mirror": true},
						{"origin": [1.75, 23.725, -19.6], "size": [1, 2.25, 9.5], "pivot": [2.75, 23.725, -12.1], "rotation": [0, 0, -21.25], "uv": [232, 121]},
						{"origin": [1.75, 23.725, -21.575], "size": [1, 2.975, 1], "inflate": 0.001, "pivot": [2.75, 23.725, -21.575], "rotation": [-41, 0, -21.25], "uv": [245, 110]},
						{"origin": [-2.75, 23.725, -21.575], "size": [1, 2.975, 1], "pivot": [-2.75, 23.725, -21.575], "rotation": [-41, 0, 21.25], "uv": [236, 109], "mirror": true},
						{"origin": [-2.75, 23.725, -19.6], "size": [1, 2.25, 9.5], "pivot": [-2.75, 23.725, -12.1], "rotation": [0, 0, 21.25], "uv": [215, 129], "mirror": true},
						{"origin": [-2.75, 23.725, -20.6], "size": [1, 1, 1], "pivot": [-2.75, 23.725, -11.1], "rotation": [0, 0, 21.25], "uv": [240, 136], "mirror": true},
						{"origin": [1.75, 23.725, -20.6], "size": [1, 1, 1], "pivot": [2.75, 23.725, -11.1], "rotation": [0, 0, -21.25], "uv": [247, 135]},
						{"origin": [-2.75, 21.475, -21.6], "size": [5.5, 1.25, 6.5], "uv": [207, 21]},
						{"origin": [2.5, 21.475, -21.6], "size": [1, 1.25, 3], "pivot": [3.5, 21.725, -21.6], "rotation": [0, -19, 0], "uv": [211, 10]},
						{"origin": [2.5, 19.475, -21.6], "size": [1, 2, 3], "pivot": [3.5, 21.475, -21.6], "rotation": [-13.74124, -13.25026, 46.85361], "uv": [213, 38]},
						{"origin": [-3.5, 19.475, -21.6], "size": [1, 2, 3], "pivot": [-3.5, 21.475, -21.6], "rotation": [-13.74124, 13.25026, -46.85361], "uv": [228, 54], "mirror": true},
						{"origin": [-3.5, 21.475, -21.6], "size": [1, 1.25, 3], "pivot": [-3.5, 21.725, -21.6], "rotation": [0, 19, 0], "uv": [223, 10], "mirror": true},
						{"origin": [-3.5, 21.475, -49.6], "size": [1.75, 1.25, 28], "pivot": [-3.5, 21.725, -21.6], "rotation": [0, -1.4, 0], "uv": [120, 203], "mirror": true},
						{"origin": [1.75, 21.475, -49.6], "size": [1.75, 1.25, 28], "pivot": [3.5, 21.725, -21.6], "rotation": [0, 1.4, 0], "uv": [153, 216]},
						{"origin": [2.5, 19.475, -49.6], "size": [1, 2, 28], "pivot": [3.5, 21.475, -21.6], "rotation": [0.98137, 0.9985, 44.50855], "uv": [224, 168]},
						{"origin": [-3.5, 19.475, -49.6], "size": [1, 2, 28], "pivot": [-3.5, 21.475, -21.6], "rotation": [0.98137, -0.9985, -44.50855], "uv": [221, 237], "mirror": true},
						{"origin": [1.85, 21.475, -50.85], "size": [1, 1.25, 2.85], "uv": [171, 236]},
						{"origin": [1.85, 19.475, -50.85], "size": [1, 2, 2.85], "pivot": [2.85, 21.475, -48.1], "rotation": [0, 0, 45], "uv": [171, 216]},
						{"origin": [-2.85, 19.475, -50.85], "size": [1, 2, 2.85], "pivot": [-2.85, 21.475, -48.1], "rotation": [0, 0, -45], "uv": [159, 216], "mirror": true},
						{"origin": [-2.85, 21.475, -50.85], "size": [1, 1.25, 2.85], "uv": [169, 224], "mirror": true},
						{"origin": [-2.25, 21.975, -55.35], "size": [4.5, 4.25, 4.5], "inflate": 0.002, "uv": [221, 73]},
						{"origin": [0.5, 26.225, -55.35], "size": [1.75, 2.85, 4.5], "inflate": 0.001, "pivot": [2.25, 26.225, -50.85], "rotation": [0, 0, -29.5], "uv": [223, 63]},
						{"origin": [-2.25, 26.225, -55.35], "size": [1.75, 2.85, 4.5], "inflate": 0.001, "pivot": [-2.25, 26.225, -50.85], "rotation": [0, 0, 29.5], "uv": [235, 62], "mirror": true},
						{"origin": [-2.75, 20.475, -55.35], "size": [5.5, 2, 4.5], "inflate": 0.003, "uv": [228, 99]},
						{"origin": [0.25, 17.475, -55.35], "size": [2.5, 3, 4.5], "pivot": [2.75, 20.475, -50.85], "rotation": [0, 0, 51.25], "uv": [207, 106]},
						{"origin": [1.25, 20.975, -55.35], "size": [1.5, 1.5, 4.5], "inflate": 0.001, "pivot": [2.75, 22.475, -50.85], "rotation": [0, 0, 61.25], "uv": [216, 120]},
						{"origin": [-2.75, 20.975, -55.35], "size": [1.5, 1.5, 4.5], "inflate": 0.001, "pivot": [-2.75, 22.475, -50.85], "rotation": [0, 0, -61.25], "uv": [229, 120], "mirror": true},
						{"origin": [-2.75, 17.475, -55.35], "size": [2.5, 3, 4.5], "inflate": 0.001, "pivot": [-2.75, 20.475, -50.85], "rotation": [0, 0, -51.25], "uv": [220, 110], "mirror": true},
						{"origin": [1.75, 22.725, 0.4], "size": [1, 1.75, 4], "inflate": 0.001, "pivot": [2.75, 23.475, 0.4], "rotation": [0, -8.5, 0], "uv": [208, 90]},
						{"origin": [-2.75, 22.725, 0.4], "size": [1, 1.75, 4], "inflate": 0.001, "pivot": [-2.75, 23.475, 0.4], "rotation": [0, 8.5, 0], "uv": [222, 90], "mirror": true},
						{"origin": [-2.25, 22.225, -0.1], "size": [4.5, 2.25, 6.65], "inflate": 0.001, "uv": [188, 47]},
						{"origin": [1.25, 24.475, -0.1], "size": [1, 1.5, 6.5], "pivot": [2.25, 24.475, 10.4], "rotation": [0, 0, -22], "uv": [143, 111]},
						{"origin": [-2.25, 24.475, -0.1], "size": [1, 1.5, 6.5], "pivot": [-2.25, 24.475, 10.4], "rotation": [0, 0, 22], "uv": [143, 111], "mirror": true}
					]
				},
				{
					"name": "lift",
					"parent": "launcher",
					"pivot": [0, 28.075, -52.85],
					"cubes": [
						{"origin": [-0.05, 27.775, -55.85], "size": [1.5, 2.1, 5], "inflate": -0.601, "uv": [184, 155]},
						{"origin": [-1.45, 27.775, -55.85], "size": [1.5, 2.1, 5], "inflate": -0.601, "uv": [184, 155]},
						{"origin": [-1.45, 28.175, -52.275], "size": [1.5, 1.85, 3], "inflate": -0.602, "pivot": [-1.025, 29.05, -51.775], "rotation": [-40.75, 0, 0], "uv": [58, 30]},
						{"origin": [-1.05, 26.825, -55.575], "size": [2.1, 2, 46.475], "inflate": -0.2, "uv": [7, 252]},
						{"origin": [-0.05, 28.175, -52.275], "size": [1.5, 1.85, 3], "inflate": -0.602, "pivot": [0.375, 29.05, -51.775], "rotation": [-40.75, 0, 0], "uv": [58, 30]},
						{"origin": [0.05, 28.175, -20.675], "size": [1.1, 1.2, 11.125], "inflate": -0.301, "uv": [46, 53]},
						{"origin": [0.05, 26.175, -20.675], "size": [1.1, 3.2, 1.125], "inflate": -0.302, "pivot": [0.85, 29.075, -20.375], "rotation": [-72.25, 0, 0], "uv": [0, 32]},
						{"origin": [-1.15, 28.175, -20.675], "size": [1.1, 1.2, 11.125], "inflate": -0.301, "uv": [229, 148]},
						{"origin": [-1.15, 26.175, -20.675], "size": [1.1, 3.2, 1.125], "inflate": -0.302, "pivot": [-0.85, 29.075, -20.375], "rotation": [-72.25, 0, 0], "uv": [7, 32]},
						{"origin": [-1.15, 28.175, -10.15], "size": [1.1, 1.2, 1.325], "inflate": -0.302, "pivot": [-0.85, 29.075, -9.85], "rotation": [-47.25, 0, 0], "uv": [40, 26]},
						{"origin": [0.05, 28.175, -10.15], "size": [1.1, 1.2, 1.325], "inflate": -0.302, "pivot": [0.85, 29.075, -9.85], "rotation": [-47.25, 0, 0], "uv": [40, 28]},
						{"origin": [-1.5, 24, -49.575], "size": [3, 3, 29.425], "inflate": -0.2, "pivot": [0, 25.5, -48.575], "rotation": [0, 0, 20], "uv": [4, 215]},
						{"origin": [-1.575, 24, -21.575], "size": [3, 3, 12.125], "inflate": 0.1, "pivot": [-0.075, 25.5, -48.575], "rotation": [0, 0, 20], "uv": [1, 216]},
						{"origin": [-1.5, 24, -50.75], "size": [3, 3, 2.425], "inflate": 0.1, "pivot": [0, 25.5, -54.75], "rotation": [0, 0, 20], "uv": [49, 241]},
						{"origin": [0.025, 27.35, -9.5], "size": [1.1, 1.5, 2.35], "inflate": -0.2, "uv": [155, 23]},
						{"origin": [-1.35, 28.375, -8.625], "size": [2.7, 1, 1], "inflate": -0.2, "pivot": [0.95, 28.675, -8.325], "rotation": [-20.5, 0, 0], "uv": [135, 215]},
						{"origin": [0.3, 28.575, -8.775], "size": [1.05, 3.25, 1.4], "inflate": -0.4, "pivot": [1.05, 28.875, -8.475], "rotation": [0, 0, -5.25], "uv": [137, 220]},
						{"origin": [-1.35, 28.575, -8.775], "size": [1.05, 3.25, 1.4], "inflate": -0.4, "pivot": [-1.05, 28.875, -8.475], "rotation": [0, 0, 5.25], "uv": [127, 223], "mirror": true},
						{"origin": [-1, 30.875, -8.775], "size": [2.05, 1.05, 1.4], "inflate": -0.4, "uv": [125, 216], "mirror": true},
						{"origin": [-1.35, 28.875, -8.925], "size": [2.7, 1.1, 1], "inflate": -0.4, "uv": [133, 210], "mirror": true},
						{"origin": [-1.125, 27.35, -9.5], "size": [1.1, 1.5, 2.35], "inflate": -0.2, "uv": [147, 18], "mirror": true},
						{"origin": [-1.5, 22, -48.35], "size": [2.75, 3, 28.625], "uv": [187, 210]}
					]
				},
				{
					"name": "chamber",
					"parent": "lift",
					"pivot": [-0.125, 25.8, -12.325],
					"cubes": [
						{"origin": [-0.225, 25.725, -15.925], "size": [1.05, 2.25, 7.4], "inflate": -0.4, "uv": [111, 266], "mirror": true},
						{"origin": [-0.225, 25.2, -9.55], "size": [1.05, 2.25, 3.4], "inflate": -0.4, "pivot": [0.075, 26.5, -7.25], "rotation": [-16.5, 0, 0], "uv": [117, 277], "mirror": true},
						{"origin": [-0.825, 25.2, -9.55], "size": [1.05, 2.25, 3.4], "inflate": -0.4, "pivot": [-0.075, 26.5, -7.25], "rotation": [-16.5, 0, 0], "uv": [85, 269]},
						{"origin": [-0.825, 25.725, -15.925], "size": [1.05, 2.25, 7.4], "inflate": -0.4, "uv": [97, 270]},
						{"origin": [-1.625, 24.3, -16.625], "size": [3, 3, 10.925], "inflate": -0.4, "pivot": [-0.125, 25.8, -12.325], "rotation": [0, 0, 9.25], "uv": [19, 255]},
						{"origin": [0.225, 24.3, -6.5], "size": [1.15, 2, 7.55], "inflate": -0.4, "pivot": [-0.125, 25.8, -3.575], "rotation": [0, 0, 9.25], "uv": [6, 269]},
						{"origin": [-1.275, 24.3, -6.5], "size": [2.3, 1.1, 7.55], "inflate": -0.4, "pivot": [-0.125, 25.8, -3.575], "rotation": [0, 0, 9.25], "uv": [6, 232]},
						{"origin": [-1.575, 24.3, 0.1], "size": [2.9, 2.925, 1], "inflate": -0.4, "pivot": [-0.125, 25.8, -3.575], "rotation": [0, 0, 9.25], "uv": [65, 278]},
						{"origin": [-1.625, 24.3, -6.5], "size": [1.15, 2, 7.55], "inflate": -0.4, "pivot": [-0.125, 25.8, -3.575], "rotation": [0, 0, 9.25], "uv": [27, 270]}
					]
				},
				{
					"name": "grenade",
					"parent": "lift",
					"pivot": [-0.125, 29.8, -12.375],
					"cubes": [
						{"origin": [-1.625, 24.3, -6.625], "size": [3, 3, 7.725], "inflate": -0.5, "pivot": [-0.125, 25.8, -12.375], "rotation": [0, 0, 9.25], "uv": [139, 261]}
					]
				},
				{
					"name": "_ca_launcher",
					"parent": "launchermain",
					"pivot": [0, 21.45, -21.65],
					"cubes": [
						{"origin": [-0.5, 20.95, 4.35], "size": [1, 1, 1], "uv": [35, 105]}
					]
				}
			]
		}
	]
}