{
	"format_version": "1.12.0",
	"minecraft:geometry": [
		{
			"description": {
				"identifier": "geometry.unknown",
				"texture_width": 300,
				"texture_height": 300,
				"visible_bounds_width": 11,
				"visible_bounds_height": 8,
				"visible_bounds_offset": [0, 1, 0]
			},
			"bones": [
				{
					"name": "bb_main",
					"pivot": [0, 0, 0]
				},
				{
					"name": "main",
					"pivot": [0, 26.25, 6.5]
				},
				{
					"name": "gun",
					"parent": "main",
					"pivot": [1, 32.25, 5.5],
					"cubes": [
						{"origin": [-7, 29.5, -32], "size": [7, 3, 3], "pivot": [0, 32.5, -32], "rotation": [0, 0, -15.5], "uv": [21, 33]},
						{"origin": [-5.65, 31.2, -30], "size": [3, 1, 8.3], "pivot": [-2.65, 32.2, -30], "rotation": [0, 0, -4.25], "uv": [146, 206]},
						{"origin": [-10.025, 29.025, -29.5], "size": [2.5, 2, 7.3], "pivot": [-7.525, 31.025, -29.5], "rotation": [0, 0, -4.25], "uv": [114, 17]},
						{"origin": [-7, 30.2, -29.5], "size": [2, 2, 7.3], "inflate": -0.2, "pivot": [-5, 32.2, -29.5], "rotation": [0, 0, 2.75], "uv": [67, 107]},
						{"origin": [-10.1, 29.95, -29.5], "size": [2, 2, 7.3], "inflate": -0.2, "pivot": [-8.1, 31.95, -29.5], "rotation": [0, 0, -24.75], "uv": [24, 88]},
						{"origin": [-8.6, 30.2, -29.5], "size": [2, 2, 7.3], "inflate": -0.21, "pivot": [-6.6, 32.2, -29.5], "rotation": [0, 0, -12.5], "uv": [21, 106]},
						{"origin": [-12.55, 28.85, -29.5], "size": [2.5, 2, 7.3], "inflate": -0.001, "pivot": [-10.05, 30.85, -29.5], "rotation": [0, 0, -60.25], "uv": [114, 0]},
						{"origin": [-3.65, 30.2, -22.975], "size": [1, 2, 1.25], "pivot": [-2.65, 32.2, -22.975], "rotation": [0, 0, -88.75], "uv": [38, 13]},
						{"origin": [-3.65, 30.2, -30], "size": [1, 2, 1.25], "pivot": [-2.65, 32.2, -30], "rotation": [0, 0, -88.75], "uv": [15, 20]},
						{"origin": [0, 29.5, -32], "size": [7, 3, 3], "inflate": 0.001, "pivot": [0, 32.5, -32], "rotation": [0, 0, 15.5], "uv": [21, 13]},
						{"origin": [5, 29.5, -29], "size": [2, 3, 7], "pivot": [0, 32.5, -29], "rotation": [0, 0, 15.5], "uv": [69, 66]},
						{"origin": [3.25, 29.5, -27.8], "size": [2, 3, 4], "inflate": -0.001, "pivot": [0, 32.5, -29], "rotation": [0, 22.5, 15.5], "uv": [162, 103]},
						{"origin": [-7, 29.5, -29], "size": [2, 3, 7], "pivot": [0, 32.5, -29], "rotation": [0, 0, -15.5], "uv": [69, 0]},
						{"origin": [5, 29.5, -22], "size": [2, 3, 4], "pivot": [0, 32.5, -22], "rotation": [0, 0, 15.5], "uv": [162, 132]},
						{"origin": [5, 29.5, -24.025], "size": [1.4, 3, 2.8], "inflate": -0.001, "pivot": [0, 32.5, -22], "rotation": [0, -44, 15.5], "uv": [12, 31]},
						{"origin": [-6.4, 29.5, -24.025], "size": [1.4, 3, 2.8], "inflate": -0.001, "pivot": [0, 32.5, -22], "rotation": [0, 44, -15.5], "uv": [0, 31]},
						{"origin": [-7, 29.5, -22], "size": [2, 3, 4], "pivot": [0, 32.5, -22], "rotation": [0, 0, -15.5], "uv": [162, 143]},
						{"origin": [6.75, 27.625, -32], "size": [4, 3, 14], "pivot": [6.75, 30.625, -32], "rotation": [0, 0, 70.5], "uv": [92, 46]},
						{"origin": [4.825, 28.15, -18], "size": [9, 3, 2.8], "inflate": 0.001, "pivot": [4.825, 31.15, -18], "rotation": [0, 0, 70.5], "uv": [63, 123]},
						{"origin": [4.35, 27.5, -15.2], "size": [4, 3, 13.2], "pivot": [4.35, 30.5, -15], "rotation": [0, 0, 70.5], "uv": [46, 107]},
						{"origin": [-8.35, 27.5, -15.2], "size": [4, 3, 13.2], "pivot": [-4.35, 30.5, -15], "rotation": [0, 0, -70.5], "uv": [0, 106]},
						{"origin": [-13.825, 28.15, -18], "size": [9, 3, 2.8], "inflate": 0.001, "pivot": [-4.825, 31.15, -18], "rotation": [0, 0, -70.5], "uv": [110, 101]},
						{"origin": [-10.75, 27.625, -32], "size": [4, 3, 14], "inflate": 0.001, "pivot": [-6.75, 30.625, -32], "rotation": [0, 0, -70.5], "uv": [92, 17]},
						{"origin": [0, 29.5, -18], "size": [5, 3, 2.8], "pivot": [0, 32.5, -18], "rotation": [0, 0, 15.5], "uv": [114, 9]},
						{"origin": [3, 29.3, -29], "size": [2, 3, 6], "pivot": [0, 32.3, -28], "rotation": [0, 0, 15.5], "uv": [0, 210]},
						{"origin": [-5, 29.3, -29], "size": [2, 3, 6], "pivot": [0, 32.3, -28], "rotation": [0, 0, -15.5], "uv": [84, 208]},
						{"origin": [0, 29.3, -23], "size": [5, 3, 5], "pivot": [0, 32.3, -23], "rotation": [0, 0, 15.5], "uv": [67, 46]},
						{"origin": [-5, 29.3, -23], "size": [5, 3, 5], "inflate": 0.001, "pivot": [0, 32.3, -23], "rotation": [0, 0, -15.5], "uv": [68, 90]},
						{"origin": [0, 29.3, -29.5], "size": [3, 3, 1], "pivot": [0, 32.3, -29.5], "rotation": [0, 0, 15.5], "uv": [110, 63]},
						{"origin": [-3, 29.3, -29.5], "size": [3, 3, 1], "inflate": 0.001, "pivot": [0, 32.3, -29.5], "rotation": [0, 0, -15.5], "uv": [110, 67]},
						{"origin": [0, 28.7, -15.2], "size": [4.5, 3, 14.2], "pivot": [0, 31.7, -15], "rotation": [0, 0, 15.5], "uv": [92, 0]},
						{"origin": [-4.5, 28.7, -15.2], "size": [4.5, 3, 14.2], "pivot": [0, 31.7, -15], "rotation": [0, 0, -15.5], "uv": [46, 90]},
						{"origin": [-5, 29.5, -18], "size": [5, 3, 2.8], "pivot": [0, 32.5, -18], "rotation": [0, 0, -15.5], "uv": [69, 76]},
						{"origin": [-1.75, 36.675, 2.25], "size": [3.5, 3.5, 12.25], "inflate": 0.001, "pivot": [0.75, 40.175, 2.25], "rotation": [-16.25, 0, 0], "uv": [138, 88]},
						{"origin": [-3, 28.175, -9.25], "size": [6, 6.5, 12.25], "uv": [0, 88]},
						{"origin": [-3, 26.425, -14.775], "size": [6, 6.5, 1.25], "uv": [92, 24]},
						{"origin": [-5, 27.425, -2], "size": [10, 4.5, 6.5], "inflate": 0.001, "uv": [138, 115]},
						{"origin": [-5, 28.425, 4.5], "size": [10, 3.5, 11.5], "pivot": [5, 31.925, 4.5], "rotation": [-35, 0, 0], "uv": [0, 63]},
						{"origin": [1, 27.425, -7.75], "size": [4, 4.5, 5.75], "pivot": [5, 31.925, -2], "rotation": [0, 22.5, 0], "uv": [154, 0]},
						{"origin": [-5, 27.425, -7.75], "size": [4, 4.5, 5.75], "pivot": [-5, 31.925, -2], "rotation": [0, -22.5, 0], "uv": [114, 46]},
						{"origin": [-9, 22.175, -9.25], "size": [18, 5.5, 15.25], "inflate": 0.001, "uv": [181, 39]},
						{"origin": [1, 22.175, 6], "size": [8, 4, 8.25], "inflate": 0.003, "pivot": [9, 27.675, 6], "rotation": [0, -36.25, 0], "uv": [138, 103]},
						{"origin": [5.75, 26.175, 6], "size": [3.25, 1.5, 8.25], "pivot": [9, 27.675, 6], "rotation": [-11, -36.25, 0], "uv": [117, 203]},
						{"origin": [-9, 26.175, 6], "size": [3.25, 1.5, 8.25], "pivot": [-9, 27.675, 6], "rotation": [-11, 36.25, 0], "uv": [189, 183]},
						{"origin": [-9, 22.175, 6], "size": [7, 4, 8.25], "inflate": 0.002, "pivot": [-9, 27.675, 6], "rotation": [0, 36.25, 0], "uv": [112, 173]},
						{"origin": [5, 24.175, -9.6], "size": [4, 3.5, 15.6], "pivot": [9, 27.675, -9.25], "rotation": [0, 0, 21.5], "uv": [46, 66]},
						{"origin": [-5.275, 28.15, -9.6], "size": [10.55, 1, 15.6], "inflate": 0.001, "uv": [210, 87]},
						{"origin": [-5.275, 24.15, -9.6], "size": [10.55, 5, 1], "inflate": 0.001, "pivot": [5.275, 29.15, -9.6], "rotation": [-81, 0, 0], "uv": [18, 122]},
						{"origin": [2.275, 24.65, -9.6], "size": [3, 4.5, 1], "pivot": [5.275, 29.15, -9.6], "rotation": [-79.18419, -33.52552, -6.02336], "uv": [80, 54]},
						{"origin": [-5.275, 24.65, -9.6], "size": [3, 4.5, 1], "pivot": [-5.275, 29.15, -9.6], "rotation": [-79.18419, 33.52552, 6.02336], "uv": [80, 0]},
						{"origin": [-12, 23.425, -15.25], "size": [24, 3.75, 3.25], "inflate": 0.001, "uv": [218, 23]},
						{"origin": [10, 19.675, -15.25], "size": [2, 3.75, 3.25], "pivot": [12, 23.425, -15.25], "rotation": [0, 0, 66.5], "uv": [31, 63]},
						{"origin": [6, 16.425, -9.5], "size": [3, 5.75, 15.5], "pivot": [9, 22.175, -7.5], "rotation": [0, 0, 66.5], "uv": [46, 46]},
						{"origin": [10, 19.675, -12], "size": [2, 3.75, 6], "inflate": -0.001, "pivot": [12, 23.425, -12], "rotation": [-36.25, 0, 66.5], "uv": [193, 206]},
						{"origin": [-9, 16.425, -9.5], "size": [3, 5.75, 15.5], "pivot": [-9, 22.175, -7.5], "rotation": [0, 0, -66.5], "uv": [46, 18]},
						{"origin": [-12, 19.675, -12], "size": [2, 3.75, 6], "inflate": -0.001, "pivot": [-12, 23.425, -12], "rotation": [-36.25, 0, -66.5], "uv": [20, 191]},
						{"origin": [-12, 19.675, -15.25], "size": [2, 3.75, 3.25], "pivot": [-12, 23.425, -15.25], "rotation": [0, 0, -66.5], "uv": [0, 63]},
						{"origin": [7.5, 25.425, -15.25], "size": [4.5, 1.75, 3.25], "inflate": 0.001, "pivot": [12, 27.175, -15.25], "rotation": [-0.0566, 0.49679, 18.24975], "uv": [114, 55]},
						{"origin": [-7.75, 26.825, -15.2], "size": [15.5, 1.75, 2.15], "inflate": 0.001, "uv": [46, 38]},
						{"origin": [7.5, 25.425, -10.5], "size": [4.5, 1.75, 4.5], "inflate": 0.001, "pivot": [12, 27.175, -12], "rotation": [-5.91112, -34.0225, 20.50931], "uv": [69, 10]},
						{"origin": [-9, 24.175, -9.6], "size": [4, 3.5, 15.6], "pivot": [-9, 27.675, -9.25], "rotation": [0, 0, -21.5], "uv": [46, 0]},
						{"origin": [-12, 25.425, -10.5], "size": [4.5, 1.75, 4.5], "inflate": 0.001, "pivot": [-12, 27.175, -12], "rotation": [-5.91112, 34.0225, -20.50931], "uv": [0, 14]},
						{"origin": [8.5, 23.175, -18.2], "size": [3, 3, 3.25], "inflate": -0.3, "pivot": [11.5, 26.175, -18.2], "rotation": [0, 0, 25.25], "uv": [168, 173]},
						{"origin": [-11.5, 23.175, -18.2], "size": [3, 3, 3.25], "inflate": -0.3, "pivot": [-11.5, 26.175, -18.2], "rotation": [0, 0, -25.25], "uv": [22, 171]},
						{"origin": [-17, 24.175, -28.75], "size": [34, 2.75, 5.25], "uv": [175, 127]},
						{"origin": [-15.2, 21.5, -28.75], "size": [30.4, 2.75, 5.25], "uv": [181, 30]},
						{"origin": [14, 20.925, -28.75], "size": [3, 3.25, 5.25], "pivot": [17, 24.175, -28.75], "rotation": [0, 0, 33.5], "uv": [52, 210]},
						{"origin": [14, 21.125, -22.5], "size": [3, 3.05, 6.25], "pivot": [17, 24.175, -23.5], "rotation": [-20.81533, -33.75597, 34.37924], "uv": [175, 206]},
						{"origin": [-17, 21.125, -22.5], "size": [3, 3.05, 6.25], "pivot": [-17, 24.175, -23.5], "rotation": [-20.81533, 33.75597, -34.37924], "uv": [17, 182]},
						{"origin": [-17, 21.125, -35.95], "size": [3, 3.05, 6.25], "pivot": [-17, 24.175, -28.7], "rotation": [21.84914, -34.98966, -34.96295], "uv": [156, 88]},
						{"origin": [14, 21.125, -35.95], "size": [3, 3.05, 6.25], "pivot": [17, 24.175, -28.7], "rotation": [21.84914, 34.98966, 34.96295], "uv": [154, 16]},
						{"origin": [-17, 20.925, -28.75], "size": [3, 3.25, 5.25], "pivot": [-17, 24.175, -28.75], "rotation": [0, 0, -33.5], "uv": [21, 200]},
						{"origin": [-12.4, 24.175, -23.15], "size": [24.8, 2.75, 5.25], "uv": [183, 160]},
						{"origin": [12.4, 24.775, -28.75], "size": [4.6, 2.15, 5.25], "pivot": [17, 26.925, -28.75], "rotation": [0, 0, 29.5], "uv": [23, 77]},
						{"origin": [13.15, 24.775, -21], "size": [3.85, 2.15, 4.75], "inflate": 0.002, "pivot": [17, 26.925, -23.5], "rotation": [-26.38912, -31.22315, 43.74619], "uv": [66, 160]},
						{"origin": [15.1, 24.775, -22.25], "size": [1.9, 2.15, 1.5], "pivot": [17, 26.925, -23.5], "rotation": [-26.38912, -31.22315, 43.74619], "uv": [9, 44]},
						{"origin": [-17, 24.775, -22.25], "size": [1.9, 2.15, 1.5], "pivot": [-17, 26.925, -23.5], "rotation": [-26.38912, 31.22315, -43.74619], "uv": [38, 33]},
						{"origin": [12.525, 24.775, -23.475], "size": [3.85, 2.15, 1], "inflate": 0.001, "pivot": [17, 26.925, -23.5], "rotation": [-22.34009, -0.54176, 29.54499], "uv": [125, 66]},
						{"origin": [-16.375, 24.775, -23.475], "size": [3.85, 2.15, 1], "inflate": 0.001, "pivot": [-17, 26.925, -23.5], "rotation": [-22.34009, 0.54176, -29.54499], "uv": [125, 63]},
						{"origin": [13.15, 24.775, -16.25], "size": [1.75, 2.15, 1.5], "pivot": [17, 26.925, -23.5], "rotation": [-26.38912, -31.22315, 43.74619], "uv": [38, 62]},
						{"origin": [14.4, 24.775, -17], "size": [1.25, 2.15, 1.5], "pivot": [17, 26.925, -23.5], "rotation": [-26.38912, -31.22315, 43.74619], "uv": [46, 53]},
						{"origin": [-15.65, 24.775, -17], "size": [1.25, 2.15, 1.5], "pivot": [-17, 26.925, -23.5], "rotation": [-26.38912, 31.22315, -43.74619], "uv": [46, 25]},
						{"origin": [-14.9, 24.775, -16.25], "size": [1.75, 2.15, 1.5], "pivot": [-17, 26.925, -23.5], "rotation": [-26.38912, 31.22315, -43.74619], "uv": [46, 46]},
						{"origin": [8.55, 24.775, -18.525], "size": [4.45, 2.15, 1], "inflate": 0.001, "pivot": [17, 26.925, -23.5], "rotation": [-22.34161, 0.84566, 28.97482], "uv": [30, 115]},
						{"origin": [-13, 24.775, -18.525], "size": [4.45, 2.15, 1], "inflate": 0.001, "pivot": [-17, 26.925, -23.5], "rotation": [-22.34161, -0.84566, -28.97482], "uv": [92, 113]},
						{"origin": [-17, 24.775, -21], "size": [3.85, 2.15, 4.75], "inflate": 0.002, "pivot": [-17, 26.925, -23.5], "rotation": [-26.38912, 31.22315, -43.74619], "uv": [23, 159]},
						{"origin": [-17, 24.775, -28.75], "size": [4.6, 2.15, 5.25], "pivot": [-17, 26.925, -28.75], "rotation": [0, 0, -29.5], "uv": [67, 54]},
						{"origin": [-9.5, 19.425, -20.75], "size": [19, 3.75, 9.25], "uv": [181, 109]},
						{"origin": [7.5, 19.425, -11.5], "size": [2, 3.75, 4], "inflate": -0.001, "pivot": [9.5, 23.175, -11.5], "rotation": [0, -52, 0], "uv": [160, 70]},
						{"origin": [-9.5, 19.425, -11.5], "size": [2, 3.75, 4], "inflate": -0.001, "pivot": [-9.5, 23.175, -11.5], "rotation": [0, 52, 0], "uv": [138, 88]},
						{"origin": [4.75, 19.675, -35.25], "size": [1.75, 1.5, 16.25], "uv": [92, 90]},
						{"origin": [-3, 16.55, -35.525], "size": [6, 2.5, 6.25], "pivot": [3, 18.05, -35.525], "rotation": [-11, 0, 0], "uv": [0, 122]},
						{"origin": [4.75, 14.075, -35.25], "size": [1.75, 5.6, 1.25], "inflate": 0.001, "pivot": [6.5, 19.675, -35.25], "rotation": [79.5, 0, 0], "uv": [69, 0]},
						{"origin": [1.75, 13.475, -35.25], "size": [4.75, 6.2, 2.15], "inflate": 0.001, "pivot": [6.5, 19.675, -35.25], "rotation": [82.46017, -7.17126, -42.55608], "uv": [122, 121]},
						{"origin": [-6.5, 13.475, -35.25], "size": [4.75, 6.2, 2.15], "inflate": 0.001, "pivot": [-6.5, 19.675, -35.25], "rotation": [82.46017, 7.17126, 42.55608], "uv": [46, 107]},
						{"origin": [4.75, 18.675, -29.75], "size": [1.75, 1, 19.5], "uv": [0, 20]},
						{"origin": [2.75, 14, -29.75], "size": [3.75, 4.675, 19.5], "pivot": [6.5, 18.675, -29.75], "rotation": [0, 0, 46.5], "uv": [218, 0]},
						{"origin": [-6.5, 14, -29.75], "size": [3.75, 4.675, 19.5], "pivot": [-6.5, 18.675, -29.75], "rotation": [0, 0, -46.5], "uv": [212, 134]},
						{"origin": [4.75, 17.675, -22.75], "size": [1.75, 1, 22.25], "uv": [88, 173]},
						{"origin": [4.75, 15.425, -0.5], "size": [1.75, 3.25, 1], "inflate": 0.001, "pivot": [6.5, 18.675, -0.5], "rotation": [-33.5, 0, 0], "uv": [46, 7]},
						{"origin": [5.125, 14.875, 0.3], "size": [1.375, 3.25, 5.325], "inflate": 0.001, "pivot": [6.5, 18.125, 0.3], "rotation": [-41.03752, -32.79027, 25.23913], "uv": [0, 106]},
						{"origin": [-6.5, 14.875, 0.3], "size": [1.375, 3.25, 5.325], "inflate": 0.001, "pivot": [-6.5, 18.125, 0.3], "rotation": [-41.03752, 32.79027, -25.23913], "uv": [92, 46]},
						{"origin": [-3, 15.425, 3.275], "size": [6, 3.25, 1.225], "inflate": 0.001, "pivot": [3, 18.675, -0.5], "rotation": [-33.5, 0, 0], "uv": [67, 29]},
						{"origin": [4.75, 17.675, -22.75], "size": [1.75, 3, 1.25], "inflate": 0.001, "pivot": [6.5, 17.675, -22.75], "rotation": [67, 0, 0], "uv": [46, 18]},
						{"origin": [4.75, 15.425, -15.75], "size": [1.75, 2.25, 14.25], "uv": [138, 16]},
						{"origin": [-3.5, 19.675, -9.25], "size": [7, 3, 11], "inflate": 0.001, "uv": [92, 107]},
						{"origin": [-3.5, 13.9, -5.2], "size": [7, 2, 3], "inflate": 0.001, "uv": [68, 98]},
						{"origin": [-3.5, 12.675, -7.25], "size": [7, 7, 9], "pivot": [3.5, 19.675, 1.75], "rotation": [-34.25, 0, 0], "uv": [0, 132]},
						{"origin": [-2.25, 12.675, 0.25], "size": [4.25, 10, 3], "pivot": [3.5, 19.675, 3.25], "rotation": [-34.25, 0, 0], "uv": [25, 44]},
						{"origin": [4.75, 16.675, -2], "size": [1.75, 1.25, 1.25], "inflate": -0.001, "uv": [0, 26]},
						{"origin": [4.75, 17.425, -9.5], "size": [1.75, 3.25, 3.25], "inflate": 0.001, "pivot": [6.5, 20.675, -9.5], "rotation": [-55.5, 0, 0], "uv": [10, 20]},
						{"origin": [-6.5, 17.675, -22.75], "size": [1.75, 3, 1.25], "inflate": 0.001, "pivot": [-6.5, 17.675, -22.75], "rotation": [67, 0, 0], "uv": [0, 14]},
						{"origin": [-6.5, 14.075, -35.25], "size": [1.75, 5.6, 1.25], "inflate": 0.001, "pivot": [-6.5, 19.675, -35.25], "rotation": [79.5, 0, 0], "uv": [38, 56]},
						{"origin": [-6.5, 19.675, -35.25], "size": [1.75, 1.5, 16.25], "uv": [92, 63]},
						{"origin": [-5.9, 18.525, -33.25], "size": [11.75, 4, 14.25], "inflate": -0.1, "uv": [210, 69]},
						{"origin": [-6.5, 18.675, -29.75], "size": [1.75, 1, 19.5], "uv": [0, 0]},
						{"origin": [-6.5, 17.675, -22.75], "size": [1.75, 1, 22.25], "uv": [86, 134]},
						{"origin": [-6.5, 15.425, -15.75], "size": [1.75, 2.25, 14.25], "uv": [138, 0]},
						{"origin": [-6.5, 17.425, -9.5], "size": [1.75, 3.25, 3.25], "inflate": 0.001, "pivot": [-6.5, 20.675, -9.5], "rotation": [-55.5, 0, 0], "uv": [0, 20]},
						{"origin": [-6.5, 15.425, -0.5], "size": [1.75, 3.25, 1], "inflate": 0.001, "pivot": [-6.5, 18.675, -0.5], "rotation": [-33.5, 0, 0], "uv": [46, 0]},
						{"origin": [-6.5, 16.675, -2], "size": [1.75, 1.25, 1.25], "inflate": -0.001, "uv": [14, 0]},
						{"origin": [11, 24.175, -23.5], "size": [6, 2.75, 7.25], "pivot": [17, 26.925, -23.5], "rotation": [0, -39.25, 0], "uv": [198, 66]},
						{"origin": [7, 26.425, -23.5], "size": [6, 2.75, 7.25], "pivot": [13, 29.175, -23.5], "rotation": [0, -39.25, 0], "uv": [181, 20]},
						{"origin": [-13, 26.425, -23.5], "size": [6, 2.75, 7.25], "pivot": [-13, 29.175, -23.5], "rotation": [0, 39.25, 0], "uv": [108, 157]},
						{"origin": [-15.1, 21.5, -23.5], "size": [8, 2.75, 7.25], "inflate": -0.001, "pivot": [-15.1, 24.25, -23.5], "rotation": [0, 39.25, 0], "uv": [43, 160]},
						{"origin": [7.1, 21.5, -23.5], "size": [8, 2.75, 7.25], "inflate": -0.001, "pivot": [15.1, 24.25, -23.5], "rotation": [0, -39.25, 0], "uv": [0, 159]},
						{"origin": [7.1, 21.5, -35.9], "size": [8, 2.75, 7.25], "inflate": -0.001, "pivot": [15.1, 24.25, -28.65], "rotation": [0, 39.25, 0], "uv": [92, 121]},
						{"origin": [-15.1, 21.5, -35.9], "size": [8, 2.75, 7.25], "inflate": -0.001, "pivot": [-15.1, 24.25, -28.65], "rotation": [0, -39.25, 0], "uv": [0, 77]},
						{"origin": [11, 24.175, -36.25], "size": [6, 2.75, 7.5], "pivot": [17, 26.925, -28.75], "rotation": [0, 41, 0], "uv": [152, 185]},
						{"origin": [-17, 24.175, -36.25], "size": [6, 2.75, 7.5], "pivot": [-17, 26.925, -28.75], "rotation": [0, -41, 0], "uv": [112, 185]},
						{"origin": [-12, 24.175, -34.4], "size": [6, 2.75, 5.65], "inflate": 0.001, "uv": [152, 194]},
						{"origin": [-10.525, 21.525, -34.275], "size": [21, 2.75, 5.65], "inflate": 0.001, "uv": [218, 168]},
						{"origin": [6, 24.175, -34.4], "size": [6, 2.75, 5.65], "inflate": 0.001, "uv": [46, 123]},
						{"origin": [-17, 24.175, -23.5], "size": [6, 2.75, 7.25], "pivot": [-17, 26.925, -23.5], "rotation": [0, 39.25, 0], "uv": [0, 194]},
						{"origin": [-13, 26.925, -28.75], "size": [26, 2.25, 5.25], "inflate": 0.001, "uv": [181, 59]},
						{"origin": [6, 27.925, -24.75], "size": [3, 2.25, 4.25], "inflate": 0.001, "pivot": [9, 30.175, -24.75], "rotation": [0, 0, 9.25], "uv": [65, 149]},
						{"origin": [6.25, 26.475, -21.075], "size": [3.25, 5, 3.25], "pivot": [9.5, 31.475, -21.075], "rotation": [0, -16.5, 0], "uv": [43, 134]},
						{"origin": [9.975, 24.45, -32.775], "size": [3.25, 5, 3.25], "pivot": [13.225, 29.45, -32.775], "rotation": [0, -16.5, 0], "uv": [0, 88]},
						{"origin": [-13.225, 24.45, -32.775], "size": [3.25, 5, 3.25], "pivot": [-13.225, 29.45, -32.775], "rotation": [0, 16.5, 0], "uv": [0, 88], "mirror": true},
						{"origin": [13.775, 26.95, -35.725], "size": [3.85, 2.2, 10], "inflate": -0.2, "pivot": [17.625, 28.95, -34.725], "rotation": [0, -43.25, 0], "uv": [152, 173]},
						{"origin": [17.025, 27.05, -44.725], "size": [1.6, 2.45, 10], "uv": [86, 134]},
						{"origin": [18.6, 27.05, -45.975], "size": [9.6, 2.45, 3.25], "uv": [92, 80]},
						{"origin": [17.6, 26.7, -44.975], "size": [12.15, 3.35, 2.75], "uv": [92, 34]},
						{"origin": [17.6, 26.7, -46.225], "size": [3.4, 3.35, 1.25], "uv": [80, 66]},
						{"origin": [20.95, 26.7, -46.225], "size": [2.3, 3.35, 1.25], "inflate": -0.001, "pivot": [20.95, 29.05, -46.225], "rotation": [0, -44.25, 0], "uv": [12, 14]},
						{"origin": [27.6, 26.7, -42.225], "size": [2.15, 3.35, 4.75], "uv": [138, 44]},
						{"origin": [19.6, 27.05, -46.975], "size": [2.35, 2.45, 1], "uv": [81, 29]},
						{"origin": [21.95, 27.05, -46.975], "size": [6.325, 2.45, 1], "inflate": -0.001, "pivot": [21.95, 29.05, -46.975], "rotation": [0, -9, 0], "uv": [92, 39]},
						{"origin": [18.625, 27.1, -38.225], "size": [10.6, 2.5, 2.5], "pivot": [20.225, 28.9, -36.975], "rotation": [-17.75, 0, 0], "uv": [110, 75]},
						{"origin": [27.95, 26.75, -38.225], "size": [1.5, 2.85, 2.75], "inflate": 0.301, "pivot": [29.8, 28.9, -36.975], "rotation": [-17.75, 0, 0], "uv": [55, 7]},
						{"origin": [17.125, 27.1, -38.225], "size": [1.25, 2.5, 2.5], "inflate": 0.3, "pivot": [18.725, 28.9, -36.975], "rotation": [-17.75, 0, 0], "uv": [55, 0]},
						{"origin": [15.325, 27.05, -39.725], "size": [1.75, 2.45, 3.25], "uv": [67, 18]},
						{"origin": [15.325, 27.05, -44.725], "size": [1.75, 2.45, 5], "inflate": -0.001, "pivot": [15.325, 29.05, -39.725], "rotation": [0, -18.5, 0], "uv": [138, 57]},
						{"origin": [15.325, 27.05, -36.475], "size": [1.75, 2.45, 2.425], "inflate": -0.001, "pivot": [15.325, 29.05, -36.475], "rotation": [0, 43.75, 0], "uv": [55, 18]},
						{"origin": [6, 27.925, -24.75], "size": [3, 2.25, 4.25], "pivot": [9, 30.175, -24.75], "rotation": [0, 0, -47.5], "uv": [22, 148]},
						{"origin": [-9, 27.925, -24.75], "size": [3, 2.25, 4.25], "pivot": [-9, 30.175, -24.75], "rotation": [0, 0, 47.5], "uv": [138, 16]},
						{"origin": [-9, 27.925, -24.75], "size": [3, 2.25, 4.25], "inflate": 0.001, "pivot": [-9, 30.175, -24.75], "rotation": [0, 0, -9.25], "uv": [138, 22]},
						{"origin": [8, 23.425, -12], "size": [4, 3.75, 8.25], "pivot": [12, 27.175, -12], "rotation": [0, -33.75, 0], "uv": [110, 134]},
						{"origin": [8, 26.175, -12], "size": [4, 1, 8.25], "inflate": -0.001, "pivot": [12, 27.175, -12], "rotation": [5, -33.75, 0], "uv": [181, 83]},
						{"origin": [-12, 25.425, -15.25], "size": [4.5, 1.75, 3.25], "inflate": 0.001, "pivot": [-12, 27.175, -15.25], "rotation": [-0.0566, -0.49679, -18.24975], "uv": [114, 26]},
						{"origin": [-12, 26.175, -12], "size": [4, 1, 8.25], "inflate": -0.001, "pivot": [-12, 27.175, -12], "rotation": [5, 33.75, 0], "uv": [43, 173]},
						{"origin": [-12, 23.425, -12], "size": [4, 3.75, 8.25], "pivot": [-12, 27.175, -12], "rotation": [0, 33.75, 0], "uv": [110, 90]},
						{"origin": [-12, 17.675, -12], "size": [4, 5.75, 1.25], "inflate": -0.001, "pivot": [-12, 23.425, -12], "rotation": [76.75, 33.75, 0], "uv": [32, 106]},
						{"origin": [8, 17.675, -12], "size": [4, 5.75, 1.25], "inflate": -0.001, "pivot": [12, 23.425, -12], "rotation": [76.75, -33.75, 0], "uv": [77, 18]},
						{"origin": [-3, 28.175, 3], "size": [6, 6.5, 13.75], "inflate": -0.001, "pivot": [2, 34.675, 3], "rotation": [-34, 0, 0], "uv": [0, 44]},
						{"origin": [-3, 28.875, -9.25], "size": [6, 5.8, 6], "inflate": -0.001, "pivot": [2, 34.675, -9.25], "rotation": [-72.5, 0, 0], "uv": [110, 145]},
						{"origin": [-1, 31.325, -12.75], "size": [2, 2.3, 4], "inflate": -0.001, "pivot": [0, 33.625, -12.75], "rotation": [-72.5, 0, 0], "uv": [162, 154]},
						{"origin": [-1, 30.85, -20.625], "size": [2, 2.3, 3.5], "inflate": -0.3, "pivot": [0, 33.15, -20.625], "rotation": [-5, 0, 0], "uv": [0, 69]},
						{"origin": [-1, 30.625, -14.95], "size": [2, 2.3, 4], "pivot": [0, 32.925, -14.95], "rotation": [-34.25, 0, 0], "uv": [122, 79]},
						{"origin": [-1.75, 33.175, 14], "size": [3.5, 3.5, 9.25], "pivot": [0.75, 36.675, 14], "rotation": [-95, 0, 0], "uv": [110, 63]},
						{"origin": [-1.75, 32.675, 2.25], "size": [3.5, 7.5, 3.25], "pivot": [0.75, 40.175, 2.25], "rotation": [-38.75, 0, 0], "uv": [0, 44]},
						{"origin": [-7.75, 8.9, -29.5], "size": [10, 10, 25], "inflate": -0.5, "pivot": [1.25, 18.9, -29.5], "rotation": [0, 0, -25], "uv": [43, 173]},
						{"origin": [-7.75, 8.9, -22.5], "size": [10, 10, 16], "pivot": [1.25, 18.9, -29.5], "rotation": [0, 0, -25], "uv": [0, 210]}
					]
				},
				{
					"name": "bone",
					"parent": "gun",
					"pivot": [0, 33.475, -86.5],
					"cubes": [
						{"origin": [0, 32.075, -86.5], "size": [6.025, 1.5, 10.5], "pivot": [0, 33.475, -86.5], "rotation": [0, 0, 23.25], "uv": [86, 157]},
						{"origin": [-6.025, 32.075, -86.5], "size": [6.025, 1.5, 10.5], "inflate": 0.002, "pivot": [0, 33.475, -86.5], "rotation": [0, 0, -23.25], "uv": [0, 171]}
					]
				},
				{
					"name": "bone3",
					"parent": "gun",
					"pivot": [0, 17.725, -86.5],
					"cubes": [
						{"origin": [-0.05, 17.625, -86.5], "size": [6.075, 1.5, 10.5], "inflate": 0.002, "pivot": [0, 17.725, -86.5], "rotation": [0, 0, -23.25], "uv": [0, 148]},
						{"origin": [-6.025, 17.625, -86.5], "size": [6.075, 1.5, 10.5], "inflate": 0.001, "pivot": [0, 17.725, -86.5], "rotation": [0, 0, 23.25], "uv": [0, 148], "mirror": true}
					]
				},
				{
					"name": "bone2",
					"parent": "gun",
					"pivot": [-7.875, 25.575, -86.5],
					"rotation": [0, 0, -90],
					"cubes": [
						{"origin": [-7.875, 24.175, -86.5], "size": [6.05, 1.5, 10.5], "pivot": [-7.875, 25.575, -86.5], "rotation": [0, 0, 23.25], "uv": [140, 154]},
						{"origin": [-13.9, 24.175, -86.5], "size": [6.05, 1.5, 10.5], "inflate": 0.002, "pivot": [-7.875, 25.575, -86.5], "rotation": [0, 0, -23.25], "uv": [138, 70], "mirror": true}
					]
				},
				{
					"name": "bone4",
					"parent": "gun",
					"pivot": [7.875, 25.575, -86.5],
					"rotation": [0, 0, 90],
					"cubes": [
						{"origin": [1.85, 24.175, -86.5], "size": [6.05, 1.5, 10.5], "inflate": 0.002, "pivot": [7.875, 25.575, -86.5], "rotation": [0, 0, -23.25], "uv": [140, 132]},
						{"origin": [7.85, 24.175, -86.5], "size": [6.05, 1.5, 10.5], "pivot": [7.875, 25.575, -86.5], "rotation": [0, 0, 23.25], "uv": [138, 70]}
					]
				},
				{
					"name": "glowy2",
					"parent": "gun",
					"pivot": [-9.25, 27.25, -77.25],
					"cubes": [
						{"origin": [6.5, 24.8, -77.25], "size": [2.75, 2.2, 42.5], "inflate": 0.001, "uv": [0, 0]},
						{"origin": [-9.25, 24.8, -77.25], "size": [2.75, 2.2, 42.5], "inflate": 0.001, "uv": [0, 0], "mirror": true}
					]
				},
				{
					"name": "left",
					"parent": "gun",
					"pivot": [11.25, 24.25, -85.5],
					"cubes": [
						{"origin": [6.75, 24.25, -73], "size": [4, 3.5, 29.5], "uv": [152, 174]},
						{"origin": [6.5, 24.25, -43.5], "size": [4.75, 3.5, 9], "inflate": 0.001, "uv": [0, 182]},
						{"origin": [10.25, 24.25, -52], "size": [1, 3.5, 8.5], "inflate": -0.001, "pivot": [11.25, 27.75, -43.5], "rotation": [0, 4.75, 0], "uv": [67, 18]},
						{"origin": [5.5, 26.25, -73], "size": [5.2, 1.5, 29.5], "pivot": [11.25, 27.75, -73], "rotation": [0, 0, 19.25], "uv": [113, 173]},
						{"origin": [6, 26.25, -43.5], "size": [5.25, 1.5, 9], "pivot": [11.25, 27.75, -43.5], "rotation": [0, 0, 19.25], "uv": [181, 10]},
						{"origin": [6, 24.25, -43.5], "size": [5.25, 1.5, 9], "pivot": [11.25, 24.25, -43.5], "rotation": [0, 0, -19.25], "uv": [181, 0]},
						{"origin": [5.75, 24.25, -73], "size": [4.95, 1.5, 29.5], "pivot": [11.25, 24.25, -73], "rotation": [0, 0, -19.25], "uv": [181, 0]},
						{"origin": [7.25, 26.25, -85.5], "size": [4, 1.5, 12.5], "pivot": [11.25, 27.75, -85.5], "rotation": [0, 0, 19.25], "uv": [138, 57]},
						{"origin": [6.75, 24.25, -85.5], "size": [4.5, 3.5, 12.5], "inflate": 0.001, "uv": [43, 134]},
						{"origin": [10.25, 24.25, -73], "size": [1, 3.5, 8.5], "inflate": -0.001, "pivot": [11.25, 27.75, -73], "rotation": [0, -4.75, 0], "uv": [0, 20]},
						{"origin": [7.25, 24.25, -85.5], "size": [4, 1.5, 12.5], "pivot": [11.25, 24.25, -85.5], "rotation": [0, 0, -19.25], "uv": [138, 44]}
					]
				},
				{
					"name": "right",
					"parent": "gun",
					"pivot": [-11.25, 24.25, -85.5],
					"cubes": [
						{"origin": [-11.25, 24.25, -52], "size": [1, 3.5, 8.5], "inflate": -0.001, "pivot": [-11.25, 27.75, -43.5], "rotation": [0, -4.75, 0], "uv": [67, 18], "mirror": true},
						{"origin": [-11.25, 24.25, -73], "size": [1, 3.5, 8.5], "inflate": -0.001, "pivot": [-11.25, 27.75, -73], "rotation": [0, 4.75, 0], "uv": [0, 20], "mirror": true},
						{"origin": [-11.25, 24.25, -43.5], "size": [4.75, 3.5, 9], "inflate": 0.001, "uv": [181, 66]},
						{"origin": [-11.25, 24.25, -85.5], "size": [4.5, 3.5, 12.5], "inflate": 0.001, "uv": [43, 134], "mirror": true},
						{"origin": [-10.75, 24.25, -73], "size": [4, 3.5, 29.5], "uv": [152, 174], "mirror": true},
						{"origin": [-11.25, 26.25, -43.5], "size": [5.25, 1.5, 9], "pivot": [-11.25, 27.75, -43.5], "rotation": [0, 0, -19.25], "uv": [181, 10], "mirror": true},
						{"origin": [-11.25, 26.25, -85.5], "size": [4, 1.5, 12.5], "pivot": [-11.25, 27.75, -85.5], "rotation": [0, 0, -19.25], "uv": [138, 57], "mirror": true},
						{"origin": [-10.7, 26.25, -73], "size": [5.2, 1.5, 29.5], "pivot": [-11.25, 27.75, -73], "rotation": [0, 0, -19.25], "uv": [113, 173], "mirror": true},
						{"origin": [-11.25, 24.25, -43.5], "size": [5.25, 1.5, 9], "pivot": [-11.25, 24.25, -43.5], "rotation": [0, 0, 19.25], "uv": [181, 0], "mirror": true},
						{"origin": [-10.7, 24.25, -73], "size": [4.95, 1.5, 29.5], "pivot": [-11.25, 24.25, -73], "rotation": [0, 0, 19.25], "uv": [181, 0], "mirror": true},
						{"origin": [-11.25, 24.25, -85.5], "size": [4, 1.5, 12.5], "pivot": [-11.25, 24.25, -85.5], "rotation": [0, 0, 19.25], "uv": [138, 44], "mirror": true}
					]
				},
				{
					"name": "spinny",
					"parent": "main",
					"pivot": [0, 25.6, -25.5],
					"cubes": [
						{"origin": [3.5, 24.65, -83.05], "size": [2, 2, 42], "inflate": 0.1, "pivot": [4.5, 25.65, -90.05], "rotation": [0, 0, -20], "uv": [92, 88]},
						{"origin": [-5.5, 24.65, -83.05], "size": [2, 2, 42], "inflate": 0.1, "pivot": [-4.5, 25.65, -90.05], "rotation": [0, 0, 20], "uv": [0, 44]},
						{"origin": [-4.45, 27.525, -83.05], "size": [2, 2, 42], "inflate": 0.1, "pivot": [-3.45, 28.525, -90.05], "rotation": [0, 0, 20], "uv": [92, 44]},
						{"origin": [2.45, 27.525, -83.05], "size": [2, 2, 42], "inflate": 0.1, "pivot": [3.45, 28.525, -90.05], "rotation": [0, 0, -20], "uv": [46, 90]},
						{"origin": [-1, 28.95, -83.05], "size": [2, 2, 42], "inflate": 0.1, "pivot": [0, 29.95, -90.05], "rotation": [0, 0, -20], "uv": [92, 0]},
						{"origin": [-6, 20.15, -82.05], "size": [8.25, 11.55, 2], "inflate": 0.102, "pivot": [0, 30.7, -89.05], "rotation": [0, 0, -20.75], "uv": [21, 20]},
						{"origin": [-2.25, 20.15, -82.05], "size": [8.25, 11.55, 2], "inflate": 0.103, "pivot": [0, 30.7, -89.05], "rotation": [0, 0, 20.75], "uv": [21, 0]},
						{"origin": [3.675, 15.725, -82.05], "size": [6.3, 12.5, 2], "inflate": 0.1, "pivot": [5.175, 27.225, -89.05], "rotation": [0, 0, 90], "uv": [0, 0]},
						{"origin": [-4.55549, 23.3737, -33.025], "size": [7.5, 7.5, 1.05], "pivot": [-6.6, 24.025, -38.95], "rotation": [0, 0, 13.75], "uv": [36, 210]},
						{"origin": [-4.45, 21.525, -83.05], "size": [2, 2, 42], "inflate": 0.1, "pivot": [-3.45, 22.525, -90.05], "rotation": [0, 0, -20], "uv": [46, 2]},
						{"origin": [2.45, 21.525, -83.05], "size": [2, 2, 42], "inflate": 0.1, "pivot": [3.45, 22.525, -90.05], "rotation": [0, 0, 20], "uv": [46, 46]},
						{"origin": [-1, 20.2, -83.05], "size": [2, 2, 42], "inflate": 0.1, "pivot": [0, 21.2, -90.05], "rotation": [0, 0, 20], "uv": [0, 88]}
					]
				},
				{
					"name": "glowy",
					"parent": "spinny",
					"pivot": [-5.95, 24.05, -73.475],
					"cubes": [
						{"origin": [-3.35, 20.75, -73.375], "size": [2, 1, 25.5], "inflate": 0.099, "pivot": [-3.45, 20.15, -73.475], "rotation": [0, 0, 25], "uv": [88, 203]},
						{"origin": [1.35, 20.725, -73.375], "size": [2, 1, 25.5], "inflate": 0.099, "pivot": [3.45, 20.125, -73.475], "rotation": [0, 0, -25], "uv": [117, 204]},
						{"origin": [3.85, 24.425, -73.375], "size": [2, 1, 25.5], "inflate": 0.099, "pivot": [5.95, 24.05, -73.475], "rotation": [0, 0, -69], "uv": [189, 173]},
						{"origin": [3.85, 26, -73.375], "size": [2, 1, 25.5], "inflate": 0.099, "pivot": [5.95, 27.1, -73.475], "rotation": [0, 0, 69], "uv": [193, 199]},
						{"origin": [1.35, 29.35, -73.375], "size": [2, 1, 25.5], "inflate": 0.099, "pivot": [3.45, 30.95, -73.475], "rotation": [0, 0, 25], "uv": [55, 208]},
						{"origin": [-3.35, 29.35, -73.375], "size": [2, 1, 25.5], "inflate": 0.099, "pivot": [-3.45, 30.95, -73.475], "rotation": [0, 0, -25], "uv": [146, 206]},
						{"origin": [-5.85, 26, -73.375], "size": [2, 1, 25.5], "inflate": 0.099, "pivot": [-5.95, 27.1, -73.475], "rotation": [0, 0, -69], "uv": [183, 134]},
						{"origin": [-5.85, 24.425, -73.375], "size": [2, 1, 25.5], "inflate": 0.099, "pivot": [-5.95, 24.05, -73.475], "rotation": [0, 0, 69], "uv": [181, 83]}
					]
				},
				{
					"name": "bone5",
					"parent": "spinny",
					"pivot": [1.6, 32.1, -75.95],
					"cubes": [
						{"origin": [-1.5, 31.5, -72.65], "size": [3, 1, 2], "inflate": 0.102, "pivot": [1.6, 32.6, -72.75], "rotation": [-18.25, 0, 0], "uv": [92, 110]},
						{"origin": [-1.5, 31.5, -75.85], "size": [3, 1, 3], "inflate": 0.101, "uv": [138, 64]},
						{"origin": [1.35, 29.1, -75.85], "size": [2, 1.75, 2.5], "inflate": 0.099, "pivot": [3.45, 30.95, -75.95], "rotation": [0, 0, 25], "uv": [125, 55]},
						{"origin": [-3.35, 29.1, -75.85], "size": [2, 1.75, 2.5], "inflate": 0.099, "pivot": [-3.45, 30.95, -75.95], "rotation": [0, 0, -25], "uv": [125, 26]},
						{"origin": [1.35, 20.25, -75.85], "size": [2, 1.75, 2.5], "inflate": 0.099, "pivot": [3.45, 20.15, -75.95], "rotation": [0, 0, -25], "uv": [80, 119]},
						{"origin": [-3.35, 20.25, -75.85], "size": [2, 1.75, 2.5], "inflate": 0.099, "pivot": [-3.45, 20.15, -75.95], "rotation": [0, 0, 25], "uv": [125, 0]},
						{"origin": [4.35, 25.25, -75.85], "size": [2, 1.75, 2.5], "inflate": 0.099, "pivot": [6.45, 27.1, -75.95], "rotation": [0, 0, 69], "uv": [125, 20]},
						{"origin": [-6.35, 25.25, -75.85], "size": [2, 1.75, 2.5], "inflate": 0.099, "pivot": [-6.45, 27.1, -75.95], "rotation": [0, 0, -69], "uv": [34, 118]},
						{"origin": [4.15, 24.3, -75.85], "size": [2, 1.75, 2.5], "inflate": 0.099, "pivot": [6.25, 24.2, -75.95], "rotation": [0, 0, -69], "uv": [125, 3]},
						{"origin": [-6.15, 24.3, -75.85], "size": [2, 1.75, 2.5], "inflate": 0.099, "pivot": [-6.25, 24.2, -75.95], "rotation": [0, 0, 69], "uv": [125, 17]},
						{"origin": [-6.35, 25.25, -48.375], "size": [2, 1.75, 9.5], "inflate": 0.099, "pivot": [-6.45, 27.1, -48.475], "rotation": [0, 0, -69], "uv": [86, 146]},
						{"origin": [-3.35, 29.1, -48.375], "size": [2, 1.75, 9.5], "inflate": 0.099, "pivot": [-3.45, 30.95, -48.475], "rotation": [0, 0, -25], "uv": [88, 173]},
						{"origin": [1.35, 29.1, -48.375], "size": [2, 1.75, 9.5], "inflate": 0.099, "pivot": [3.45, 30.95, -48.475], "rotation": [0, 0, 25], "uv": [181, 92]},
						{"origin": [4.35, 25.25, -48.375], "size": [2, 1.75, 9.5], "inflate": 0.099, "pivot": [6.45, 27.1, -48.475], "rotation": [0, 0, 69], "uv": [43, 182]},
						{"origin": [1.05, 28.3, -38.625], "size": [2, 1.75, 5.5], "inflate": 0.099, "pivot": [3.15, 30.15, -38.725], "rotation": [0, 0, 25], "uv": [23, 132]},
						{"origin": [-3.05, 28.3, -38.625], "size": [2, 1.75, 5.5], "inflate": 0.099, "pivot": [-3.15, 30.15, -38.725], "rotation": [0, 0, -25], "uv": [138, 0]},
						{"origin": [-5.225, 25.025, -38.625], "size": [2, 1.75, 5.5], "inflate": 0.099, "pivot": [-5.325, 26.875, -38.725], "rotation": [0, 0, -69], "uv": [138, 6]},
						{"origin": [3.225, 25.025, -38.625], "size": [2, 1.75, 5.5], "inflate": 0.099, "pivot": [5.325, 26.875, -38.725], "rotation": [0, 0, 69], "uv": [111, 80]},
						{"origin": [1.05, 21.45, -38.625], "size": [2, 1.75, 5.5], "inflate": 0.099, "pivot": [3.15, 21.35, -38.725], "rotation": [0, 0, -25], "uv": [92, 54]},
						{"origin": [-3.05, 21.45, -38.625], "size": [2, 1.75, 5.5], "inflate": 0.099, "pivot": [-3.15, 21.35, -38.725], "rotation": [0, 0, 25], "uv": [92, 72]},
						{"origin": [3.225, 24.725, -38.625], "size": [2, 1.75, 5.5], "inflate": 0.099, "pivot": [5.325, 24.625, -38.725], "rotation": [0, 0, -69], "uv": [46, 97]},
						{"origin": [-5.225, 24.725, -38.625], "size": [2, 1.75, 5.5], "inflate": 0.099, "pivot": [-5.325, 24.625, -38.725], "rotation": [0, 0, 69], "uv": [92, 99]},
						{"origin": [4.15, 24.3, -48.375], "size": [2, 1.75, 9.5], "inflate": 0.099, "pivot": [6.25, 24.2, -48.475], "rotation": [0, 0, -69], "uv": [88, 183]},
						{"origin": [1.35, 20.25, -48.375], "size": [2, 1.75, 9.5], "inflate": 0.099, "pivot": [3.45, 20.15, -48.475], "rotation": [0, 0, -25], "uv": [183, 134]},
						{"origin": [-3.35, 20.25, -48.375], "size": [2, 1.75, 9.5], "inflate": 0.099, "pivot": [-3.45, 20.15, -48.475], "rotation": [0, 0, 25], "uv": [183, 144]},
						{"origin": [-6.15, 24.3, -48.375], "size": [2, 1.75, 9.5], "inflate": 0.099, "pivot": [-6.25, 24.2, -48.475], "rotation": [0, 0, 69], "uv": [189, 173]},
						{"origin": [-6.35, 25.25, -55.375], "size": [2, 1.75, 2.5], "inflate": 0.099, "pivot": [-6.45, 27.1, -55.475], "rotation": [0, 0, -69], "uv": [67, 23]},
						{"origin": [-6.15, 24.3, -55.375], "size": [2, 1.75, 2.5], "inflate": 0.099, "pivot": [-6.25, 24.2, -55.475], "rotation": [0, 0, 69], "uv": [80, 36]},
						{"origin": [-3.35, 20.25, -55.375], "size": [2, 1.75, 2.5], "inflate": 0.099, "pivot": [-3.45, 20.15, -55.475], "rotation": [0, 0, 25], "uv": [80, 70]},
						{"origin": [1.35, 20.25, -55.375], "size": [2, 1.75, 2.5], "inflate": 0.099, "pivot": [3.45, 20.15, -55.475], "rotation": [0, 0, -25], "uv": [34, 97]},
						{"origin": [4.15, 24.3, -55.375], "size": [2, 1.75, 2.5], "inflate": 0.099, "pivot": [6.25, 24.2, -55.475], "rotation": [0, 0, -69], "uv": [106, 39]},
						{"origin": [4.35, 25.25, -55.375], "size": [2, 1.75, 2.5], "inflate": 0.099, "pivot": [6.45, 27.1, -55.475], "rotation": [0, 0, 69], "uv": [110, 90]},
						{"origin": [1.35, 29.1, -55.375], "size": [2, 1.75, 2.5], "inflate": 0.099, "pivot": [3.45, 30.95, -55.475], "rotation": [0, 0, 25], "uv": [110, 93]},
						{"origin": [-3.35, 29.1, -55.375], "size": [2, 1.75, 2.5], "inflate": 0.099, "pivot": [-3.45, 30.95, -55.475], "rotation": [0, 0, -25], "uv": [76, 116]},
						{"origin": [-1.5, 30, -75.85], "size": [3, 2, 37], "inflate": 0.1, "uv": [0, 171]},
						{"origin": [-1.5, 29.375, -38.85], "size": [3, 2.5, 6], "inflate": -0.1, "pivot": [1.6, 31.975, -38.95], "rotation": [-6.5, 0, 0], "uv": [114, 34]},
						{"origin": [-1.5, 18.925, -38.85], "size": [3, 2.5, 6], "inflate": -0.1, "pivot": [1.6, 18.825, -38.95], "rotation": [6.5, 0, 0], "uv": [0, 31]},
						{"origin": [4, 24.125, -38.85], "size": [2.5, 3, 6], "inflate": -0.1, "pivot": [6.6, 24.025, -38.95], "rotation": [0, -6.5, 0], "uv": [158, 57]},
						{"origin": [-6.5, 24.125, -38.85], "size": [2.5, 3, 6], "inflate": -0.1, "pivot": [-6.6, 24.025, -38.95], "rotation": [0, 6.5, 0], "uv": [158, 44]},
						{"origin": [-5.675, 29.2, -38.85], "size": [2.5, 3, 6], "inflate": -0.1, "pivot": [-5.775, 29.1, -38.95], "rotation": [0, 6.5, 45], "uv": [63, 134]},
						{"origin": [3.175, 29.2, -38.85], "size": [2.5, 3, 6], "inflate": -0.1, "pivot": [5.775, 29.1, -38.95], "rotation": [0, -6.5, -45], "uv": [117, 107]},
						{"origin": [3.175, 19, -38.85], "size": [2.5, 3, 6], "inflate": -0.1, "pivot": [5.775, 22.1, -38.95], "rotation": [0, -6.5, 45], "uv": [92, 63]},
						{"origin": [-5.675, 19, -38.85], "size": [2.5, 3, 6], "inflate": -0.1, "pivot": [-5.775, 22.1, -38.95], "rotation": [0, 6.5, -45], "uv": [92, 90]}
					]
				},
				{
					"name": "bone9",
					"parent": "spinny",
					"pivot": [-3.6, 31.45, -75.95],
					"rotation": [0, 0, -45],
					"cubes": [
						{"origin": [-6.7, 30.85, -72.65], "size": [3, 1, 2], "inflate": 0.102, "pivot": [-3.6, 31.95, -72.75], "rotation": [-18.25, 0, 0], "uv": [24, 97]},
						{"origin": [-6.7, 30.85, -75.85], "size": [3, 1, 3], "inflate": 0.101, "uv": [46, 115]},
						{"origin": [-6.7, 29.35, -75.85], "size": [3, 2, 37], "inflate": 0.1, "uv": [138, 0]}
					]
				},
				{
					"name": "bone11",
					"parent": "spinny",
					"pivot": [-3.6, 19.75, -75.95],
					"rotation": [0, 0, 45],
					"cubes": [
						{"origin": [-6.7, 19.35, -72.65], "size": [3, 1, 2], "inflate": 0.102, "pivot": [-3.6, 19.25, -72.75], "rotation": [18.25, 0, 0], "uv": [31, 69]},
						{"origin": [-6.7, 19.35, -75.85], "size": [3, 1, 3], "inflate": 0.101, "uv": [0, 114]},
						{"origin": [-6.7, 19.85, -75.85], "size": [3, 2, 37], "inflate": 0.1, "uv": [97, 132]}
					]
				},
				{
					"name": "bone12",
					"parent": "spinny",
					"pivot": [3.6, 19.75, -75.95],
					"rotation": [0, 0, -45],
					"cubes": [
						{"origin": [3.7, 19.35, -72.65], "size": [3, 1, 2], "inflate": 0.102, "pivot": [3.6, 19.25, -72.75], "rotation": [18.25, 0, 0], "uv": [0, 54]},
						{"origin": [3.7, 19.35, -75.85], "size": [3, 1, 3], "inflate": 0.101, "uv": [0, 96]},
						{"origin": [3.7, 19.85, -75.85], "size": [3, 2, 37], "inflate": 0.1, "uv": [0, 132]}
					]
				},
				{
					"name": "bone10",
					"parent": "spinny",
					"pivot": [3.6, 31.45, -75.95],
					"rotation": [0, 0, 45],
					"cubes": [
						{"origin": [3.7, 30.85, -72.65], "size": [3, 1, 2], "inflate": 0.102, "pivot": [3.6, 31.95, -72.75], "rotation": [-18.25, 0, 0], "uv": [78, 39]},
						{"origin": [3.7, 30.85, -75.85], "size": [3, 1, 3], "inflate": 0.101, "uv": [21, 115]},
						{"origin": [3.7, 29.35, -75.85], "size": [3, 2, 37], "inflate": 0.1, "uv": [43, 134]}
					]
				},
				{
					"name": "bone6",
					"parent": "spinny",
					"pivot": [1.6, 18.8, -75.95],
					"cubes": [
						{"origin": [-1.5, 18.4, -72.65], "size": [3, 1, 2], "inflate": 0.102, "pivot": [1.6, 18.3, -72.75], "rotation": [18.25, 0, 0], "uv": [78, 110]},
						{"origin": [-1.5, 18.4, -75.85], "size": [3, 1, 3], "inflate": 0.101, "uv": [138, 51]},
						{"origin": [-1.5, 18.9, -75.85], "size": [3, 2, 37], "inflate": 0.1, "uv": [140, 134]}
					]
				},
				{
					"name": "bone7",
					"parent": "spinny",
					"pivot": [6.65, 27.2, -75.95],
					"rotation": [0, 0, -90],
					"cubes": [
						{"origin": [3.55, 26.8, -72.65], "size": [3, 1, 2], "inflate": 0.102, "pivot": [6.65, 26.7, -72.75], "rotation": [18.25, 0, 0], "uv": [92, 107]},
						{"origin": [3.55, 26.8, -75.85], "size": [3, 1, 3], "inflate": 0.101, "uv": [138, 32]},
						{"origin": [3.55, 27.3, -75.85], "size": [3, 2, 37], "inflate": 0.1, "uv": [138, 88]}
					]
				},
				{
					"name": "ammo",
					"parent": "spinny",
					"pivot": [-3.45, 22.525, -90.05]
				},
				{
					"name": "bone13",
					"parent": "ammo",
					"pivot": [-4, 25.775, -89.55],
					"cubes": [
						{"origin": [-5.01556, 22.71843, -28.55], "size": [2, 2, 5.5], "inflate": -0.1, "pivot": [-2.95, 22.65, -89.55], "rotation": [0, 0, -20], "uv": [92, 7]},
						{"origin": [-4.85967, 26.633, -28.55], "size": [2, 2, 5.5], "inflate": -0.1, "pivot": [-2.95, 28.65, -89.55], "rotation": [0, 0, 20], "uv": [92, 17]},
						{"origin": [-5.87654, 24.55352, -28.55], "size": [2, 2, 5.5], "inflate": -0.1, "pivot": [-4, 25.775, -89.55], "rotation": [0, 0, 8.25], "uv": [92, 0]}
					]
				},
				{
					"name": "bone16",
					"parent": "ammo",
					"pivot": [4.16552, 25.35891, -89.55],
					"rotation": [0, 0, 180],
					"cubes": [
						{"origin": [3.14996, 22.30234, -28.55], "size": [2, 2, 5.5], "inflate": -0.1, "pivot": [5.21552, 22.23391, -89.55], "rotation": [0, 0, -20], "uv": [46, 18]},
						{"origin": [3.30585, 26.21691, -28.55], "size": [2, 2, 5.5], "inflate": -0.1, "pivot": [5.21552, 28.23391, -89.55], "rotation": [0, 0, 20], "uv": [46, 7]},
						{"origin": [2.28897, 24.13743, -28.55], "size": [2, 2, 5.5], "inflate": -0.1, "pivot": [4.16552, 25.35891, -89.55], "rotation": [0, 0, 8.25], "uv": [46, 0]}
					]
				},
				{
					"name": "bone14",
					"parent": "ammo",
					"pivot": [0.29118, 29.5251, -89.55],
					"rotation": [0, 0, 90],
					"cubes": [
						{"origin": [-0.72438, 26.46853, -28.55], "size": [2, 2, 5.5], "inflate": -0.1, "pivot": [1.34118, 26.4001, -89.55], "rotation": [0, 0, -20], "uv": [46, 90]},
						{"origin": [-0.56849, 30.3831, -28.55], "size": [2, 2, 5.5], "inflate": -0.1, "pivot": [1.34118, 32.4001, -89.55], "rotation": [0, 0, 20], "uv": [46, 73]},
						{"origin": [-1.58537, 28.30362, -28.55], "size": [2, 2, 5.5], "inflate": -0.1, "pivot": [0.29118, 29.5251, -89.55], "rotation": [0, 0, 8.25], "uv": [46, 66]}
					]
				},
				{
					"name": "bone15",
					"parent": "ammo",
					"pivot": [-0.1249, 21.35882, -89.55],
					"rotation": [0, 0, -90],
					"cubes": [
						{"origin": [-1.14046, 18.30225, -28.55], "size": [2, 2, 5.5], "inflate": -0.1, "pivot": [0.9251, 18.23382, -89.55], "rotation": [0, 0, -20], "uv": [46, 53]},
						{"origin": [-0.98456, 22.21682, -28.55], "size": [2, 2, 5.5], "inflate": -0.1, "pivot": [0.9251, 24.23382, -89.55], "rotation": [0, 0, 20], "uv": [46, 46]},
						{"origin": [-2.00144, 20.13734, -28.55], "size": [2, 2, 5.5], "inflate": -0.1, "pivot": [-0.1249, 21.35882, -89.55], "rotation": [0, 0, 8.25], "uv": [46, 25]}
					]
				},
				{
					"name": "glowy3",
					"parent": "spinny",
					"pivot": [-3.45, 22.525, -89.975]
				},
				{
					"name": "bone17",
					"parent": "glowy3",
					"pivot": [-4, 25.775, -89.475],
					"cubes": [
						{"origin": [-5.01556, 22.71843, -27.5], "size": [2, 2, 1.275], "inflate": -0.098, "pivot": [-2.95, 22.65, -89.475], "rotation": [0, 0, -20], "uv": [81, 10]},
						{"origin": [-4.85967, 26.633, -27.5], "size": [2, 2, 1.275], "inflate": -0.098, "pivot": [-2.95, 28.65, -89.475], "rotation": [0, 0, 20], "uv": [0, 80]},
						{"origin": [-5.87654, 24.55352, -27.5], "size": [2, 2, 1.275], "inflate": -0.098, "pivot": [-4, 25.775, -89.475], "rotation": [0, 0, 8.25], "uv": [36, 77]}
					]
				},
				{
					"name": "bone18",
					"parent": "glowy3",
					"pivot": [4.16552, 25.35891, -89.475],
					"rotation": [0, 0, 180],
					"cubes": [
						{"origin": [3.14996, 22.30234, -27.5], "size": [2, 2, 1.275], "inflate": -0.098, "pivot": [5.21552, 22.23391, -89.475], "rotation": [0, 0, -20], "uv": [0, 77]},
						{"origin": [3.30585, 26.21691, -27.5], "size": [2, 2, 1.275], "inflate": -0.098, "pivot": [5.21552, 28.23391, -89.475], "rotation": [0, 0, 20], "uv": [55, 73]},
						{"origin": [2.28897, 24.13743, -27.5], "size": [2, 2, 1.275], "inflate": -0.098, "pivot": [4.16552, 25.35891, -89.475], "rotation": [0, 0, 8.25], "uv": [69, 69]}
					]
				},
				{
					"name": "bone19",
					"parent": "glowy3",
					"pivot": [0.29118, 29.5251, -89.475],
					"rotation": [0, 0, 90],
					"cubes": [
						{"origin": [-0.72438, 26.46853, -27.5], "size": [2, 2, 1.275], "inflate": -0.098, "pivot": [1.34118, 26.4001, -89.475], "rotation": [0, 0, -20], "uv": [69, 66]},
						{"origin": [-0.56849, 30.3831, -27.5], "size": [2, 2, 1.275], "inflate": -0.098, "pivot": [1.34118, 32.4001, -89.475], "rotation": [0, 0, 20], "uv": [55, 66]},
						{"origin": [-1.58537, 28.30362, -27.5], "size": [2, 2, 1.275], "inflate": -0.098, "pivot": [0.29118, 29.5251, -89.475], "rotation": [0, 0, 8.25], "uv": [55, 53]}
					]
				},
				{
					"name": "bone20",
					"parent": "glowy3",
					"pivot": [-0.1249, 21.35882, -89.475],
					"rotation": [0, 0, -90],
					"cubes": [
						{"origin": [-1.14046, 18.30225, -27.5], "size": [2, 2, 1.275], "inflate": -0.098, "pivot": [0.9251, 18.23382, -89.475], "rotation": [0, 0, -20], "uv": [55, 46]},
						{"origin": [-0.98456, 22.21682, -27.5], "size": [2, 2, 1.275], "inflate": -0.098, "pivot": [0.9251, 24.23382, -89.475], "rotation": [0, 0, 20], "uv": [55, 25]},
						{"origin": [-2.00144, 20.13734, -27.5], "size": [2, 2, 1.275], "inflate": -0.098, "pivot": [-0.1249, 21.35882, -89.475], "rotation": [0, 0, 8.25], "uv": [36, 44]}
					]
				},
				{
					"name": "bone8",
					"parent": "spinny",
					"pivot": [-6.65, 27.2, -75.95],
					"rotation": [0, 0, 90],
					"cubes": [
						{"origin": [-6.55, 26.8, -72.65], "size": [3, 1, 2], "inflate": 0.102, "pivot": [-6.65, 26.7, -72.75], "rotation": [18.25, 0, 0], "uv": [78, 107]},
						{"origin": [-6.55, 26.8, -75.85], "size": [3, 1, 3], "inflate": 0.101, "uv": [67, 116]},
						{"origin": [-6.55, 27.3, -75.85], "size": [3, 2, 37], "inflate": 0.1, "uv": [138, 44]}
					]
				},
				{
					"name": "rightarm",
					"parent": "main",
					"pivot": [-6.6, 43.675, 26.2],
					"rotation": [-66.99584, -14.28315, -11.33299],
					"cubes": [
						{"origin": [-10.6, 19.675, 22.2], "size": [8, 24, 8], "uv": [0, 44]}
					]
				},
				{
					"name": "leftarm",
					"parent": "main",
					"pivot": [32.525, 23.85, -18.875],
					"rotation": [-118.39985, -5.42691, -75.56092],
					"cubes": [
						{"origin": [28.525, -0.15, -22.875], "size": [8, 24, 8], "uv": [58, 54]}
					]
				},
				{
					"name": "muzzleflash",
					"parent": "main",
					"pivot": [0, 26.4, -88.025],
					"cubes": [
						{"origin": [-0.5, 25.9, -88.325], "size": [1, 1, 1], "inflate": -0.4, "uv": [4, 26]}
					]
				},
				{
					"name": "_camera_",
					"pivot": [6.825, 33.725, 26.45]
				}
			]
		}
	]
}