{
	"format_version": "1.12.0",
	"minecraft:geometry": [
		{
			"description": {
				"identifier": "geometry.unknown",
				"texture_width": 300,
				"texture_height": 300,
				"visible_bounds_width": 15,
				"visible_bounds_height": 8,
				"visible_bounds_offset": [0, 1, 0]
			},
			"bones": [
				{
					"name": "precisionboltmain",
					"pivot": [0, 26.25, 6.5]
				},
				{
					"name": "precisionbolt",
					"parent": "precisionboltmain",
					"pivot": [-9, 31, -37],
					"cubes": [
						{"origin": [-13, 28.5, -49], "size": [7, 3.5, 14], "uv": [19, 250]},
						{"origin": [-6, 29.25, -41], "size": [2, 2, 6], "inflate": 0.001, "uv": [20, 273]},
						{"origin": [-6, 29.25, -46], "size": [2, 2, 5], "pivot": [-4, 29.75, -41], "rotation": [0, 21.25, 0], "uv": [40, 273]},
						{"origin": [-15, 29.5, -46], "size": [2, 2, 11], "uv": [49, 279]},
						{"origin": [-20, 29.5, -40.5], "size": [5, 2, 3], "pivot": [-15, 31.5, -43.5], "rotation": [0, 0, -32.5], "uv": [66, 276]},
						{"origin": [-19.2, 18.85, -40.5], "size": [2, 10, 3], "inflate": 0.001, "uv": [85, 278]},
						{"origin": [-6.25, 30.25, -49], "size": [1, 1.875, 14], "inflate": -0.001, "pivot": [-5.25, 30.25, -49], "rotation": [0, 0, -23.5], "uv": [52, 245]},
						{"origin": [-6.25, 28.375, -49], "size": [1, 1.875, 14], "inflate": -0.001, "pivot": [-5.25, 30.25, -49], "rotation": [0, 0, 23.5], "uv": [0, 271]},
						{"origin": [-18.475, 17.7, -40.5], "size": [6.45, 1.8, 3], "pivot": [-17.375, 19.5, -41.75], "rotation": [0, 0, 0], "uv": [85, 268], "mirror": true},
						{"origin": [-13.325, 27.375, -41.625], "size": [2.5, 3, 3], "inflate": 0.001, "pivot": [-13.225, 29.925, -39.875], "rotation": [75.5, 0, -90], "uv": [0, 270], "mirror": true}
					]
				},
				{
					"name": "glowy7",
					"parent": "precisionbolt",
					"pivot": [-6.5, 29.75, -35.775],
					"cubes": [
						{"origin": [-12.5, 29.25, -35.797], "size": [6, 2, 1], "inflate": -0.2, "uv": [106, 266]}
					]
				},
				{
					"name": "_ca_precisionbolt",
					"parent": "precisionboltmain",
					"pivot": [-14, 18.45, -63.65],
					"cubes": [
						{"origin": [-14.5, 17.95, -37.65], "size": [1, 1, 1], "uv": [35, 105]}
					]
				},
				{
					"name": "scope",
					"pivot": [25, 43.55, -37.25],
					"cubes": [
						{"origin": [24.5, 43.05, -37.55], "size": [1, 1, 1], "inflate": -0.4, "uv": [26, 39]}
					]
				}
			]
		}
	]
}