{
	"format_version": "1.12.0",
	"minecraft:geometry": [
		{
			"description": {
				"identifier": "geometry.unknown",
				"texture_width": 128,
				"texture_height": 128,
				"visible_bounds_width": 8,
				"visible_bounds_height": 5,
				"visible_bounds_offset": [0, 0.5, 0]
			},
			"bones": [
				{
					"name": "bb_main",
					"pivot": [0, 0, 0]
				},
				{
					"name": "main",
					"pivot": [0, 20, 0]
				},
				{
					"name": "gun",
					"parent": "main",
					"pivot": [1, 11, -1],
					"cubes": [
						{"origin": [-1.5, 6.075, -2.5], "size": [3, 12.4, 4.75], "inflate": 0.001, "pivot": [1.75, 19.075, -2.5], "rotation": [17.25, 0, 0], "uv": [50, 28]},
						{"origin": [-2, 9.725, -1.475], "size": [4, 4.85, 5.25], "inflate": 0.001, "pivot": [1.25, 18.975, -1.475], "rotation": [17.25, 0, 0], "uv": [60, 93]},
						{"origin": [-2, 14.875, 0.9], "size": [4, 2, 4], "inflate": 0.002, "uv": [72, 16]},
						{"origin": [-2.1, 17.875, -0.275], "size": [4.2, 1, 2], "inflate": 0.002, "uv": [36, 34]},
						{"origin": [1.1, 18.875, -0.275], "size": [1, 1, 2], "inflate": 0.002, "pivot": [2.1, 18.875, -0.275], "rotation": [0, 0, -69], "uv": [17, 42]},
						{"origin": [-2.1, 18.875, -0.275], "size": [1, 1, 2], "inflate": 0.002, "pivot": [-2.1, 18.875, -0.275], "rotation": [0, 0, 69], "uv": [11, 42]},
						{"origin": [1.1, 17.875, -2.275], "size": [1, 1, 2], "inflate": 0.001, "pivot": [2.1, 17.875, -0.275], "rotation": [0, 16.25, 0], "uv": [16, 47]},
						{"origin": [-2.1, 17.875, -2.275], "size": [1, 1, 2], "inflate": 0.001, "pivot": [-2.1, 17.875, -0.275], "rotation": [0, -16.25, 0], "uv": [45, 16]},
						{"origin": [1.1, 17.875, 1.725], "size": [1, 1, 2], "inflate": 0.001, "pivot": [2.1, 17.875, 1.725], "rotation": [0, -16.25, 0], "uv": [36, 43]},
						{"origin": [-2.1, 17.875, 1.725], "size": [1, 1, 2], "inflate": 0.001, "pivot": [-2.1, 17.875, 1.725], "rotation": [0, 16.25, 0], "uv": [42, 43]},
						{"origin": [-1.3, 21.05, -27.225], "size": [2, 2, 2.5], "inflate": -0.2, "pivot": [0.7, 23.05, -27.225], "rotation": [0, 0, -20.75], "uv": [24, 24]},
						{"origin": [-1.3, 21.05, -15.975], "size": [2, 2, 7], "pivot": [0.7, 23.05, -15.975], "rotation": [0, 0, -20.75], "uv": [47, 87]},
						{"origin": [-1.15, 20.725, 2.925], "size": [2, 2, 1.225], "inflate": -0.2, "pivot": [0.85, 22.725, 2.925], "rotation": [0, 0, -8.5], "uv": [20, 0]},
						{"origin": [-1.15, 20.725, 3.38], "size": [2, 2, 1.075], "inflate": -0.6, "pivot": [0.85, 22.725, 3.4], "rotation": [0, 0, -8.5], "uv": [112, 43]},
						{"origin": [-1.15, 20.55, 2.15], "size": [2, 2.25, 1.225], "pivot": [0.85, 22.8, 2.15], "rotation": [0, 0, -3.5], "uv": [5, 7]},
						{"origin": [-0.5, 22, 2.925], "size": [1, 1, 1.225], "inflate": -0.201, "uv": [35, 4]},
						{"origin": [-0.5, 20.225, 3.9], "size": [1, 1, 1.3], "inflate": -0.201, "pivot": [0.5, 21.225, 3.9], "rotation": [-67.25, 0, 0], "uv": [35, 0]},
						{"origin": [-1.3, 21.05, -8.475], "size": [2, 2, 1.425], "pivot": [0.7, 23.05, -8.475], "rotation": [0, 0, -20.75], "uv": [17, 37]},
						{"origin": [-0.025, 18.625, -26.375], "size": [1, 1, 4], "inflate": -0.1, "pivot": [0.975, 20.625, -26.375], "rotation": [0, 0, -20.75], "uv": [74, 26]},
						{"origin": [-2.025, 18.625, -26.375], "size": [1, 1, 4], "inflate": -0.1, "pivot": [-1.025, 20.625, -26.375], "rotation": [0, 0, -20.75], "uv": [11, 37]},
						{"origin": [-1.35, 17.525, -10], "size": [2.65, 1.5, 8.7], "inflate": -0.001, "uv": [74, 33]},
						{"origin": [-1.5, 17.775, -2.25], "size": [3, 1.55, 7.6], "inflate": 0.002, "uv": [56, 53]},
						{"origin": [-2.15, 14.425, -20.35], "size": [4.3, 2.75, 7.35], "inflate": 0.002, "uv": [0, 28]},
						{"origin": [-2.2, 14.425, -13], "size": [4.35, 2.75, 4.6], "inflate": 0.001, "pivot": [-0.6, 17.175, -13], "rotation": [-26.5, 0, 0], "uv": [97, 49]},
						{"origin": [-1.7, 14.425, -12.05], "size": [3.35, 2.75, 4.6], "inflate": 0.001, "pivot": [-0.1, 17.175, -12.05], "rotation": [-26.5, 0, 0], "uv": [64, 65]},
						{"origin": [-2.15, 13.625, -22.95], "size": [4.3, 2.05, 2.6], "inflate": 0.002, "uv": [13, 18]},
						{"origin": [-2.35, 12.425, -22.1], "size": [4.75, 2.25, 12], "inflate": 0.003, "uv": [76, 0]},
						{"origin": [1.3, 14.675, -22.95], "size": [1.1, 1, 11.5], "inflate": 0.003, "pivot": [2.4, 14.675, -22.95], "rotation": [0, 0, -25.75], "uv": [0, 12]},
						{"origin": [-2.4, 14.675, -22.95], "size": [1.1, 1, 11.5], "inflate": 0.003, "pivot": [-2.4, 14.675, -22.95], "rotation": [0, 0, 25.75], "uv": [0, 0]},
						{"origin": [-2.4, 13.675, -22.95], "size": [4.8, 1, 1], "uv": [10, 24]},
						{"origin": [-2.4, 12.425, -22.1], "size": [4.8, 1.5, 1], "inflate": 0.001, "pivot": [0.6, 12.425, -22.1], "rotation": [35, 0, 0], "uv": [30, 20]},
						{"origin": [-1.5, 6.9, 0.35], "size": [3, 5, 6.75], "pivot": [1.75, 11.9, 7.1], "rotation": [4.75, 0, 0], "uv": [58, 82]},
						{"origin": [-2, 7.4, 1], "size": [4, 4.5, 5.25], "pivot": [2.25, 11.9, 7.75], "rotation": [4.75, 0, 0], "uv": [36, 85]},
						{"origin": [-1.5, 11.9, 4.85], "size": [3, 5, 2.25], "inflate": -0.001, "pivot": [1.75, 11.9, 7.1], "rotation": [30.5, 0, 0], "uv": [0, 0]},
						{"origin": [-1.5, 15.2, 3.3], "size": [3, 3.2, 2.25], "pivot": [1.75, 18.2, 5.55], "rotation": [-25, 0, 0], "uv": [76, 5]},
						{"origin": [-1.25, 18.325, 4.85], "size": [2.5, 1, 2.925], "inflate": 0.001, "uv": [15, 32]},
						{"origin": [0.25, 18.325, 5.275], "size": [1, 1, 2.5], "pivot": [1.25, 19.325, 7.775], "rotation": [0, -5.75, 0], "uv": [54, 3]},
						{"origin": [-1.25, 18.325, 5.275], "size": [1, 1, 2.5], "pivot": [-1.25, 19.325, 7.775], "rotation": [0, 5.75, 0], "uv": [39, 48]},
						{"origin": [0.075, 15.425, 7.175], "size": [1, 4, 1.2], "inflate": -0.1, "pivot": [0.975, 19.325, 7.275], "rotation": [-108, -2.75, 0], "uv": [13, 12]},
						{"origin": [-1.075, 15.425, 7.175], "size": [1, 4, 1.2], "inflate": -0.1, "pivot": [-0.975, 19.325, 7.275], "rotation": [-108, 2.75, 0], "uv": [13, 0]},
						{"origin": [-0.9, 18.325, 7.275], "size": [1.8, 1, 1], "pivot": [-2.55, 19.325, 7.275], "rotation": [-108, 0, 0], "uv": [36, 59]},
						{"origin": [-0.5, 14.9, -4.35], "size": [1, 4, 1], "inflate": -0.1, "pivot": [0.5, 14.9, -3.35], "rotation": [-17.5, 0, 0], "uv": [36, 28]},
						{"origin": [-1.25, 13.8, -9.25], "size": [2.5, 1, 8.75], "inflate": -0.202, "uv": [76, 82]},
						{"origin": [-1.25, 9.1, -10.4], "size": [2.5, 1, 1.75], "inflate": -0.203, "pivot": [1.25, 9.3, -1.85], "rotation": [-43, 0, 0], "uv": [20, 3]},
						{"origin": [-1.25, 12.225, -10.725], "size": [2.5, 3, 3], "inflate": -0.201, "pivot": [1.25, 14.425, -7.925], "rotation": [-89.5, 0, 0], "uv": [0, 12]},
						{"origin": [-1.25, 16.175, -10.6], "size": [2.5, 2.75, 3], "inflate": -0.2, "pivot": [1.25, 16.375, -7.8], "rotation": [-50.5, 0, 0], "uv": [81, 65]},
						{"origin": [-1.25, 14.225, -5.175], "size": [2.5, 2.75, 3], "inflate": -0.2, "pivot": [1.25, 14.425, -2.375], "rotation": [-119.75, 0, 0], "uv": [69, 53]},
						{"origin": [-0.7, 22.875, -25.1], "size": [1.4, 1, 16.6], "inflate": -0.099, "uv": [64, 48]},
						{"origin": [0, 22.675, -9], "size": [1, 1.5, 2.6], "inflate": -0.4, "pivot": [0.6, 23.775, -8.6], "rotation": [-18.25, 0, 0], "uv": [60, 28]},
						{"origin": [-1, 22.675, -9], "size": [1, 1.5, 2.6], "inflate": -0.4, "pivot": [-0.6, 23.775, -8.6], "rotation": [-18.25, 0, 0], "uv": [56, 56]},
						{"origin": [-0.5, 22.4, -22.1], "size": [1, 1.2, 8.6], "inflate": -0.1, "pivot": [0.4, 23.5, -36.5], "rotation": [0, 0, -55.75], "uv": [78, 91]},
						{"origin": [0.325, 22.83, -13.7], "size": [1, 1.2, 1.6], "inflate": -0.1, "pivot": [1.225, 22.93, -13.6], "rotation": [5, -7, -55.75], "uv": [24, 55]},
						{"origin": [-1.325, 22.83, -13.7], "size": [1, 1.2, 1.6], "inflate": -0.1, "pivot": [-1.225, 22.93, -13.6], "rotation": [5, 7, 55.75], "uv": [54, 18]},
						{"origin": [0.325, 21.525, -22.1], "size": [1, 1.5, 8.6], "inflate": -0.099, "pivot": [1.225, 22.925, -22], "rotation": [0, 0, -12.5], "uv": [0, 94]},
						{"origin": [-0.6, 22.3, -25.1], "size": [1, 1.2, 3.2], "inflate": -0.1, "pivot": [0.3, 23.4, -39.5], "rotation": [0, 0, -55.75], "uv": [25, 38]},
						{"origin": [0.225, 21.175, -25.1], "size": [1, 1.75, 9.2], "inflate": -0.099, "pivot": [1.125, 22.825, -25], "rotation": [0, 0, -21.5], "uv": [30, 10]},
						{"origin": [-1.8, 19.475, -25.1], "size": [3.6, 2, 9.2], "inflate": -0.099, "uv": [82, 49]},
						{"origin": [-1.225, 21.175, -25.1], "size": [1, 1.75, 9.2], "inflate": -0.099, "pivot": [-1.125, 22.825, -25], "rotation": [0, 0, 21.5], "uv": [30, 0]},
						{"origin": [-0.4, 22.3, -25.1], "size": [1, 1.2, 3.2], "inflate": -0.1, "pivot": [-0.3, 23.4, -39.5], "rotation": [0, 0, 55.75], "uv": [0, 37]},
						{"origin": [-0.5, 22.4, -22.1], "size": [1, 1.2, 8.6], "inflate": -0.1, "pivot": [-0.4, 23.5, -36.5], "rotation": [0, 0, 55.75], "uv": [88, 89]},
						{"origin": [-1.325, 21.525, -22.1], "size": [1, 1.5, 8.6], "inflate": -0.099, "pivot": [-1.225, 22.925, -22], "rotation": [0, 0, 12.5], "uv": [91, 14]},
						{"origin": [-0.45, 22.15, -13.1], "size": [1, 1.4, 9.35], "inflate": -0.3, "pivot": [0.25, 23.45, -27.5], "rotation": [0, 0, -55.75], "uv": [25, 38]},
						{"origin": [-0.55, 22.15, -13.1], "size": [1, 1.4, 9.35], "inflate": -0.3, "pivot": [-0.25, 23.45, -27.5], "rotation": [0, 0, 55.75], "uv": [25, 28]},
						{"origin": [-0.7, 22.625, -13.1], "size": [1.4, 1, 9.35], "inflate": -0.3, "uv": [0, 37]},
						{"origin": [0.175, 21.475, -13.1], "size": [1, 1.5, 1], "inflate": -0.099, "pivot": [1.075, 22.875, -27.5], "rotation": [0, 0, -12.5], "uv": [4, 55]},
						{"origin": [0.325, 21.525, -13.7], "size": [1, 1.5, 1.6], "inflate": -0.099, "pivot": [1.225, 22.925, -13.6], "rotation": [0, -8.5, -12.5], "uv": [36, 55]},
						{"origin": [-1.175, 21.475, -13.1], "size": [1, 1.5, 1], "inflate": -0.099, "pivot": [-1.075, 22.875, -27.5], "rotation": [0, 0, 12.5], "uv": [54, 24]},
						{"origin": [-1.325, 21.525, -13.7], "size": [1, 1.5, 1.6], "inflate": -0.099, "pivot": [-1.225, 22.925, -13.6], "rotation": [0, 8.5, 12.5], "uv": [54, 44]},
						{"origin": [-0.5, 22.75, -25], "size": [1, 1.5, 1.65], "inflate": -0.3, "pivot": [0.2, 23.95, -24.7], "rotation": [14.5, 0, 0], "uv": [4, 58]},
						{"origin": [-0.5, 23.05, -25.45], "size": [1, 1.2, 1.05], "inflate": -0.301, "pivot": [0.2, 23.95, -24.7], "rotation": [56.25, 0, 0], "uv": [0, 58]},
						{"origin": [-2.25, 17.5, -24.45], "size": [4.5, 2.85, 14.2], "inflate": 0.001, "uv": [54, 0]},
						{"origin": [1.25, 15.65, -24.45], "size": [1, 1.85, 14.4], "inflate": 0.001, "pivot": [2.25, 17.5, -24.45], "rotation": [0, 0, 33.75], "uv": [82, 34]},
						{"origin": [-2.25, 15.65, -24.45], "size": [1, 1.85, 14.4], "inflate": 0.001, "pivot": [-2.25, 17.5, -24.45], "rotation": [0, 0, -33.75], "uv": [81, 65]},
						{"origin": [-2.25, 18.8, -25.65], "size": [4.5, 1.55, 1.2], "inflate": 0.001, "uv": [40, 20]},
						{"origin": [-1.15, 17.5, -25.65], "size": [2.3, 1.3, 1.2], "inflate": 0.001, "uv": [20, 24]},
						{"origin": [-0.825, 14.975, -25.075], "size": [1.6, 1.3, 5.2], "inflate": 0.001, "uv": [13, 0]},
						{"origin": [-0.825, 12.675, -25.075], "size": [1.6, 2.3, 1.2], "pivot": [0.775, 14.975, -25.075], "rotation": [67.25, 0, 0], "uv": [7, 12]},
						{"origin": [-1.15, 15.55, -25.65], "size": [2.3, 1.95, 1.2], "pivot": [1.15, 17.5, -25.65], "rotation": [38.75, 0, 0], "uv": [20, 15]},
						{"origin": [-1.15, 15.975, -24.45], "size": [2.3, 1.6, 5.2], "inflate": 0.002, "uv": [64, 71]},
						{"origin": [-2.25, 17.05, -25.65], "size": [4.5, 1.75, 1.2], "pivot": [2.25, 18.8, -25.65], "rotation": [42.75, 0, 0], "uv": [30, 24]},
						{"origin": [-2.25, 18.85, -10.25], "size": [4.5, 1.5, 3.5], "inflate": -0.001, "pivot": [2.35, 20.35, -10.25], "rotation": [-28.75, 0, 0], "uv": [74, 22]},
						{"origin": [-2.4, 18.225, -9.6], "size": [4.8, 1, 1], "inflate": -0.001, "pivot": [2.4, 19.225, -9.6], "rotation": [-44, 0, 0], "uv": [0, 24]},
						{"origin": [-2.175, 18.225, -9.6], "size": [4.35, 1, 1], "inflate": 0.1, "pivot": [2.4, 19.225, -9.6], "rotation": [-44, 0, 0], "uv": [105, 68]},
						{"origin": [1.25, 19.35, -10.25], "size": [1, 1, 3.5], "inflate": -0.001, "pivot": [2.25, 20.35, -10.25], "rotation": [-23.66046, 16.826, 33.45118], "uv": [25, 32]},
						{"origin": [-2.25, 19.35, -10.25], "size": [1, 1, 3.5], "inflate": -0.001, "pivot": [-2.25, 20.35, -10.25], "rotation": [-23.66046, -16.826, -33.45118], "uv": [30, 14]},
						{"origin": [-2.25, 18.05, -12.925], "size": [4.5, 2.6, 4.25], "inflate": -0.002, "pivot": [2.45, 19.55, -13.525], "rotation": [-28.75, 0, 0], "uv": [24, 53]},
						{"origin": [-2.25, 15.9, -9.975], "size": [4.5, 1, 3.9], "inflate": -0.003, "pivot": [2.45, 15.9, -9.975], "rotation": [30.75, 0, 0], "uv": [66, 48]},
						{"origin": [-2.45, 15.7, -6.3], "size": [4.9, 1, 1.45], "inflate": -0.201, "pivot": [2.45, 15.9, -9.975], "rotation": [30.75, 0, 0], "uv": [40, 24]},
						{"origin": [-2.25, 16.725, -8.9], "size": [4.5, 1, 1.1], "inflate": -0.004, "pivot": [2.45, 16.725, -8.9], "rotation": [30.75, 0, 0], "uv": [41, 5]},
						{"origin": [-2.45, 18.2, -10.45], "size": [4.9, 1, 6.9], "inflate": -0.2, "uv": [88, 82]},
						{"origin": [0.55, 18.2, -3.95], "size": [1.9, 1, 2.9], "inflate": -0.201, "pivot": [2.25, 19, -3.75], "rotation": [0, -29.25, 0], "uv": [42, 38]},
						{"origin": [0.55, 18.2, -3.95], "size": [1.9, 1, 2.9], "inflate": -0.202, "pivot": [2.25, 19, -3.75], "rotation": [15, -29.25, 0], "uv": [41, 15]},
						{"origin": [-2.45, 18.2, -3.95], "size": [1.9, 1, 2.9], "inflate": -0.201, "pivot": [-2.25, 19, -3.75], "rotation": [0, 29.25, 0], "uv": [25, 42]},
						{"origin": [0.95, 18.2, -10.45], "size": [1.5, 1, 6.9], "inflate": -0.201, "pivot": [2.25, 19, -10.25], "rotation": [0, 0, 29.75], "uv": [54, 7]},
						{"origin": [1.45, 18.2, -3.95], "size": [1, 1, 1.6], "inflate": -0.202, "pivot": [2.25, 19, -3.75], "rotation": [0, -33, 29.75], "uv": [0, 44]},
						{"origin": [-2.45, 18.2, -3.95], "size": [1.9, 1, 2.9], "inflate": -0.202, "pivot": [-2.25, 19, -3.75], "rotation": [15, 29.25, 0], "uv": [0, 41]},
						{"origin": [-2.45, 18.2, -3.95], "size": [1, 1, 1.6], "inflate": -0.202, "pivot": [-2.25, 19, -3.75], "rotation": [0, 33, -29.75], "uv": [40, 43]},
						{"origin": [0.95, 18.2, -3.95], "size": [1, 1, 7.4], "inflate": -0.201, "pivot": [2.25, 19, -3.75], "rotation": [0, 0, 29.75], "uv": [10, 94]},
						{"origin": [-1.95, 18.2, -3.95], "size": [1, 1, 7.4], "inflate": -0.201, "pivot": [-2.25, 19, -3.75], "rotation": [0, 0, -29.75], "uv": [10, 84]},
						{"origin": [-2.45, 18.2, -10.45], "size": [1.5, 1, 6.9], "inflate": -0.201, "pivot": [-2.25, 19, -10.25], "rotation": [0, 0, -29.75], "uv": [54, 0]},
						{"origin": [0.75, 18.35, -25.65], "size": [1.5, 2, 15.4], "pivot": [2.25, 20.35, -25.65], "rotation": [0, 0, 46.25], "uv": [74, 16]},
						{"origin": [-0.5, 18.85, -27.125], "size": [1, 2.25, 1.65], "inflate": -0.2, "pivot": [0.5, 21.1, -27.125], "rotation": [26, 0, 0], "uv": [13, 6]},
						{"origin": [-2.25, 18.35, -25.65], "size": [1.5, 2, 15.4], "pivot": [-2.25, 20.35, -25.45], "rotation": [0, 0, -46.25], "uv": [64, 65]}
					]
				},
				{
					"name": "sideleft",
					"parent": "gun",
					"pivot": [3, 14.2, -17.35],
					"cubes": [
						{"origin": [1.75, 13.65, -19.1], "size": [1, 2, 2], "inflate": 0.001, "pivot": [2.75, 15.65, -19.1], "rotation": [-18.5, 0, 0], "uv": [56, 24]},
						{"origin": [2.325, 13.65, -19.1], "size": [1.1, 2, 2], "inflate": -0.6, "pivot": [2.75, 15.65, -19.1], "rotation": [-18.5, 0, 0], "uv": [0, 47]},
						{"origin": [1.5, 15.075, -17.85], "size": [1, 2, 4.35], "inflate": 0.002, "uv": [91, 23], "mirror": true},
						{"origin": [1.9, 13.2, -17.35], "size": [1.1, 1, 5.725], "inflate": 0.002, "pivot": [3, 14.2, -17.35], "rotation": [0, 0, 59.75], "uv": [36, 28]},
						{"origin": [1.9, 13.2, -10.6], "size": [1.1, 1, 1.475], "inflate": 0.002, "pivot": [3, 14.2, -17.35], "rotation": [0, 0, 59.75], "uv": [36, 38]},
						{"origin": [1.9, 12.875, -11.6], "size": [1.1, 1, 1], "inflate": 0.002, "pivot": [3, 14.2, -17.35], "rotation": [0, 0, 83.25], "uv": [11, 37]},
						{"origin": [1.9, 12.2, -17.35], "size": [1.1, 2, 8.225], "inflate": 0.001, "pivot": [3, 14.2, -17.35], "rotation": [0, 0, 12], "uv": [18, 84]},
						{"origin": [1.9, 12.375, -17.35], "size": [1.1, 1.825, 1], "pivot": [3, 14.2, -17.35], "rotation": [-18, 0, 12], "uv": [11, 39]},
						{"origin": [1.5, 15.575, -17.85], "size": [1, 1.5, 2.1], "inflate": 0.001, "pivot": [-2.5, 17.075, -17.85], "rotation": [-44, 0, 0], "uv": [25, 48], "mirror": true},
						{"origin": [1.5, 15.075, -13.5], "size": [1, 2, 4.85], "inflate": 0.001, "pivot": [-2.5, 17.075, -13.5], "rotation": [-23.5, 0, 0], "uv": [54, 16], "mirror": true},
						{"origin": [0, 14.1, -13.475], "size": [2, 1.5, 3.6], "inflate": 0.001, "pivot": [-3, 15.6, -14.475], "rotation": [-8.5, 0, 0], "uv": [56, 18], "mirror": true}
					]
				},
				{
					"name": "glowy4",
					"parent": "sideleft",
					"pivot": [2.75, 15.65, -19.1],
					"cubes": [
						{"origin": [2.075, 13.65, -19.1], "size": [1.1, 2, 2], "inflate": -0.4, "pivot": [2.75, 15.65, -19.1], "rotation": [-18.5, 0, 0], "uv": [50, 48]}
					]
				},
				{
					"name": "sightright",
					"parent": "gun",
					"pivot": [-3, 14.2, -17.35],
					"cubes": [
						{"origin": [-3, 12.2, -17.35], "size": [1.1, 2, 8.225], "inflate": 0.001, "pivot": [-3, 14.2, -17.35], "rotation": [0, 0, -12], "uv": [0, 84]},
						{"origin": [-3, 13.2, -17.35], "size": [1.1, 1, 5.725], "inflate": 0.002, "pivot": [-3, 14.2, -17.35], "rotation": [0, 0, -59.75], "uv": [13, 12]},
						{"origin": [-2.75, 13.65, -19.1], "size": [1, 2, 2], "inflate": 0.001, "pivot": [-2.75, 15.65, -19.1], "rotation": [-18.5, 0, 0], "uv": [56, 24], "mirror": true},
						{"origin": [-3.425, 13.65, -19.1], "size": [1.1, 2, 2], "inflate": -0.6, "pivot": [-2.75, 15.65, -19.1], "rotation": [-18.5, 0, 0], "uv": [0, 47], "mirror": true},
						{"origin": [-2.5, 15.575, -17.85], "size": [1, 1.5, 2.1], "inflate": 0.001, "pivot": [2.5, 17.075, -17.85], "rotation": [-44, 0, 0], "uv": [25, 48]},
						{"origin": [-2.5, 15.075, -17.85], "size": [1, 2, 4.35], "inflate": 0.002, "uv": [91, 23]},
						{"origin": [-2.5, 15.075, -13.5], "size": [1, 2, 4.85], "inflate": 0.001, "pivot": [2.5, 17.075, -13.5], "rotation": [-23.5, 0, 0], "uv": [54, 16]},
						{"origin": [-2, 14.1, -13.475], "size": [2, 1.5, 3.6], "inflate": 0.001, "pivot": [3, 15.6, -14.475], "rotation": [-8.5, 0, 0], "uv": [56, 18]},
						{"origin": [-3, 12.875, -11.6], "size": [1.1, 1, 1], "inflate": 0.002, "pivot": [-3, 14.2, -17.35], "rotation": [0, 0, -83.25], "uv": [5, 37]},
						{"origin": [-3, 13.2, -10.6], "size": [1.1, 1, 1.475], "inflate": 0.002, "pivot": [-3, 14.2, -17.35], "rotation": [0, 0, -59.75], "uv": [30, 38]},
						{"origin": [-3, 12.375, -17.35], "size": [1.1, 1.825, 1], "pivot": [-3, 14.2, -17.35], "rotation": [-18, 0, -12], "uv": [36, 40]}
					]
				},
				{
					"name": "glowy3",
					"parent": "sightright",
					"pivot": [-2.75, 15.65, -19.1],
					"cubes": [
						{"origin": [-3.175, 13.65, -19.1], "size": [1.1, 2, 2], "inflate": -0.4, "pivot": [-2.75, 15.65, -19.1], "rotation": [-18.5, 0, 0], "uv": [50, 48], "mirror": true}
					]
				},
				{
					"name": "glowy",
					"parent": "gun",
					"pivot": [2.75, 15.65, -19.1],
					"cubes": [
						{"origin": [-0.5, 23.25, -24.34], "size": [1, 1, 1.05], "inflate": -0.35, "pivot": [0.2, 23.95, -24.7], "rotation": [14.5, 0, 0], "uv": [35, 10]},
						{"origin": [-1.3, 21.05, -9.475], "size": [2, 2, 1.5], "inflate": -0.03, "pivot": [0.7, 23.05, -9.475], "rotation": [0, 0, -20.75], "uv": [0, 31]},
						{"origin": [-1.3, 21.05, -27.225], "size": [2, 2, 26.5], "inflate": -0.3, "pivot": [0.7, 23.05, -27.225], "rotation": [0, 0, -20.75], "uv": [0, 0]},
						{"origin": [-1.15, 20.725, 3.28], "size": [2, 2, 1.075], "inflate": -0.4, "pivot": [0.85, 22.725, 3.3], "rotation": [0, 0, -8.5], "uv": [104, 38]}
					]
				},
				{
					"name": "slide",
					"parent": "main",
					"pivot": [-0.5, 22.25, -18.9],
					"cubes": [
						{"origin": [-0.6, 22.65, -4.15], "size": [1.2, 1, 4], "inflate": -0.099, "uv": [76, 0]},
						{"origin": [0.6, 19.5, -24.65], "size": [1, 2.1, 22.95], "uv": [50, 24]},
						{"origin": [0.6, 21.85, -1.7], "size": [1, 1.325, 4.55], "pivot": [1.6, 21.85, -1.7], "rotation": [0, 0, -19.25], "uv": [60, 40]},
						{"origin": [0.6, 19.5, -1.7], "size": [1, 2.35, 1], "uv": [30, 32]},
						{"origin": [0.8, 19.425, -0.7], "size": [1, 1, 3.6], "uv": [30, 10]},
						{"origin": [0.8, 20.35, -0.7], "size": [1, 1, 3.6], "inflate": -0.001, "uv": [30, 4]},
						{"origin": [0.875, 19.85, -0.2], "size": [1, 1, 3.1], "uv": [15, 28]},
						{"origin": [-1.875, 19.85, -0.2], "size": [1, 1, 3.1], "uv": [0, 7]},
						{"origin": [-1.8, 20.35, -0.7], "size": [1, 1, 3.6], "inflate": -0.001, "uv": [25, 28]},
						{"origin": [-1.8, 19.425, -0.7], "size": [1, 1, 3.6], "uv": [30, 0]},
						{"origin": [-2.4, 19.575, 2.1], "size": [1.4, 1.625, 1], "inflate": -0.199, "uv": [43, 30]},
						{"origin": [1, 19.575, 2.1], "size": [1.4, 1.625, 1], "inflate": -0.201, "pivot": [2.2, 19.775, 2.3], "rotation": [0, -50.5, 0], "uv": [5, 43]},
						{"origin": [1, 19.575, 2.1], "size": [1.4, 1.625, 1], "inflate": -0.199, "uv": [43, 28]},
						{"origin": [1.5, 20.7, 2], "size": [1, 1.125, 1.2], "inflate": -0.301, "pivot": [2.2, 21, 2.3], "rotation": [0, 0, -49], "uv": [29, 42]},
						{"origin": [-2.5, 20.7, 2], "size": [1, 1.125, 1.2], "inflate": -0.301, "pivot": [-2.2, 21, 2.3], "rotation": [0, 0, 49], "uv": [41, 12]},
						{"origin": [-2.5, 18.95, 2], "size": [1, 1.125, 1.2], "inflate": -0.301, "pivot": [-2.2, 19.775, 2.3], "rotation": [0, 0, -49], "uv": [41, 7]},
						{"origin": [1.5, 18.95, 2], "size": [1, 1.125, 1.2], "inflate": -0.301, "pivot": [2.2, 19.775, 2.3], "rotation": [0, 0, 49], "uv": [41, 10]},
						{"origin": [-2.4, 19.575, 2.1], "size": [1.4, 1.625, 1], "inflate": -0.201, "pivot": [-2.2, 19.775, 2.3], "rotation": [0, 50.5, 0], "uv": [15, 42]},
						{"origin": [0.3, 20.95, -1.1], "size": [1.7, 1.3, 4.35], "inflate": -0.401, "uv": [41, 0]},
						{"origin": [-2, 20.95, -1.1], "size": [1.7, 1.3, 4.35], "inflate": -0.401, "uv": [36, 38]},
						{"origin": [0.6, 21.85, -1.7], "size": [1, 1.025, 1], "inflate": -0.001, "pivot": [1.6, 21.85, -1.7], "rotation": [-161.5, 0, 0], "uv": [54, 16]},
						{"origin": [-1.6, 21.85, -1.7], "size": [1, 1.025, 1], "inflate": -0.001, "pivot": [-1.6, 21.85, -1.7], "rotation": [-161.5, 0, 0], "uv": [24, 53]},
						{"origin": [-1.6, 20.5, -1.7], "size": [1, 1.35, 1.95], "inflate": -0.001, "pivot": [-1.6, 21.85, -1.7], "rotation": [-163.09805, -7.63389, 23.61414], "uv": [36, 53]},
						{"origin": [-1.6, 20.5, -1.7], "size": [1, 1.35, 2.2], "inflate": -0.001, "pivot": [-1.6, 21.85, -1.7], "rotation": [179.33906, -7.68379, 20.33527], "uv": [56, 53]},
						{"origin": [0.6, 20.5, -1.7], "size": [1, 1.35, 2.2], "inflate": -0.001, "pivot": [1.6, 21.85, -1.7], "rotation": [179.33906, 7.68379, -20.33527], "uv": [0, 55]},
						{"origin": [0.6, 20.5, -1.7], "size": [1, 1.35, 1.95], "inflate": -0.001, "pivot": [1.6, 21.85, -1.7], "rotation": [-163.09805, 7.63389, -23.61414], "uv": [4, 52]},
						{"origin": [0.9, 20.9, -24.65], "size": [1, 1, 23.25], "inflate": -0.3, "pivot": [1.6, 21.6, -18.65], "rotation": [0, 0, 42], "uv": [25, 29]},
						{"origin": [-1.6, 19.5, -1.7], "size": [1, 2.35, 1], "uv": [30, 28]},
						{"origin": [-1.6, 19.5, -24.65], "size": [1, 2.1, 22.95], "uv": [30, 0]},
						{"origin": [-1.9, 20.9, -24.65], "size": [1, 1, 23.25], "inflate": -0.3, "pivot": [-1.6, 21.6, -18.65], "rotation": [0, 0, -42], "uv": [0, 28]},
						{"origin": [-1.6, 21.85, -1.7], "size": [1, 1.325, 4.55], "pivot": [-1.6, 21.85, -1.7], "rotation": [0, 0, 19.25], "uv": [41, 10]},
						{"origin": [-0.4, 22.65, -4.15], "size": [1, 1, 7.1], "inflate": -0.1, "pivot": [0.5, 23.55, -18.9], "rotation": [0, 0, -55.75], "uv": [44, 96]},
						{"origin": [-0.4, 21.975, 2.325], "size": [1.075, 1.5, 1.5], "inflate": -0.3, "pivot": [0.45, 23.175, 2.725], "rotation": [0, 0, -55.75], "uv": [44, 47]},
						{"origin": [-0.675, 21.975, 2.325], "size": [1.1, 1.5, 1.5], "inflate": -0.3, "pivot": [-0.45, 23.175, 2.725], "rotation": [0, 0, 55.75], "uv": [4, 41]},
						{"origin": [0.635, 21.525, 2.525], "size": [1.1, 1.425, 1.3], "inflate": -0.299, "pivot": [1.435, 21.825, 2.625], "rotation": [0, 0, -19.25], "uv": [37, 48]},
						{"origin": [0.635, 19.9, 2.525], "size": [1.1, 2.225, 1.3], "inflate": -0.3, "uv": [21, 6]},
						{"origin": [0.735, 18.925, 2.425], "size": [1.1, 1.675, 2.3], "inflate": -0.4, "uv": [54, 0]},
						{"origin": [-1.835, 18.925, 2.425], "size": [1.1, 1.675, 2.3], "inflate": -0.4, "uv": [0, 52]},
						{"origin": [0.635, 19.9, 3.225], "size": [1.1, 1.5, 1.4], "inflate": -0.3, "uv": [47, 0]},
						{"origin": [-1.735, 19.9, 3.225], "size": [1.1, 1.5, 1.4], "inflate": -0.3, "uv": [25, 45]},
						{"origin": [-1.635, 20.225, 3.225], "size": [1.475, 1.3, 1.4], "inflate": -0.301, "pivot": [-1.335, 20.6, 3.325], "rotation": [0, 0, 37.25], "uv": [45, 7]},
						{"origin": [0.16, 20.225, 3.225], "size": [1.475, 1.3, 1.4], "inflate": -0.301, "pivot": [1.335, 20.6, 3.325], "rotation": [0, 0, -37.25], "uv": [30, 44]},
						{"origin": [0.635, 20.125, 3.45], "size": [1.1, 1.7, 1.5], "inflate": -0.301, "pivot": [1.435, 20.4, 3.75], "rotation": [49, 0, 0], "uv": [47, 10]},
						{"origin": [-1.735, 20.125, 3.45], "size": [1.1, 1.7, 1.5], "inflate": -0.301, "pivot": [-1.435, 20.4, 3.75], "rotation": [49, 0, 0], "uv": [47, 2]},
						{"origin": [-1.735, 21.525, 2.525], "size": [1.1, 1.425, 1.3], "inflate": -0.299, "pivot": [-1.435, 21.825, 2.625], "rotation": [0, 0, 19.25], "uv": [14, 47]},
						{"origin": [-1.735, 19.9, 2.525], "size": [1.1, 2.225, 1.3], "inflate": -0.3, "uv": [7, 18]},
						{"origin": [-0.65, 22.495, 2.525], "size": [1.3, 1.1, 1.3], "inflate": -0.297, "uv": [47, 12]},
						{"origin": [-1.675, 25.27, 2.525], "size": [1.075, 1, 1.3], "inflate": -0.298, "pivot": [-2.46, 23.375, 2.625], "rotation": [0, 0, 68.75], "uv": [41, 2]},
						{"origin": [0.6, 25.27, 2.525], "size": [1.075, 1, 1.3], "inflate": -0.298, "pivot": [2.46, 23.375, 2.625], "rotation": [0, 0, -68.75], "uv": [41, 0]},
						{"origin": [-0.6, 22.65, -4.15], "size": [1, 1, 7.1], "inflate": -0.1, "pivot": [-0.5, 23.55, -18.9], "rotation": [0, 0, 55.75], "uv": [96, 0]},
						{"origin": [0.265, 21.645, -4.15], "size": [1, 1.55, 7.1], "inflate": -0.099, "uv": [35, 95]},
						{"origin": [-1.265, 21.645, -4.15], "size": [1, 1.55, 7.1], "inflate": -0.099, "uv": [26, 94]},
						{"origin": [0.05, 23.275, 0.6], "size": [1.05, 1.25, 1.15], "inflate": -0.3, "uv": [32, 59]},
						{"origin": [0.05, 23.175, 1.15], "size": [1.05, 1.25, 2.5], "inflate": -0.301, "pivot": [0.8, 24.125, 1.45], "rotation": [-13.5, 0, 0], "uv": [54, 10]},
						{"origin": [-0.7, 23.175, 2.25], "size": [1.4, 1.25, 1.4], "inflate": -0.302, "pivot": [0.4, 24.125, 1.45], "rotation": [-13.5, 0, 0], "uv": [50, 24]},
						{"origin": [0.05, 22.725, 0.6], "size": [1.05, 1.8, 1.15], "inflate": -0.301, "pivot": [0.8, 24.225, 0.9], "rotation": [-65.25, 0, 0], "uv": [50, 44]},
						{"origin": [-1.1, 23.175, 1.15], "size": [1.05, 1.25, 2.5], "inflate": -0.301, "pivot": [-0.8, 24.125, 1.45], "rotation": [-13.5, 0, 0], "uv": [54, 7]},
						{"origin": [-1.1, 23.275, 0.6], "size": [1.05, 1.25, 1.15], "inflate": -0.3, "uv": [50, 28]},
						{"origin": [-1.1, 22.725, 0.6], "size": [1.05, 1.8, 1.15], "inflate": -0.301, "pivot": [-0.8, 24.225, 0.9], "rotation": [-65.25, 0, 0], "uv": [50, 30]},
						{"origin": [-1.1, 22.825, -0.45], "size": [2.2, 1, 4], "inflate": -0.199, "uv": [13, 6]},
						{"origin": [-1.425, 21.175, -7.05], "size": [2, 2, 3.025], "pivot": [0.575, 23.175, -7.05], "rotation": [0, 0, -20.75], "uv": [0, 18]}
					]
				},
				{
					"name": "glowy2",
					"parent": "slide",
					"pivot": [0.2, 23.95, -24.7],
					"cubes": [
						{"origin": [-1.025, 23.475, 1.05], "size": [1, 1.05, 2.125], "inflate": -0.4, "pivot": [-0.8, 24.125, 1.45], "rotation": [-13.5, 0, 0], "uv": [0, 28]},
						{"origin": [-0.85, 23.475, 2.175], "size": [1.7, 1.05, 1], "inflate": -0.4, "pivot": [0.8, 24.125, 1.45], "rotation": [-13.5, 0, 0], "uv": [35, 14]},
						{"origin": [0.025, 23.475, 1.05], "size": [1, 1.05, 2.125], "inflate": -0.4, "pivot": [0.8, 24.125, 1.45], "rotation": [-13.5, 0, 0], "uv": [20, 12]}
					]
				},
				{
					"name": "rightarm",
					"parent": "main",
					"pivot": [-4.8, 8.525, 20.9],
					"rotation": [-104.56106, -12.40003, -2.46982],
					"cubes": [
						{"origin": [-8.8, -15.475, 16.9], "size": [8, 24, 8], "uv": [32, 53]}
					]
				},
				{
					"name": "leftarm",
					"parent": "main",
					"pivot": [17.2, 2, 24.4],
					"rotation": [-5.93835, 25.41692, 4.07628],
					"cubes": [
						{"origin": [13.2, -22, 20.4], "size": [8, 24, 8], "uv": [0, 52]}
					]
				},
				{
					"name": "muzzleflash",
					"parent": "main",
					"pivot": [0, 21.85, -27.35],
					"cubes": [
						{"origin": [-0.5, 21.35, -27.65], "size": [1, 1, 1], "inflate": -0.4, "uv": [62, 2]}
					]
				},
				{
					"name": "scope",
					"parent": "main",
					"pivot": [0, 24.2, 18.225],
					"cubes": [
						{"origin": [-0.5, 23.7, 17.925], "size": [1, 1, 1], "inflate": -0.4, "uv": [62, 0]}
					]
				},
				{
					"name": "_camera_",
					"pivot": [6.825, 33.725, 26.45]
				}
			]
		}
	]
}