{
	"format_version": "1.12.0",
	"minecraft:geometry": [
		{
			"description": {
				"identifier": "geometry.unknown",
				"texture_width": 256,
				"texture_height": 256,
				"visible_bounds_width": 11,
				"visible_bounds_height": 6,
				"visible_bounds_offset": [0, 1, 0]
			},
			"bones": [
				{
					"name": "bb_main",
					"pivot": [0, 0, 0]
				},
				{
					"name": "main",
					"pivot": [0, 20, 0]
				},
				{
					"name": "gun",
					"parent": "main",
					"pivot": [1, 11, -1],
					"cubes": [
						{"origin": [-2, 19, -13.1], "size": [1, 3, 16], "inflate": 0.001, "uv": [56, 72]},
						{"origin": [1, 19, -13.1], "size": [1, 3, 16], "inflate": 0.001, "uv": [56, 32]},
						{"origin": [1, 20.3, -12.925], "size": [1, 2, 1], "inflate": -0.001, "pivot": [2, 20.3, -12.925], "rotation": [46.5, 0, 0], "uv": [0, 11]},
						{"origin": [0.75, 19, -22.1], "size": [1, 3, 9], "inflate": 0.001, "uv": [88, 0]},
						{"origin": [-1.75, 19, -22.1], "size": [1, 3, 9], "inflate": 0.001, "uv": [34, 66]},
						{"origin": [-1.65, 17.9, -22], "size": [1, 1, 2], "inflate": 0.1, "pivot": [-1.75, 19, -20], "rotation": [0, 0, -31], "uv": [46, 27]},
						{"origin": [-1.025, 18.075, -22], "size": [2.05, 1, 2], "inflate": 0.102, "uv": [36, 29]},
						{"origin": [-1.275, 18.075, -10], "size": [2.55, 1, 13], "inflate": 0.102, "uv": [0, 110]},
						{"origin": [-1.275, 17.525, 1.875], "size": [2.55, 1, 5], "inflate": 0.102, "pivot": [-1.375, 18.625, 5.875], "rotation": [-11.25, 0, 0], "uv": [18, 33]},
						{"origin": [-2.1, 18.1, -13.2], "size": [1, 1, 3.2], "inflate": -0.1, "pivot": [-2, 19, -10.1], "rotation": [0, 0, -31], "uv": [44, 0]},
						{"origin": [-1.9, 17.9, -10], "size": [1, 1, 13], "inflate": 0.1, "pivot": [-2, 19, 3], "rotation": [0, 0, -31], "uv": [111, 14]},
						{"origin": [0.65, 17.9, -22], "size": [1, 1, 2], "inflate": 0.1, "pivot": [1.75, 19, -20], "rotation": [0, 0, 31], "uv": [46, 24]},
						{"origin": [0.85, 18.1, -20.05], "size": [1, 1, 10], "inflate": -0.1, "pivot": [1.75, 19, -20], "rotation": [0, 0, 31], "uv": [0, 11]},
						{"origin": [-1.85, 18.1, -20.05], "size": [1, 1, 10], "inflate": -0.1, "pivot": [-1.75, 19, -20], "rotation": [0, 0, -31], "uv": [0, 0]},
						{"origin": [1.1, 18.1, -13.2], "size": [1, 1, 3.2], "inflate": -0.1, "pivot": [2, 19, -10.1], "rotation": [0, 0, 31], "uv": [36, 25]},
						{"origin": [0.9, 17.9, -10], "size": [1, 1, 13], "inflate": 0.1, "pivot": [2, 19, 3], "rotation": [0, 0, 31], "uv": [111, 0]},
						{"origin": [0.9, 17.9, 2.9], "size": [1, 1, 4], "inflate": 0.1, "pivot": [2, 19, 3], "rotation": [-9.45952, 5.63978, 30.533], "uv": [0, 16]},
						{"origin": [-1.9, 17.9, 2.9], "size": [1, 1, 4], "inflate": 0.1, "pivot": [-2, 19, 3], "rotation": [-9.45952, -5.63978, -30.533], "uv": [12, 11]},
						{"origin": [-2, 19, 2], "size": [4, 2, 5], "inflate": 0.002, "pivot": [-0.75, 19, 2.9], "rotation": [-10.75, 0, 0], "uv": [24, 55]},
						{"origin": [-2, 18, 4.5], "size": [4, 2, 7], "inflate": 0.001, "pivot": [-0.75, 18, 5.4], "rotation": [-50.75, 0, 0], "uv": [0, 44]},
						{"origin": [-2, 13.8, 6.1], "size": [4, 2, 6], "inflate": 0.002, "pivot": [-0.75, 13.8, 9], "rotation": [-77.75, 0, 0], "uv": [34, 78]},
						{"origin": [-2, 14.125, 7.575], "size": [4, 5, 6], "inflate": 0.001, "pivot": [-0.75, 14.125, 10.475], "rotation": [-69, 0, 0], "uv": [70, 110]},
						{"origin": [-2, 13.275, 13.575], "size": [4, 7, 27], "inflate": 0.002, "pivot": [-0.75, 20.275, 13.575], "rotation": [-4, 0, 0], "uv": [166, 0]},
						{"origin": [-2, 13.275, 13.575], "size": [4, 7, 3], "pivot": [-0.75, 20.275, 13.575], "rotation": [-74.75, 0, 0], "uv": [56, 32]},
						{"origin": [-2, 6.075, 38.075], "size": [4, 7.2, 2.5], "inflate": 0.002, "pivot": [-0.75, 20.275, 13.575], "rotation": [-4, 0, 0], "uv": [41, 12]},
						{"origin": [-2, 14.425, 17.075], "size": [4, 5, 25], "inflate": 0.001, "pivot": [-0.75, 21.425, 15.075], "rotation": [-23.25, 0, 0], "uv": [167, 55]},
						{"origin": [-2, 19.425, 32.075], "size": [4, 3, 9], "inflate": -0.001, "pivot": [-0.75, 21.425, 15.075], "rotation": [-23.25, 0, 0], "uv": [27, 0]},
						{"origin": [-1, 20.275, 13.575], "size": [2, 1, 27], "pivot": [0.25, 21.275, 13.575], "rotation": [-4, 0, 0], "uv": [167, 110]},
						{"origin": [0, 19.85, 13.575], "size": [1, 1.425, 27], "inflate": -0.001, "pivot": [1, 21.275, 13.575], "rotation": [-2.85528, -2.80248, -44.43014], "uv": [182, 192]},
						{"origin": [-1, 19.85, 13.575], "size": [1, 1.425, 27], "inflate": -0.001, "pivot": [-1, 21.275, 13.575], "rotation": [-2.85528, 2.80248, 44.43014], "uv": [179, 164]},
						{"origin": [-1, 20.275, 9.575], "size": [2, 1, 4], "pivot": [0.25, 21.275, 13.575], "rotation": [16.25, 0, 0], "uv": [42, 48]},
						{"origin": [1, 20.275, 9.575], "size": [1.275, 1, 4], "pivot": [1, 21.275, 13.575], "rotation": [12.5419, -10.41661, 39.10222], "uv": [12, 5]},
						{"origin": [-2.275, 20.275, 9.575], "size": [1.275, 1, 4], "pivot": [-1, 21.275, 13.575], "rotation": [12.5419, 10.41661, -39.10222], "uv": [12, 0]},
						{"origin": [-2, 21.5, -11.2], "size": [3, 3, 5], "uv": [56, 72]},
						{"origin": [-2.25, 19.5, -1.95], "size": [1, 1, 1], "inflate": -0.2, "pivot": [-4, 19.5, -0.95], "rotation": [-22.5, 0, 0], "uv": [0, 16]},
						{"origin": [-2.25, 19.25, -12.45], "size": [1, 1, 1], "inflate": -0.2, "pivot": [-4, 19.25, -11.45], "rotation": [-22.5, 0, 0], "uv": [12, 13]},
						{"origin": [1.25, 19.25, -12.45], "size": [1, 1, 1], "inflate": -0.2, "pivot": [4, 19.25, -11.45], "rotation": [-22.5, 0, 0], "uv": [12, 11]},
						{"origin": [1.25, 19.5, -1.95], "size": [1, 1, 1], "inflate": -0.2, "pivot": [4, 19.5, -0.95], "rotation": [-22.5, 0, 0], "uv": [6, 13]},
						{"origin": [-1, 24.5, -22.1], "size": [2, 1, 16], "uv": [56, 55]},
						{"origin": [1, 24.5, -22.1], "size": [1.425, 1, 16], "inflate": -0.001, "pivot": [1, 25.5, -6.1], "rotation": [0, 0, 45], "uv": [18, 91]},
						{"origin": [1, 24.5, -6.1], "size": [1.35, 1, 5], "pivot": [1, 25.5, -6.1], "rotation": [-8.72835, 8.6288, 43.34024], "uv": [76, 55]},
						{"origin": [1, 23.425, -1.225], "size": [1.3, 1, 14], "pivot": [1, 24.425, -1.225], "rotation": [-15.98615, 12.96421, 37.9931], "uv": [76, 93]},
						{"origin": [-2.3, 23.425, -1.225], "size": [1.3, 1, 13], "pivot": [-1, 24.425, -1.225], "rotation": [-15.98615, -12.96421, -37.9931], "uv": [55, 110]},
						{"origin": [-2.35, 24.5, -6.1], "size": [1.35, 1, 5], "pivot": [-1, 25.5, -6.1], "rotation": [-8.72835, -8.6288, -43.34024], "uv": [74, 40]},
						{"origin": [-2.425, 24.5, -11.2], "size": [1.425, 1, 5.1], "inflate": -0.001, "pivot": [-1, 25.5, -6.1], "rotation": [0, 0, -45], "uv": [74, 72]},
						{"origin": [-2.425, 24.5, -22.1], "size": [1.425, 1, 2], "inflate": -0.001, "pivot": [-1, 25.5, -20.1], "rotation": [0, 0, -45], "uv": [0, 44]},
						{"origin": [-1.95, 24.5, -20.1], "size": [1, 1, 8.9], "inflate": -0.001, "pivot": [-1, 25.5, -11.1], "rotation": [0, 0, -45], "uv": [111, 73]},
						{"origin": [-1, 24.5, -6.1], "size": [2, 1, 5], "pivot": [-1, 25.5, -6.1], "rotation": [-12.5, 0, 0], "uv": [17, 48]},
						{"origin": [-0.5, 23.4, -1.175], "size": [1, 1, 3], "pivot": [-0.5, 24.5, -0.575], "rotation": [-19.5, 0, 0], "uv": [27, 17]},
						{"origin": [-1, 23.425, -1.225], "size": [2, 1, 14], "pivot": [-1, 24.425, -1.225], "rotation": [-20.5, 0, 0], "uv": [76, 55]},
						{"origin": [-2, 21.5, -6.2], "size": [4, 3, 5], "inflate": -0.001, "pivot": [-3.75, 24.5, -6.2], "rotation": [-11.5, 0, 0], "uv": [36, 36]},
						{"origin": [-2, 21.5, -1.3], "size": [4, 2, 13], "inflate": -0.002, "pivot": [-3.75, 23.5, -1.3], "rotation": [-19.5, 0, 0], "uv": [56, 92]},
						{"origin": [-2, 21.5, -22.1], "size": [3, 3, 2], "uv": [12, 16]},
						{"origin": [1, 21.5, -22.1], "size": [1, 3, 16], "uv": [16, 71]},
						{"origin": [1.1, 22.75, -20.1], "size": [1, 1.75, 1], "uv": [6, 11]},
						{"origin": [0.6, 23.5, -20.1], "size": [1.5, 1, 1], "pivot": [2.1, 24.5, -20.1], "rotation": [0, 0, 43.5], "uv": [0, 8]},
						{"origin": [0.6, 23.5, -14.1], "size": [1.5, 1, 1], "pivot": [2.1, 24.5, -14.1], "rotation": [0, 0, 43.5], "uv": [6, 0]},
						{"origin": [1.1, 22.75, -14.1], "size": [1, 1.75, 1], "uv": [4, 8]},
						{"origin": [-3.998, 18.5, -25.1], "size": [11.5, 10.25, 17], "inflate": -6, "uv": [198, 110]},
						{"origin": [-0.5, 15.625, -3.5], "size": [1, 4, 1], "inflate": -0.1, "pivot": [0, 15.625, -2.5], "rotation": [-17.25, 0, 0], "uv": [36, 36]},
						{"origin": [-1.5, 14.65, -5.8], "size": [3, 1, 4.5], "inflate": -0.2, "uv": [26, 48]},
						{"origin": [-1.5, 16.725, -10.7], "size": [3, 3, 4], "inflate": -0.199, "pivot": [1.5, 16.925, -7.9], "rotation": [-42.25, 0, 0], "uv": [0, 33]},
						{"origin": [-1.5, 14.65, -8.4], "size": [3, 1, 3], "inflate": -0.201, "pivot": [1.5, 14.85, -5.6], "rotation": [-42.5, 0, 0], "uv": [27, 24]},
						{"origin": [-1.5, 14.65, -2.3], "size": [3, 2, 1], "inflate": -0.201, "pivot": [1.5, 14.85, -1.5], "rotation": [-49, 0, 0], "uv": [44, 4]},
						{"origin": [-1.5, 15.7, -1.1], "size": [3, 3, 1], "inflate": -0.201, "pivot": [1.5, 15.9, -0.3], "rotation": [-5.75, 0, 0], "uv": [27, 5]},
						{"origin": [-1.25, 18.65, -53.8], "size": [2, 2, 33], "inflate": 0.2, "pivot": [-1.25, 20.65, -53.8], "rotation": [0, 0, -20], "uv": [110, 164]},
						{"origin": [-1.25, 18.65, -61.8], "size": [2, 2, 8], "inflate": 0.1, "pivot": [-1.25, 20.65, -74.8], "rotation": [0, 0, -20], "uv": [29, 110]},
						{"origin": [-0.5, 20.65, -51.8], "size": [1, 2, 30], "uv": [147, 164]},
						{"origin": [-1, 20.65, -61], "size": [2, 2, 6.6], "uv": [56, 55]},
						{"origin": [-1.25, 18.65, -60.7], "size": [2, 2, 6], "inflate": 0.4, "pivot": [-1.25, 20.65, -66.7], "rotation": [0, 0, -20], "uv": [56, 63]},
						{"origin": [-1.25, 18.65, -62.85], "size": [2, 2, 1], "pivot": [-1.25, 20.65, -62.85], "rotation": [0, 0, -20], "uv": [27, 33]},
						{"origin": [0.425, 24.195, -75], "size": [1.2, 1, 53], "pivot": [0.075, 25.165, -66], "rotation": [0, 0, 37.75], "uv": [112, 56]},
						{"origin": [-0.6, 24.22, -75.25], "size": [1.2, 1, 54], "inflate": -0.25, "uv": [0, 55]},
						{"origin": [-0.95, 22.27, -75.025], "size": [1.925, 1, 54], "uv": [0, 0]},
						{"origin": [-1.625, 24.195, -75], "size": [1.2, 1, 53], "inflate": -0.001, "pivot": [-0.075, 25.165, -66], "rotation": [0, 0, -37.75], "uv": [56, 55]},
						{"origin": [0.5, 23.25, -75], "size": [1, 1, 53], "inflate": 0.001, "pivot": [1.5, 23.25, -66], "rotation": [0, 0, -11], "uv": [112, 110]},
						{"origin": [-1.5, 23.25, -75], "size": [1, 1, 53], "inflate": 0.001, "pivot": [-1.5, 23.25, -66], "rotation": [0, 0, 11], "uv": [0, 110]},
						{"origin": [-1.5, 23.25, -75], "size": [1.1, 1, 53], "pivot": [-1.5, 23.25, -66], "rotation": [0, 0, 61.5], "uv": [111, 1]},
						{"origin": [0.4, 23.25, -75], "size": [1.1, 1, 53], "pivot": [1.5, 23.25, -66], "rotation": [0, 0, -61.5], "uv": [57, 109]},
						{"origin": [-1.05, 25.3, -21.9], "size": [1.5, 1, 10], "inflate": -0.201, "uv": [32, 55]},
						{"origin": [-0.75, 25.75, -71.1], "size": [1, 1, 51], "inflate": -0.201, "uv": [0, 164]},
						{"origin": [-0.25, 25.75, -71.1], "size": [1, 1, 51], "inflate": -0.2, "uv": [57, 163]},
						{"origin": [-0.75, 25.1, -62.1], "size": [1.5, 1.05, 2], "inflate": -0.2, "uv": [27, 28]},
						{"origin": [-0.75, 25.1, -52.85], "size": [1.5, 1.05, 2], "inflate": -0.2, "uv": [18, 28]},
						{"origin": [-0.75, 25.1, -43.6], "size": [1.5, 1.05, 2], "inflate": -0.2, "uv": [9, 28]},
						{"origin": [-0.75, 25.1, -34.35], "size": [1.5, 1.05, 2], "inflate": -0.2, "uv": [0, 28]},
						{"origin": [-0.75, 25.1, -25.1], "size": [1.5, 1.05, 4], "inflate": -0.2, "uv": [0, 11]},
						{"origin": [-0.25, 25.75, -20.5], "size": [1, 1, 8], "inflate": -0.2, "pivot": [-1.05, 25.95, -20.3], "rotation": [-3.75, 0, 0], "uv": [111, 28]},
						{"origin": [-0.75, 25.75, -20.5], "size": [1, 1, 8], "inflate": -0.201, "pivot": [1.05, 25.95, -20.3], "rotation": [-3.75, 0, 0], "uv": [111, 37]},
						{"origin": [-0.75, 24.6, -73.6], "size": [1.5, 1.1, 53.8], "inflate": -0.201, "uv": [56, 0]},
						{"origin": [-0.75, 22.025, -71.1], "size": [1.5, 4.725, 1], "inflate": -0.199, "pivot": [1.05, 26.55, -70.9], "rotation": [-67.5, 0, 0], "uv": [18, 33]},
						{"origin": [-0.95, 25.9, -21.1], "size": [1.9, 1, 2], "inflate": -0.201, "uv": [10, 33]},
						{"origin": [0.15, 26.05, -21.1], "size": [1.75, 2, 2], "inflate": -0.601, "pivot": [1.9, 26.05, -21.1], "rotation": [-30.25, 0, 0], "uv": [9, 24]},
						{"origin": [-1.9, 26.05, -21.1], "size": [1.75, 2, 2], "inflate": -0.601, "pivot": [-1.9, 26.05, -21.1], "rotation": [-30.25, 0, 0], "uv": [0, 24]},
						{"origin": [-0.8, 24.4, -74.525], "size": [1.5, 1.8, 5.2], "inflate": -0.201, "uv": [74, 34]},
						{"origin": [-0.6, 25.2, -73.6], "size": [1.2, 2.35, 2.5], "inflate": -0.399, "uv": [18, 24]},
						{"origin": [-0.6, 25.625, -72.175], "size": [1.2, 2.25, 3], "inflate": -0.4, "pivot": [0.6, 26.875, -72.175], "rotation": [-35.75, 0, 0], "uv": [27, 12]},
						{"origin": [-0.6, 25.8, -72.275], "size": [1.2, 2.25, 3], "inflate": -0.4, "pivot": [0.6, 27.05, -72.275], "rotation": [-120.25, 0, 0], "uv": [27, 0]},
						{"origin": [-0.45, 25.3, -21.9], "size": [1.5, 1, 10], "inflate": -0.2, "uv": [17, 110]},
						{"origin": [-0.45, 25.3, -12.3], "size": [1.5, 1, 5], "inflate": -0.2, "pivot": [0.85, 26.1, -12.1], "rotation": [-9.5, 0, 0], "uv": [56, 42]},
						{"origin": [-1.05, 25.3, -12.3], "size": [1.75, 1, 5], "inflate": -0.201, "pivot": [-1.1, 26.1, -12.1], "rotation": [-9.5, 0, 0], "uv": [35, 48]}
					]
				},
				{
					"name": "bone4",
					"parent": "gun",
					"pivot": [0.675, 26.65, -8.85],
					"cubes": [
						{"origin": [-0.225, 26.225, -21.05], "size": [1.5, 1.3, 1.3], "inflate": -0.4, "uv": [12, 7]},
						{"origin": [-1.275, 26.225, -21.05], "size": [1.5, 1.3, 1.3], "inflate": -0.4, "uv": [12, 2]},
						{"origin": [-0.775, 25.95, -21.05], "size": [1.5, 1.3, 1.3], "inflate": -0.401, "uv": [12, 0]}
					]
				},
				{
					"name": "pump",
					"parent": "gun",
					"pivot": [-2.25, 18.65, -52.8],
					"cubes": [
						{"origin": [1.35, 18.575, -44.05], "size": [1, 4.25, 16], "inflate": 0.002, "pivot": [1.35, 22.325, -44.05], "rotation": [0.25032, -0.74839, -4.04906], "uv": [18, 28]},
						{"origin": [2.3, 22.875, -44.05], "size": [1, 1, 16], "inflate": 0.002, "pivot": [2.3, 22.875, -44.05], "rotation": [0.14392, 0.77591, -155.04645], "uv": [0, 90]},
						{"origin": [1.35, 18.65, -51.8], "size": [1, 4.25, 8], "inflate": 0.002, "pivot": [2.35, 22.4, -51.8], "rotation": [0, 0, -4], "uv": [36, 90]},
						{"origin": [1.3, 21.9, -51.8], "size": [1, 1, 8], "inflate": 0.001, "pivot": [2.3, 22.9, -51.8], "rotation": [0, 0, 23.5], "uv": [111, 64]},
						{"origin": [-2.35, 18.575, -44.05], "size": [1, 4.25, 16], "inflate": 0.002, "pivot": [-1.35, 22.325, -44.05], "rotation": [0.25032, 0.74839, 4.04906], "uv": [0, 24]},
						{"origin": [-2.35, 18.65, -51.8], "size": [1, 4.25, 8], "inflate": 0.002, "pivot": [-2.35, 22.4, -51.8], "rotation": [0, 0, 4], "uv": [36, 24]},
						{"origin": [-2.3, 21.9, -51.8], "size": [1, 1, 8], "inflate": 0.001, "pivot": [-2.3, 22.9, -51.8], "rotation": [0, 0, -23.5], "uv": [111, 55]},
						{"origin": [-3.3, 22.875, -44.05], "size": [1, 1, 16], "inflate": 0.002, "pivot": [-2.3, 22.875, -44.05], "rotation": [0.14392, -0.77591, 155.04645], "uv": [74, 75]},
						{"origin": [-1.075, 17.35, -51.8], "size": [2.15, 1, 23.75], "inflate": 0.003, "uv": [0, 0]},
						{"origin": [1.6, 16.65, -51.8], "size": [1, 2, 7.75], "pivot": [2.6, 18.65, -51.8], "rotation": [0, 0, 49.75], "uv": [18, 24]},
						{"origin": [1.6, 16.65, -44.05], "size": [1, 2, 16], "pivot": [2.6, 18.65, -44.05], "rotation": [-0.57244, -0.48458, 49.75242], "uv": [74, 35]},
						{"origin": [-2.6, 16.65, -51.8], "size": [1, 2, 7.75], "pivot": [-2.6, 18.65, -51.8], "rotation": [0, 0, -49.75], "uv": [0, 24]},
						{"origin": [-2.6, 16.65, -44.05], "size": [1, 2, 16], "pivot": [-2.6, 18.65, -44.05], "rotation": [-0.57244, 0.48458, -49.75242], "uv": [74, 16]}
					]
				},
				{
					"name": "action",
					"parent": "gun",
					"pivot": [1, 22, -15],
					"cubes": [
						{"origin": [-1.9, 22.35, -20], "size": [1, 2, 9], "pivot": [-1.9, 22.35, -19], "rotation": [0, 0, 16], "uv": [90, 110]}
					]
				},
				{
					"name": "chamber",
					"parent": "gun",
					"pivot": [0, 18.5, -10.2],
					"cubes": [
						{"origin": [-1, 18.35, -19.9], "size": [2, 1, 10], "pivot": [-1, 18.35, -9.9], "rotation": [-0.75, 0, 0], "uv": [27, 12]}
					]
				},
				{
					"name": "shell",
					"parent": "gun",
					"pivot": [0, 20.025, -20.35],
					"cubes": [
						{"origin": [-1.3, 15.225, -21.35], "size": [2, 6, 2], "inflate": -0.2, "pivot": [-1.3, 20.225, -21.35], "rotation": [-90, 0, -30], "uv": [0, 0]}
					]
				},
				{
					"name": "rightarm",
					"parent": "main",
					"pivot": [-10, 9.2, 23.05],
					"rotation": [-108.9483, -25.5098, -14.585],
					"cubes": [
						{"origin": [-14, -14.8, 19.05], "size": [8, 24, 8], "uv": [56, 0]}
					]
				},
				{
					"name": "leftarm",
					"parent": "main",
					"pivot": [9.9, 6.05, -22.825],
					"rotation": [-127.94524, -0.26498, -34.66416],
					"cubes": [
						{"origin": [5.9, -17.95, -26.825], "size": [8, 24, 8], "uv": [0, 55]}
					]
				},
				{
					"name": "scope",
					"parent": "main",
					"pivot": [0, 27.15, -12.55],
					"cubes": [
						{"origin": [-0.5, 26.65, -12.85], "size": [1, 1, 1], "inflate": -0.4, "uv": [10, 34]}
					]
				},
				{
					"name": "muzzleflash",
					"parent": "main",
					"pivot": [0, 23.65, -75.65],
					"cubes": [
						{"origin": [-0.5, 23.15, -75.95], "size": [1, 1, 1], "inflate": -0.4, "uv": [12, 5]}
					]
				},
				{
					"name": "_camera_",
					"pivot": [6.825, 33.725, 26.45]
				}
			]
		}
	]
}