{
	"format_version": "1.8.0",
	"animations": {
		"animation.model.draw": {
			"loop": true,
			"animation_length": 1.2,
			"bones": {
				"main": {
					"rotation": {
						"0.0": {
							"vector": [32.09413, -54.38778, -8.29667],
							"easing": "linear"
						},
						"0.35": {
							"vector": [0.50518, -5.08075, 6.8716],
							"easing": "easeOutSine"
						},
						"0.5": {
							"vector": [0.32389, -0.60235, -2.1558],
							"easing": "linear"
						},
						"0.6": {
							"vector": [0, 0, 0],
							"easing": "linear"
						}
					},
					"position": {
						"0.0": {
							"vector": [0, -17.3, 0],
							"easing": "linear"
						},
						"0.25": {
							"vector": [-0.4, -2.525, -1.625],
							"easing": "linear"
						},
						"0.4": {
							"vector": [-0.05, 0, -2.49],
							"easing": "linear"
						},
						"0.55": {
							"vector": [0, 0, 0],
							"easing": "linear"
						}
					}
				},
				"leftarm": {
					"rotation": {
						"0.0": {
							"vector": [0, 0, 0],
							"easing": "linear"
						},
						"0.2": {
							"vector": [1, 0, -22],
							"easing": "linear"
						},
						"0.4": {
							"vector": [0, 0, 0],
							"easing": "linear"
						}
					},
					"position": {
						"0.0": {
							"vector": [0, 0, 0],
							"easing": "linear"
						},
						"0.2": {
							"vector": [3.53901, 3.6754, 5.59783],
							"easing": "linear"
						},
						"0.4": {
							"vector": [0, 0, 0],
							"easing": "linear"
						}
					}
				}
			}
		},
		"animation.model.reloadempty": {
			"animation_length": 2.7667,
			"blend_weight": "1",
			"bones": {
				"main": {
					"rotation": {
						"0.0": {
							"vector": [0, 0, 0],
							"easing": "linear"
						},
						"0.0333": {
							"vector": [-1.47, -1.82, -2.66],
							"easing": "linear"
						},
						"0.0667": {
							"vector": [-3.6, -4.46, -6.51],
							"easing": "linear"
						},
						"0.1": {
							"vector": [-5.78, -7.21, -10.59],
							"easing": "linear"
						},
						"0.1333": {
							"vector": [-7.34, -9.38, -13.92],
							"easing": "linear"
						},
						"0.1667": {
							"vector": [-7.8, -10.23, -15.35],
							"easing": "linear"
						},
						"0.2": {
							"vector": [-8.02, -10.94, -16.65],
							"easing": "linear"
						},
						"0.2333": {
							"vector": [-8.09, -11.52, -17.8],
							"easing": "linear"
						},
						"0.2667": {
							"vector": [-8.08, -12.01, -18.82],
							"easing": "linear"
						},
						"0.3": {
							"vector": [-8.07, -12.41, -19.7],
							"easing": "linear"
						},
						"0.3333": {
							"vector": [-8.15, -12.75, -20.45],
							"easing": "linear"
						},
						"0.3667": {
							"vector": [-8.4, -13.04, -21.06],
							"easing": "linear"
						},
						"0.4": {
							"vector": [-9.44, -13.35, -21.66],
							"easing": "linear"
						},
						"0.4333": {
							"vector": [-10.88, -13.4, -21.74],
							"easing": "linear"
						},
						"0.4667": {
							"vector": [-12.04, -13.33, -21.6],
							"easing": "linear"
						},
						"0.5": {
							"vector": [-12.26, -13.31, -21.54],
							"easing": "linear"
						},
						"0.5333": {
							"vector": [-11.16, -13.19, -21.5],
							"easing": "linear"
						},
						"0.5667": {
							"vector": [-9.12, -12.92, -21.35],
							"easing": "linear"
						},
						"0.6": {
							"vector": [-6.86, -12.71, -21.23],
							"easing": "linear"
						},
						"0.6333": {
							"vector": [-5.07, -12.8, -21.29],
							"easing": "linear"
						},
						"0.6667": {
							"vector": [-4.47, -13.4, -21.7],
							"easing": "linear"
						},
						"0.7": {
							"vector": [-5.22, -14.5, -22.4],
							"easing": "linear"
						},
						"0.7333": {
							"vector": [-6.87, -16.06, -23.38],
							"easing": "linear"
						},
						"0.7667": {
							"vector": [-9, -17.88, -24.53],
							"easing": "linear"
						},
						"0.8": {
							"vector": [-11.25, -19.74, -25.72],
							"easing": "linear"
						},
						"0.8333": {
							"vector": [-13.21, -21.41, -26.83],
							"easing": "linear"
						},
						"0.8667": {
							"vector": [-14.51, -22.68, -27.76],
							"easing": "linear"
						},
						"0.9": {
							"vector": [-15.2, -23.68, -28.68],
							"easing": "linear"
						},
						"0.9333": {
							"vector": [-15.36, -24.34, -29.53],
							"easing": "linear"
						},
						"0.9667": {
							"vector": [-15.18, -24.78, -30.25],
							"easing": "linear"
						},
						"1.0": {
							"vector": [-14.84, -25.08, -30.8],
							"easing": "linear"
						},
						"1.0333": {
							"vector": [-14.51, -25.34, -31.13],
							"easing": "linear"
						},
						"1.0667": {
							"vector": [-14.12, -25.51, -31.12],
							"easing": "linear"
						},
						"1.1": {
							"vector": [-13.54, -25.54, -30.79],
							"easing": "linear"
						},
						"1.1333": {
							"vector": [-12.9, -25.49, -30.33],
							"easing": "linear"
						},
						"1.1667": {
							"vector": [-12.31, -25.43, -29.93],
							"easing": "linear"
						},
						"1.2": {
							"vector": [-11.91, -25.43, -29.76],
							"easing": "linear"
						},
						"1.2333": {
							"vector": [-11.71, -25.58, -30.07],
							"easing": "linear"
						},
						"1.2667": {
							"vector": [-11.78, -25.77, -30.69],
							"easing": "linear"
						},
						"1.3": {
							"vector": [-11.81, -25.94, -31.26],
							"easing": "linear"
						},
						"1.3333": {
							"vector": [-11.61, -26.19, -32.03],
							"easing": "linear"
						},
						"1.3667": {
							"vector": [-11.37, -26.41, -32.75],
							"easing": "linear"
						},
						"1.4": {
							"vector": [-11.27, -26.22, -32.22],
							"easing": "linear"
						},
						"1.4333": {
							"vector": [-12.08, -22.73, -22],
							"easing": "linear"
						},
						"1.4667": {
							"vector": [-10.99, -22.96, -23.93],
							"easing": "linear"
						},
						"1.5": {
							"vector": [-10.18, -23.42, -26.93],
							"easing": "linear"
						},
						"1.5333": {
							"vector": [-11.94, -22.64, -26.34],
							"easing": "linear"
						},
						"1.5667": {
							"vector": [-13.32, -21.72, -25.21],
							"easing": "linear"
						},
						"1.6": {
							"vector": [-11.02, -21.52, -25.66],
							"easing": "linear"
						},
						"1.6333": {
							"vector": [-8.42, -21.23, -25.74],
							"easing": "linear"
						},
						"1.6667": {
							"vector": [-8.29, -19.97, -22.75],
							"easing": "linear"
						},
						"1.7": {
							"vector": [-9.14, -18.87, -21],
							"easing": "linear"
						},
						"1.7333": {
							"vector": [-10, -18.95, -24.24],
							"easing": "linear"
						},
						"1.7667": {
							"vector": [-11.12, -19.37, -29.17],
							"easing": "linear"
						},
						"1.8": {
							"vector": [-12.11, -19.67, -31.48],
							"easing": "linear"
						},
						"1.8333": {
							"vector": [-13.74, -19.97, -25.23],
							"easing": "linear"
						},
						"1.8667": {
							"vector": [-13.93, -19.39, -18.47],
							"easing": "linear"
						},
						"1.9": {
							"vector": [-11.33, -17.52, -19.15],
							"easing": "linear"
						},
						"1.9333": {
							"vector": [-7.59, -14.98, -21.99],
							"easing": "linear"
						},
						"1.9667": {
							"vector": [-5.41, -13.13, -24.87],
							"easing": "linear"
						},
						"2.0": {
							"vector": [-7.72, -12.28, -28.86],
							"easing": "linear"
						},
						"2.0333": {
							"vector": [-10.99, -13.02, -31.63],
							"easing": "linear"
						},
						"2.0667": {
							"vector": [-11.33, -14.44, -31.7],
							"easing": "linear"
						},
						"2.1": {
							"vector": [-11.23, -16.55, -31.12],
							"easing": "linear"
						},
						"2.1333": {
							"vector": [-10.8, -18.49, -29.94],
							"easing": "linear"
						},
						"2.1667": {
							"vector": [-10.14, -19.4, -28.22],
							"easing": "linear"
						},
						"2.2": {
							"vector": [-9.08, -18.97, -25.77],
							"easing": "linear"
						},
						"2.2333": {
							"vector": [-7.63, -17.7, -22.61],
							"easing": "linear"
						},
						"2.2667": {
							"vector": [-6.16, -15.88, -19.19],
							"easing": "linear"
						},
						"2.3": {
							"vector": [-5.04, -13.81, -15.94],
							"easing": "linear"
						},
						"2.3333": {
							"vector": [-4.42, -11.19, -12.82],
							"easing": "linear"
						},
						"2.3667": {
							"vector": [-4.08, -7.98, -9.67],
							"easing": "linear"
						},
						"2.4": {
							"vector": [-3.85, -4.88, -6.68],
							"easing": "linear"
						},
						"2.4333": {
							"vector": [-3.59, -2.59, -4.09],
							"easing": "linear"
						},
						"2.4667": {
							"vector": [-2.95, -0.91, 0.09],
							"easing": "linear"
						},
						"2.5": {
							"vector": [-2.37, -0.6, 2.63],
							"easing": "linear"
						},
						"2.5333": {
							"vector": [-1.91, -0.35, 2.61],
							"easing": "linear"
						},
						"2.5667": {
							"vector": [-1.5, -0.33, 1.33],
							"easing": "linear"
						},
						"2.6": {
							"vector": [-1.1, -0.25, -0.51],
							"easing": "linear"
						},
						"2.6333": {
							"vector": [-0.72, -0.19, -1.95],
							"easing": "linear"
						},
						"2.6667": {
							"vector": [-0.31, -0.09, -1.18],
							"easing": "linear"
						},
						"2.7": {
							"vector": [0, 0, 0],
							"easing": "linear"
						},
						"2.7333": {
							"vector": [0.04, 0.01, 0.12],
							"easing": "linear"
						},
						"2.7667": {
							"vector": [0, 0, 0],
							"easing": "linear"
						}
					},
					"position": {
						"0.0": {
							"vector": [0, 0, 0],
							"easing": "linear"
						},
						"0.0333": {
							"vector": [-0.04, 0.2, -0.96],
							"easing": "linear"
						},
						"0.0667": {
							"vector": [-0.09, 0.49, -2.38],
							"easing": "linear"
						},
						"0.1": {
							"vector": [-0.14, 0.77, -3.75],
							"easing": "linear"
						},
						"0.1333": {
							"vector": [-0.15, 0.91, -4.58],
							"easing": "linear"
						},
						"0.1667": {
							"vector": [-0.09, 0.83, -4.63],
							"easing": "linear"
						},
						"0.2": {
							"vector": [0, 0.6, -4.19],
							"easing": "linear"
						},
						"0.2333": {
							"vector": [0.09, 0.38, -3.6],
							"easing": "linear"
						},
						"0.2667": {
							"vector": [0.13, 0.29, -3.21],
							"easing": "linear"
						},
						"0.3": {
							"vector": [0.06, 0.5, -3.1],
							"easing": "linear"
						},
						"0.3333": {
							"vector": [-0.07, 0.87, -3.14],
							"easing": "linear"
						},
						"0.3667": {
							"vector": [-0.15, 1.1, -3.17],
							"easing": "linear"
						},
						"0.4": {
							"vector": [-0.09, 0.99, -3.15],
							"easing": "linear"
						},
						"0.4333": {
							"vector": [0.04, 0.7, -3.13],
							"easing": "linear"
						},
						"0.4667": {
							"vector": [0.15, 0.46, -3.15],
							"easing": "linear"
						},
						"0.5": {
							"vector": [0.29, 0.14, -3.21],
							"easing": "linear"
						},
						"0.5333": {
							"vector": [0.4, -0.16, -3.22],
							"easing": "linear"
						},
						"0.5667": {
							"vector": [0.53, -0.5, -3.24],
							"easing": "linear"
						},
						"0.6": {
							"vector": [0.65, -0.82, -3.43],
							"easing": "linear"
						},
						"0.6333": {
							"vector": [0.79, -1.12, -3.94],
							"easing": "linear"
						},
						"0.6667": {
							"vector": [0.94, -1.38, -4.6],
							"easing": "linear"
						},
						"0.7": {
							"vector": [1.04, -1.52, -5.09],
							"easing": "linear"
						},
						"0.7333": {
							"vector": [1.14, -1.53, -5.29],
							"easing": "linear"
						},
						"0.7667": {
							"vector": [1.2, -1.42, -5.31],
							"easing": "linear"
						},
						"0.8": {
							"vector": [1.04, -1.05, -5.12],
							"easing": "linear"
						},
						"0.8333": {
							"vector": [0.66, -0.46, -4.75],
							"easing": "linear"
						},
						"0.8667": {
							"vector": [0.1, 0.36, -4.21],
							"easing": "linear"
						},
						"0.9": {
							"vector": [-0.47, 1.15, -3.66],
							"easing": "linear"
						},
						"0.9333": {
							"vector": [-0.87, 1.66, -3.26],
							"easing": "linear"
						},
						"0.9667": {
							"vector": [-1.07, 1.78, -3.06],
							"easing": "linear"
						},
						"1.0": {
							"vector": [-1.15, 1.66, -2.98],
							"easing": "linear"
						},
						"1.0333": {
							"vector": [-1.14, 1.42, -2.96],
							"easing": "linear"
						},
						"1.0667": {
							"vector": [-1.07, 1.19, -2.96],
							"easing": "linear"
						},
						"1.1": {
							"vector": [-1.01, 1.09, -2.95],
							"easing": "linear"
						},
						"1.1333": {
							"vector": [-0.92, 0.96, -2.95],
							"easing": "linear"
						},
						"1.1667": {
							"vector": [-0.81, 0.81, -2.96],
							"easing": "linear"
						},
						"1.2": {
							"vector": [-0.68, 0.65, -2.97],
							"easing": "linear"
						},
						"1.2333": {
							"vector": [-0.55, 0.49, -2.99],
							"easing": "linear"
						},
						"1.2667": {
							"vector": [-0.42, 0.34, -3.01],
							"easing": "linear"
						},
						"1.3": {
							"vector": [-0.31, 0.23, -3.03],
							"easing": "linear"
						},
						"1.3333": {
							"vector": [-0.22, 0.15, -3.05],
							"easing": "linear"
						},
						"1.3667": {
							"vector": [-0.17, 0.12, -3.06],
							"easing": "linear"
						},
						"1.4": {
							"vector": [-0.16, 0.16, -3.08],
							"easing": "linear"
						},
						"1.4333": {
							"vector": [-0.74, 1.43, -3.14],
							"easing": "linear"
						},
						"1.4667": {
							"vector": [-1.44, 2.69, -3.25],
							"easing": "linear"
						},
						"1.5": {
							"vector": [-1.58, 2.34, -3.42],
							"easing": "linear"
						},
						"1.5333": {
							"vector": [-1.44, 1.63, -3.75],
							"easing": "linear"
						},
						"1.5667": {
							"vector": [-1.25, 1.5, -4.08],
							"easing": "linear"
						},
						"1.6": {
							"vector": [-0.98, 1.42, -4.51],
							"easing": "linear"
						},
						"1.6333": {
							"vector": [-0.71, 1.37, -4.93],
							"easing": "linear"
						},
						"1.6667": {
							"vector": [-0.52, 1.34, -5.21],
							"easing": "linear"
						},
						"1.7": {
							"vector": [-0.46, 1.31, -5.22],
							"easing": "linear"
						},
						"1.7333": {
							"vector": [-0.4, 1.35, -5.29],
							"easing": "linear"
						},
						"1.7667": {
							"vector": [-0.35, 1.39, -5.37],
							"easing": "linear"
						},
						"1.8": {
							"vector": [-0.47, 1.32, -5.23],
							"easing": "linear"
						},
						"1.8333": {
							"vector": [-0.91, 1.03, -4.67],
							"easing": "linear"
						},
						"1.8667": {
							"vector": [-1.52, 0.64, -3.9],
							"easing": "linear"
						},
						"1.9": {
							"vector": [-1.97, 0.35, -3.34],
							"easing": "linear"
						},
						"1.9333": {
							"vector": [-2.08, 0.28, -3.19],
							"easing": "linear"
						},
						"1.9667": {
							"vector": [-2.07, 0.28, -3.17],
							"easing": "linear"
						},
						"2.0": {
							"vector": [-2.02, 0.31, -3.24],
							"easing": "linear"
						},
						"2.0333": {
							"vector": [-1.97, 0.35, -3.34],
							"easing": "linear"
						},
						"2.0667": {
							"vector": [-1.79, 0.61, -4.05],
							"easing": "linear"
						},
						"2.1": {
							"vector": [-1.41, 0.84, -4.46],
							"easing": "linear"
						},
						"2.1333": {
							"vector": [-0.9, 1.12, -4.91],
							"easing": "linear"
						},
						"2.1667": {
							"vector": [-0.53, 1.32, -5.23],
							"easing": "linear"
						},
						"2.2": {
							"vector": [-0.45, 1.4, -5.36],
							"easing": "linear"
						},
						"2.2333": {
							"vector": [-0.51, 1.4, -5.35],
							"easing": "linear"
						},
						"2.2667": {
							"vector": [-0.46, 1.31, -5.22],
							"easing": "linear"
						},
						"2.3": {
							"vector": [-0.25, 1.16, -5.16],
							"easing": "linear"
						},
						"2.3333": {
							"vector": [0.06, 0.95, -5.1],
							"easing": "linear"
						},
						"2.3667": {
							"vector": [0.35, 0.73, -4.83],
							"easing": "linear"
						},
						"2.4": {
							"vector": [0.51, 0.54, -4.11],
							"easing": "linear"
						},
						"2.4333": {
							"vector": [0.44, 0.33, -1.83],
							"easing": "linear"
						},
						"2.4667": {
							"vector": [0.21, 0.14, 1.11],
							"easing": "linear"
						},
						"2.5": {
							"vector": [0.03, 0.02, 2.94],
							"easing": "linear"
						},
						"2.5333": {
							"vector": [0, -0.02, 2.94],
							"easing": "linear"
						},
						"2.5667": {
							"vector": [-0.01, -0.03, 2.34],
							"easing": "linear"
						},
						"2.6": {
							"vector": [-0.01, -0.02, 1.44],
							"easing": "linear"
						},
						"2.6333": {
							"vector": [0, -0.01, 0.56],
							"easing": "linear"
						},
						"2.6667": {
							"vector": [0, 0, 0],
							"easing": "linear"
						},
						"2.7": {
							"vector": [0, 0, -0.22],
							"easing": "linear"
						},
						"2.7333": {
							"vector": [0, 0, -0.11],
							"easing": "linear"
						},
						"2.7667": {
							"vector": [0, 0, 0],
							"easing": "linear"
						}
					}
				},
				"leftarm": {
					"rotation": {
						"0.0": {
							"vector": [0, 0, 0],
							"easing": "linear"
						},
						"0.1333": {
							"vector": [3.83, -8.38, 8.19],
							"easing": "linear"
						},
						"0.3": {
							"vector": [0.44, -3.65, 1.55],
							"easing": "linear"
						},
						"0.3667": {
							"vector": [0.44, -3.65, 1.55],
							"easing": "linear"
						},
						"0.6333": {
							"vector": [-0.24143, 5.5077, 10.09427],
							"easing": "linear"
						},
						"0.8333": {
							"vector": [-0.1, 3.55, 8.26],
							"easing": "linear"
						},
						"1.2333": {
							"vector": [0.04235, 1.44777, 6.31211],
							"easing": "linear"
						},
						"1.4": {
							"vector": [0.04235, 1.44777, 6.31211],
							"easing": "linear"
						},
						"1.4333": {
							"vector": [-0.06992, 4.08992, 8.77035],
							"easing": "linear"
						},
						"1.5667": {
							"vector": [-0.06992, 4.08992, 8.77035],
							"easing": "linear"
						},
						"1.6333": {
							"vector": [15.32, -3, 20.26],
							"easing": "linear"
						},
						"1.7": {
							"vector": [27.08, -5.92, 24.18],
							"easing": "linear"
						},
						"1.7667": {
							"vector": [-9.41, -11.75, 32.02],
							"easing": "linear"
						},
						"1.8": {
							"vector": [-9.41, -11.75, 32.02],
							"easing": "linear"
						},
						"1.8667": {
							"vector": [-23.46, -11.51, 30.32],
							"easing": "linear"
						},
						"2.0333": {
							"vector": [-23.46, -11.51, 30.32],
							"easing": "linear"
						},
						"2.0667": {
							"vector": [-9.41, -11.75, 32.02],
							"easing": "linear"
						},
						"2.1333": {
							"vector": [15.5, -3.49, 17.06],
							"easing": "linear"
						},
						"2.2333": {
							"vector": [15.36, 21.68, 31.6],
							"easing": "linear"
						},
						"2.3": {
							"vector": [3.83, -8.38, 8.19],
							"easing": "linear"
						},
						"2.4": {
							"vector": [0, 0, 0],
							"easing": "linear"
						}
					},
					"position": {
						"0.0": {
							"vector": [0, 0, 0],
							"easing": "linear"
						},
						"0.1333": {
							"vector": [1.55125, -3.545, 3.2],
							"easing": "linear"
						},
						"0.3": {
							"vector": [1.21, -3.015, 14.98],
							"easing": "linear"
						},
						"0.3667": {
							"vector": [1.21, -2.96, 14.98],
							"easing": "linear"
						},
						"0.4": {
							"vector": [1.21, -6.275, 14.98],
							"easing": "linear"
						},
						"0.4333": {
							"vector": [2.36625, -7.74375, 14.98],
							"easing": "linear"
						},
						"0.4667": {
							"vector": [1.21, -18.52625, 14.98],
							"easing": "linear"
						},
						"0.6333": {
							"vector": [1.21, -67.10375, 14.98],
							"easing": "linear"
						},
						"0.8333": {
							"vector": [1.21, -129.72375, -5.11375],
							"easing": "linear"
						},
						"1.2": {
							"vector": [1.21, -14.3275, 9.98],
							"easing": "linear"
						},
						"1.2333": {
							"vector": [1.21, -11, 11.35],
							"easing": "linear"
						},
						"1.4": {
							"vector": [1.21, -11, 11.35],
							"easing": "linear"
						},
						"1.4333": {
							"vector": [1.21, -4.055, 12.08],
							"easing": "linear"
						},
						"1.5667": {
							"vector": [1.21, -4.055, 12.08],
							"easing": "linear"
						},
						"1.6333": {
							"vector": [-5.03, -7.78, 12.99],
							"easing": "linear"
						},
						"1.7": {
							"vector": [-8.15, -5.49, 11.99],
							"easing": "linear"
						},
						"1.7667": {
							"vector": [-14.39, 2.28, 10],
							"easing": "linear"
						},
						"1.8": {
							"vector": [-14.39, 2.28, 10],
							"easing": "linear"
						},
						"1.8667": {
							"vector": [-12.3, 0.92, 17.24],
							"easing": "linear"
						},
						"2.0333": {
							"vector": [-12.3, 0.92, 17.24],
							"easing": "linear"
						},
						"2.0667": {
							"vector": [-14.39, 2.28, 10],
							"easing": "linear"
						},
						"2.1333": {
							"vector": [-15.65, 0.91, 8.64],
							"easing": "linear"
						},
						"2.2333": {
							"vector": [-9.62, -7.4, 6.6],
							"easing": "linear"
						},
						"2.3": {
							"vector": [0.43, -4.58, 3.2],
							"easing": "linear"
						},
						"2.4": {
							"vector": [0, 0, 0],
							"easing": "linear"
						}
					},
					"scale": {
						"0.0": {
							"vector": [1, 1, 1],
							"easing": "linear"
						},
						"0.1": {
							"vector": [1, 1.4, 1],
							"easing": "linear"
						},
						"2.3": {
							"vector": [1, 1.4, 1],
							"easing": "linear"
						},
						"2.4": {
							"vector": [1, 1, 1],
							"easing": "linear"
						}
					}
				},
				"magazine": {
					"rotation": {
						"0.3667": {
							"vector": [0, 0, 0],
							"easing": "linear"
						},
						"0.4667": {
							"vector": [-10, 0, 0],
							"easing": "linear"
						},
						"0.5333": {
							"vector": [-17.5, 0, 0],
							"easing": "linear"
						},
						"1.4": {
							"vector": [-17.5, 0, 0],
							"easing": "linear"
						},
						"1.4333": {
							"vector": [0, 0, 0],
							"easing": "linear"
						}
					},
					"position": {
						"0.3667": {
							"vector": [0, 0, 0],
							"easing": "linear"
						},
						"0.4333": {
							"vector": [0, -2.56, 0],
							"easing": "linear"
						},
						"0.5": {
							"vector": [0, -25.9, -4.11],
							"easing": "linear"
						},
						"0.6333": {
							"vector": [0, -60.9, 0],
							"easing": "linear"
						},
						"0.8333": {
							"vector": [0, -124.92, -20.18],
							"easing": "linear"
						},
						"0.9": {
							"vector": [0, -146.26, -26.91],
							"easing": "linear"
						},
						"1.0": {
							"vector": [0, -60.9, 0],
							"easing": "linear"
						},
						"1.1667": {
							"vector": [0, -12.87, 0],
							"easing": "linear"
						},
						"1.2333": {
							"vector": [0, -4.43, -1.34],
							"easing": "linear"
						},
						"1.4": {
							"vector": [0, -4.43, -1.34],
							"easing": "linear"
						},
						"1.4333": {
							"vector": [0, 0, 0],
							"easing": "linear"
						}
					}
				},
				"magazine2": {
					"scale": {
						"vector": [0, 0, 0],
						"easing": "linear"
					}
				},
				"bolt": {
					"position": {
						"1.8": {
							"vector": [0, 0, 0],
							"easing": "linear"
						},
						"1.8667": {
							"vector": [0, 0, 11.03],
							"easing": "linear"
						},
						"2.0333": {
							"vector": [0, 0, 11.03],
							"easing": "linear"
						},
						"2.0667": {
							"vector": [0, 0, 0],
							"easing": "linear"
						}
					}
				},
				"bullet": {
					"scale": {
						"0.4333": {
							"vector": [0, 0, 0],
							"easing": "linear"
						},
						"1.1": {
							"vector": [0, 0, 0],
							"easing": "linear"
						},
						"1.1333": {
							"vector": [1, 1, 1],
							"easing": "linear"
						}
					}
				}
			},
			"sound_effects": {
				"0.2": {
					"effect": "ak_magout"
				},
				"0.4333": {
					"effect": "m4_magout"
				},
				"0.7333": {
					"effect": "ak_magin"
				},
				"1.6333": {
					"effect": "ak_actionback"
				},
				"1.8333": {
					"effect": "ak_actionforward"
				},
				"1.9": {
					"effect": "foley_end"
				}
			}
		},
		"animation.model.reload": {
			"animation_length": 2.2667,
			"blend_weight": "1",
			"bones": {
				"main": {
					"rotation": {
						"0.0": {
							"vector": [0, 0, 0],
							"easing": "linear"
						},
						"0.0333": {
							"vector": [-1.47, -1.82, -2.66],
							"easing": "linear"
						},
						"0.0667": {
							"vector": [-3.6, -4.46, -6.51],
							"easing": "linear"
						},
						"0.1": {
							"vector": [-5.78, -7.21, -10.59],
							"easing": "linear"
						},
						"0.1333": {
							"vector": [-7.34, -9.38, -13.92],
							"easing": "linear"
						},
						"0.1667": {
							"vector": [-7.8, -10.23, -15.35],
							"easing": "linear"
						},
						"0.2": {
							"vector": [-8.02, -10.94, -16.65],
							"easing": "linear"
						},
						"0.2333": {
							"vector": [-8.09, -11.52, -17.8],
							"easing": "linear"
						},
						"0.2667": {
							"vector": [-8.08, -12.01, -18.82],
							"easing": "linear"
						},
						"0.3": {
							"vector": [-8.07, -12.41, -19.7],
							"easing": "linear"
						},
						"0.3333": {
							"vector": [-8.15, -12.75, -20.45],
							"easing": "linear"
						},
						"0.3667": {
							"vector": [-8.4, -13.04, -21.06],
							"easing": "linear"
						},
						"0.4": {
							"vector": [-9.44, -13.35, -21.66],
							"easing": "linear"
						},
						"0.4333": {
							"vector": [-10.88, -13.4, -21.74],
							"easing": "linear"
						},
						"0.4667": {
							"vector": [-12.04, -13.33, -21.6],
							"easing": "linear"
						},
						"0.5": {
							"vector": [-12.26, -13.31, -21.54],
							"easing": "linear"
						},
						"0.5333": {
							"vector": [-11.16, -13.19, -21.5],
							"easing": "linear"
						},
						"0.5667": {
							"vector": [-9.12, -12.92, -21.35],
							"easing": "linear"
						},
						"0.6": {
							"vector": [-6.86, -12.71, -21.23],
							"easing": "linear"
						},
						"0.6333": {
							"vector": [-5.07, -12.8, -21.29],
							"easing": "linear"
						},
						"0.6667": {
							"vector": [-4.47, -13.4, -21.7],
							"easing": "linear"
						},
						"0.7": {
							"vector": [-5.22, -14.5, -22.4],
							"easing": "linear"
						},
						"0.7333": {
							"vector": [-6.87, -16.06, -23.38],
							"easing": "linear"
						},
						"0.7667": {
							"vector": [-9, -17.88, -24.53],
							"easing": "linear"
						},
						"0.8": {
							"vector": [-11.25, -19.74, -25.72],
							"easing": "linear"
						},
						"0.8333": {
							"vector": [-13.21, -21.41, -26.83],
							"easing": "linear"
						},
						"0.8667": {
							"vector": [-14.51, -22.68, -27.76],
							"easing": "linear"
						},
						"0.9": {
							"vector": [-15.2, -23.68, -28.68],
							"easing": "linear"
						},
						"0.9333": {
							"vector": [-15.36, -24.34, -29.53],
							"easing": "linear"
						},
						"0.9667": {
							"vector": [-15.18, -24.78, -30.25],
							"easing": "linear"
						},
						"1.0": {
							"vector": [-14.84, -25.08, -30.8],
							"easing": "linear"
						},
						"1.0333": {
							"vector": [-14.51, -25.34, -31.13],
							"easing": "linear"
						},
						"1.0667": {
							"vector": [-14.12, -25.51, -31.12],
							"easing": "linear"
						},
						"1.1": {
							"vector": [-13.54, -25.54, -30.79],
							"easing": "linear"
						},
						"1.1333": {
							"vector": [-12.9, -25.49, -30.33],
							"easing": "linear"
						},
						"1.1667": {
							"vector": [-12.31, -25.43, -29.93],
							"easing": "linear"
						},
						"1.2": {
							"vector": [-11.91, -25.43, -29.76],
							"easing": "linear"
						},
						"1.2333": {
							"vector": [-11.71, -25.58, -30.07],
							"easing": "linear"
						},
						"1.2667": {
							"vector": [-11.78, -25.77, -30.69],
							"easing": "linear"
						},
						"1.3": {
							"vector": [-11.81, -25.94, -31.26],
							"easing": "linear"
						},
						"1.3333": {
							"vector": [-11.61, -26.19, -32.03],
							"easing": "linear"
						},
						"1.3667": {
							"vector": [-11.37, -26.41, -32.75],
							"easing": "linear"
						},
						"1.4": {
							"vector": [-11.27, -26.22, -32.22],
							"easing": "linear"
						},
						"1.4333": {
							"vector": [-12.08, -22.73, -22],
							"easing": "linear"
						},
						"1.4667": {
							"vector": [-10.99, -22.96, -23.93],
							"easing": "linear"
						},
						"1.5": {
							"vector": [-10.18, -23.42, -26.93],
							"easing": "linear"
						},
						"1.5333": {
							"vector": [-11.94, -22.64, -26.34],
							"easing": "linear"
						},
						"1.5667": {
							"vector": [-13.32, -21.72, -25.21],
							"easing": "linear"
						},
						"1.6": {
							"vector": [-11.02, -21.52, -25.66],
							"easing": "linear"
						},
						"1.6333": {
							"vector": [-8.42, -21.23, -25.74],
							"easing": "linear"
						},
						"1.6667": {
							"vector": [-8.82, -21.04, -24.46],
							"easing": "linear"
						},
						"1.7": {
							"vector": [-9.14, -18.87, -21],
							"easing": "linear"
						},
						"1.7333": {
							"vector": [-8.36, -16.28, -18.23],
							"easing": "linear"
						},
						"1.7667": {
							"vector": [-7.16, -12.68, -14.62],
							"easing": "linear"
						},
						"1.8": {
							"vector": [-5.8, -8.75, -10.71],
							"easing": "linear"
						},
						"1.8333": {
							"vector": [-4.53, -5.16, -7.02],
							"easing": "linear"
						},
						"1.8667": {
							"vector": [-3.59, -2.59, -4.09],
							"easing": "linear"
						},
						"1.9": {
							"vector": [-2.69, -0.59, 0.4],
							"easing": "linear"
						},
						"1.9333": {
							"vector": [-2.37, -0.6, 2.63],
							"easing": "linear"
						},
						"1.9667": {
							"vector": [-1.91, -0.35, 2.61],
							"easing": "linear"
						},
						"2.0": {
							"vector": [-1.5, -0.33, 1.33],
							"easing": "linear"
						},
						"2.0333": {
							"vector": [-1.1, -0.25, -0.51],
							"easing": "linear"
						},
						"2.0667": {
							"vector": [-0.72, -0.19, -1.95],
							"easing": "linear"
						},
						"2.1": {
							"vector": [-0.31, -0.09, -1.18],
							"easing": "linear"
						},
						"2.1333": {
							"vector": [0, 0, 0],
							"easing": "linear"
						},
						"2.1667": {
							"vector": [0.04, 0.01, 0.12],
							"easing": "linear"
						},
						"2.2": {
							"vector": [0, 0, 0],
							"easing": "linear"
						}
					},
					"position": {
						"0.0": {
							"vector": [0, 0, 0],
							"easing": "linear"
						},
						"0.0333": {
							"vector": [-0.04, 0.2, -0.96],
							"easing": "linear"
						},
						"0.0667": {
							"vector": [-0.09, 0.49, -2.38],
							"easing": "linear"
						},
						"0.1": {
							"vector": [-0.14, 0.77, -3.75],
							"easing": "linear"
						},
						"0.1333": {
							"vector": [-0.15, 0.91, -4.58],
							"easing": "linear"
						},
						"0.1667": {
							"vector": [-0.09, 0.83, -4.63],
							"easing": "linear"
						},
						"0.2": {
							"vector": [0, 0.6, -4.19],
							"easing": "linear"
						},
						"0.2333": {
							"vector": [0.09, 0.38, -3.6],
							"easing": "linear"
						},
						"0.2667": {
							"vector": [0.13, 0.29, -3.21],
							"easing": "linear"
						},
						"0.3": {
							"vector": [0.06, 0.5, -3.1],
							"easing": "linear"
						},
						"0.3333": {
							"vector": [-0.07, 0.87, -3.14],
							"easing": "linear"
						},
						"0.3667": {
							"vector": [-0.15, 1.1, -3.17],
							"easing": "linear"
						},
						"0.4": {
							"vector": [-0.09, 0.99, -3.15],
							"easing": "linear"
						},
						"0.4333": {
							"vector": [0.04, 0.7, -3.13],
							"easing": "linear"
						},
						"0.4667": {
							"vector": [0.15, 0.46, -3.15],
							"easing": "linear"
						},
						"0.5": {
							"vector": [0.29, 0.14, -3.21],
							"easing": "linear"
						},
						"0.5333": {
							"vector": [0.4, -0.16, -3.22],
							"easing": "linear"
						},
						"0.5667": {
							"vector": [0.53, -0.5, -3.24],
							"easing": "linear"
						},
						"0.6": {
							"vector": [0.65, -0.82, -3.43],
							"easing": "linear"
						},
						"0.6333": {
							"vector": [0.79, -1.12, -3.94],
							"easing": "linear"
						},
						"0.6667": {
							"vector": [0.94, -1.38, -4.6],
							"easing": "linear"
						},
						"0.7": {
							"vector": [1.04, -1.52, -5.09],
							"easing": "linear"
						},
						"0.7333": {
							"vector": [1.14, -1.53, -5.29],
							"easing": "linear"
						},
						"0.7667": {
							"vector": [1.2, -1.42, -5.31],
							"easing": "linear"
						},
						"0.8": {
							"vector": [1.04, -1.05, -5.12],
							"easing": "linear"
						},
						"0.8333": {
							"vector": [0.66, -0.46, -4.75],
							"easing": "linear"
						},
						"0.8667": {
							"vector": [0.1, 0.36, -4.21],
							"easing": "linear"
						},
						"0.9": {
							"vector": [-0.47, 1.15, -3.66],
							"easing": "linear"
						},
						"0.9333": {
							"vector": [-0.87, 1.66, -3.26],
							"easing": "linear"
						},
						"0.9667": {
							"vector": [-1.07, 1.78, -3.06],
							"easing": "linear"
						},
						"1.0": {
							"vector": [-1.15, 1.66, -2.98],
							"easing": "linear"
						},
						"1.0333": {
							"vector": [-1.14, 1.42, -2.96],
							"easing": "linear"
						},
						"1.0667": {
							"vector": [-1.07, 1.19, -2.96],
							"easing": "linear"
						},
						"1.1": {
							"vector": [-1.01, 1.09, -2.95],
							"easing": "linear"
						},
						"1.1333": {
							"vector": [-0.92, 0.96, -2.95],
							"easing": "linear"
						},
						"1.1667": {
							"vector": [-0.81, 0.81, -2.96],
							"easing": "linear"
						},
						"1.2": {
							"vector": [-0.68, 0.65, -2.97],
							"easing": "linear"
						},
						"1.2333": {
							"vector": [-0.55, 0.49, -2.99],
							"easing": "linear"
						},
						"1.2667": {
							"vector": [-0.42, 0.34, -3.01],
							"easing": "linear"
						},
						"1.3": {
							"vector": [-0.31, 0.23, -3.03],
							"easing": "linear"
						},
						"1.3333": {
							"vector": [-0.22, 0.15, -3.05],
							"easing": "linear"
						},
						"1.3667": {
							"vector": [-0.17, 0.12, -3.06],
							"easing": "linear"
						},
						"1.4": {
							"vector": [-0.16, 0.16, -3.08],
							"easing": "linear"
						},
						"1.4333": {
							"vector": [-0.74, 1.43, -3.14],
							"easing": "linear"
						},
						"1.4667": {
							"vector": [-1.44, 2.69, -3.25],
							"easing": "linear"
						},
						"1.5": {
							"vector": [-1.58, 2.34, -3.42],
							"easing": "linear"
						},
						"1.5333": {
							"vector": [-1.44, 1.63, -3.75],
							"easing": "linear"
						},
						"1.5667": {
							"vector": [-1.28, 1.52, -4.11],
							"easing": "linear"
						},
						"1.6": {
							"vector": [-1.04, 1.47, -4.58],
							"easing": "linear"
						},
						"1.6333": {
							"vector": [-0.78, 1.43, -5],
							"easing": "linear"
						},
						"1.6667": {
							"vector": [-0.52, 1.34, -5.21],
							"easing": "linear"
						},
						"1.7": {
							"vector": [-0.3, 1.21, -5.25],
							"easing": "linear"
						},
						"1.7333": {
							"vector": [-0.04, 1.04, -5.24],
							"easing": "linear"
						},
						"1.7667": {
							"vector": [0.2, 0.86, -5.1],
							"easing": "linear"
						},
						"1.8": {
							"vector": [0.4, 0.69, -4.75],
							"easing": "linear"
						},
						"1.8333": {
							"vector": [0.51, 0.54, -4.11],
							"easing": "linear"
						},
						"1.8667": {
							"vector": [0.44, 0.32, -1.83],
							"easing": "linear"
						},
						"1.9": {
							"vector": [0.21, 0.14, 1.11],
							"easing": "linear"
						},
						"1.9333": {
							"vector": [0.03, 0.02, 2.94],
							"easing": "linear"
						},
						"1.9667": {
							"vector": [0, -0.02, 2.94],
							"easing": "linear"
						},
						"2.0": {
							"vector": [-0.01, -0.03, 2.34],
							"easing": "linear"
						},
						"2.0333": {
							"vector": [-0.01, -0.02, 1.44],
							"easing": "linear"
						},
						"2.0667": {
							"vector": [0, -0.01, 0.56],
							"easing": "linear"
						},
						"2.1": {
							"vector": [0, 0, 0],
							"easing": "linear"
						},
						"2.1333": {
							"vector": [0, 0, -0.22],
							"easing": "linear"
						},
						"2.1667": {
							"vector": [0, 0, -0.11],
							"easing": "linear"
						},
						"2.2": {
							"vector": [0, 0, 0],
							"easing": "linear"
						}
					}
				},
				"leftarm": {
					"rotation": {
						"0.0": {
							"vector": [0, 0, 0],
							"easing": "linear"
						},
						"0.1333": {
							"vector": [3.83, -8.38, 8.19],
							"easing": "linear"
						},
						"0.3": {
							"vector": [0.44, -3.65, 1.55],
							"easing": "linear"
						},
						"0.3667": {
							"vector": [0.44, -3.65, 1.55],
							"easing": "linear"
						},
						"0.6333": {
							"vector": [-0.24143, 5.5077, 10.09427],
							"easing": "linear"
						},
						"0.8333": {
							"vector": [-0.1, 3.55, 8.26],
							"easing": "linear"
						},
						"1.2333": {
							"vector": [0.04235, 1.44777, 6.31211],
							"easing": "linear"
						},
						"1.4": {
							"vector": [0.04235, 1.44777, 6.31211],
							"easing": "linear"
						},
						"1.4333": {
							"vector": [-0.06992, 4.08992, 8.77035],
							"easing": "linear"
						},
						"1.5667": {
							"vector": [-0.06992, 4.08992, 8.77035],
							"easing": "linear"
						},
						"1.6": {
							"vector": [-0.06992, 4.08992, 8.77035],
							"easing": "linear"
						},
						"1.7": {
							"vector": [3.83, -8.38, 8.19],
							"easing": "linear"
						},
						"1.8333": {
							"vector": [0, 0, 0],
							"easing": "linear"
						}
					},
					"position": {
						"0.0": {
							"vector": [0, 0, 0],
							"easing": "linear"
						},
						"0.1333": {
							"vector": [1.55125, -3.545, 3.2],
							"easing": "linear"
						},
						"0.3": {
							"vector": [1.21, -3.015, 14.98],
							"easing": "linear"
						},
						"0.3667": {
							"vector": [1.21, -2.96, 14.98],
							"easing": "linear"
						},
						"0.4": {
							"vector": [1.21, -6.275, 14.98],
							"easing": "linear"
						},
						"0.4333": {
							"vector": [2.36625, -7.74375, 14.98],
							"easing": "linear"
						},
						"0.4667": {
							"vector": [1.21, -18.52625, 14.98],
							"easing": "linear"
						},
						"0.6333": {
							"vector": [1.21, -67.10375, 14.98],
							"easing": "linear"
						},
						"0.8333": {
							"vector": [1.21, -129.72375, -5.11375],
							"easing": "linear"
						},
						"1.2": {
							"vector": [1.21, -14.3275, 9.98],
							"easing": "linear"
						},
						"1.2333": {
							"vector": [1.21, -11, 11.35],
							"easing": "linear"
						},
						"1.4": {
							"vector": [1.21, -11, 11.35],
							"easing": "linear"
						},
						"1.4333": {
							"vector": [1.21, -4.055, 12.08],
							"easing": "linear"
						},
						"1.5667": {
							"vector": [1.21, -4.055, 12.08],
							"easing": "linear"
						},
						"1.6": {
							"vector": [1.21, -4.055, 12.08],
							"easing": "linear"
						},
						"1.7": {
							"vector": [0.43, -4.58, 3.2],
							"easing": "linear"
						},
						"1.8333": {
							"vector": [0, 0, 0],
							"easing": "linear"
						}
					},
					"scale": {
						"0.0": {
							"vector": [1, 1, 1],
							"easing": "linear"
						},
						"0.1333": {
							"vector": [1, 1.4, 1],
							"easing": "linear"
						},
						"1.6": {
							"vector": [1, 1.4, 1],
							"easing": "linear"
						},
						"1.8": {
							"vector": [1, 1, 1],
							"easing": "linear"
						}
					}
				},
				"action": {
					"rotation": {
						"vector": [0, 0, 0],
						"easing": "linear"
					},
					"position": {
						"vector": [0, 0, 0],
						"easing": "linear"
					}
				},
				"rightarm": {
					"rotation": {
						"0.0": {
							"vector": [0, 0, 0],
							"easing": "linear"
						},
						"1.5333": {
							"vector": [0, 0, 0],
							"easing": "linear"
						}
					},
					"position": {
						"0.0": {
							"vector": [0, 0, 0],
							"easing": "linear"
						},
						"1.5333": {
							"vector": [0, 0, 0],
							"easing": "linear"
						}
					}
				},
				"magazine": {
					"rotation": {
						"0.3667": {
							"vector": [0, 0, 0],
							"easing": "linear"
						},
						"0.4667": {
							"vector": [-10, 0, 0],
							"easing": "linear"
						},
						"0.5333": {
							"vector": [-17.5, 0, 0],
							"easing": "linear"
						},
						"1.4": {
							"vector": [-17.5, 0, 0],
							"easing": "linear"
						},
						"1.4333": {
							"vector": [0, 0, 0],
							"easing": "linear"
						}
					},
					"position": {
						"0.3667": {
							"vector": [0, 0, 0],
							"easing": "linear"
						},
						"0.4333": {
							"vector": [0, -2.56, 0],
							"easing": "linear"
						},
						"0.5": {
							"vector": [0, -25.9, -4.11],
							"easing": "linear"
						},
						"0.6333": {
							"vector": [0, -60.9, 0],
							"easing": "linear"
						},
						"0.8333": {
							"vector": [0, -124.92, -20.18],
							"easing": "linear"
						},
						"0.9": {
							"vector": [0, -146.26, -26.91],
							"easing": "linear"
						},
						"1.0": {
							"vector": [0, -60.9, 0],
							"easing": "linear"
						},
						"1.1667": {
							"vector": [0, -12.87, 0],
							"easing": "linear"
						},
						"1.2333": {
							"vector": [0, -4.43, -1.34],
							"easing": "linear"
						},
						"1.4": {
							"vector": [0, -4.43, -1.34],
							"easing": "linear"
						},
						"1.4333": {
							"vector": [0, 0, 0],
							"easing": "linear"
						}
					}
				},
				"magazine2": {
					"scale": {
						"vector": [0, 0, 0],
						"easing": "linear"
					}
				}
			},
			"sound_effects": {
				"0.2333": {
					"effect": "ak_magout"
				},
				"0.9667": {
					"effect": "ak_magin"
				},
				"1.3667": {
					"effect": "foley_end"
				}
			}
		},
		"animation.model.fire": {
			"loop": true,
			"animation_length": 0.04,
			"bones": {
				"action": {
					"position": {
						"0.0": {
							"vector": [0, 0, 0],
							"easing": "linear"
						},
						"0.04": {
							"vector": [0, 0, 11],
							"easing": "linear"
						}
					}
				},
				"bolt": {
					"position": {
						"0.0": {
							"vector": [0, 0, 0]
						},
						"0.04": {
							"vector": [0, 0, 8]
						}
					}
				}
			}
		},
		"animation.model.inspect": {
			"animation_length": 6.2667,
			"bones": {
				"main": {
					"rotation": {
						"0.0": {
							"vector": [0, 0, 0],
							"easing": "linear"
						},
						"0.35": {
							"vector": [-26.32055, -28.95323, -38.41824],
							"easing": "easeInOutQuad"
						},
						"0.45": {
							"vector": [-25.66239, -31.53589, -44.68762],
							"easing": "linear"
						},
						"0.5833": {
							"vector": [-29.3192, -30.58227, -40.03448],
							"easing": "linear"
						},
						"0.75": {
							"vector": [-27.10413, -31.89841, -42.85878],
							"easing": "linear"
						},
						"0.8833": {
							"vector": [-27.78689, -31.32225, -41.55621],
							"easing": "linear"
						},
						"1.0333": {
							"vector": [-27.51613, -31.5543, -42.0753],
							"easing": "linear"
						},
						"1.2333": {
							"vector": [-23.71064, -34.36823, -49.06156],
							"easing": "easeInOutSine"
						},
						"1.4": {
							"vector": [-21.1074, -35.89402, -53.58343],
							"easing": "easeOutSine"
						},
						"1.5667": {
							"vector": [-21.94193, -35.43536, -52.15215],
							"easing": "linear"
						},
						"1.7833": {
							"vector": [-20.76832, -36.0727, -54.16054],
							"easing": "linear"
						},
						"2.55": {
							"vector": [-23.3185, -35.45401, -49.81532],
							"easing": "linear"
						},
						"2.75": {
							"vector": [-51.25525, -13.69623, -15.09178],
							"easing": "linear"
						},
						"2.8833": {
							"vector": [-65.63972, 2.32296, -3.688],
							"easing": "linear"
						},
						"3.0667": {
							"vector": [-74.01117, 23.8148, -0.67983],
							"easing": "linear"
						},
						"3.2167": {
							"vector": [-79.3734, 25.56465, -3.9573],
							"easing": "linear"
						},
						"3.4333": {
							"vector": [-78.98912, 24.70845, -3.62085],
							"easing": "linear"
						},
						"3.6667": {
							"vector": [-78.89762, 23.48902, -2.80696],
							"easing": "linear"
						},
						"3.9167": {
							"vector": [-78.94097, 24.0015, -2.60182],
							"easing": "linear"
						},
						"4.2667": {
							"vector": [-78.95092, 23.9453, -3.0957],
							"easing": "linear"
						},
						"4.6667": {
							"vector": [-78.95092, 23.9453, -3.0957],
							"easing": "linear"
						},
						"5.05": {
							"vector": [-3.27585, -3.91843, 52.5061],
							"easing": "easeOutSine"
						},
						"5.3167": {
							"vector": [1.57141, -1.85374, -1.9128],
							"easing": "easeOutSine"
						},
						"5.4": {
							"vector": [0.27288, -0.37236, 1.59554],
							"easing": "linear"
						},
						"5.4833": {
							"vector": [0, 0, 0],
							"easing": "linear"
						}
					},
					"position": {
						"0.0": {
							"vector": [0, 0, 0],
							"easing": "linear"
						},
						"0.3": {
							"vector": [-4.15, 1.75, -15.475],
							"easing": "easeOutQuad"
						},
						"0.4": {
							"vector": [-4.15, -0.15, -14.6],
							"easing": "easeInOutSine"
						},
						"0.5167": {
							"vector": [-4.15, -0.925, -14.6],
							"easing": "linear"
						},
						"0.7": {
							"vector": [-4.2, -0.42, -14.6],
							"easing": "linear"
						},
						"0.9": {
							"vector": [-4.12, -0.57, -14.6],
							"easing": "linear"
						},
						"1.0667": {
							"vector": [-4.15, -0.47, -14.6],
							"easing": "linear"
						},
						"1.3": {
							"vector": [-4.15, -0.12, -14.825],
							"easing": "easeInOutQuad"
						},
						"1.5333": {
							"vector": [-4.2, -0.12, -15.04],
							"easing": "linear"
						},
						"1.7": {
							"vector": [-4.2, -0.02, -15.04],
							"easing": "linear"
						},
						"2.3": {
							"vector": [-4.2, -1.495, -15.04],
							"easing": "easeInOutSine"
						},
						"2.4333": {
							"vector": [-4.03, -1.67, -15.04],
							"easing": "linear"
						},
						"2.55": {
							"vector": [-3.7, 0.08, -15.04],
							"easing": "easeInSine"
						},
						"2.65": {
							"vector": [-0.18968, 5.0153, -18.15932],
							"easing": "linear"
						},
						"2.75": {
							"vector": [4.78001, 6.68487, -20.58417],
							"easing": "easeInOutQuad"
						},
						"2.85": {
							"vector": [12.24, 1.085, -21.53],
							"easing": "linear"
						},
						"3.0333": {
							"vector": [24.8, -17.445, -24.215],
							"easing": "easeInOutSine"
						},
						"3.1667": {
							"vector": [26.05, -19.97, -23.16],
							"easing": "linear"
						},
						"3.4167": {
							"vector": [26.05, -18.915, -23.16],
							"easing": "easeInOutSine"
						},
						"3.9": {
							"vector": [26.05, -18.145, -23.16],
							"easing": "linear"
						},
						"4.2667": {
							"vector": [26.05, -18.34, -23.16],
							"easing": "easeInOutSine"
						},
						"4.6667": {
							"vector": [25.39, -20.09, -22.52],
							"easing": "linear"
						},
						"4.8167": {
							"vector": [14.76, -16.93, -12.15],
							"easing": "linear"
						},
						"5.0": {
							"vector": [2.27, -9.09, 0.045],
							"easing": "linear"
						},
						"5.2": {
							"vector": [0.02894, -1.60775, -6.90297],
							"easing": "linear"
						},
						"5.2833": {
							"vector": [0.05077, -1.45863, -3.79557],
							"easing": "linear"
						},
						"5.4": {
							"vector": [-0.01391, -0.26895, -0.26276],
							"easing": "linear"
						},
						"5.4833": {
							"vector": [0, 0, 0],
							"easing": "linear"
						}
					}
				},
				"rightarm": {
					"rotation": {
						"0.0": {
							"vector": [0, 0, 0],
							"easing": "linear"
						},
						"2.65": {
							"vector": [0, 0, 0],
							"easing": "linear"
						},
						"4.9833": {
							"vector": [0, 0, 0],
							"easing": "linear"
						}
					},
					"position": {
						"0.0": {
							"vector": [0, 0, 0],
							"easing": "linear"
						},
						"2.65": {
							"vector": [0, 0, 0],
							"easing": "linear"
						},
						"2.7833": {
							"vector": [-6.30177, -6.68954, 29.94651],
							"easing": "linear"
						},
						"4.75": {
							"vector": [-6.30177, -6.68954, 29.94651],
							"easing": "linear"
						},
						"4.9833": {
							"vector": [0, 0, 0],
							"easing": "linear"
						}
					}
				},
				"leftarm": {
					"rotation": {
						"0.0": {
							"vector": [0, 0, 0],
							"easing": "linear"
						},
						"0.2833": {
							"vector": [-45.13234, 71.33372, -81.76837],
							"easing": "linear"
						},
						"2.6333": {
							"vector": [-45.13234, 71.33372, -81.76837],
							"easing": "linear"
						},
						"2.6833": {
							"vector": [96.97325, 30.0031, 35.42478],
							"easing": "linear"
						},
						"3.0333": {
							"vector": [96.97325, 30.0031, 35.42478],
							"easing": "linear"
						},
						"4.6667": {
							"vector": [96.97325, 30.0031, 35.42478],
							"easing": "linear"
						},
						"5.1667": {
							"vector": [0, 0, 0],
							"easing": "linear"
						}
					},
					"position": {
						"0.0": {
							"vector": [0, 0, 0],
							"easing": "linear"
						},
						"0.0667": {
							"vector": [9.47769, -9.10617, 9.45309],
							"easing": "linear"
						},
						"0.2833": {
							"vector": [12.05588, -33.69803, 37.55014],
							"easing": "linear"
						},
						"2.6333": {
							"vector": [12.05588, -33.69803, 37.55014],
							"easing": "linear"
						},
						"2.7667": {
							"vector": [16.26701, 33.15434, 47.96913],
							"easing": "linear"
						},
						"3.0333": {
							"vector": [-3.77362, 37.21582, 16.89297],
							"easing": "linear"
						},
						"4.6667": {
							"vector": [-3.77362, 37.21582, 16.89297],
							"easing": "linear"
						},
						"5.1667": {
							"vector": [0, 0, 0],
							"easing": "linear"
						}
					},
					"scale": {
						"0.0": {
							"vector": [1, 1, 1],
							"easing": "linear"
						},
						"2.6333": {
							"vector": [1, 1, 1],
							"easing": "linear"
						},
						"2.7667": {
							"vector": [1.2, 1.4, 1.2],
							"easing": "linear"
						},
						"3.0333": {
							"vector": [1.2, 1.4, 1.2],
							"easing": "linear"
						},
						"4.6667": {
							"vector": [1.2, 1.4, 1.2],
							"easing": "linear"
						},
						"5.1667": {
							"vector": [1, 1, 1],
							"easing": "linear"
						}
					}
				},
				"_camera_": {
					"rotation": {
						"0.0": {
							"vector": [0, 0, 0],
							"easing": "linear"
						},
						"0.1333": {
							"vector": [-0.01091, 1.24995, -0.50012],
							"easing": "linear"
						},
						"0.2833": {
							"vector": [-1.31346, 1.78854, -1.03401],
							"easing": "linear"
						},
						"0.4833": {
							"vector": [-3.43914, 2.08948, 0.95199],
							"easing": "easeInOutQuad"
						},
						"0.8333": {
							"vector": [-4.99004, 2.77768, -0.09243],
							"easing": "easeInOutSine"
						},
						"1.0667": {
							"vector": [-5.49004, 2.77768, -0.09243],
							"easing": "linear"
						},
						"1.7333": {
							"vector": [7.44976, 9.00685, -1.60374],
							"easing": "easeInSine"
						},
						"1.95": {
							"vector": [9.88265, 9.8236, -2.03661],
							"easing": "easeOutSine"
						},
						"2.25": {
							"vector": [10.3897, 9.84427, -1.20003],
							"easing": "easeOutSine"
						},
						"2.5667": {
							"vector": [9.96385, 7.66225, 1.88547],
							"easing": "easeInSine"
						},
						"2.7833": {
							"vector": [1.24375, 5.27922, 3.31414],
							"easing": "linear"
						},
						"2.9667": {
							"vector": [5.41765, 2.01024, 2.19487],
							"easing": "linear"
						},
						"3.2167": {
							"vector": [12.17135, -3.19168, -0.93824],
							"easing": "easeOutSine"
						},
						"3.5833": {
							"vector": [9.63273, -4.12615, 0.15611],
							"easing": "linear"
						},
						"4.3": {
							"vector": [5.12655, -3.80897, -0.98969],
							"easing": "easeInOutSine"
						},
						"4.5167": {
							"vector": [4.61883, -3.81704, -0.95786],
							"easing": "easeInOutSine"
						},
						"4.9667": {
							"vector": [2.5026, -0.00111, -0.00518],
							"easing": "easeInOutSine"
						},
						"5.1333": {
							"vector": [1.75872, -0.39593, -1.62595],
							"easing": "easeInOutSine"
						},
						"5.25": {
							"vector": [1.24924, -0.00333, 0.0435],
							"easing": "linear"
						},
						"5.35": {
							"vector": [0.44082, -0.01767, 1.01624],
							"easing": "linear"
						},
						"5.4833": {
							"vector": [0, 0, 0],
							"easing": "easeOutSine"
						}
					},
					"position": {
						"0.0": {
							"vector": [0, 0, 0],
							"easing": "linear"
						},
						"4.9667": {
							"vector": [0, 0, 0],
							"easing": "linear"
						}
					}
				}
			},
			"sound_effects": {
				"0.0": {
					"effect": "inspect_up"
				},
				"1.0667": {
					"effect": "inspect_foley"
				},
				"2.25": {
					"effect": "inspect_turn"
				},
				"2.6667": {
					"effect": "inspect_down"
				},
				"4.95": {
					"effect": "inspect_down"
				}
			}
		}
	},
	"geckolib_format_version": 2
}