{
	"format_version": "1.8.0",
	"animations": {
		"animation.model.draw": {
			"loop": true,
			"animation_length": 1.2,
			"bones": {
				"main": {
					"rotation": {
						"0.0": {
							"vector": [32.09413, -54.38778, -8.29667]
						},
						"0.35": {
							"vector": [0.50518, -5.08075, 6.8716],
							"easing": "easeOutSine"
						},
						"0.5": {
							"vector": [0.32389, -0.60235, -2.1558],
							"easing": "linear"
						},
						"0.6": {
							"vector": [0, 0, 0],
							"easing": "linear"
						}
					},
					"position": {
						"0.0": {
							"vector": [0, -17.3, 0]
						},
						"0.25": {
							"vector": [-0.4, -2.525, -1.625],
							"easing": "linear"
						},
						"0.4": {
							"vector": [-0.05, 0, -2.49],
							"easing": "linear"
						},
						"0.55": {
							"vector": [0, 0, 0],
							"easing": "linear"
						}
					}
				},
				"leftarm": {
					"rotation": {
						"0.0": {
							"vector": [0, 0, 0]
						},
						"0.2": {
							"vector": [1, 0, -22]
						},
						"0.4": {
							"vector": [0, 0, 0]
						}
					},
					"position": {
						"0.0": {
							"vector": [0, 0, 0]
						},
						"0.2": {
							"vector": [3.53901, 3.6754, 5.59783]
						},
						"0.4": {
							"vector": [0, 0, 0]
						}
					}
				}
			}
		},
		"animation.model.inspect": {
			"animation_length": 6.2667,
			"bones": {
				"main": {
					"rotation": {
						"0.0": {
							"vector": [0, 0, 0]
						},
						"0.35": {
							"vector": [-26.32055, -28.95323, -38.41824],
							"easing": "easeInOutQuad"
						},
						"0.45": {
							"vector": [-25.66239, -31.53589, -44.68762]
						},
						"0.5833": {
							"vector": [-29.3192, -30.58227, -40.03448]
						},
						"0.75": {
							"vector": [-27.10413, -31.89841, -42.85878]
						},
						"0.8833": {
							"vector": [-27.78689, -31.32225, -41.55621]
						},
						"1.0333": {
							"vector": [-27.51613, -31.5543, -42.0753]
						},
						"1.2333": {
							"vector": [-23.71064, -34.36823, -49.06156],
							"easing": "easeInOutSine"
						},
						"1.4": {
							"vector": [-21.1074, -35.89402, -53.58343],
							"easing": "easeOutSine"
						},
						"1.5667": {
							"vector": [-21.94193, -35.43536, -52.15215]
						},
						"1.7833": {
							"vector": [-20.76832, -36.0727, -54.16054]
						},
						"2.55": {
							"vector": [-23.3185, -35.45401, -49.81532]
						},
						"2.75": {
							"vector": [-51.25525, -13.69623, -15.09178]
						},
						"2.8833": {
							"vector": [-65.63972, 2.32296, -3.688]
						},
						"3.0667": {
							"vector": [-74.01117, 23.8148, -0.67983]
						},
						"3.2167": {
							"vector": [-79.3734, 25.56465, -3.9573]
						},
						"3.4333": {
							"vector": [-78.98912, 24.70845, -3.62085]
						},
						"3.6667": {
							"vector": [-78.89762, 23.48902, -2.80696]
						},
						"3.9167": {
							"vector": [-78.94097, 24.0015, -2.60182]
						},
						"4.2667": {
							"vector": [-78.95092, 23.9453, -3.0957]
						},
						"4.6667": {
							"vector": [-78.95092, 23.9453, -3.0957]
						},
						"5.05": {
							"vector": [-3.27585, -3.91843, 52.5061],
							"easing": "easeOutSine"
						},
						"5.3167": {
							"vector": [1.57141, -1.85374, -1.9128],
							"easing": "easeOutSine"
						},
						"5.4": {
							"vector": [0.27288, -0.37236, 1.59554],
							"easing": "linear"
						},
						"5.4833": {
							"vector": [0, 0, 0],
							"easing": "linear"
						}
					},
					"position": {
						"0.0": {
							"vector": [0, 0, 0]
						},
						"0.3": {
							"vector": [-4.15, 1.75, -15.475],
							"easing": "easeOutQuad"
						},
						"0.4": {
							"vector": [-4.15, -0.15, -14.6],
							"easing": "easeInOutSine"
						},
						"0.5167": {
							"vector": [-4.15, -0.925, -14.6],
							"easing": "linear"
						},
						"0.7": {
							"vector": [-4.2, -0.42, -14.6]
						},
						"0.9": {
							"vector": [-4.12, -0.57, -14.6]
						},
						"1.0667": {
							"vector": [-4.15, -0.47, -14.6]
						},
						"1.3": {
							"vector": [-4.15, -0.12, -14.825],
							"easing": "easeInOutQuad"
						},
						"1.5333": {
							"vector": [-4.2, -0.12, -15.04]
						},
						"1.7": {
							"vector": [-4.2, -0.02, -15.04]
						},
						"2.3": {
							"vector": [-4.2, -1.495, -15.04],
							"easing": "easeInOutSine"
						},
						"2.4333": {
							"vector": [-4.03, -1.67, -15.04]
						},
						"2.55": {
							"vector": [-3.7, 0.08, -15.04],
							"easing": "easeInSine"
						},
						"2.65": {
							"vector": [-0.18968, 5.0153, -18.15932]
						},
						"2.75": {
							"vector": [4.78001, 6.68487, -20.58417],
							"easing": "easeInOutQuad"
						},
						"2.85": {
							"vector": [12.24, 1.085, -21.53]
						},
						"3.0333": {
							"vector": [24.8, -17.445, -24.215],
							"easing": "easeInOutSine"
						},
						"3.1667": {
							"vector": [26.05, -19.97, -23.16],
							"easing": "linear"
						},
						"3.4167": {
							"vector": [26.05, -18.915, -23.16],
							"easing": "easeInOutSine"
						},
						"3.9": {
							"vector": [26.05, -18.145, -23.16]
						},
						"4.2667": {
							"vector": [26.05, -18.34, -23.16],
							"easing": "easeInOutSine"
						},
						"4.6667": {
							"vector": [25.39, -20.09, -22.52]
						},
						"4.8167": {
							"vector": [14.76, -16.93, -12.15]
						},
						"5.0": {
							"vector": [2.27, -9.09, 0.045]
						},
						"5.2": {
							"vector": [0.02894, -1.60775, -6.90297]
						},
						"5.2833": {
							"vector": [0.05077, -1.45863, -3.79557],
							"easing": "linear"
						},
						"5.4": {
							"vector": [-0.01391, -0.26895, -0.26276]
						},
						"5.4833": {
							"vector": [0, 0, 0],
							"easing": "linear"
						}
					}
				},
				"rightarm": {
					"rotation": {
						"0.0": {
							"vector": [0, 0, 0]
						},
						"2.65": {
							"vector": [0, 0, 0]
						},
						"4.9833": {
							"vector": [0, 0, 0]
						}
					},
					"position": {
						"0.0": {
							"vector": [0, 0, 0]
						},
						"2.65": {
							"vector": [0, 0, 0]
						},
						"2.7833": {
							"vector": [-6.30177, -6.68954, 29.94651]
						},
						"4.75": {
							"vector": [-6.30177, -6.68954, 29.94651]
						},
						"4.9833": {
							"vector": [0, 0, 0]
						}
					}
				},
				"leftarm": {
					"rotation": {
						"0.0": {
							"vector": [0, 0, 0]
						},
						"0.2833": {
							"vector": [-45.13234, 71.33372, -81.76837]
						},
						"2.6333": {
							"vector": [-45.13234, 71.33372, -81.76837]
						},
						"2.6833": {
							"vector": [96.97325, 30.0031, 35.42478]
						},
						"3.0333": {
							"vector": [96.97325, 30.0031, 35.42478]
						},
						"4.6667": {
							"vector": [96.97325, 30.0031, 35.42478]
						},
						"5.1667": {
							"vector": [0, 0, 0]
						}
					},
					"position": {
						"0.0": {
							"vector": [0, 0, 0]
						},
						"0.0667": {
							"vector": [9.47769, -9.10617, 9.45309]
						},
						"0.2833": {
							"vector": [12.05588, -33.69803, 37.55014]
						},
						"2.6333": {
							"vector": [12.05588, -33.69803, 37.55014]
						},
						"2.7667": {
							"vector": [16.26701, 33.15434, 47.96913]
						},
						"2.9667": {
							"vector": [-1.56, 47.7, 24.66]
						},
						"3.0333": {
							"vector": [-1.65, 46.65, 24.36]
						},
						"4.6667": {
							"vector": [-3.77362, 48.51582, 16.89297]
						},
						"5.1667": {
							"vector": [0, 0, 0]
						}
					},
					"scale": {
						"0.0": {
							"vector": [1, 1, 1]
						},
						"2.6333": {
							"vector": [1, 1, 1]
						},
						"2.7667": {
							"vector": [1.2, 1.4, 1.2]
						},
						"3.0333": {
							"vector": [1.2, 1.4, 1.2]
						},
						"4.6667": {
							"vector": [1.2, 1.4, 1.2]
						},
						"5.1667": {
							"vector": [1, 1, 1]
						}
					}
				},
				"_camera_": {
					"rotation": {
						"0.0": {
							"vector": [0, 0, 0]
						},
						"0.1333": {
							"vector": [-0.01091, 1.24995, -0.50012]
						},
						"0.2833": {
							"vector": [-1.31346, 1.78854, -1.03401]
						},
						"0.4833": {
							"vector": [-3.43914, 2.08948, 0.95199],
							"easing": "easeInOutQuad"
						},
						"0.8333": {
							"vector": [-4.99004, 2.77768, -0.09243],
							"easing": "easeInOutSine"
						},
						"1.0667": {
							"vector": [-5.49004, 2.77768, -0.09243]
						},
						"1.7333": {
							"vector": [7.44976, 9.00685, -1.60374],
							"easing": "easeInSine"
						},
						"1.95": {
							"vector": [9.88265, 9.8236, -2.03661],
							"easing": "easeOutSine"
						},
						"2.25": {
							"vector": [10.3897, 9.84427, -1.20003],
							"easing": "easeOutSine"
						},
						"2.5667": {
							"vector": [9.96385, 7.66225, 1.88547],
							"easing": "easeInSine"
						},
						"2.7833": {
							"vector": [1.24375, 5.27922, 3.31414]
						},
						"2.9667": {
							"vector": [5.41765, 2.01024, 2.19487]
						},
						"3.2167": {
							"vector": [12.17135, -3.19168, -0.93824],
							"easing": "easeOutSine"
						},
						"3.5833": {
							"vector": [9.63273, -4.12615, 0.15611]
						},
						"4.3": {
							"vector": [5.12655, -3.80897, -0.98969],
							"easing": "easeInOutSine"
						},
						"4.5167": {
							"vector": [4.61883, -3.81704, -0.95786],
							"easing": "easeInOutSine"
						},
						"4.9667": {
							"vector": [2.5026, -0.00111, -0.00518],
							"easing": "easeInOutSine"
						},
						"5.1333": {
							"vector": [1.75872, -0.39593, -1.62595],
							"easing": "easeInOutSine"
						},
						"5.25": {
							"vector": [1.24924, -0.00333, 0.0435]
						},
						"5.35": {
							"vector": [0.44082, -0.01767, 1.01624]
						},
						"5.4833": {
							"vector": [0, 0, 0],
							"easing": "easeOutSine"
						}
					},
					"position": {
						"0.0": {
							"vector": [0, 0, 0]
						},
						"4.9667": {
							"vector": [0, 0, 0]
						}
					}
				}
			},
			"sound_effects": {
				"0.0": {
					"effect": "inspect_up"
				},
				"1.0667": {
					"effect": "inspect_foley"
				},
				"2.25": {
					"effect": "inspect_turn"
				},
				"2.6667": {
					"effect": "inspect_down"
				},
				"4.95": {
					"effect": "inspect_down"
				}
			}
		},
		"animation.model.load": {
			"loop": true,
			"animation_length": 0.7,
			"bones": {
				"main": {
					"rotation": {
						"0.0": {
							"vector": [-9.41247, 0.06208, 11.13647]
						},
						"0.1": {
							"vector": [-9.39896, -0.51008, 7.68351]
						},
						"0.25": {
							"vector": [-9.41224, 0.42898, 10.29238]
						},
						"0.35": {
							"vector": [-8.91122, 0.14059, 11.61012]
						},
						"0.45": {
							"vector": [-9.07919, 0.77469, 10.84039]
						},
						"0.5": {
							"vector": [-8.15498, 0.35945, 12.97768]
						},
						"0.6": {
							"vector": [-8.03485, 0.95246, 11.94577]
						},
						"0.7": {
							"vector": [-9.41247, 0.06208, 11.13647]
						}
					},
					"position": {
						"0.0": {
							"vector": [-1.15, -1.475, -1.73]
						},
						"0.2": {
							"vector": [-1.15, -1.475, -1.73]
						},
						"0.45": {
							"vector": [-1.15, -1.475, -1.73]
						},
						"0.55": {
							"vector": [-1.15, -1.475, -1.73]
						},
						"0.7": {
							"vector": [-1.15, -1.475, -1.73]
						}
					}
				},
				"shell": {
					"rotation": {
						"0.0": {
							"vector": [0, 0, 0]
						},
						"0.2": {
							"vector": [-29.23214, 21.82944, -5.68405]
						},
						"0.3": {
							"vector": [-34.99446, 10.91087, 1.22182]
						},
						"0.4": {
							"vector": [-35, 0, 0]
						},
						"0.45": {
							"vector": [-24, 0, 0]
						},
						"0.5": {
							"vector": [0, 0, 0]
						}
					},
					"position": {
						"0.0": {
							"vector": [0, 0, 28]
						},
						"0.05": {
							"vector": [16.25078, -7.19062, 34.82843]
						},
						"0.2": {
							"vector": [4.0532, -8.3697, 12.02867]
						},
						"0.3": {
							"vector": [1.175, -4.75, 6.9]
						},
						"0.4": {
							"vector": [0.08099, -4.25892, 6.48951]
						},
						"0.45": {
							"vector": [0.23685, -2.97206, 6.52087]
						},
						"0.5": {
							"vector": [0, 0, 0]
						}
					}
				},
				"chamber": {
					"rotation": {
						"0.0": {
							"vector": [0, 0, 0]
						},
						"0.3": {
							"vector": [0, 0, 0]
						},
						"0.35": {
							"vector": [-3, 0, 0]
						},
						"0.4": {
							"vector": [-5.75, 0, 0]
						},
						"0.45": {
							"vector": [-9, 0, 0]
						},
						"0.5667": {
							"vector": [-9, 0, 0]
						},
						"0.65": {
							"vector": [2.5, 0, 0]
						},
						"0.7": {
							"vector": [0, 0, 0]
						}
					},
					"position": {
						"0.0": {
							"vector": [0, 0, 0]
						},
						"0.3": {
							"vector": [0, 0, 0]
						},
						"0.65": {
							"vector": [0, 0, 0]
						},
						"0.7": {
							"vector": [0, 0, 0]
						}
					}
				},
				"rightarm": {
					"rotation": {
						"0.0": {
							"vector": [-1.84956, 19.10223, 67.7934]
						},
						"0.05": {
							"vector": [4.54951, -9.77539, -20.96334]
						},
						"0.2": {
							"vector": [-16.57136, -23.67788, -13.07866]
						},
						"0.3": {
							"vector": [-12.83418, -27.17229, -10.61316]
						},
						"0.4": {
							"vector": [-13.53156, -24.89994, -3.86719]
						},
						"0.45": {
							"vector": [-10.53156, -24.89994, -3.86719]
						},
						"0.5": {
							"vector": [-3.40456, -18.46188, -6.31317]
						},
						"0.5833": {
							"vector": [0.18399, -19.85643, -13.16324]
						},
						"0.7": {
							"vector": [-1.84956, 19.10223, 67.7934]
						}
					},
					"position": {
						"0.0": {
							"vector": [-12.78, -7.07, 16.875]
						},
						"0.05": {
							"vector": [-21.68545, -10.74364, 8.25501]
						},
						"0.2": {
							"vector": [-14.91206, -6.80602, -17.34313]
						},
						"0.3": {
							"vector": [-10.56982, -7.34659, -22.29679]
						},
						"0.4": {
							"vector": [-9.50493, -7.10144, -22.34302]
						},
						"0.45": {
							"vector": [-8.78066, -6.6997, -22.4141]
						},
						"0.5": {
							"vector": [-6.96967, -4.40446, -23.77252]
						},
						"0.5167": {
							"vector": [-6.7624, -4.15314, -23.78257]
						},
						"0.5833": {
							"vector": [-5.63549, -4.386, -23.65935]
						},
						"0.7": {
							"vector": [-13.64397, -4.20289, 7.02252]
						}
					}
				},
				"_camera_": {
					"rotation": {
						"0.0": {
							"vector": [1.76963, 0.74974, 1.50013],
							"easing": "easeOutSine"
						},
						"0.2333": {
							"vector": [1.74941, 0.7958, 0.0007]
						},
						"0.4167": {
							"vector": [1.77103, 0.74603, 1.61809]
						},
						"0.5": {
							"vector": [1.75023, 0.79377, 0.06608]
						},
						"0.7": {
							"vector": [1.76963, 0.74974, 1.50013],
							"easing": "easeOutSine"
						}
					}
				},
				"bullet": {
					"position": {
						"0.0": {
							"vector": [-11.88494, -9.95258, 36.82443]
						},
						"0.0333": {
							"vector": [-15.48933, -14.04316, 33.01628]
						},
						"0.0667": {
							"vector": [-18.53468, -9.36657, 28.76982]
						},
						"0.1": {
							"vector": [-17.06674, -7.51833, 24.17339]
						},
						"0.1333": {
							"vector": [-15.74174, -4.92826, 21.48365]
						},
						"0.1667": {
							"vector": [-13.69238, -2.94841, 16.15961]
						},
						"0.2": {
							"vector": [-12.22701, -0.60001, 12.29417]
						},
						"0.2667": {
							"vector": [-7.47387, -2.24085, 8.1207]
						},
						"0.3": {
							"vector": [-5.44124, -2.29332, 8.10773]
						},
						"0.35": {
							"vector": [-3.87747, -3.2093, 6.47787]
						},
						"0.4167": {
							"vector": [-2.5273, -4.62522, 6.67887]
						},
						"0.4833": {
							"vector": [-1.1487, -4.0256, 1.68451]
						},
						"0.5333": {
							"vector": [-0.20129, -3.07572, 1.42985]
						},
						"0.5833": {
							"vector": [0.3, -0.2, 0.9]
						}
					}
				}
			},
			"sound_effects": {
				"0.25": {
					"effect": "shell"
				}
			}
		},
		"animation.model.fire": {
			"loop": true,
			"animation_length": 0.8833,
			"bones": {
				"main": {
					"rotation": {
						"0.0": {
							"vector": [0, 0, 0]
						},
						"0.05": {
							"vector": [-8.70704, -2.00287, -6.82365]
						},
						"0.1833": {
							"vector": [-4.73303, -1.97055, -6.0739]
						},
						"0.2333": {
							"vector": [-4.60652, -1.80399, -2.32556]
						},
						"0.3": {
							"vector": [-3.63312, -0.94992, 5.14611]
						},
						"0.3667": {
							"vector": [-2.95511, -0.81923, 0.79288]
						},
						"0.45": {
							"vector": [-0.61934, 0.1901, 0.17584]
						},
						"0.55": {
							"vector": [0.49996, 0.00654, -1.44997]
						},
						"0.6667": {
							"vector": [0, 0, 0.3]
						},
						"0.8": {
							"vector": [0, 0, 0],
							"easing": "linear"
						}
					},
					"position": {
						"0.0": {
							"vector": [0, 0, 0]
						},
						"0.05": {
							"vector": [-0.375, -0.9, 6.575]
						},
						"0.1333": {
							"vector": [-0.63, -0.4, 3.375]
						},
						"0.2333": {
							"vector": [-0.39, -0.44, 4.06]
						},
						"0.3": {
							"vector": [-0.155, -0.475, 3.95]
						},
						"0.4833": {
							"vector": [-0.06, -0.295, 0.905]
						},
						"0.6833": {
							"vector": [0, 0, 0],
							"easing": "easeOutSine"
						}
					}
				},
				"action": {
					"rotation": {
						"0.0": {
							"vector": [0, 0, 0]
						},
						"0.15": {
							"vector": [0, 0, 0]
						},
						"0.4": {
							"vector": [0, 0, 0]
						}
					},
					"position": {
						"0.0": {
							"vector": [0, 0, 0]
						},
						"0.15": {
							"vector": [0, 0, 0]
						},
						"0.2333": {
							"vector": [0, 0, 8.6]
						},
						"0.3333": {
							"vector": [0, 0, 8.6]
						},
						"0.4": {
							"vector": [0, 0, 0]
						}
					}
				},
				"shell": {
					"rotation": {
						"0.0": {
							"vector": [0, 0, 0]
						},
						"0.15": {
							"vector": [0, 0, 0]
						},
						"0.2": {
							"vector": [11.25, 0, 0]
						},
						"0.25": {
							"vector": [1.04852, 17.49725, 0.31528]
						},
						"0.3": {
							"vector": [40.13672, -11.72631, -51.54685]
						},
						"0.35": {
							"vector": [77.01537, 30.7905, -125.02275]
						},
						"0.45": {
							"vector": [0, 0, 0]
						},
						"0.55": {
							"vector": [0, 0, 0]
						}
					},
					"position": {
						"0.0": {
							"vector": [0, 0, 0]
						},
						"0.15": {
							"vector": [0, 0, 0]
						},
						"0.2": {
							"vector": [-0.075, 3.45, 7.05]
						},
						"0.25": {
							"vector": [-1.87, 3.55, 9]
						},
						"0.3": {
							"vector": [-22.37, 4.175, 7.05]
						},
						"0.35": {
							"vector": [-58.615, -14.15, 7.05]
						},
						"0.4": {
							"vector": [-58.62, -42.175, 7.05]
						},
						"0.45": {
							"vector": [3.105, -42.18, 35.15]
						},
						"0.5": {
							"vector": [0.125, -0.79, 25.455]
						},
						"0.55": {
							"vector": [0, 0, 0]
						}
					},
					"scale": {
						"0.0": {
							"vector": [1, 1, 1]
						},
						"0.15": {
							"vector": [1, 1, 1]
						},
						"0.4": {
							"vector": [1, 1, 1]
						},
						"0.45": {
							"vector": [0.2625, 0.19, 0.0575]
						},
						"0.5": {
							"vector": [0.2625, 0.19, 0.0575]
						},
						"0.55": {
							"vector": [1, 1, 1]
						}
					}
				},
				"leftarm": {
					"rotation": {
						"0.0": {
							"vector": [0, 0, 0]
						},
						"0.0667": {
							"vector": [-13.59533, -11.06952, 1.24682]
						},
						"0.15": {
							"vector": [-1.96198, -1.54902, 0.01136]
						},
						"0.2333": {
							"vector": [-13.59079, 2.94012, -2.73376],
							"easing": "easeInSine"
						},
						"0.3333": {
							"vector": [-13.24076, 6.07181, 0.16098]
						},
						"0.4": {
							"vector": [0, 0, 0],
							"easing": "easeInSine"
						}
					},
					"position": {
						"0.0": {
							"vector": [0, 0, 0]
						},
						"0.0667": {
							"vector": [-0.57187, -3.9333, -5.36425]
						},
						"0.15": {
							"vector": [-0.02676, -0.42332, 0.02661]
						},
						"0.2333": {
							"vector": [3.29358, -2.47138, 8.13577],
							"easing": "easeInSine"
						},
						"0.3333": {
							"vector": [3.10999, -2.12609, 8.12174]
						},
						"0.4": {
							"vector": [0, 0, 0],
							"easing": "easeInSine"
						}
					}
				},
				"pump": {
					"rotation": {
						"0.0": {
							"vector": [0, 0, 0]
						},
						"0.15": {
							"vector": [0, 0, 0]
						},
						"0.4": {
							"vector": [0, 0, 0]
						}
					},
					"position": {
						"0.0": {
							"vector": [0, 0, 0]
						},
						"0.15": {
							"vector": [0, 0, 0]
						},
						"0.2333": {
							"vector": [0, 0, 9.7],
							"easing": "easeInSine"
						},
						"0.3333": {
							"vector": [0, 0, 9.7]
						},
						"0.4": {
							"vector": [0, 0, 0],
							"easing": "easeInSine"
						}
					}
				},
				"_camera_": {
					"rotation": {
						"0.0": {
							"vector": [0, 0, 0]
						},
						"0.05": {
							"vector": [-3.75, 0, 2]
						},
						"0.1833": {
							"vector": [-3.02284, -0.01388, 2.88018]
						},
						"0.3333": {
							"vector": [-0.8345, 0.08433, -1.38274]
						},
						"0.4833": {
							"vector": [0.22464, 0.02301, -0.02702]
						},
						"0.7333": {
							"vector": [0, 0, 0],
							"easing": "easeInOutSine"
						}
					}
				},
				"bolt": {
					"position": {
						"0.0": {
							"vector": [0, 0, 0]
						},
						"0.1667": {
							"vector": [0, 0, -0.02]
						},
						"0.2333": {
							"vector": [0, 0, 9.4]
						},
						"0.3167": {
							"vector": [0, 0, 9.4]
						},
						"0.45": {
							"vector": [0, 0, 0]
						}
					}
				},
				"charge": {
					"position": {
						"0.0": {
							"vector": [0, 0, 0]
						},
						"0.1667": {
							"vector": [0, 0, 0]
						},
						"0.2333": {
							"vector": [0, 0, 10.6]
						},
						"0.3333": {
							"vector": [0, 0, 10.6]
						},
						"0.4167": {
							"vector": [0, 0, 0]
						}
					}
				}
			},
			"sound_effects": {
				"0.0": {
					"effect": "pump1"
				},
				"0.25": {
					"effect": "pump2"
				}
			}
		},
		"animation.model.finish": {
			"loop": true,
			"animation_length": 0.8833,
			"bones": {
				"main": {
					"rotation": {
						"0.0": {
							"vector": [-9.41247, 0.06208, 11.13647]
						},
						"0.1": {
							"vector": [-9.39896, -0.51008, 7.68351]
						},
						"0.45": {
							"vector": [-0.61934, 0.1901, 0.17584]
						},
						"0.55": {
							"vector": [0.49996, 0.00654, -1.44997]
						},
						"0.6667": {
							"vector": [0, 0, 0.3]
						},
						"0.8": {
							"vector": [0, 0, 0],
							"easing": "linear"
						}
					},
					"position": {
						"0.0": {
							"vector": [-1.15, -1.475, -1.73]
						},
						"0.1333": {
							"vector": [-0.63, -0.4, 3.375]
						},
						"0.2333": {
							"vector": [-0.39, -0.44, 4.06]
						},
						"0.3": {
							"vector": [-0.155, -0.475, 3.95]
						},
						"0.4833": {
							"vector": [-0.06, -0.295, 0.905]
						},
						"0.6833": {
							"vector": [0, 0, 0],
							"easing": "easeOutSine"
						}
					}
				},
				"action": {
					"rotation": {
						"0.0": {
							"vector": [0, 0, 0]
						},
						"0.15": {
							"vector": [0, 0, 0]
						},
						"0.4": {
							"vector": [0, 0, 0]
						}
					},
					"position": {
						"0.0": {
							"vector": [0, 0, 0]
						},
						"0.15": {
							"vector": [0, 0, 0]
						},
						"0.2333": {
							"vector": [0, 0, 8.6]
						},
						"0.3333": {
							"vector": [0, 0, 8.6]
						},
						"0.4": {
							"vector": [0, 0, 0]
						}
					}
				},
				"shell": {
					"rotation": {
						"0.0": {
							"vector": [0, 0, 0]
						},
						"0.15": {
							"vector": [0, 0, 0]
						},
						"0.2": {
							"vector": [11.25, 0, 0]
						},
						"0.25": {
							"vector": [1.04852, 17.49725, 0.31528]
						},
						"0.3": {
							"vector": [40.13672, -11.72631, -51.54685]
						},
						"0.35": {
							"vector": [77.01537, 30.7905, -125.02275]
						},
						"0.45": {
							"vector": [0, 0, 0]
						},
						"0.55": {
							"vector": [0, 0, 0]
						}
					},
					"position": {
						"0.0": {
							"vector": [0, 0, 0]
						},
						"0.15": {
							"vector": [0, 0, 0]
						},
						"0.2": {
							"vector": [-0.075, 3.45, 7.05]
						},
						"0.25": {
							"vector": [-1.87, 3.55, 9]
						},
						"0.3": {
							"vector": [-22.37, 4.175, 7.05]
						},
						"0.35": {
							"vector": [-58.615, -14.15, 7.05]
						},
						"0.4": {
							"vector": [-58.62, -42.175, 7.05]
						},
						"0.45": {
							"vector": [3.105, -42.18, 35.15]
						},
						"0.5": {
							"vector": [0.125, -0.79, 25.455]
						},
						"0.55": {
							"vector": [0, 0, 0]
						}
					},
					"scale": {
						"0.0": {
							"vector": [1, 1, 1]
						},
						"0.15": {
							"vector": [1, 1, 1]
						},
						"0.4": {
							"vector": [1, 1, 1]
						},
						"0.45": {
							"vector": [0.2625, 0.19, 0.0575]
						},
						"0.5": {
							"vector": [0.2625, 0.19, 0.0575]
						},
						"0.55": {
							"vector": [1, 1, 1]
						}
					}
				},
				"leftarm": {
					"rotation": {
						"0.0": {
							"vector": [0, 0, 0]
						},
						"0.0667": {
							"vector": [-13.59533, -11.06952, 1.24682]
						},
						"0.15": {
							"vector": [-1.96198, -1.54902, 0.01136]
						},
						"0.2333": {
							"vector": [-13.59079, 2.94012, -2.73376],
							"easing": "easeInSine"
						},
						"0.3333": {
							"vector": [-13.24076, 6.07181, 0.16098]
						},
						"0.4": {
							"vector": [0, 0, 0],
							"easing": "easeInSine"
						}
					},
					"position": {
						"0.0": {
							"vector": [0, 0, 0]
						},
						"0.0667": {
							"vector": [-0.57187, -3.9333, -5.36425]
						},
						"0.15": {
							"vector": [-0.02676, -0.42332, 0.02661]
						},
						"0.2333": {
							"vector": [3.29358, -2.47138, 8.13577],
							"easing": "easeInSine"
						},
						"0.3333": {
							"vector": [3.10999, -2.12609, 8.12174]
						},
						"0.4": {
							"vector": [0, 0, 0],
							"easing": "easeInSine"
						}
					}
				},
				"pump": {
					"rotation": {
						"0.0": {
							"vector": [0, 0, 0]
						},
						"0.15": {
							"vector": [0, 0, 0]
						},
						"0.4": {
							"vector": [0, 0, 0]
						}
					},
					"position": {
						"0.0": {
							"vector": [0, 0, 0]
						},
						"0.15": {
							"vector": [0, 0, 0]
						},
						"0.2333": {
							"vector": [0, 0, 9.7],
							"easing": "easeInSine"
						},
						"0.3333": {
							"vector": [0, 0, 9.7]
						},
						"0.4": {
							"vector": [0, 0, 0],
							"easing": "easeInSine"
						}
					}
				},
				"_camera_": {
					"rotation": {
						"0.0": {
							"vector": [0, 0, 0]
						},
						"0.05": {
							"vector": [-3.75, 0, 2]
						},
						"0.1833": {
							"vector": [-3.02284, -0.01388, 2.88018]
						},
						"0.3333": {
							"vector": [-0.8345, 0.08433, -1.38274]
						},
						"0.4833": {
							"vector": [0.22464, 0.02301, -0.02702]
						},
						"0.7333": {
							"vector": [0, 0, 0],
							"easing": "easeInOutSine"
						}
					}
				},
				"bolt": {
					"position": {
						"0.0": {
							"vector": [0, 0, 0]
						},
						"0.1667": {
							"vector": [0, 0, -0.02]
						},
						"0.2333": {
							"vector": [0, 0, 9.4]
						},
						"0.3167": {
							"vector": [0, 0, 9.4]
						},
						"0.45": {
							"vector": [0, 0, 0]
						}
					}
				},
				"charge": {
					"position": {
						"0.0": {
							"vector": [0, 0, 0]
						},
						"0.1667": {
							"vector": [0, 0, 0]
						},
						"0.2333": {
							"vector": [0, 0, 10.6]
						},
						"0.3333": {
							"vector": [0, 0, 10.6]
						},
						"0.4167": {
							"vector": [0, 0, 0]
						}
					}
				}
			},
			"sound_effects": {
				"0.2333": {
					"effect": "pump2"
				}
			}
		},
		"animation.model.prepare": {
			"loop": true,
			"animation_length": 0.4332,
			"bones": {
				"main": {
					"rotation": {
						"0.0": {
							"vector": [-0.61934, 0.1901, 0.17584]
						},
						"0.1969": {
							"vector": [-9.39896, -0.51008, 7.68351]
						},
						"0.2658": {
							"vector": [-9.41247, 0.06208, 11.13647]
						}
					},
					"position": {
						"0.0": {
							"vector": [-0.06, -0.295, 0.905]
						},
						"0.0689": {
							"vector": [-0.155, -0.475, 3.95]
						},
						"0.128": {
							"vector": [-0.39, -0.44, 4.06]
						},
						"0.2068": {
							"vector": [-0.63, -0.4, 3.375]
						},
						"0.2658": {
							"vector": [-1.15, -1.475, -1.73]
						}
					}
				},
				"action": {
					"rotation": {
						"0.0": {
							"vector": [0, 0, 0]
						},
						"0.0886": {
							"vector": [0, 0, 0]
						},
						"0.2363": {
							"vector": [0, 0, 0]
						}
					},
					"position": {
						"0.0": {
							"vector": [0, 0, 0]
						},
						"0.0886": {
							"vector": [0, 0, 0]
						},
						"0.1378": {
							"vector": [0, 0, 8.6]
						},
						"0.1969": {
							"vector": [0, 0, 8.6]
						},
						"0.2363": {
							"vector": [0, 0, 0]
						}
					}
				},
				"shell": {
					"rotation": {
						"0.0": {
							"vector": [0, 0, 0]
						},
						"0.0886": {
							"vector": [0, 0, 0]
						},
						"0.1181": {
							"vector": [11.25, 0, 0]
						},
						"0.1477": {
							"vector": [1.04852, 17.49725, 0.31528]
						},
						"0.1772": {
							"vector": [40.13672, -11.72631, -51.54685]
						},
						"0.2068": {
							"vector": [77.01537, 30.7905, -125.02275]
						},
						"0.2658": {
							"vector": [0, 0, 0]
						},
						"0.3249": {
							"vector": [0, 0, 0]
						}
					},
					"position": {
						"0.0": {
							"vector": [0, 0, 0]
						},
						"0.0886": {
							"vector": [0, 0, 0]
						},
						"0.1181": {
							"vector": [-0.075, 3.45, 7.05]
						},
						"0.1477": {
							"vector": [-1.87, 3.55, 9]
						},
						"0.1772": {
							"vector": [-22.37, 4.175, 7.05]
						},
						"0.2068": {
							"vector": [-58.615, -14.15, 7.05]
						},
						"0.2363": {
							"vector": [-58.62, -42.175, 7.05]
						},
						"0.2658": {
							"vector": [3.105, -42.18, 35.15]
						},
						"0.2954": {
							"vector": [0.125, -0.79, 25.455]
						},
						"0.3249": {
							"vector": [0, 0, 0]
						}
					},
					"scale": {
						"0.0": {
							"vector": [1, 1, 1]
						},
						"0.0886": {
							"vector": [1, 1, 1]
						},
						"0.2363": {
							"vector": [1, 1, 1]
						},
						"0.2658": {
							"vector": [0.2625, 0.19, 0.0575]
						},
						"0.2954": {
							"vector": [0.2625, 0.19, 0.0575]
						},
						"0.3249": {
							"vector": [1, 1, 1]
						}
					}
				},
				"pump": {
					"rotation": {
						"0.0": {
							"vector": [0, 0, 0]
						},
						"0.0886": {
							"vector": [0, 0, 0]
						},
						"0.2363": {
							"vector": [0, 0, 0]
						}
					},
					"position": {
						"0.0": {
							"vector": [0, 0, 0]
						},
						"0.0886": {
							"vector": [0, 0, 0]
						},
						"0.1378": {
							"vector": [0, 0, 9.7],
							"easing": "easeInSine"
						},
						"0.1969": {
							"vector": [0, 0, 9.7]
						},
						"0.2363": {
							"vector": [0, 0, 0],
							"easing": "easeInSine"
						}
					}
				},
				"_camera_": {
					"rotation": {
						"0.0": {
							"vector": [0, 0, 0]
						},
						"0.0295": {
							"vector": [-3.75, 0, 2]
						},
						"0.1083": {
							"vector": [-3.02284, -0.01388, 2.88018]
						},
						"0.1969": {
							"vector": [-0.8345, 0.08433, -1.38274]
						},
						"0.2855": {
							"vector": [0.22464, 0.02301, -0.02702]
						},
						"0.4332": {
							"vector": [0, 0, 0],
							"easing": "easeInOutSine"
						}
					}
				}
			}
		},
		"animation.model.prepareempty": {
			"loop": true,
			"animation_length": 0.4332,
			"bones": {
				"main": {
					"rotation": {
						"0.0": {
							"vector": [-0.61934, 0.1901, 0.17584]
						},
						"0.1969": {
							"vector": [-9.39896, -0.51008, 7.68351]
						},
						"0.2658": {
							"vector": [-9.41247, 0.06208, 11.13647]
						}
					},
					"position": {
						"0.0": {
							"vector": [-0.06, -0.295, 0.905]
						},
						"0.0689": {
							"vector": [-0.155, -0.475, 3.95]
						},
						"0.128": {
							"vector": [-0.39, -0.44, 4.06]
						},
						"0.2068": {
							"vector": [-0.63, -0.4, 3.375]
						},
						"0.2658": {
							"vector": [-1.15, -1.475, -1.73]
						}
					}
				},
				"action": {
					"rotation": {
						"0.0": {
							"vector": [0, 0, 0]
						},
						"0.0886": {
							"vector": [0, 0, 0]
						},
						"0.2363": {
							"vector": [0, 0, 0]
						}
					},
					"position": {
						"0.0": {
							"vector": [0, 0, 0]
						},
						"0.0886": {
							"vector": [0, 0, 0]
						},
						"0.1378": {
							"vector": [0, 0, 8.6]
						},
						"0.1969": {
							"vector": [0, 0, 8.6]
						},
						"0.2363": {
							"vector": [0, 0, 0]
						}
					}
				},
				"shell": {
					"rotation": {
						"0.0": {
							"vector": [0, 0, 0]
						},
						"0.0886": {
							"vector": [0, 0, 0]
						},
						"0.1181": {
							"vector": [11.25, 0, 0]
						},
						"0.1477": {
							"vector": [1.04852, 17.49725, 0.31528]
						},
						"0.1772": {
							"vector": [40.13672, -11.72631, -51.54685]
						},
						"0.2068": {
							"vector": [77.01537, 30.7905, -125.02275]
						},
						"0.2658": {
							"vector": [0, 0, 0]
						},
						"0.3249": {
							"vector": [0, 0, 0]
						}
					},
					"position": {
						"0.0": {
							"vector": [0, 0, 0]
						},
						"0.0886": {
							"vector": [0, 0, 0]
						},
						"0.1181": {
							"vector": [-0.075, 3.45, 7.05]
						},
						"0.1477": {
							"vector": [-1.87, 3.55, 9]
						},
						"0.1772": {
							"vector": [-22.37, 4.175, 7.05]
						},
						"0.2068": {
							"vector": [-58.615, -14.15, 7.05]
						},
						"0.2363": {
							"vector": [-58.62, -42.175, 7.05]
						},
						"0.2658": {
							"vector": [3.105, -42.18, 35.15]
						},
						"0.2954": {
							"vector": [0.125, -0.79, 25.455]
						},
						"0.3249": {
							"vector": [0, 0, 0]
						}
					},
					"scale": {
						"0.0": {
							"vector": [1, 1, 1]
						},
						"0.0886": {
							"vector": [1, 1, 1]
						},
						"0.2363": {
							"vector": [1, 1, 1]
						},
						"0.2658": {
							"vector": [0.2625, 0.19, 0.0575]
						},
						"0.2954": {
							"vector": [0.2625, 0.19, 0.0575]
						},
						"0.3249": {
							"vector": [1, 1, 1]
						}
					}
				},
				"pump": {
					"rotation": {
						"0.0": {
							"vector": [0, 0, 0]
						},
						"0.0886": {
							"vector": [0, 0, 0]
						},
						"0.2363": {
							"vector": [0, 0, 0]
						}
					},
					"position": {
						"0.0": {
							"vector": [0, 0, 0]
						},
						"0.0886": {
							"vector": [0, 0, 0]
						},
						"0.1378": {
							"vector": [0, 0, 9.7],
							"easing": "easeInSine"
						},
						"0.1969": {
							"vector": [0, 0, 9.7]
						},
						"0.2363": {
							"vector": [0, 0, 0],
							"easing": "easeInSine"
						}
					}
				},
				"_camera_": {
					"rotation": {
						"0.0": {
							"vector": [0, 0, 0]
						},
						"0.0295": {
							"vector": [-3.75, 0, 2]
						},
						"0.1083": {
							"vector": [-3.02284, -0.01388, 2.88018]
						},
						"0.1969": {
							"vector": [-0.8345, 0.08433, -1.38274]
						},
						"0.2855": {
							"vector": [0.22464, 0.02301, -0.02702]
						},
						"0.4332": {
							"vector": [0, 0, 0],
							"easing": "easeInOutSine"
						}
					}
				}
			}
		}
	},
	"geckolib_format_version": 2
}