{
	"format_version": "1.8.0",
	"animations": {
		"animation.model.draw": {
			"loop": true,
			"animation_length": 1.2,
			"bones": {
				"main": {
					"rotation": {
						"0.0": {
							"vector": [32.09413, -54.38778, -8.29667]
						},
						"0.35": {
							"vector": [0.50518, -5.08075, 6.8716],
							"easing": "easeOutSine"
						},
						"0.5": {
							"vector": [0.32389, -0.60235, -2.1558],
							"easing": "linear"
						},
						"0.6": {
							"vector": [0, 0, 0],
							"easing": "linear"
						}
					},
					"position": {
						"0.0": {
							"vector": [0, -17.3, 0]
						},
						"0.25": {
							"vector": [-0.4, -2.525, -1.625],
							"easing": "linear"
						},
						"0.4": {
							"vector": [-0.05, 0, -2.49],
							"easing": "linear"
						},
						"0.55": {
							"vector": [0, 0, 0],
							"easing": "linear"
						}
					}
				},
				"leftarm": {
					"rotation": {
						"0.0": {
							"vector": [0, 0, 0]
						},
						"0.2": {
							"vector": [1, 0, -22]
						},
						"0.4": {
							"vector": [0, 0, 0]
						}
					},
					"position": {
						"0.0": {
							"vector": [0, 0, 0]
						},
						"0.2": {
							"vector": [3.53901, 3.6754, 5.59783]
						},
						"0.4": {
							"vector": [0, 0, 0]
						}
					}
				}
			}
		},
		"animation.model.fire": {
			"animation_length": 0.04,
			"bones": {
				"action": {
					"position": {
						"0.0": {
							"vector": [0, 0, 0]
						},
						"0.04": {
							"vector": [0, 0, 11]
						}
					}
				},
				"bolt": {
					"position": {
						"0.0": {
							"vector": [0, 0, 0]
						},
						"0.04": {
							"vector": [0, 0, 10.9]
						}
					}
				}
			}
		},
		"animation.model.inspect": {
			"animation_length": 6.2667,
			"bones": {
				"main": {
					"rotation": {
						"0.0": {
							"vector": [0, 0, 0]
						},
						"0.35": {
							"vector": [-26.32055, -28.95323, -38.41824],
							"easing": "easeInOutQuad"
						},
						"0.45": {
							"vector": [-25.66239, -31.53589, -44.68762]
						},
						"0.5833": {
							"vector": [-29.3192, -30.58227, -40.03448]
						},
						"0.75": {
							"vector": [-27.10413, -31.89841, -42.85878]
						},
						"0.8833": {
							"vector": [-27.78689, -31.32225, -41.55621]
						},
						"1.0333": {
							"vector": [-27.51613, -31.5543, -42.0753]
						},
						"1.2333": {
							"vector": [-23.71064, -34.36823, -49.06156],
							"easing": "easeInOutSine"
						},
						"1.4": {
							"vector": [-21.1074, -35.89402, -53.58343],
							"easing": "easeOutSine"
						},
						"1.5667": {
							"vector": [-21.94193, -35.43536, -52.15215]
						},
						"1.7833": {
							"vector": [-20.76832, -36.0727, -54.16054]
						},
						"2.55": {
							"vector": [-23.3185, -35.45401, -49.81532]
						},
						"2.75": {
							"vector": [-51.25525, -13.69623, -15.09178]
						},
						"2.8833": {
							"vector": [-65.63972, 2.32296, -3.688]
						},
						"3.0667": {
							"vector": [-74.01117, 23.8148, -0.67983]
						},
						"3.2167": {
							"vector": [-79.3734, 25.56465, -3.9573]
						},
						"3.4333": {
							"vector": [-78.98912, 24.70845, -3.62085]
						},
						"3.6667": {
							"vector": [-78.89762, 23.48902, -2.80696]
						},
						"3.9167": {
							"vector": [-78.94097, 24.0015, -2.60182]
						},
						"4.2667": {
							"vector": [-78.95092, 23.9453, -3.0957]
						},
						"4.6667": {
							"vector": [-78.95092, 23.9453, -3.0957]
						},
						"5.05": {
							"vector": [-3.27585, -3.91843, 52.5061],
							"easing": "easeOutSine"
						},
						"5.3167": {
							"vector": [1.57141, -1.85374, -1.9128],
							"easing": "easeOutSine"
						},
						"5.4": {
							"vector": [0.27288, -0.37236, 1.59554],
							"easing": "linear"
						},
						"5.4833": {
							"vector": [0, 0, 0],
							"easing": "linear"
						}
					},
					"position": {
						"0.0": {
							"vector": [0, 0, 0]
						},
						"0.3": {
							"vector": [-4.15, 1.75, -15.475],
							"easing": "easeOutQuad"
						},
						"0.4": {
							"vector": [-4.15, -0.15, -14.6],
							"easing": "easeInOutSine"
						},
						"0.5167": {
							"vector": [-4.15, -0.925, -14.6],
							"easing": "linear"
						},
						"0.7": {
							"vector": [-4.2, -0.42, -14.6]
						},
						"0.9": {
							"vector": [-4.12, -0.57, -14.6]
						},
						"1.0667": {
							"vector": [-4.15, -0.47, -14.6]
						},
						"1.3": {
							"vector": [-4.15, -0.12, -14.825],
							"easing": "easeInOutQuad"
						},
						"1.5333": {
							"vector": [-4.2, -0.12, -15.04]
						},
						"1.7": {
							"vector": [-4.2, -0.02, -15.04]
						},
						"2.3": {
							"vector": [-4.2, -1.495, -15.04],
							"easing": "easeInOutSine"
						},
						"2.4333": {
							"vector": [-4.03, -1.67, -15.04]
						},
						"2.55": {
							"vector": [-3.7, 0.08, -15.04],
							"easing": "easeInSine"
						},
						"2.65": {
							"vector": [-0.18968, 5.0153, -18.15932]
						},
						"2.75": {
							"vector": [4.78001, 6.68487, -20.58417],
							"easing": "easeInOutQuad"
						},
						"2.85": {
							"vector": [12.24, 1.085, -21.53]
						},
						"3.0333": {
							"vector": [24.8, -17.445, -24.215],
							"easing": "easeInOutSine"
						},
						"3.1667": {
							"vector": [26.05, -19.97, -23.16],
							"easing": "linear"
						},
						"3.4167": {
							"vector": [26.05, -18.915, -23.16],
							"easing": "easeInOutSine"
						},
						"3.9": {
							"vector": [26.05, -18.145, -23.16]
						},
						"4.2667": {
							"vector": [26.05, -18.34, -23.16],
							"easing": "easeInOutSine"
						},
						"4.6667": {
							"vector": [25.39, -20.09, -22.52]
						},
						"4.8167": {
							"vector": [14.76, -16.93, -12.15]
						},
						"5.0": {
							"vector": [2.27, -9.09, 0.045]
						},
						"5.2": {
							"vector": [0.02894, -1.60775, -6.90297]
						},
						"5.2833": {
							"vector": [0.05077, -1.45863, -3.79557],
							"easing": "linear"
						},
						"5.4": {
							"vector": [-0.01391, -0.26895, -0.26276]
						},
						"5.4833": {
							"vector": [0, 0, 0],
							"easing": "linear"
						}
					}
				},
				"rightarm": {
					"rotation": {
						"0.0": {
							"vector": [0, 0, 0]
						},
						"2.65": {
							"vector": [0, 0, 0]
						},
						"4.9833": {
							"vector": [0, 0, 0]
						}
					},
					"position": {
						"0.0": {
							"vector": [0, 0, 0]
						},
						"2.65": {
							"vector": [0, 0, 0]
						},
						"2.7833": {
							"vector": [-6.30177, -6.68954, 29.94651]
						},
						"4.75": {
							"vector": [-6.30177, -6.68954, 29.94651]
						},
						"4.9833": {
							"vector": [0, 0, 0]
						}
					}
				},
				"leftarm": {
					"rotation": {
						"0.0": {
							"vector": [0, 0, 0]
						},
						"0.2833": {
							"vector": [-45.13234, 71.33372, -81.76837]
						},
						"2.6333": {
							"vector": [-45.13234, 71.33372, -81.76837]
						},
						"2.6833": {
							"vector": [96.97325, 30.0031, 35.42478]
						},
						"3.0333": {
							"vector": [96.97325, 30.0031, 35.42478]
						},
						"4.6667": {
							"vector": [96.97325, 30.0031, 35.42478]
						},
						"5.1667": {
							"vector": [0, 0, 0]
						}
					},
					"position": {
						"0.0": {
							"vector": [0, 0, 0]
						},
						"0.0667": {
							"vector": [9.47769, -9.10617, 9.45309]
						},
						"0.2833": {
							"vector": [12.05588, -33.69803, 37.55014]
						},
						"2.6333": {
							"vector": [12.05588, -33.69803, 37.55014]
						},
						"2.7667": {
							"vector": [16.26701, 33.15434, 47.96913]
						},
						"3.0333": {
							"vector": [-3.77362, 37.21582, 16.89297]
						},
						"4.6667": {
							"vector": [-3.77362, 37.21582, 16.89297]
						},
						"5.1667": {
							"vector": [0, 0, 0]
						}
					},
					"scale": {
						"0.0": {
							"vector": [1, 1, 1]
						},
						"2.6333": {
							"vector": [1, 1, 1]
						},
						"2.7667": {
							"vector": [1.2, 1.4, 1.2]
						},
						"3.0333": {
							"vector": [1.2, 1.4, 1.2]
						},
						"4.6667": {
							"vector": [1.2, 1.4, 1.2]
						},
						"5.1667": {
							"vector": [1, 1, 1]
						}
					}
				},
				"_camera_": {
					"rotation": {
						"0.0": {
							"vector": [0, 0, 0]
						},
						"0.1333": {
							"vector": [-0.01091, 1.24995, -0.50012]
						},
						"0.2833": {
							"vector": [-1.31346, 1.78854, -1.03401]
						},
						"0.4833": {
							"vector": [-3.43914, 2.08948, 0.95199],
							"easing": "easeInOutQuad"
						},
						"0.8333": {
							"vector": [-4.99004, 2.77768, -0.09243],
							"easing": "easeInOutSine"
						},
						"1.0667": {
							"vector": [-5.49004, 2.77768, -0.09243]
						},
						"1.7333": {
							"vector": [7.44976, 9.00685, -1.60374],
							"easing": "easeInSine"
						},
						"1.95": {
							"vector": [9.88265, 9.8236, -2.03661],
							"easing": "easeOutSine"
						},
						"2.25": {
							"vector": [10.3897, 9.84427, -1.20003],
							"easing": "easeOutSine"
						},
						"2.5667": {
							"vector": [9.96385, 7.66225, 1.88547],
							"easing": "easeInSine"
						},
						"2.7833": {
							"vector": [1.24375, 5.27922, 3.31414]
						},
						"2.9667": {
							"vector": [5.41765, 2.01024, 2.19487]
						},
						"3.2167": {
							"vector": [12.17135, -3.19168, -0.93824],
							"easing": "easeOutSine"
						},
						"3.5833": {
							"vector": [9.63273, -4.12615, 0.15611]
						},
						"4.3": {
							"vector": [5.12655, -3.80897, -0.98969],
							"easing": "easeInOutSine"
						},
						"4.5167": {
							"vector": [4.61883, -3.81704, -0.95786],
							"easing": "easeInOutSine"
						},
						"4.9667": {
							"vector": [2.5026, -0.00111, -0.00518],
							"easing": "easeInOutSine"
						},
						"5.1333": {
							"vector": [1.75872, -0.39593, -1.62595],
							"easing": "easeInOutSine"
						},
						"5.25": {
							"vector": [1.24924, -0.00333, 0.0435]
						},
						"5.35": {
							"vector": [0.44082, -0.01767, 1.01624]
						},
						"5.4833": {
							"vector": [0, 0, 0],
							"easing": "easeOutSine"
						}
					},
					"position": {
						"0.0": {
							"vector": [0, 0, 0]
						},
						"4.9667": {
							"vector": [0, 0, 0]
						}
					}
				}
			},
			"sound_effects": {
				"0.0": {
					"effect": "inspect_up"
				},
				"1.0667": {
					"effect": "inspect_foley"
				},
				"2.25": {
					"effect": "inspect_turn"
				},
				"2.6667": {
					"effect": "inspect_down"
				},
				"4.95": {
					"effect": "inspect_down"
				}
			}
		},
		"animation.model.reloadempty": {
			"loop": true,
			"animation_length": 3.1167,
			"bones": {
				"main": {
					"rotation": {
						"0.0": {
							"vector": [0, 0, 0]
						},
						"0.1": {
							"vector": [-1.24208, -1.32313, 1.65741]
						},
						"0.2333": {
							"vector": [-1.75212, -2.24741, -5.64199],
							"easing": "easeInOutSine"
						},
						"0.3333": {
							"vector": [-0.63281, -0.32629, -2.19253]
						},
						"0.4833": {
							"vector": [-3.1835, -2.8296, -7.36363],
							"easing": "easeInOutSine"
						},
						"0.5833": {
							"vector": [-3.34301, -1.89589, -3.57667]
						},
						"0.6667": {
							"vector": [-2.69843, -2.80265, -6.82696]
						},
						"0.7667": {
							"vector": [-1.94914, -4.25512, -17.83859]
						},
						"0.85": {
							"vector": [-4.25562, 3.61553, 9.92745]
						},
						"0.95": {
							"vector": [-7.50333, -0.55335, 0.29994]
						},
						"1.0833": {
							"vector": [-5.67611, 1.12341, 11.08507]
						},
						"1.35": {
							"vector": [-10.0679, -4.36363, -28.18553],
							"easing": "easeInOutSine"
						},
						"1.4667": {
							"vector": [-9.02684, -5.92475, -33.55275],
							"easing": "easeInSine"
						},
						"1.5333": {
							"vector": [-9.03251, -4.84006, -31.92006]
						},
						"1.6": {
							"vector": [-9.0826, -5.72135, -36.60945]
						},
						"1.7": {
							"vector": [-9.51186, -4.72318, -33.46657]
						},
						"1.8": {
							"vector": [-9.29813, -5.36195, -34.3779]
						},
						"2.0167": {
							"vector": [-10.93745, -0.08598, 8.1785],
							"easing": "easeInOutSine"
						},
						"2.1": {
							"vector": [-11.41578, -0.41651, 3.90943]
						},
						"2.15": {
							"vector": [-2.81749, 2.40879, 17.89284]
						},
						"2.25": {
							"vector": [-4.68951, -1.32474, 8.34575],
							"easing": "easeInOutSine"
						},
						"2.35": {
							"vector": [0.65264, -0.83561, 5.62956]
						},
						"2.5": {
							"vector": [1.57141, -1.85374, -1.9128],
							"easing": "easeOutSine"
						},
						"2.6": {
							"vector": [0.26634, -0.37706, 2.59555],
							"easing": "linear"
						},
						"2.6833": {
							"vector": [0, 0, -1],
							"easing": "linear"
						},
						"2.7833": {
							"vector": [0, 0, 0],
							"easing": "linear"
						}
					},
					"position": {
						"0.0": {
							"vector": [0, 0, 0]
						},
						"0.15": {
							"vector": [0, -0.85, 1.71],
							"easing": "easeInOutSine"
						},
						"0.25": {
							"vector": [0, 0, 2.45],
							"easing": "easeOutSine"
						},
						"0.3333": {
							"vector": [0.00192, 0.20004, 4.14945]
						},
						"0.4167": {
							"vector": [0.00319, -0.23634, 4.02]
						},
						"0.5": {
							"vector": [-0.00897, -0.00066, 4.0542]
						},
						"0.6": {
							"vector": [0.03677, 0.35422, 4.15981]
						},
						"0.6833": {
							"vector": [0.08, 0.555, 3.65]
						},
						"0.75": {
							"vector": [0.1, 1.85, 1.925]
						},
						"0.8833": {
							"vector": [0.1, -1.1, -0.175]
						},
						"0.9667": {
							"vector": [0.04, -1.53, -0.01]
						},
						"1.1167": {
							"vector": [-0.1, -0.9, 1.47]
						},
						"1.25": {
							"vector": [0.05214, -1.03484, 2.5491],
							"easing": "easeInOutSine"
						},
						"1.4": {
							"vector": [-0.23836, 0.20584, 2.66742]
						},
						"1.5333": {
							"vector": [-0.09759, 0.40784, 2.66473]
						},
						"1.6167": {
							"vector": [-0.33879, 1.14775, 2.73167]
						},
						"1.7": {
							"vector": [-0.26164, 0.37614, 2.71235]
						},
						"1.9833": {
							"vector": [-0.22, -3.235, 2.7],
							"easing": "easeInOutSine"
						},
						"2.1333": {
							"vector": [-0.21317, -3.15731, 2.9698]
						},
						"2.1833": {
							"vector": [-0.47021, -4.56805, 0.95543],
							"easing": "easeInOutSine"
						},
						"2.2833": {
							"vector": [-0.24462, -3.28435, -0.26532]
						},
						"2.3667": {
							"vector": [-0.06, -2.515, -2.87]
						},
						"2.5": {
							"vector": [0.05077, -1.45863, -3.79557],
							"easing": "easeInOutSine"
						},
						"2.6": {
							"vector": [-0.01609, -0.39395, 0.21284],
							"easing": "easeInOutSine"
						},
						"2.6833": {
							"vector": [0, 0, -0.125],
							"easing": "linear"
						},
						"2.7667": {
							"vector": [0, 0, 0],
							"easing": "linear"
						}
					}
				},
				"action": {
					"position": {
						"0.0": {
							"vector": [0, 0, 0]
						},
						"0.2333": {
							"vector": [0, 0, 0]
						},
						"0.3": {
							"vector": [0, 0, 4.9]
						},
						"2.1167": {
							"vector": [0, 0, 4.9]
						},
						"2.1333": {
							"vector": [0, 0, 0]
						}
					}
				},
				"bolt": {
					"rotation": {
						"0.0": {
							"vector": [0, 0, 0]
						},
						"0.2333": {
							"vector": [0, 0, 0]
						},
						"0.3": {
							"vector": [0, 0, 0]
						},
						"0.4": {
							"vector": [0, 0, 0]
						},
						"0.5": {
							"vector": [0, 0, -35]
						},
						"2.1": {
							"vector": [0, 0, -35]
						},
						"2.1167": {
							"vector": [0, 0, 0]
						},
						"2.1333": {
							"vector": [0, 0, 0]
						}
					},
					"position": {
						"0.0": {
							"vector": [0, 0, 0]
						},
						"0.2333": {
							"vector": [0, 0, 0]
						},
						"0.3": {
							"vector": [0, 0, 10.5]
						},
						"0.4": {
							"vector": [0, 0, 10.5]
						},
						"0.5": {
							"vector": [-0.2, 0.5, 10.5]
						},
						"2.1": {
							"vector": [-0.2, 0.5, 10.5]
						},
						"2.1167": {
							"vector": [0, 0, 10.375]
						},
						"2.1333": {
							"vector": [0, 0, 0]
						}
					}
				},
				"magazine": {
					"rotation": {
						"0.8167": {
							"vector": [0, 0, 0]
						},
						"0.8833": {
							"vector": [0, 0, 0]
						},
						"0.95": {
							"vector": [0, 0, 6]
						},
						"1.1833": {
							"vector": [0, 0, 6]
						},
						"1.2667": {
							"vector": [1.7136, 3.50454, -51.7803]
						},
						"1.35": {
							"vector": [6.52951, 1.71485, -14.65217]
						},
						"1.4167": {
							"vector": [0, 0, 2.25]
						},
						"1.45": {
							"vector": [0, 0, 0]
						},
						"1.5833": {
							"vector": [0, 0, 0]
						}
					},
					"position": {
						"0.8167": {
							"vector": [0, 0, 0]
						},
						"0.8833": {
							"vector": [0, -10, 0]
						},
						"0.95": {
							"vector": [-4.775, -29.35, 0]
						},
						"1.1833": {
							"vector": [-4.775, -29.35, 0]
						},
						"1.2667": {
							"vector": [14.25739, -16.29614, -0.19436]
						},
						"1.35": {
							"vector": [3.68707, -5.79444, 0.0674]
						},
						"1.4167": {
							"vector": [-0.37812, -5.34847, -1.20491]
						},
						"1.45": {
							"vector": [0, -4.65, -1.225]
						},
						"1.5167": {
							"vector": [0, -4.25, -1.145]
						},
						"1.5833": {
							"vector": [0, 0, 0]
						}
					}
				},
				"leftarm": {
					"rotation": {
						"0.0": {
							"vector": [0, 0, 0]
						},
						"0.1667": {
							"vector": [-4.25958, -15.27704, -0.31176]
						},
						"0.2333": {
							"vector": [-4.25958, -15.27704, -0.31176]
						},
						"0.3": {
							"vector": [-18.65778, -18.61587, -2.59555]
						},
						"0.4": {
							"vector": [-17.68876, -22.75167, -5.56833]
						},
						"0.5": {
							"vector": [-15.36655, -25.04902, -11.35634]
						},
						"0.5667": {
							"vector": [-15.36655, -25.04902, -11.35634]
						},
						"0.75": {
							"vector": [18.20913, 8.89081, -8.27636]
						},
						"0.8167": {
							"vector": [18.20913, 8.89081, -8.27636]
						},
						"1.1833": {
							"vector": [18.20913, 8.89081, -8.27636]
						},
						"1.35": {
							"vector": [4.85125, -1.23851, -3.53817]
						},
						"1.4167": {
							"vector": [4.84045, -3.13051, -2.32035]
						},
						"1.45": {
							"vector": [4.81221, -1.50563, 0.20175]
						},
						"1.5167": {
							"vector": [3.21933, -3.43166, 0.28598]
						},
						"1.5833": {
							"vector": [0.42193, -6.78398, 0.57377]
						},
						"1.6833": {
							"vector": [0.42193, -6.78398, 0.57377]
						},
						"2.0167": {
							"vector": [-49.15255, -3.77438, -4.28259]
						},
						"2.0833": {
							"vector": [-53.64313, -6.51999, -4.43816]
						},
						"2.1333": {
							"vector": [-34.14313, -6.51999, -4.43816]
						},
						"2.2": {
							"vector": [-47.47435, -2.8829, -0.57512]
						},
						"2.2833": {
							"vector": [-46.19421, -8.11354, -1.02677]
						},
						"2.3833": {
							"vector": [-46.21473, -6.12516, -0.81047]
						},
						"2.6333": {
							"vector": [0, 0, 0]
						}
					},
					"position": {
						"0.0": {
							"vector": [0, 0, 0]
						},
						"0.0833": {
							"vector": [5.79354, 0.33304, -3.18048]
						},
						"0.1667": {
							"vector": [3.00642, 0.35409, -3.89716]
						},
						"0.2333": {
							"vector": [3.03645, 0.42515, -3.79017]
						},
						"0.3": {
							"vector": [6.82489, -1.97844, -7.02792]
						},
						"0.4": {
							"vector": [6.91904, -1.89208, -0.05245]
						},
						"0.5": {
							"vector": [7.47043, -0.19414, 0.96336]
						},
						"0.5667": {
							"vector": [6.97043, 0.70586, 1.36336]
						},
						"0.75": {
							"vector": [9.26236, -17.45278, 27.42519]
						},
						"0.8167": {
							"vector": [9.26236, -17.45278, 27.42519]
						},
						"1.1833": {
							"vector": [9.26236, -17.45278, 27.42519]
						},
						"1.2667": {
							"vector": [18.44364, -28.15641, 8.79696]
						},
						"1.35": {
							"vector": [5.32813, -22.66286, 7.43322]
						},
						"1.4167": {
							"vector": [-1.52, -22.66, 7.43]
						},
						"1.45": {
							"vector": [-0.795, -22.21, 7.43]
						},
						"1.5167": {
							"vector": [-0.765, -22.66, 6.98]
						},
						"1.5833": {
							"vector": [-0.965, -20.13, 6.98]
						},
						"1.6833": {
							"vector": [-0.965, -20.13, 6.98]
						},
						"1.7667": {
							"vector": [7.22785, -30.18883, 11.08627]
						},
						"1.8667": {
							"vector": [12.29121, -19.52589, 12.6979]
						},
						"2.0167": {
							"vector": [9.53653, 5.5279, 10.53557]
						},
						"2.0833": {
							"vector": [9.11432, 7.22712, 13.15363]
						},
						"2.1333": {
							"vector": [9.77703, 3.17826, -1.55833]
						},
						"2.2": {
							"vector": [9.78683, 4.0433, 2.90734]
						},
						"2.2833": {
							"vector": [9.69215, 3.13724, 3.08258]
						},
						"2.35": {
							"vector": [9.76226, 1.04298, 5.33368]
						},
						"2.5": {
							"vector": [11.08172, -13.32947, 1.4022]
						},
						"2.6333": {
							"vector": [0, 0, 0]
						}
					},
					"scale": {
						"0.0": {
							"vector": [1, 1, 1]
						},
						"0.1667": {
							"vector": [1.1, 1.2, 1.1]
						},
						"0.5667": {
							"vector": [1.1, 1.2, 1.1]
						},
						"2.3833": {
							"vector": [1, 1.1, 1]
						},
						"2.6333": {
							"vector": [1, 1, 1]
						}
					}
				},
				"_camera_": {
					"rotation": {
						"0.0": {
							"vector": [0, 0, 0]
						},
						"0.15": {
							"vector": [0.51091, 0.6249, 0.50012],
							"easing": "easeInOutSine"
						},
						"0.2333": {
							"vector": [0.02182, 0.74981, 1.00005],
							"easing": "easeInOutSine"
						},
						"0.3167": {
							"vector": [0.12246, 1.25413, -0.75017]
						},
						"0.4167": {
							"vector": [0.27182, 1.24981, 1.00024]
						},
						"0.5333": {
							"vector": [0.0909, 1.25159, 0]
						},
						"0.6": {
							"vector": [0, 1.25, 0]
						},
						"0.75": {
							"vector": [-0.50109, 0.75013, -0.7501]
						},
						"0.8333": {
							"vector": [0.30427, 1.13389, 2.0027]
						},
						"0.95": {
							"vector": [0.49733, 0.56682, -1.25007]
						},
						"1.1333": {
							"vector": [0.01636, 0.24978, 1.24989]
						},
						"1.2667": {
							"vector": [1.10478, 0.58273, 0.79609]
						},
						"1.45": {
							"vector": [0.762, 0.98336, 0.25003],
							"easing": "easeInOutSine"
						},
						"1.5667": {
							"vector": [0.77481, 0.97331, 1.00007]
						},
						"1.65": {
							"vector": [0.97707, 1.01808, -1.74997]
						},
						"1.8": {
							"vector": [0.79167, 0.95964, 2.00012],
							"easing": "easeInOutSine"
						},
						"1.9333": {
							"vector": [0.92473, 0.73553, 1.17342]
						},
						"2.1": {
							"vector": [0.01191, 0.48341, 0.24338]
						},
						"2.15": {
							"vector": [0.5372, 0.48212, 3.24349]
						},
						"2.25": {
							"vector": [0.00156, 0.48346, -0.98393]
						},
						"2.3833": {
							"vector": [0.02035, 0.48313, 1.24342]
						},
						"2.5167": {
							"vector": [0.25406, 0.35152, -0.84607]
						},
						"2.7167": {
							"vector": [0, 0, 0],
							"easing": "easeInOutSine"
						}
					}
				},
				"piece": {
					"position": {
						"0.0": {
							"vector": [0, 0, 0]
						},
						"0.8167": {
							"vector": [0, 0, 0]
						},
						"0.8667": {
							"vector": [0.4, 0, 0]
						},
						"0.9167": {
							"vector": [0, 0, 0]
						},
						"1.0333": {
							"vector": [0.15, 0, 0]
						},
						"1.1833": {
							"vector": [0, 0, 0]
						},
						"1.3333": {
							"vector": [0.2, 0, 0]
						},
						"1.55": {
							"vector": [0.15, 0, 0]
						},
						"1.6333": {
							"vector": [0.45, 0, 0]
						},
						"1.7": {
							"vector": [-0.05, 0, 0]
						},
						"1.7667": {
							"vector": [0, 0, 0]
						}
					}
				},
				"charger": {
					"rotation": {
						"0.0": {
							"vector": [0, 0, 0]
						},
						"0.2833": {
							"vector": [0, 0, 0]
						},
						"0.35": {
							"vector": [0, 0, 0]
						},
						"0.45": {
							"vector": [0, 0, 0]
						},
						"0.55": {
							"vector": [0, 0, -35]
						},
						"2.1333": {
							"vector": [0, 0, -35]
						},
						"2.15": {
							"vector": [0, 0, 0]
						},
						"2.1667": {
							"vector": [0, 0, 0]
						}
					},
					"position": {
						"0.0": {
							"vector": [0, 0, 0]
						},
						"0.2833": {
							"vector": [0, 0, 0]
						},
						"0.35": {
							"vector": [0, 0, 9.5]
						},
						"0.45": {
							"vector": [0, 0, 9.5]
						},
						"0.55": {
							"vector": [-0.2, 0.2, 9.6]
						},
						"2.1333": {
							"vector": [-0.2, 0.2, 9.6]
						},
						"2.15": {
							"vector": [0, 0, 9.575]
						},
						"2.1667": {
							"vector": [0, 0, 0]
						}
					}
				}
			},
			"sound_effects": {
				"0.15": {
					"effect": "mp5_actionback"
				},
				"0.3333": {
					"effect": "mp5_actionup"
				},
				"0.5": {
					"effect": "mp5_magout"
				},
				"1.1": {
					"effect": "mp5_magin"
				},
				"2.05": {
					"effect": "mp5_actionslap"
				},
				"2.1833": {
					"effect": "foley_end"
				}
			}
		},
		"animation.model.reload": {
			"loop": true,
			"animation_length": 2.3333,
			"bones": {
				"main": {
					"rotation": {
						"0.0": {
							"vector": [0, 0, 0]
						},
						"0.1167": {
							"vector": [-2.69843, -2.80265, -6.82696],
							"easing": "easeInOutSine"
						},
						"0.2167": {
							"vector": [-1.94914, -4.25512, -17.83859]
						},
						"0.3": {
							"vector": [-4.25562, 3.61553, 9.92745]
						},
						"0.4": {
							"vector": [-7.50333, -0.55335, 0.29994]
						},
						"0.5333": {
							"vector": [-5.67611, 1.12341, 11.08507]
						},
						"0.8": {
							"vector": [-9.16813, -6.03861, -38.08548],
							"easing": "easeInOutSine"
						},
						"0.9167": {
							"vector": [-8.59508, -6.53769, -37.52903],
							"easing": "easeInSine"
						},
						"0.9833": {
							"vector": [-9.17463, -4.56316, -30.18627]
						},
						"1.05": {
							"vector": [-9.0826, -5.72135, -36.60945]
						},
						"1.15": {
							"vector": [-9.51186, -4.72318, -33.46657]
						},
						"1.25": {
							"vector": [-9.29813, -5.36195, -34.3779]
						},
						"1.5": {
							"vector": [1.57141, -1.85374, -1.9128],
							"easing": "easeInOutSine"
						},
						"1.6": {
							"vector": [0.26634, -0.37706, 2.59555],
							"easing": "linear"
						},
						"1.6833": {
							"vector": [0, 0, -1],
							"easing": "linear"
						},
						"1.7833": {
							"vector": [0, 0, 0],
							"easing": "linear"
						}
					},
					"position": {
						"0.0": {
							"vector": [0, 0, 0]
						},
						"0.1333": {
							"vector": [0.08, 0.555, 0.65],
							"easing": "easeInOutSine"
						},
						"0.2": {
							"vector": [0.1, 1.85, -0.075]
						},
						"0.3333": {
							"vector": [0.1, -1.1, -0.175]
						},
						"0.4167": {
							"vector": [0.04, -1.53, -0.01]
						},
						"0.5667": {
							"vector": [-0.1, -0.9, 1.47]
						},
						"0.7": {
							"vector": [0.05214, -1.03484, 2.5491],
							"easing": "easeInOutSine"
						},
						"0.85": {
							"vector": [-0.23836, 0.20584, 2.66742]
						},
						"1.0": {
							"vector": [-0.09759, 0.40784, 2.66473]
						},
						"1.0667": {
							"vector": [-0.14576, 0.8914, 2.68021]
						},
						"1.15": {
							"vector": [-0.26164, 0.37614, 2.71235]
						},
						"1.2833": {
							"vector": [-0.14, -3.32, -0.87]
						},
						"1.5": {
							"vector": [0.05077, -1.45863, -3.79557],
							"easing": "easeInOutSine"
						},
						"1.6": {
							"vector": [-0.01609, -0.39395, 0.21284],
							"easing": "easeInOutSine"
						},
						"1.6833": {
							"vector": [0, 0, -0.125],
							"easing": "linear"
						},
						"1.7667": {
							"vector": [0, 0, 0],
							"easing": "linear"
						}
					}
				},
				"magazine": {
					"rotation": {
						"0.2667": {
							"vector": [0, 0, 0]
						},
						"0.3333": {
							"vector": [0, 0, 0]
						},
						"0.4": {
							"vector": [0, 0, 6]
						},
						"0.6333": {
							"vector": [0, 0, 6]
						},
						"0.7167": {
							"vector": [1.7136, 3.50454, -51.7803]
						},
						"0.8": {
							"vector": [6.52951, 1.71485, -14.65217]
						},
						"0.8667": {
							"vector": [0, 0, 2.25]
						},
						"0.9": {
							"vector": [0, 0, 0]
						},
						"1.0333": {
							"vector": [0, 0, 0]
						}
					},
					"position": {
						"0.2667": {
							"vector": [0, 0, 0]
						},
						"0.3333": {
							"vector": [0, -10, 0]
						},
						"0.4": {
							"vector": [-4.775, -29.35, 0]
						},
						"0.6333": {
							"vector": [-4.775, -29.35, 0]
						},
						"0.7167": {
							"vector": [14.25739, -16.29614, -0.19436]
						},
						"0.8": {
							"vector": [3.68707, -5.79444, 0.0674]
						},
						"0.8667": {
							"vector": [-0.37812, -5.34847, -1.20491]
						},
						"0.9": {
							"vector": [0, -4.65, -1.225]
						},
						"0.9667": {
							"vector": [0, -4.25, -1.145]
						},
						"1.0333": {
							"vector": [0, 0, 0]
						}
					}
				},
				"leftarm": {
					"rotation": {
						"0.0": {
							"vector": [0, 0, 0]
						},
						"0.2": {
							"vector": [18.20913, 8.89081, -8.27636]
						},
						"0.2667": {
							"vector": [18.20913, 8.89081, -8.27636]
						},
						"0.6333": {
							"vector": [18.20913, 8.89081, -8.27636]
						},
						"0.8": {
							"vector": [4.85125, -1.23851, -3.53817]
						},
						"0.8667": {
							"vector": [4.84045, -3.13051, -2.32035]
						},
						"0.9": {
							"vector": [4.81221, -1.50563, 0.20175]
						},
						"0.9667": {
							"vector": [3.21933, -3.43166, 0.28598]
						},
						"1.0333": {
							"vector": [0.42193, -6.78398, 0.57377]
						},
						"1.1333": {
							"vector": [0.42193, -6.78398, 0.57377]
						},
						"1.4667": {
							"vector": [0, 0, 0]
						}
					},
					"position": {
						"0.0": {
							"vector": [0, 0, 0]
						},
						"0.2": {
							"vector": [9.26236, -17.45278, 27.42519]
						},
						"0.2667": {
							"vector": [9.26236, -17.45278, 27.42519]
						},
						"0.6333": {
							"vector": [9.26236, -17.45278, 27.42519]
						},
						"0.7167": {
							"vector": [18.44364, -28.15641, 8.79696]
						},
						"0.8": {
							"vector": [5.32813, -22.66286, 7.43322]
						},
						"0.8667": {
							"vector": [-1.52, -22.66, 7.43]
						},
						"0.9": {
							"vector": [-0.795, -22.21, 7.43]
						},
						"0.9667": {
							"vector": [-0.765, -22.66, 6.98]
						},
						"1.0333": {
							"vector": [-0.965, -20.13, 6.98]
						},
						"1.1333": {
							"vector": [-0.965, -20.13, 6.98]
						},
						"1.2167": {
							"vector": [7.22785, -30.18883, 11.08627]
						},
						"1.4667": {
							"vector": [0, 0, 0]
						}
					},
					"scale": {
						"0.0": {
							"vector": [1, 1, 1]
						},
						"1.4667": {
							"vector": [1, 1, 1]
						}
					}
				},
				"_camera_": {
					"rotation": {
						"0.0": {
							"vector": [0, 0, 0]
						},
						"0.2": {
							"vector": [-0.50109, 0.75013, -0.7501],
							"easing": "easeInOutSine"
						},
						"0.2833": {
							"vector": [0.30427, 1.13389, 2.0027]
						},
						"0.4": {
							"vector": [0.49733, 0.56682, -1.25007]
						},
						"0.5833": {
							"vector": [0.01636, 0.24978, 1.24989]
						},
						"0.7167": {
							"vector": [1.10478, 0.58273, 0.79609]
						},
						"0.9": {
							"vector": [0.762, 0.98336, 0.25003],
							"easing": "easeInOutSine"
						},
						"1.0167": {
							"vector": [0.77481, 0.97331, 1.00007]
						},
						"1.1": {
							"vector": [0.97707, 1.01808, -1.74997]
						},
						"1.25": {
							"vector": [0.79167, 0.95964, 2.00012],
							"easing": "easeInOutSine"
						},
						"1.4833": {
							"vector": [0.24944, 0.35481, -1.59608]
						},
						"1.6833": {
							"vector": [0, 0, 0],
							"easing": "easeInOutSine"
						}
					}
				},
				"piece": {
					"position": {
						"0.0": {
							"vector": [0, 0, 0]
						},
						"0.2667": {
							"vector": [0, 0, 0]
						},
						"0.3167": {
							"vector": [0.4, 0, 0]
						},
						"0.3667": {
							"vector": [0, 0, 0]
						},
						"0.4833": {
							"vector": [0.15, 0, 0]
						},
						"0.6333": {
							"vector": [0, 0, 0]
						},
						"0.7833": {
							"vector": [0.2, 0, 0]
						},
						"1.0": {
							"vector": [0.15, 0, 0]
						},
						"1.0833": {
							"vector": [0.45, 0, 0]
						},
						"1.15": {
							"vector": [-0.05, 0, 0]
						},
						"1.2167": {
							"vector": [0, 0, 0]
						}
					}
				}
			},
			"sound_effects": {
				"0.0": {
					"effect": "mp5_magout"
				},
				"0.6": {
					"effect": "mp5_magin"
				},
				"1.1333": {
					"effect": "foley_end"
				}
			}
		}
	},
	"geckolib_format_version": 2
}