{
	"format_version": "1.12.0",
	"minecraft:geometry": [
		{
			"description": {
				"identifier": "geometry.unknown",
				"texture_width": 64,
				"texture_height": 64,
				"visible_bounds_width": 2,
				"visible_bounds_height": 1.5,
				"visible_bounds_offset": [0, 0.25, 0]
			},
			"bones": [
				{
					"name": "bow",
					"pivot": [8, 0, 0],
					"rotation": [0, 90, 0],
					"cubes": [
						{
							"origin": [7.75, -0.25, -14.5],
							"size": [0.5, 0.5, 25.75],
							"uv": {
								"north": {"uv": [13, 10], "uv_size": [1, 1]},
								"east": {"uv": [0, 0], "uv_size": [26, 1]},
								"south": {"uv": [12, 13], "uv_size": [1, 1]},
								"west": {"uv": [0, 1], "uv_size": [26, 1]},
								"up": {"uv": [0, 2], "uv_size": [1, 26]},
								"down": {"uv": [1, 28], "uv_size": [1, -26]}
							}
						},
						{
							"origin": [7.75, 0.8125, -14.625],
							"size": [0.5, 0.5, 3],
							"pivot": [8, 1.0625, -9.125],
							"rotation": [11, 0, 0],
							"uv": {
								"north": {"uv": [14, 3], "uv_size": [1, 1]},
								"east": {"uv": [8, 6], "uv_size": [3, 1]},
								"south": {"uv": [14, 4], "uv_size": [1, 1]},
								"west": {"uv": [8, 7], "uv_size": [3, 1]},
								"up": {"uv": [8, 8], "uv_size": [1, 3]},
								"down": {"uv": [9, 11], "uv_size": [1, -3]}
							}
						},
						{
							"origin": [7.75, -1.3125, -14.625],
							"size": [0.5, 0.5, 3],
							"pivot": [8, -1.0625, -9.125],
							"rotation": [-11, 0, 0],
							"uv": {
								"north": {"uv": [5, 14], "uv_size": [1, 1]},
								"east": {"uv": [10, 2], "uv_size": [3, 1]},
								"south": {"uv": [14, 5], "uv_size": [1, 1]},
								"west": {"uv": [10, 3], "uv_size": [3, 1]},
								"up": {"uv": [4, 10], "uv_size": [1, 3]},
								"down": {"uv": [5, 13], "uv_size": [1, -3]}
							}
						},
						{
							"origin": [7.75, 0.04377, -14.49441],
							"size": [0.5, 0.5, 3],
							"pivot": [8, 0, -13.05151],
							"rotation": [11, 0, -90],
							"uv": {
								"north": {"uv": [8, 14], "uv_size": [1, 1]},
								"east": {"uv": [10, 10], "uv_size": [3, 1]},
								"south": {"uv": [14, 8], "uv_size": [1, 1]},
								"west": {"uv": [11, 6], "uv_size": [3, 1]},
								"up": {"uv": [8, 11], "uv_size": [1, 3]},
								"down": {"uv": [9, 14], "uv_size": [1, -3]}
							}
						},
						{
							"origin": [7.75, -0.54377, -14.49441],
							"size": [0.5, 0.5, 3],
							"pivot": [8, 0, -13.05151],
							"rotation": [-11, 0, -90],
							"uv": {
								"north": {"uv": [6, 14], "uv_size": [1, 1]},
								"east": {"uv": [10, 8], "uv_size": [3, 1]},
								"south": {"uv": [14, 6], "uv_size": [1, 1]},
								"west": {"uv": [10, 9], "uv_size": [3, 1]},
								"up": {"uv": [6, 10], "uv_size": [1, 3]},
								"down": {"uv": [7, 13], "uv_size": [1, -3]}
							}
						},
						{
							"origin": [7.8125, 0.18118, 3.95093],
							"size": [0.375, 1.25, 4],
							"pivot": [8, 0.87692, 7.61562],
							"rotation": [6, 0, 0],
							"uv": {
								"north": {"uv": [13, 13], "uv_size": [1, 1]},
								"east": {"uv": [2, 2], "uv_size": [4, 1]},
								"south": {"uv": [2, 14], "uv_size": [1, 1]},
								"west": {"uv": [2, 3], "uv_size": [4, 1]},
								"up": {"uv": [2, 4], "uv_size": [1, 4]},
								"down": {"uv": [3, 8], "uv_size": [1, -4]}
							}
						},
						{
							"origin": [7.8125, 0.25636, 7.76874],
							"size": [0.375, 1.25, 1.5],
							"inflate": 0.01,
							"pivot": [8, 0.87692, 7.61562],
							"rotation": [-11.5, 0, 0],
							"uv": {
								"north": {"uv": [14, 2], "uv_size": [1, 1]},
								"east": {"uv": [11, 7], "uv_size": [2, 1]},
								"south": {"uv": [3, 14], "uv_size": [1, 1]},
								"west": {"uv": [10, 11], "uv_size": [2, 1]},
								"up": {"uv": [2, 12], "uv_size": [1, 2]},
								"down": {"uv": [3, 14], "uv_size": [1, -2]}
							}
						},
						{
							"origin": [7.8125, -1.43118, 3.95093],
							"size": [0.375, 1.25, 4],
							"pivot": [8, -0.87692, 7.61562],
							"rotation": [-6, 0, 0],
							"uv": {
								"north": {"uv": [10, 14], "uv_size": [1, 1]},
								"east": {"uv": [4, 4], "uv_size": [4, 1]},
								"south": {"uv": [14, 10], "uv_size": [1, 1]},
								"west": {"uv": [4, 5], "uv_size": [4, 1]},
								"up": {"uv": [4, 6], "uv_size": [1, 4]},
								"down": {"uv": [5, 10], "uv_size": [1, -4]}
							}
						},
						{
							"origin": [7.8125, -1.50636, 7.76874],
							"size": [0.375, 1.25, 1.5],
							"inflate": 0.01,
							"pivot": [8, -0.87692, 7.61562],
							"rotation": [11.5, 0, 0],
							"uv": {
								"north": {"uv": [9, 14], "uv_size": [1, 1]},
								"east": {"uv": [12, 4], "uv_size": [2, 1]},
								"south": {"uv": [14, 9], "uv_size": [1, 1]},
								"west": {"uv": [12, 5], "uv_size": [2, 1]},
								"up": {"uv": [10, 12], "uv_size": [1, 2]},
								"down": {"uv": [11, 14], "uv_size": [1, -2]}
							}
						},
						{
							"origin": [8.3125, -0.43776, 7.71238],
							"size": [0.375, 1.25, 1.5],
							"inflate": 0.01,
							"pivot": [8.5, 0, 8.55134],
							"rotation": [-11.5, 0, 90],
							"uv": {
								"north": {"uv": [14, 14], "uv_size": [1, 1]},
								"east": {"uv": [5, 13], "uv_size": [2, 1]},
								"south": {"uv": [2, 15], "uv_size": [1, 1]},
								"west": {"uv": [13, 7], "uv_size": [2, 1]},
								"up": {"uv": [7, 13], "uv_size": [1, 2]},
								"down": {"uv": [13, 10], "uv_size": [1, -2]}
							}
						},
						{
							"origin": [8.3125, -0.34649, 3.98899],
							"size": [0.375, 1.25, 4],
							"pivot": [8.5, 0, 7.37064],
							"rotation": [6, 0, 90],
							"uv": {
								"north": {"uv": [11, 14], "uv_size": [1, 1]},
								"east": {"uv": [6, 2], "uv_size": [4, 1]},
								"south": {"uv": [14, 11], "uv_size": [1, 1]},
								"west": {"uv": [6, 3], "uv_size": [4, 1]},
								"up": {"uv": [6, 6], "uv_size": [1, 4]},
								"down": {"uv": [7, 10], "uv_size": [1, -4]}
							}
						},
						{
							"origin": [7.3125, -0.43776, 7.71238],
							"size": [0.375, 1.25, 1.5],
							"inflate": 0.01,
							"pivot": [7.5, 0, 8.55134],
							"rotation": [-11.5, 0, -90],
							"uv": {
								"north": {"uv": [15, 14], "uv_size": [-1, 1]},
								"east": {"uv": [15, 7], "uv_size": [-2, 1]},
								"south": {"uv": [3, 15], "uv_size": [-1, 1]},
								"west": {"uv": [7, 13], "uv_size": [-2, 1]},
								"up": {"uv": [8, 13], "uv_size": [-1, 2]},
								"down": {"uv": [14, 10], "uv_size": [-1, -2]}
							}
						},
						{
							"origin": [7.3125, -0.34649, 3.98899],
							"size": [0.375, 1.25, 4],
							"pivot": [7.5, 0, 7.37064],
							"rotation": [6, 0, -90],
							"uv": {
								"north": {"uv": [12, 14], "uv_size": [-1, 1]},
								"east": {"uv": [10, 3], "uv_size": [-4, 1]},
								"south": {"uv": [15, 11], "uv_size": [-1, 1]},
								"west": {"uv": [10, 2], "uv_size": [-4, 1]},
								"up": {"uv": [7, 6], "uv_size": [-1, 4]},
								"down": {"uv": [8, 10], "uv_size": [-1, -4]}
							}
						}
					]
				},
				{
					"name": "crossbow",
					"pivot": [8, 0, 0],
					"rotation": [0, 90, 0],
					"cubes": [
						{
							"origin": [7.75, -0.25, -14.5],
							"size": [0.5, 0.5, 21.75],
							"uv": {
								"north": {"uv": [54, 14], "uv_size": [1, 1]},
								"east": {"uv": [32, 0], "uv_size": [22, 1]},
								"south": {"uv": [55, 12], "uv_size": [1, 1]},
								"west": {"uv": [32, 2], "uv_size": [22, 1]},
								"up": {"uv": [32, 4], "uv_size": [1, 22]},
								"down": {"uv": [34, 26], "uv_size": [1, -22]}
							}
						},
						{
							"origin": [7.75391, 0.8125, -14.625],
							"size": [0.49219, 0.5, 2.5],
							"pivot": [8, 1.0625, -9.125],
							"rotation": [11, 0, 0],
							"uv": {
								"north": {"uv": [45, 23], "uv_size": [1, 1]},
								"east": {"uv": [39, 4], "uv_size": [3, 1]},
								"south": {"uv": [47, 23], "uv_size": [1, 1]},
								"west": {"uv": [39, 6], "uv_size": [3, 1]},
								"up": {"uv": [39, 8], "uv_size": [1, 3]},
								"down": {"uv": [41, 11], "uv_size": [1, -3]}
							}
						},
						{
							"origin": [7.75, -0.54377, -12.25913],
							"size": [0.5, 0.5, 2.5],
							"pivot": [8, 0, -11.20203],
							"rotation": [11, 0, -90],
							"uv": {
								"north": {"uv": [42, 25], "uv_size": [1, 1]},
								"east": {"uv": [49, 4], "uv_size": [3, 1]},
								"south": {"uv": [57, 11], "uv_size": [1, 1]},
								"west": {"uv": [49, 6], "uv_size": [3, 1]},
								"up": {"uv": [36, 18], "uv_size": [1, 3]},
								"down": {"uv": [42, 21], "uv_size": [1, -3]}
							}
						},
						{
							"origin": [7.75, -1.3125, -12.12854],
							"size": [0.5, 0.5, 2.5],
							"pivot": [8, -1.0625, -15.12854],
							"rotation": [11, 0, 0],
							"uv": {
								"north": {"uv": [57, 6], "uv_size": [1, 1]},
								"east": {"uv": [42, 16], "uv_size": [3, 1]},
								"south": {"uv": [40, 25], "uv_size": [1, 1]},
								"west": {"uv": [48, 12], "uv_size": [3, 1]},
								"up": {"uv": [46, 16], "uv_size": [1, 3]},
								"down": {"uv": [48, 17], "uv_size": [1, -3]}
							}
						},
						{
							"origin": [7.75, 0.04377, -12.25913],
							"size": [0.5, 0.5, 2.5],
							"pivot": [8, 0, -11.20203],
							"rotation": [-11, 0, -90],
							"uv": {
								"north": {"uv": [36, 25], "uv_size": [1, 1]},
								"east": {"uv": [47, 8], "uv_size": [3, 1]},
								"south": {"uv": [57, 4], "uv_size": [1, 1]},
								"west": {"uv": [47, 10], "uv_size": [3, 1]},
								"up": {"uv": [38, 16], "uv_size": [1, 3]},
								"down": {"uv": [40, 19], "uv_size": [1, -3]}
							}
						},
						{
							"origin": [7.75, 0.8125, -12.12854],
							"size": [0.5, 0.5, 2.5],
							"pivot": [8, 1.0625, -15.12854],
							"rotation": [-11, 0, 0],
							"uv": {
								"north": {"uv": [57, 0], "uv_size": [1, 1]},
								"east": {"uv": [38, 14], "uv_size": [3, 1]},
								"south": {"uv": [57, 2], "uv_size": [1, 1]},
								"west": {"uv": [42, 14], "uv_size": [3, 1]},
								"up": {"uv": [46, 12], "uv_size": [1, 3]},
								"down": {"uv": [47, 7], "uv_size": [1, -3]}
							}
						},
						{
							"origin": [7.75391, -1.3125, -14.625],
							"size": [0.49219, 0.5, 2.5],
							"pivot": [8, -1.0625, -9.125],
							"rotation": [-11, 0, 0],
							"uv": {
								"north": {"uv": [55, 18], "uv_size": [1, 1]},
								"east": {"uv": [43, 4], "uv_size": [3, 1]},
								"south": {"uv": [52, 23], "uv_size": [1, 1]},
								"west": {"uv": [43, 6], "uv_size": [3, 1]},
								"up": {"uv": [36, 10], "uv_size": [1, 3]},
								"down": {"uv": [43, 11], "uv_size": [1, -3]}
							}
						},
						{
							"origin": [7.75, 0.04377, -14.49441],
							"size": [0.5, 0.5, 2.5],
							"pivot": [8, 0, -13.05151],
							"rotation": [11, 0, -90],
							"uv": {
								"north": {"uv": [55, 20], "uv_size": [1, 1]},
								"east": {"uv": [50, 16], "uv_size": [2, 1]},
								"south": {"uv": [54, 23], "uv_size": [1, 1]},
								"west": {"uv": [38, 20], "uv_size": [2, 1]},
								"up": {"uv": [46, 20], "uv_size": [1, 2]},
								"down": {"uv": [48, 22], "uv_size": [1, -2]}
							}
						},
						{
							"origin": [7.75, -0.54377, -14.49441],
							"size": [0.5, 0.5, 2.5],
							"pivot": [8, 0, -13.05151],
							"rotation": [-11, 0, -90],
							"uv": {
								"north": {"uv": [38, 24], "uv_size": [1, 1]},
								"east": {"uv": [52, 12], "uv_size": [2, 1]},
								"south": {"uv": [56, 9], "uv_size": [1, 1]},
								"west": {"uv": [50, 20], "uv_size": [2, 1]},
								"up": {"uv": [53, 4], "uv_size": [1, 2]},
								"down": {"uv": [53, 9], "uv_size": [1, -2]}
							}
						},
						{
							"origin": [8.49259, -0.44776, 3.37707],
							"size": [0.37891, 1.25, 1.5],
							"inflate": 0.01,
							"pivot": [8.68399, -0.01, 4.21603],
							"rotation": [-11.5, 0, 90],
							"uv": {
								"north": {"uv": [56, 14], "uv_size": [1, 1]},
								"east": {"uv": [52, 18], "uv_size": [2, 1]},
								"south": {"uv": [56, 16], "uv_size": [1, 1]},
								"west": {"uv": [53, 10], "uv_size": [2, 1]},
								"up": {"uv": [53, 20], "uv_size": [1, 2]},
								"down": {"uv": [36, 24], "uv_size": [1, -2]}
							}
						},
						{
							"origin": [8.5004, -1.55635, 2.11822],
							"size": [0.33984, 1.73516, 2.0375],
							"inflate": 0.01,
							"pivot": [8.68399, -0.01, 4.24468],
							"rotation": [0, 0, 90],
							"uv": {
								"north": {"uv": [50, 22], "uv_size": [1, 2]},
								"east": {"uv": [36, 4], "uv_size": [2, 2]},
								"south": {"uv": [55, 0], "uv_size": [1, 2]},
								"west": {"uv": [36, 7], "uv_size": [2, 2]},
								"up": {"uv": [55, 3], "uv_size": [1, 2]},
								"down": {"uv": [55, 8], "uv_size": [1, -2]}
							}
						},
						{
							"origin": [7.17994, -0.025, 0.96745],
							"size": [0.375, 0.65, 3],
							"pivot": [7.36744, 0, 2.96745],
							"rotation": [28.5, 0, -90],
							"uv": {
								"north": {"uv": [48, 25], "uv_size": [1, 1]},
								"east": {"uv": [50, 14], "uv_size": [3, 1]},
								"south": {"uv": [50, 25], "uv_size": [1, 1]},
								"west": {"uv": [48, 18], "uv_size": [3, 1]},
								"up": {"uv": [44, 18], "uv_size": [1, 3]},
								"down": {"uv": [51, 11], "uv_size": [1, -3]}
							}
						},
						{
							"origin": [7.12851, -0.44776, 3.37707],
							"size": [0.37891, 1.25, 1.5],
							"inflate": 0.01,
							"pivot": [7.31601, -0.01, 4.21603],
							"rotation": [-11.5, 0, -90],
							"uv": {
								"north": {"uv": [44, 25], "uv_size": [1, 1]},
								"east": {"uv": [53, 16], "uv_size": [2, 1]},
								"south": {"uv": [46, 25], "uv_size": [1, 1]},
								"west": {"uv": [38, 22], "uv_size": [2, 1]},
								"up": {"uv": [41, 22], "uv_size": [1, 2]},
								"down": {"uv": [43, 24], "uv_size": [1, -2]}
							}
						},
						{
							"origin": [8.44506, -0.025, 0.96745],
							"size": [0.375, 0.65, 3],
							"pivot": [8.63256, 0, 2.96745],
							"rotation": [28.5, 0, 90],
							"uv": {
								"north": {"uv": [56, 22], "uv_size": [1, 1]},
								"east": {"uv": [38, 12], "uv_size": [3, 1]},
								"south": {"uv": [56, 24], "uv_size": [1, 1]},
								"west": {"uv": [42, 12], "uv_size": [3, 1]},
								"up": {"uv": [45, 8], "uv_size": [1, 3]},
								"down": {"uv": [36, 17], "uv_size": [1, -3]}
							}
						}
					]
				}
			]
		}
	]
}