{
  "type": "pointblank:default",
  "ingredients": [
    {
      "count": 50,
      "item": "pointblank:doom_argent_ingot"
    },
    {
      "count": 23,
      "item": "pointblank:guninternals"
    },
    {
      "count": 2,
      "item": "pointblank:processor"
    },
    {
      "count": 5,
      "item": "minecraft:diamond"
    },
    {
      "count": 50,
      "tag": "forge:ingots/copper"
    },
    {
      "count": 30,
      "item": "minecraft:redstone"
    }
  ],
  "result": {
    "item": "pointblank:doom_plasmachaingun"
  }
}