{
  "name" : "doom_heavycannon",
  "type": "Gun",
  "maxAmmoCapacity" : 80,
  "compatibleAmmo" : ["ammocreative", "doom_50calrifle"],
  "damage" : 7.0,
  "rpm" : 500,
  "fireModes" : ["AUTOMATIC"],
  "fireSound" : "heavycannon",
  "drawCooldownDuration" : 650,
  "aimingZoom" : 0.3,
  "gunRecoilInitialAmplitude" : 0.7,
  "shakeRecoilAmplitude" : 0.35,
  "shakeRecoilSpeed" : 2,
  "viewRecoilAmplitude" : 2,
  "inspectCooldownDuration": 3780,
  "muzzleFlashScale" : 1.5,

  "bobbing": 0.7,
  "bobbingOnAim": 0.25,  

  "phasedReloads": [
    {
      "phase": "RELOADING",
      "condition": "reloadIterationIndex == 0",
      "duration": 1730,
      "animation": "animation.model.reloadempty"
    },
    {
      "phase": "RELOADING",
      "condition": "reloadIterationIndex > 0",
      "duration": 1470,
      "animation": "animation.model.reload"
    }
  ],
  "effects": [
  	{ 
		"phase": "hit_scan_acquired",
		"name": "tracerminigun"
  	},
        { 
		"phase": "firing",
		"name": "muzzle_flash_big"
  	}
  ]
}