{
  "name": "doom_combatshotgun",
  "type": "Gun",
  "maxAmmoCapacity": 8,
  "maxAmmoPerReloadIteration": 1,
  "compatibleAmmo": [
    "ammocreative",
    "ammo12gauge"
  ],
  "pelletCount": 30,
  "pelletSpread": 0.1,
  "damage": 3.5,
  "rpm": 110,
  "fireModes": [
    "SINGLE"
  ],
  "drawCooldownDuration": 600,
  "aimingZoom": 0.3,
  "gunRecoilInitialAmplitude": 0.8,
  "shakeRecoilAmplitude": 0.65,
  "shakeRecoilSpeed": 3.5,
  "viewRecoilAmplitude": 3,
  "inspectCooldownDuration": 3700,
  "aimingEnabled": false,
  "muzzleFlashScale": 1.5,
  "compatibleAttachments": [
    "doom_launcher"
  ],
  "features": [
    {
      "type": "Sound",
      "fireSound": "doom_combatshotgun",
      "condition": {
        "unselectedFireMode": "grenade"
      }
    },
    {
      "type": "Reload",
      "maxAmmoPerReloadIteration": 1,
      "condition": {
        "unselectedFireMode": "grenade"
      }
    },
    {
      "type": "PartVisibility",
      "parts": [
        {
          "name": "launcher",
          "visible": true,
          "condition": {
            "allOf": [
              {
                "hasAttachment": "doom_launcher"
              },
              {
                "isGunInHands": true
              }
            ]
          }
        },
        {
          "name": "barrel",
          "visible": false,
          "condition": {
            "hasAttachment": "doom_launcher"
          }
        }
      ]
    }
  ],
  "phasedReloads": [
    {
      "phase": "PREPARING",
      "condition": {
        "unselectedFireMode": "grenade"
      },
      "duration": 280,
      "animation": "animation.model.prepare"
    },
    {
      "phase": "RELOADING",
      "condition": {
        "unselectedFireMode": "grenade"
      },
      "duration": 380,
      "animation": "animation.model.loaditeration"
    },
    {
      "phase": "COMPLETETING",
      "condition": {
        "unselectedFireMode": "grenade"
      },
      "duration": 1230,
      "animation": "animation.model.finish"
    },
    {
      "phase": "RELOADING",
      "condition": {
        "selectedFireMode": "grenade"
      },
      "duration": 950,
      "animation": "animation.model.grenadereload"
    }
  ],
  "effects": [
    {
      "phase": "firing",
      "name": "muzzle_flash_big"
    }
  ]
}